#
# There is insufficient memory for the Java Runtime Environment to continue.
# Native memory allocation (malloc) failed to allocate 1069776 bytes. Error detail: Chunk::new
# Possible reasons:
#   The system is out of physical RAM or swap space
#   This process is running with CompressedOops enabled, and the Java Heap may be blocking the growth of the native heap
# Possible solutions:
#   Reduce memory load on the system
#   Increase physical memory or swap space
#   Check if swap backing store is full
#   Decrease Java heap size (-Xmx/-Xms)
#   Decrease number of Java threads
#   Decrease Java thread stack sizes (-Xss)
#   Set larger code cache with -XX:ReservedCodeCacheSize=
#   JVM is running with Unscaled Compressed Oops mode in which the Java heap is
#     placed in the first 4GB address space. The Java Heap base address is the
#     maximum limit for the native heap growth. Please use -XX:HeapBaseMinAddress
#     to set the Java Heap base and to place the Java Heap above 4GB virtual address.
# This output file may be truncated or incomplete.
#
#  Out of Memory Error (arena.cpp:168), pid=35304, tid=1780
#
# JRE version: OpenJDK Runtime Environment Temurin-21.0.12.1+1 (21.0.12.1+1) (build 21.0.12.1+1-LTS)
# Java VM: OpenJDK 64-Bit Server VM Temurin-21.0.12.1+1 (21.0.12.1+1-LTS, mixed mode, sharing, tiered, compressed oops, compressed class ptrs, parallel gc, windows-amd64)
# No core dump will be written. Minidumps are not enabled by default on client versions of Windows
#

---------------  S U M M A R Y ------------

Command Line: --add-modules=ALL-SYSTEM --add-opens=java.base/java.util=ALL-UNNAMED --add-opens=java.base/java.lang=ALL-UNNAMED --add-opens=java.base/sun.nio.fs=ALL-UNNAMED -Declipse.application=org.eclipse.jdt.ls.core.id1 -Dosgi.bundles.defaultStartLevel=4 -Declipse.product=org.eclipse.jdt.ls.core.product -Djava.import.generatesMetadataFilesAtProjectRoot=false -Dm2e.project.cache.size=50 -DDetectVMInstallationsJob.disabled=true -Dfile.encoding=utf8 -XX:+UseParallelGC -XX:GCTimeRatio=4 -XX:AdaptiveSizePolicyWeight=90 -Dsun.zip.disableMemoryMapping=true -Xmx2G -Xms100m -Xlog:disable -javaagent:c:\Users\user\.vscode\extensions\redhat.java-1.56.0-win32-x64\lombok\lombok-1.18.39-4050.jar -XX:+HeapDumpOnOutOfMemoryError -XX:HeapDumpPath=c:\Users\user\AppData\Roaming\Code\User\workspaceStorage\1ce6a6e17a27a5c59e90c4fca4451367\redhat.java -Daether.dependencyCollector.impl=bf c:\Users\user\.vscode\extensions\redhat.java-1.56.0-win32-x64\server\plugins\org.eclipse.equinox.launcher_1.8.0.v20260804-1928.jar -configuration c:\Users\user\AppData\Roaming\Code\User\globalStorage\redhat.java\1.56.0\config_win -data c:\Users\user\AppData\Roaming\Code\User\workspaceStorage\1ce6a6e17a27a5c59e90c4fca4451367\redhat.java\jdt_ws --pipe=\\.\pipe\lsp-df63ba348a0f0903151c3bed67a1179a-sock

Host: 11th Gen Intel(R) Core(TM) i5-1135G7 @ 2.40GHz, 8 cores, 15G,  Windows 11 , 64 bit Build 26100 (10.0.26100.9168)
Time: Tue Sep  8 11:26:59 2026 elapsed time: 3819.501282 seconds (0d 1h 3m 39s)

---------------  T H R E A D  ---------------

Current thread (0x000001a454ea9b00):  JavaThread "C2 CompilerThread0" daemon [_thread_in_native, id=1780, stack(0x0000000648a00000,0x0000000648b00000) (1024K)]


Current CompileTask:
C2:3819501 21547       4       org.eclipse.core.internal.jobs.JobManager::startJob (89 bytes)

Stack: [0x0000000648a00000,0x0000000648b00000]
Native frames: (J=compiled Java code, j=interpreted, Vv=VM code, C=native code)
V  [jvm.dll+0x6d83e9]
V  [jvm.dll+0x8b5736]
V  [jvm.dll+0x8b7cee]
V  [jvm.dll+0x8b83d3]
V  [jvm.dll+0x284596]
V  [jvm.dll+0xc685d]
V  [jvm.dll+0xc6da1]
V  [jvm.dll+0x2fb5ae]
V  [jvm.dll+0x5fee94]
V  [jvm.dll+0x255d67]
V  [jvm.dll+0x25612d]
V  [jvm.dll+0x24e6a0]
V  [jvm.dll+0x24bbe6]
V  [jvm.dll+0x1cb4ae]
V  [jvm.dll+0x25baad]
V  [jvm.dll+0x25a03a]
V  [jvm.dll+0x3f8aae]
V  [jvm.dll+0x8600cd]
V  [jvm.dll+0x6d6c1d]
C  [ucrtbase.dll+0x2cd30]
C  [KERNEL32.DLL+0x2ccb7]
C  [ntdll.dll+0xaad6c]


---------------  P R O C E S S  ---------------

Threads class SMR info:
_java_thread_list=0x000001a4ad24feb0, length=1160, elements={
0x000001a43e41da10, 0x000001a454e8e690, 0x000001a454e92c80, 0x000001a454e96ab0,
0x000001a454e97710, 0x000001a454e9e590, 0x000001a454e9f1f0, 0x000001a454ea9b00,
0x000001a4977eb000, 0x000001a4979391e0, 0x000001a497ac76f0, 0x000001a497ae2980,
0x000001a4979df280, 0x000001a4978d9580, 0x000001a4978da200, 0x000001a49c967eb0,
0x000001a497b8dea0, 0x000001a49c3ab7d0, 0x000001a49c3e7860, 0x000001a49c3ea650,
0x000001a49c3e7ef0, 0x000001a49c3e9930, 0x000001a4a03e1710, 0x000001a4a03defb0,
0x000001a4a03dfcd0, 0x000001a4a03e0360, 0x000001a4a03de290, 0x000001a4a03df640,
0x000001a4a03e4500, 0x000001a4a03e5220, 0x000001a4a03e1da0, 0x000001a4a03e37e0,
0x000001a4a03e4b90, 0x000001a4a03e58b0, 0x000001a4a03e2ac0, 0x000001a4a03e3150,
0x000001a49f0a18a0, 0x000001a4a9c7c760, 0x000001a4a9c7b3b0, 0x000001a49f77fd40,
0x000001a49f77e990, 0x000001a49f77e300, 0x000001a49f77f6b0, 0x000001a49f7803d0,
0x000001a49f784570, 0x000001a49f781e10, 0x000001a49f7824a0, 0x000001a49f7831c0,
0x000001a49f781780, 0x000001a49f785290, 0x000001a49f783ee0, 0x000001a4a9c778a0,
0x000001a4a03de920, 0x000001a4a03e3e70, 0x000001a4a03e1080, 0x000001a49c3e9fc0,
0x000001a49c3e8c10, 0x000001a49f09eab0, 0x000001a4a0b40a40, 0x000001a4a0b3f000,
0x000001a4a0b410d0, 0x000001a4a0b41df0, 0x000001a4a0b403b0, 0x000001a4a0b3e970,
0x000001a49f782b30, 0x000001a49c3e92a0, 0x000001a4a9c7cdf0, 0x000001a4ab2534e0,
0x000001a4ab253b70, 0x000001a4ab254200, 0x000001a4ab252e50, 0x000001a4ab251410,
0x000001a4ab250d80, 0x000001a4ab2555b0, 0x000001a4ab257d10, 0x000001a4ab257680,
0x000001a4ab2562d0, 0x000001a4ab254890, 0x000001a4ab2583a0, 0x000001a49f09e420,
0x000001a49f09c350, 0x000001a4a0b41760, 0x000001a4ab617800, 0x000001a4ab6198d0,
0x000001a4ab619f60, 0x000001a4ab617170, 0x000001a4ab61ac80, 0x000001a4ab61b310,
0x000001a4ab618520, 0x000001a4ab618bb0, 0x000001a4ab617e90, 0x000001a4ab61c6c0,
0x000001a4ab61b9a0, 0x000001a4ab61c030, 0x000001a4ab619240, 0x000001a4ab61cd50,
0x000001a4ab61d3e0, 0x000001a4ab61da70, 0x000001a4ab61e100, 0x000001a4ab61e790,
0x000001a4ab255c40, 0x000001a4ab2527c0, 0x000001a4ab256960, 0x000001a4ab256ff0,
0x000001a4ab61a5f0, 0x000001a4adcc9130, 0x000001a4adcc8410, 0x000001a4adcc8aa0,
0x000001a4adcc97c0, 0x000001a4adccab70, 0x000001a4adcc9e50, 0x000001a4adcc7060,
0x000001a4adcc76f0, 0x000001a4adcccc40, 0x000001a4adccd2d0, 0x000001a4adccb890,
0x000001a4adccbf20, 0x000001a4adccc5b0, 0x000001a4adcce680, 0x000001a4adccd960,
0x000001a4adccdff0, 0x000001a49f09afa0, 0x000001a4adcc7d80, 0x000001a4a94560c0,
0x000001a4a9458190, 0x000001a4a9458820, 0x000001a4a9456750, 0x000001a4a9456de0,
0x000001a4a9458eb0, 0x000001a4a9455a30, 0x000001a4a9459bd0, 0x000001a4a945a260,
0x000001a4a945a8f0, 0x000001a4a9457470, 0x000001a4a945af80, 0x000001a4a9457b00,
0x000001a4a945c330, 0x000001a4a945b610, 0x000001a4a945bca0, 0x000001a49f09c9e0,
0x000001a49f09f140, 0x000001a49f09dd90, 0x000001a49f0a04f0, 0x000001a49f0a0b80,
0x000001a49f09fe60, 0x000001a4a9c792e0, 0x000001a4a9c79970, 0x000001a4a9c7a690,
0x000001a4a9c7ad20, 0x000001a4a9c78c50, 0x000001a49f09d070, 0x000001a4a9459540,
0x000001a49f0a1f30, 0x000001a4a9b826f0, 0x000001a4a9b80cb0, 0x000001a4a9b82060,
0x000001a4a9b80620, 0x000001a4a9b81340, 0x000001a4a9b819d0, 0x000001a4a9b7f900,
0x000001a4a9b83aa0, 0x000001a4a9b86890, 0x000001a4a9b84e50, 0x000001a4a9b854e0,
0x000001a4a9b85b70, 0x000001a4a9b86200, 0x000001a4a9b83410, 0x000001a4a9b875b0,
0x000001a4a9b86f20, 0x000001a4a9b84130, 0x000001a4a9b87c40, 0x000001a4a9b847c0,
0x000001a4a9b8a3a0, 0x000001a4a9b88ff0, 0x000001a4a9b89d10, 0x000001a4a9b8b0c0,
0x000001a4a9b8b750, 0x000001a4a9b882d0, 0x000001a4a9b8bde0, 0x000001a4a9b88960,
0x000001a4a9b8e540, 0x000001a4a9b8c470, 0x000001a4a9b8cb00, 0x000001a4a9b8ebd0,
0x000001a4a9b8d190, 0x000001a4a9b8d820, 0x000001a4a9b8deb0, 0x000001a4a9c77f30,
0x000001a49f09bcc0, 0x000001a4a9bbad90, 0x000001a4a9bb7fa0, 0x000001a4a9bb99e0,
0x000001a4a9bba070, 0x000001a4a9bb9350, 0x000001a4a9bb7910, 0x000001a4a9bbb420,
0x000001a4a9bb8630, 0x000001a4a9bbbab0, 0x000001a4a9bb8cc0, 0x000001a4a9bbdb80,
0x000001a4a9bbef30, 0x000001a4a9bbf5c0, 0x000001a4a9bbce60, 0x000001a4a9bba700,
0x000001a4a9bc1000, 0x000001a4a9bc0970, 0x000001a4a9bbfc50, 0x000001a4a9bc02e0,
0x000001a4a9bbd4f0, 0x000001a4a9bc1690, 0x000001a4a9bbe210, 0x000001a4a9bc1d20,
0x000001a4a9bbc7d0, 0x000001a4a9bc5830, 0x000001a4a9bc23b0, 0x000001a4a9bc5ec0,
0x000001a4a9bc30d0, 0x000001a4a9bc3df0, 0x000001a4a9bc2a40, 0x000001a4a9bc4480,
0x000001a4a9bc3760, 0x000001a4a9bc6550, 0x000001a4a9bc4b10, 0x000001a4a9bc51a0,
0x000001a4a9c7ba40, 0x000001a4a9b82d80, 0x000001a4a97d7770, 0x000001a4a97d9840,
0x000001a4a97d9ed0, 0x000001a4a97d7e00, 0x000001a4a97da560, 0x000001a4a97d91b0,
0x000001a4a97d8b20, 0x000001a4a97dc630, 0x000001a4a97dabf0, 0x000001a4a97dccc0,
0x000001a4a97de700, 0x000001a4a97dd350, 0x000001a4a97dd9e0, 0x000001a4a97d8490,
0x000001a4a97df420, 0x000001a4a97dbfa0, 0x000001a4a97ded90, 0x000001a4a97e0e60,
0x000001a4a97dfab0, 0x000001a4a97e0140, 0x000001a4a97e07d0, 0x000001a4a97e14f0,
0x000001a4a97db910, 0x000001a4a97e5000, 0x000001a4a97e1b80, 0x000001a4a97e3c50,
0x000001a4a97e42e0, 0x000001a4a97e2f30, 0x000001a4a97e4970, 0x000001a4a97e2210,
0x000001a4a97e5690, 0x000001a4a97e35c0, 0x000001a4a97e5d20, 0x000001a4a97e28a0,
0x000001a4a97e63b0, 0x000001a49f09d700, 0x000001a4a9bbe8a0, 0x000001a4ab592fc0,
0x000001a4ab593ce0, 0x000001a4ab595090, 0x000001a4ab594370, 0x000001a4ab595720,
0x000001a4ab595db0, 0x000001a4ab593650, 0x000001a4ab592930, 0x000001a4ab5977f0,
0x000001a4ab597160, 0x000001a4ab597e80, 0x000001a4ab598510, 0x000001a4ab599230,
0x000001a4ab5998c0, 0x000001a4ab596440, 0x000001a4ab599f50, 0x000001a4ab596ad0,
0x000001a4ab59cd40, 0x000001a4ab59c6b0, 0x000001a4ab59b990, 0x000001a4ab59d3d0,
0x000001a4ab59ac70, 0x000001a4ab59b300, 0x000001a4ab59c020, 0x000001a4ab598ba0,
0x000001a4ab59fb30, 0x000001a4ab59e780, 0x000001a4ab59ee10, 0x000001a4ab5a01c0,
0x000001a4ab59f4a0, 0x000001a4ab59a5e0, 0x000001a4ab59e0f0, 0x000001a4ab5a0850,
0x000001a4ab5a0ee0, 0x000001a4a97de070, 0x000001a4ad56df20, 0x000001a4ad56cb70,
0x000001a4ad56d200, 0x000001a4ad56be50, 0x000001a4ad56fff0, 0x000001a4ad570680,
0x000001a4ad570d10, 0x000001a4ad56f2d0, 0x000001a4ad56e5b0, 0x000001a4ad56ec40,
0x000001a4ad56d890, 0x000001a4ad5713a0, 0x000001a4ad571a30, 0x000001a4ad56c4e0,
0x000001a4ad572750, 0x000001a4ad573b00, 0x000001a4ad574820, 0x000001a4ad574eb0,
0x000001a4ad5720c0, 0x000001a4ad572de0, 0x000001a4ad575540, 0x000001a4ad576260,
0x000001a4ad574190, 0x000001a4ad575bd0, 0x000001a4ad5768f0, 0x000001a4ad573470,
0x000001a4ad5789c0, 0x000001a4ad579d70, 0x000001a4ad57a400, 0x000001a4ad578330,
0x000001a4ad577610, 0x000001a4ad577ca0, 0x000001a4ad576f80, 0x000001a4ad57be40,
0x000001a4ad57b120, 0x000001a4ad57c4d0, 0x000001a4ad579050, 0x000001a4ad57cb60,
0x000001a4ad5796e0, 0x000001a4ad57d1f0, 0x000001a4ad57d880, 0x000001a4ad57df10,
0x000001a4ad57aa90, 0x000001a4ad57e5a0, 0x000001a4ad57ec30, 0x000001a4ad57ffe0,
0x000001a4ad57b7b0, 0x000001a4ad57f2c0, 0x000001a4ad580670, 0x000001a4ad581390,
0x000001a4ad5820b0, 0x000001a4ad581a20, 0x000001a4ad580d00, 0x000001a4ad582740,
0x000001a4ad583460, 0x000001a4ad582dd0, 0x000001a4ad57f950, 0x000001a4ad584180,
0x000001a4ad585530, 0x000001a4ad585bc0, 0x000001a4ad583af0, 0x000001a4ad584810,
0x000001a4ad584ea0, 0x000001a4ad586250, 0x000001a4ad5896d0, 0x000001a4ad587600,
0x000001a4ad588320, 0x000001a4ad5889b0, 0x000001a4ad5868e0, 0x000001a4ad586f70,
0x000001a4ad58b110, 0x000001a4ad589d60, 0x000001a4ad58a3f0, 0x000001a4ad58aa80,
0x000001a4ad587c90, 0x000001a4a0bae650, 0x000001a4a0bafa00, 0x000001a4a0bb0090,
0x000001a4a0bb0720, 0x000001a4a0bb1440, 0x000001a4a0bb3510, 0x000001a4a0badfc0,
0x000001a4a0bb1ad0, 0x000001a4a0bb2160, 0x000001a4a0baf370, 0x000001a4a0bb5c70,
0x000001a4a0bb55e0, 0x000001a4a0bb48c0, 0x000001a4a0bb2e80, 0x000001a4a0bb3ba0,
0x000001a4a0bb27f0, 0x000001a4a0bb4230, 0x000001a4a0bb83d0, 0x000001a4a0bb7020,
0x000001a4a0bb7d40, 0x000001a4a0bb6300, 0x000001a4a0bb76b0, 0x000001a4a0bb6990,
0x000001a4a0bbb1c0, 0x000001a4a0bb4f50, 0x000001a4a0bb9780, 0x000001a4a0bb90f0,
0x000001a4a0bb9e10, 0x000001a4a0bba4a0, 0x000001a4a0bbbee0, 0x000001a4a0bbab30,
0x000001a4a0bb8a60, 0x000001a4a0bbd290, 0x000001a4a0bbc570, 0x000001a4a0bbcc00,
0x000001a4ab59da60, 0x000001a4ad56f960, 0x000001a4a8840610, 0x000001a4a883e540,
0x000001a4a883d820, 0x000001a4a883d190, 0x000001a4a883ebd0, 0x000001a4a883deb0,
0x000001a4a88426e0, 0x000001a4a8841330, 0x000001a4a88419c0, 0x000001a4a8842050,
0x000001a4a883ff80, 0x000001a4a8840ca0, 0x000001a4a8842d70, 0x000001a4a8846880,
0x000001a4a883f8f0, 0x000001a4a88447b0, 0x000001a4a88461f0, 0x000001a4a8844e40,
0x000001a4a8843a90, 0x000001a4a8844120, 0x000001a4a88454d0, 0x000001a4a8843400,
0x000001a4a88475a0, 0x000001a4a8845b60, 0x000001a4a8847c30, 0x000001a4a884a390,
0x000001a4a88482c0, 0x000001a4a8848950, 0x000001a4a8848fe0, 0x000001a4a8849d00,
0x000001a4a8849670, 0x000001a4a884b0b0, 0x000001a4a8846f10, 0x000001a4a884aa20,
0x000001a4a884b740, 0x000001a4a884bdd0, 0x000001a4a883f260, 0x000001a4a884c460,
0x000001a4aeba01b0, 0x000001a4aeb9f490, 0x000001a4aeb9e0e0, 0x000001a4aeba1560,
0x000001a4aeba0840, 0x000001a4aeb9e770, 0x000001a4aeba0ed0, 0x000001a4aeba1bf0,
0x000001a4aeb9ee00, 0x000001a4aeba2280, 0x000001a4aeba2910, 0x000001a4aeba2fa0,
0x000001a4aeb85db0, 0x000001a4aeb84a00, 0x000001a4aeb86440, 0x000001a4aeb84370,
0x000001a4aeb83ce0, 0x000001a4aeb85720, 0x000001a4aeb87160, 0x000001a4aeb877f0,
0x000001a4aeb85090, 0x000001a4aeb898c0, 0x000001a4aeb9fb20, 0x000001a4aeb88510,
0x000001a4aeb89f50, 0x000001a4aeb88ba0, 0x000001a4aeb89230, 0x000001a4aeb86ad0,
0x000001a4aeb8da60, 0x000001a4aeb8a5e0, 0x000001a4aeb8d3d0, 0x000001a4aeb87e80,
0x000001a4aeb8c020, 0x000001a4aeb8b990, 0x000001a4aeb8e0f0, 0x000001a4aeb8c6b0,
0x000001a4aeb8cd40, 0x000001a4aeb8ee10, 0x000001a4aeb91c00, 0x000001a4aeb8e780,
0x000001a4aeb901c0, 0x000001a4aeb90850, 0x000001a4aeb92920, 0x000001a4aeb8f4a0,
0x000001a4aeb8fb30, 0x000001a4aeb90ee0, 0x000001a4aeb92fb0, 0x000001a4aeb93cd0,
0x000001a4aeb8b300, 0x000001a4aeb91570, 0x000001a4aeb95080, 0x000001a4aeb94360,
0x000001a4aeb977e0, 0x000001a4aeb95da0, 0x000001a4aeb98b90, 0x000001a4aeb95710,
0x000001a4aeb97150, 0x000001a4aeb8ac70, 0x000001a4aeb949f0, 0x000001a4aeb998b0,
0x000001a4aeb98500, 0x000001a4aeb99220, 0x000001a4aeb96430, 0x000001a4aeb9b980,
0x000001a4aeb9a5d0, 0x000001a4aeb9c010, 0x000001a4aeb97e70, 0x000001a4aeb9d3c0,
0x000001a4aeb9cd30, 0x000001a4aeb9c6a0, 0x000001a4aeb9da50, 0x000001a4aeb9b2f0,
0x000001a4ad589040, 0x000001a4aeb9ac60, 0x000001a4a0baece0, 0x000001a4aeb96ac0,
0x000001a4ae8f8700, 0x000001a4ae8f8d90, 0x000001a4ae8f8070, 0x000001a4ae8f9ab0,
0x000001a4ae8fa7d0, 0x000001a4ae8fbb80, 0x000001a4ae8fae60, 0x000001a4ae8fc210,
0x000001a4ae8fb4f0, 0x000001a4ae8f9420, 0x000001a4ae8fe2e0, 0x000001a4ae8fe970,
0x000001a4ae8ffd20, 0x000001a4ae8ff690, 0x000001a4ae8fcf30, 0x000001a4ae8ff000,
0x000001a4ae900a40, 0x000001a4ae8fc8a0, 0x000001a4ae9003b0, 0x000001a4ae9010d0,
0x000001a4ae8fdc50, 0x000001a4ae901df0, 0x000001a4ae904550, 0x000001a4ae902480,
0x000001a4ae902b10, 0x000001a4ae9031a0, 0x000001a4ae8fd5c0, 0x000001a4ae903830,
0x000001a4ae904be0, 0x000001a4ae901760, 0x000001a4ae9086f0, 0x000001a4ae908060,
0x000001a4ae905f90, 0x000001a4ae906620, 0x000001a4ae905270, 0x000001a4ae906cb0,
0x000001a4ae907340, 0x000001a4ae903ec0, 0x000001a4ae908d80, 0x000001a4ae90ae50,
0x000001a4ae909aa0, 0x000001a4ae90a130, 0x000001a4ae9079d0, 0x000001a4ae90b4e0,
0x000001a4ae905900, 0x000001a4ae90c200, 0x000001a4ae90c890, 0x000001a4ae909410,
0x000001a4ae90dc40, 0x000001a4ae90a7c0, 0x000001a4ae90e2d0, 0x000001a4ae90fd10,
0x000001a4ae90e960, 0x000001a4ae90cf20, 0x000001a4ae90d5b0, 0x000001a4ae90bb70,
0x000001a4ae911de0, 0x000001a4ae9103a0, 0x000001a4ae910a30, 0x000001a4ae9110c0,
0x000001a4ae90f680, 0x000001a4ae913eb0, 0x000001a4ae911750, 0x000001a4ae913820,
0x000001a4ae914540, 0x000001a4ae915260, 0x000001a4ae914bd0, 0x000001a4ae9158f0,
0x000001a4ae912470, 0x000001a4ae915f80, 0x000001a4ae912b00, 0x000001a4ae90eff0,
0x000001a4ae916610, 0x000001a4ae916ca0, 0x000001a4ae917330, 0x000001a4aeb99f40,
0x000001a4a85e94a0, 0x000001a4a85e8780, 0x000001a4a85e80f0, 0x000001a4a85ec290,
0x000001a4a85ebc00, 0x000001a4a85e9b30, 0x000001a4a85ec920, 0x000001a4a85ecfb0,
0x000001a4a85ea1c0, 0x000001a4a85ed640, 0x000001a4a85edcd0, 0x000001a4a85eaee0,
0x000001a4a85ea850, 0x000001a4a85ee9f0, 0x000001a4a85f1150, 0x000001a4a85f17e0,
0x000001a4a85efda0, 0x000001a4a85f0430, 0x000001a4a85ee360, 0x000001a4a85f2500,
0x000001a4a85ef080, 0x000001a4a85f2b90, 0x000001a4a85e8e10, 0x000001a4a85ef710,
0x000001a4a85f3220, 0x000001a4a85f38b0, 0x000001a4a85f3f40, 0x000001a4a85f0ac0,
0x000001a4a85f5980, 0x000001a4a85f73c0, 0x000001a4a85f6d30, 0x000001a4a85f52f0,
0x000001a4a85f45d0, 0x000001a4a85f1e70, 0x000001a4a85f66a0, 0x000001a4a85f9490,
0x000001a4a85f8770, 0x000001a4a85f6010, 0x000001a4a85f80e0, 0x000001a4a85faed0,
0x000001a4a85eb570, 0x000001a4a85f9b20, 0x000001a4a85fbbf0, 0x000001a4a85fc280,
0x000001a4a85f8e00, 0x000001a4a85fb560, 0x000001a4a85fc910, 0x000001a4a85fa840,
0x000001a4a85fcfa0, 0x000001a4a85f4c60, 0x000001a4a85fa1b0, 0x000001a4a85ff070,
0x000001a4a8600ab0, 0x000001a4a85fe9e0, 0x000001a4a85fe350, 0x000001a4a8601140,
0x000001a4a85fdcc0, 0x000001a4a86017d0, 0x000001a4a8601e60, 0x000001a4a85ff700,
0x000001a4a85fd630, 0x000001a4a85ffd90, 0x000001a4a8604c50, 0x000001a4a86038a0,
0x000001a4a8602b80, 0x000001a4a8605970, 0x000001a4a86024f0, 0x000001a4a8600420,
0x000001a4a86052e0, 0x000001a4a8603210, 0x000001a4a8606000, 0x000001a4a86073b0,
0x000001a4a8606690, 0x000001a4a8606d20, 0x000001a4a8603f30, 0x000001a4a8608760,
0x000001a4a86045c0, 0x000001a4a8608df0, 0x000001a4a8609b10, 0x000001a4a860b550,
0x000001a4a8609480, 0x000001a4a860a830, 0x000001a4a86080d0, 0x000001a4a860c270,
0x000001a4a860cf90, 0x000001a4a860aec0, 0x000001a4a8607a40, 0x000001a4a860f6f0,
0x000001a4a860f060, 0x000001a4a860fd80, 0x000001a4a860dcb0, 0x000001a4a860e9d0,
0x000001a4a860c900, 0x000001a4a8610410, 0x000001a4a860bbe0, 0x000001a4a860e340,
0x000001a4a860d620, 0x000001a4a8611e50, 0x000001a4a8611130, 0x000001a4a8613200,
0x000001a4a86124e0, 0x000001a4a8612b70, 0x000001a4a86145b0, 0x000001a4a860a1a0,
0x000001a4a8610aa0, 0x000001a4a8614c40, 0x000001a4a86117c0, 0x000001a4a86173a0,
0x000001a4a8615ff0, 0x000001a4a8616680, 0x000001a4a8617a30, 0x000001a4a86180c0,
0x000001a4a86152d0, 0x000001a4a8613f20, 0x000001a4a8619b00, 0x000001a4a8619470,
0x000001a4a8618750, 0x000001a4a861a190, 0x000001a4a8618de0, 0x000001a4a8616d10,
0x000001a4a861aeb0, 0x000001a4a8615960, 0x000001a4a861a820, 0x000001a4a861b540,
0x000001a4a861c260, 0x000001a4a861f050, 0x000001a4a861f6e0, 0x000001a4a861e9c0,
0x000001a4a861cf80, 0x000001a4a861d610, 0x000001a4a861bbd0, 0x000001a4a8620400,
0x000001a4a8621120, 0x000001a4a861e330, 0x000001a4a861dca0, 0x000001a4a86231f0,
0x000001a4a8620a90, 0x000001a4a86245a0, 0x000001a4a86224d0, 0x000001a4a861fd70,
0x000001a4a8624c30, 0x000001a4a8623f10, 0x000001a4a86217b0, 0x000001a4a86252c0,
0x000001a4a8621e40, 0x000001a4a8623880, 0x000001a4a8626d00, 0x000001a4a8627390,
0x000001a4a861c8f0, 0x000001a4a86280b0, 0x000001a4a8628740, 0x000001a4a8627a20,
0x000001a4a8625fe0, 0x000001a4a8626670, 0x000001a49f77dc70, 0x000001a49f784c00,
0x000001a4a8613890, 0x000001a4a9c7d480, 0x000001a4a8622b60, 0x000001a4ae8fa140,
0x000001a4ae913190, 0x000001a49f09f7d0, 0x000001a4ab252130, 0x000001a4ab0a0ff0,
0x000001a4ab09f5b0, 0x000001a4ab09fc40, 0x000001a4ab0a1d10, 0x000001a4ab09ef20,
0x000001a4ab0a2a30, 0x000001a4ab0a1680, 0x000001a4ab0a30c0, 0x000001a4ab0a3750,
0x000001a4ab0a02d0, 0x000001a4ab0a5820, 0x000001a4ab0a4470, 0x000001a4ab0a3de0,
0x000001a4ab0a5190, 0x000001a4ab0a23a0, 0x000001a4ab0a5eb0, 0x000001a4ab0a6540,
0x000001a4ab0a8610, 0x000001a4ab0a6bd0, 0x000001a4ab0a78f0, 0x000001a4ab0a9330,
0x000001a4ab0a7260, 0x000001a4ab0aa050, 0x000001a4ab0aad70, 0x000001a4ab0ab400,
0x000001a4ab0a99c0, 0x000001a4ab0a7f80, 0x000001a4ab0ac120, 0x000001a4ab0aa6e0,
0x000001a4ab0ae880, 0x000001a4ab0aba90, 0x000001a4ab0a8ca0, 0x000001a4ab0aef10,
0x000001a4ab0afc30, 0x000001a4ab0adb60, 0x000001a4ab0af5a0, 0x000001a4ab0ac7b0,
0x000001a4ab0b02c0, 0x000001a4ab0ace40, 0x000001a4ab0a0960, 0x000001a4ab0ad4d0,
0x000001a4ab0b1d00, 0x000001a4ab0b4460, 0x000001a4ab0b0fe0, 0x000001a4ab0b3740,
0x000001a4ab0b2390, 0x000001a4ab0b3dd0, 0x000001a4ab0b2a20, 0x000001a4ab0a4b00,
0x000001a4ab0b4af0, 0x000001a4ab0b1670, 0x000001a4ab0b6bc0, 0x000001a4ab0b5810,
0x000001a4ab0b5ea0, 0x000001a4ab0b7f70, 0x000001a4ab0b6530, 0x000001a4ab0b7250,
0x000001a4ab0b30b0, 0x000001a4ab0b5180, 0x000001a4ab0b8600, 0x000001a4ab0b8c90,
0x000001a4ab0bc7a0, 0x000001a4ab0b99b0, 0x000001a4ab0bb3f0, 0x000001a4ab0ba040,
0x000001a4ab0ba6d0, 0x000001a4ab0b0950, 0x000001a4ab0bc110, 0x000001a4ab0b9320,
0x000001a4ab0bdb50, 0x000001a4ab0bf590, 0x000001a4ab0bd4c0, 0x000001a4ab0bfc20,
0x000001a4ab0bce30, 0x000001a4ab0be870, 0x000001a4ab0bad60, 0x000001a4ab0bba80,
0x000001a4ab0c0940, 0x000001a4ab0c0fd0, 0x000001a4ab0c1660, 0x000001a4ab0c30a0,
0x000001a4ab0c1cf0, 0x000001a4ab0c3730, 0x000001a4ab0c2380, 0x000001a4ab0be1e0,
0x000001a4ab0c5e90, 0x000001a4ab0c5800, 0x000001a4ab0c2a10, 0x000001a4ab0c6520,
0x000001a4ab0c7240, 0x000001a4ab0c6bb0, 0x000001a4ab0c5170, 0x000001a4ab0c4450,
0x000001a4ab0bef00, 0x000001a4ab0c4ae0, 0x000001a4ab0c7f60, 0x000001a4ab0c9310,
0x000001a4ab0c99a0, 0x000001a4ab0ca030, 0x000001a4ab0ca6c0, 0x000001a4ab0cad50,
0x000001a4ab0cb3e0, 0x000001a4ab0c3dc0, 0x000001a4ab0c85f0, 0x000001a4ab0cba70,
0x000001a4ab0cc100, 0x000001a4ab0c8c80, 0x000001a4ab0ceef0, 0x000001a4ab0cf580,
0x000001a4ab0cfc10, 0x000001a4ab0cdb40, 0x000001a4ab0c02b0, 0x000001a4ab0ce1d0,
0x000001a4ab0cc790, 0x000001a4ab0ce860, 0x000001a4ab0d02a0, 0x000001a4ab0d1650,
0x000001a4ab0cce20, 0x000001a4ab0d2370, 0x000001a4ab0d1ce0, 0x000001a4ab0d0930,
0x000001a4ab0d0fc0, 0x000001a4ab0d2a00, 0x000001a4ab0d3090, 0x000001a4ab0d3db0,
0x000001a4ab0d4ad0, 0x000001a4ab0d4440, 0x000001a4ab0d5e80, 0x000001a4ab0d3720,
0x000001a4ab0cd4b0, 0x000001a4ab0d78c0, 0x000001a4ab0d57f0, 0x000001a4ab0d7f50,
0x000001a4ab0d6510, 0x000001a4ab0d5160, 0x000001a4ab0d9990, 0x000001a4ab0d85e0,
0x000001a4ab0d6ba0, 0x000001a4ab0c78d0, 0x000001a4ab0d9300, 0x000001a4ab0dba60,
0x000001a4ab0dd4a0, 0x000001a4ab0da020, 0x000001a4ab0dc780, 0x000001a4ab0dc0f0,
0x000001a4ab0db3d0, 0x000001a4ab0dad40, 0x000001a4ab0d7230, 0x000001a4ab0dce10,
0x000001a4ab0ddb30, 0x000001a4ab0de1c0, 0x000001a4ab0b78e0, 0x000001a4a8625950,
0x000001a4a9c785c0, 0x000001a4a85f7a50, 0x000001a4ace0b140, 0x000001a4ace09700,
0x000001a4ace0aab0, 0x000001a4ace0be60, 0x000001a4ace0c4f0, 0x000001a4ace09070,
0x000001a4ace0d8a0, 0x000001a4ace0cb80, 0x000001a4ace0d210, 0x000001a4ace0a420,
0x000001a4ace0ec50, 0x000001a4ace0e5c0, 0x000001a4ace0b7d0, 0x000001a4ace10000,
0x000001a4ace113b0, 0x000001a4ace10690, 0x000001a4ace10d20, 0x000001a4ace11a40,
0x000001a4ace120d0, 0x000001a4ace0f2e0, 0x000001a4ace0df30, 0x000001a4ace13480,
0x000001a4ace12760, 0x000001a4ace16270, 0x000001a4ace141a0, 0x000001a4ace15be0,
0x000001a4ace12df0, 0x000001a4ace14ec0, 0x000001a4ace0f970, 0x000001a4ace14830,
0x000001a4ace16900, 0x000001a4ace16f90, 0x000001a4ace13b10, 0x000001a4ace189d0,
0x000001a4ace17620, 0x000001a4ace17cb0, 0x000001a4ace1a410, 0x000001a4ace18340,
0x000001a4ace1aaa0, 0x000001a4ace19060, 0x000001a4ace1b7c0, 0x000001a4ace1c4e0,
0x000001a4ace1cb70, 0x000001a4ace1be50, 0x000001a4ace196f0, 0x000001a4ace1d200,
0x000001a4ace15550, 0x000001a4ace1df20, 0x000001a4ace1e5b0, 0x000001a4ace1b130,
0x000001a4ace213a0, 0x000001a4ace21a30, 0x000001a4ace20d10, 0x000001a4ace1f2d0,
0x000001a4ace1fff0, 0x000001a4ace09d90, 0x000001a4ace20680, 0x000001a4ace1d890,
0x000001a4ace22750, 0x000001a4ace22de0, 0x000001a4ace26260, 0x000001a4ace23b00,
0x000001a4ace24eb0, 0x000001a4ace25540, 0x000001a4ace24190, 0x000001a4ace24820,
0x000001a4ace268f0, 0x000001a4ace23470, 0x000001a4ace27ca0, 0x000001a4ace289c0,
0x000001a4ace29050, 0x000001a4ace29d70, 0x000001a4ace2a400, 0x000001a4ace1ec40,
0x000001a4ace28330, 0x000001a4ace27610, 0x000001a4ace25bd0, 0x000001a4ace296e0,
0x000001a4ace2cb60, 0x000001a4ace2b7b0, 0x000001a4ace2c4d0, 0x000001a4ace2d1f0,
0x000001a4ace26f80, 0x000001a4ace2d880, 0x000001a4ace2be40, 0x000001a4ace2aa90,
0x000001a4ace2b120, 0x000001a4ace31390, 0x000001a4ace30670, 0x000001a4ace30d00,
0x000001a4ace31a20, 0x000001a4ace2e5a0, 0x000001a4ace2df10, 0x000001a4ace2f950,
0x000001a4ace320b0, 0x000001a4ace2ec30, 0x000001a4ace32740, 0x000001a4ace2f2c0,
0x000001a4ace35530, 0x000001a4ace34ea0, 0x000001a4ace32dd0, 0x000001a4ace2ffe0,
0x000001a4ace34180, 0x000001a4ace35bc0, 0x000001a4ace36250, 0x000001a4ace368e0,
0x000001a4ace36f70, 0x000001a4ace34810, 0x000001a4ace396d0, 0x000001a4ace33af0,
0x000001a4ace37c90, 0x000001a4ace3aa80, 0x000001a4ace39d60, 0x000001a4ace3a3f0,
0x000001a4ace37600, 0x000001a4ace38320, 0x000001a4ace3b7a0, 0x000001a4ace3b110,
0x000001a4ace3be30, 0x000001a4ace39040, 0x000001a4ace3d1e0, 0x000001a4ace3cb50,
0x000001a4ace3df00, 0x000001a4ace3ec20, 0x000001a4ace40660, 0x000001a4ace3d870,
0x000001a4ace41a10, 0x000001a4ace3c4c0, 0x000001a4ace3ffd0, 0x000001a4ace40cf0,
0x000001a4ace41380, 0x000001a4ace420a0, 0x000001a4ace42730, 0x000001a4ace3f2b0,
0x000001a4ace42dc0, 0x000001a4ace3f940, 0x000001a4ace3e590, 0x000001a4ace44170,
0x000001a4ace44800, 0x000001a4ace46240, 0x000001a4ace43450, 0x000001a4ace44e90,
0x000001a4ace45520, 0x000001a4ace45bb0, 0x000001a4ace46f60, 0x000001a4ace43ae0,
0x000001a4ace475f0, 0x000001a4ace47c80, 0x000001a4ace49030, 0x000001a4ace48310,
0x000001a4ace496c0, 0x000001a4ace33460, 0x000001a4ace1f960, 0x000001a4a97db280,
0x000001a4ab0de850, 0x000001a4ace468d0, 0x000001a4a9b8aa30, 0x000001a4acd964f0,
0x000001a4acd94ab0, 0x000001a4acd93700, 0x000001a4acd95e60, 0x000001a4acd93070,
0x000001a4acd96b80, 0x000001a4acd93d90, 0x000001a4acd978a0, 0x000001a4acd97210,
0x000001a4acd97f30, 0x000001a4acd985c0, 0x000001a4acd95140, 0x000001a4acd9ad20,
0x000001a4acd99970, 0x000001a4acd9ba40, 0x000001a4acd98c50, 0x000001a4acd9a000,
0x000001a4acd992e0, 0x000001a4acd9b3b0, 0x000001a4acd9d480, 0x000001a4acd9c760,
0x000001a4acd9db10, 0x000001a4acd9c0d0, 0x000001a4acda0270, 0x000001a4acd957d0,
0x000001a4acd9a690, 0x000001a4acd9fbe0, 0x000001a4acd9e830, 0x000001a4acd9e1a0,
0x000001a4acda0f90, 0x000001a4acda2340, 0x000001a4acd9eec0, 0x000001a4acda29d0,
0x000001a4acd9f550, 0x000001a4acda4aa0, 0x000001a4acda5130, 0x000001a4acda3d80,
0x000001a4acda3060, 0x000001a4acda1620, 0x000001a4acda1cb0, 0x000001a4acd94420,
0x000001a4acda36f0, 0x000001a4acda0900, 0x000001a4acda6b70, 0x000001a4acda5e50,
0x000001a4acda64e0, 0x000001a4acda7200, 0x000001a4acdaad10, 0x000001a4acdaba30,
0x000001a4acda57c0, 0x000001a4acdab3a0, 0x000001a4acda85b0, 0x000001a4acda9960,
0x000001a4acda9ff0, 0x000001a4acdaa680, 0x000001a4acda7f20, 0x000001a4acdac0c0,
0x000001a4acdacde0, 0x000001a4acda7890, 0x000001a4acdac750, 0x000001a4acda8c40,
0x000001a4acda92d0, 0x000001a4acdb0260, 0x000001a4acdae820, 0x000001a4acdb08f0,
0x000001a4acdaf540, 0x000001a4acdaeeb0, 0x000001a4acdad470, 0x000001a4acdadb00,
0x000001a4acda4410, 0x000001a4b57ad020, 0x000001a4acdb1ca0, 0x000001a4acdb4400,
0x000001a4acdb2330, 0x000001a4acdb1610, 0x000001a4acdae190, 0x000001a4acdb0f80,
0x000001a4acdafbd0, 0x000001a4acdb5e40, 0x000001a4acdb4a90, 0x000001a4acdb64d0,
0x000001a4acdb6b60, 0x000001a4acdb36e0, 0x000001a4acdb5120, 0x000001a4acdb29c0
}

Java Threads: ( => current thread )
  0x000001a43e41da10 JavaThread "main"                              [_thread_blocked, id=9480, stack(0x0000000648000000,0x0000000648100000) (1024K)]
  0x000001a454e8e690 JavaThread "Reference Handler"          daemon [_thread_blocked, id=28816, stack(0x0000000648400000,0x0000000648500000) (1024K)]
  0x000001a454e92c80 JavaThread "Finalizer"                  daemon [_thread_blocked, id=27384, stack(0x0000000648500000,0x0000000648600000) (1024K)]
  0x000001a454e96ab0 JavaThread "Signal Dispatcher"          daemon [_thread_blocked, id=23808, stack(0x0000000648600000,0x0000000648700000) (1024K)]
  0x000001a454e97710 JavaThread "Attach Listener"            daemon [_thread_blocked, id=35276, stack(0x0000000648700000,0x0000000648800000) (1024K)]
  0x000001a454e9e590 JavaThread "Service Thread"             daemon [_thread_blocked, id=30456, stack(0x0000000648800000,0x0000000648900000) (1024K)]
  0x000001a454e9f1f0 JavaThread "Monitor Deflation Thread"   daemon [_thread_blocked, id=19624, stack(0x0000000648900000,0x0000000648a00000) (1024K)]
=>0x000001a454ea9b00 JavaThread "C2 CompilerThread0"         daemon [_thread_in_native, id=1780, stack(0x0000000648a00000,0x0000000648b00000) (1024K)]
  0x000001a4977eb000 JavaThread "C1 CompilerThread0"         daemon [_thread_blocked, id=12892, stack(0x0000000648b00000,0x0000000648c00000) (1024K)]
  0x000001a4979391e0 JavaThread "Common-Cleaner"             daemon [_thread_blocked, id=35016, stack(0x0000000648c00000,0x0000000648d00000) (1024K)]
  0x000001a497ac76f0 JavaThread "Notification Thread"        daemon [_thread_blocked, id=38576, stack(0x0000000648d00000,0x0000000648e00000) (1024K)]
  0x000001a497ae2980 JavaThread "Active Thread: Equinox Container: 95072317-537a-49c8-bec3-88a0b10707b4"        [_thread_blocked, id=8784, stack(0x0000000649400000,0x0000000649500000) (1024K)]
  0x000001a4979df280 JavaThread "Refresh Thread: Equinox Container: 95072317-537a-49c8-bec3-88a0b10707b4" daemon [_thread_blocked, id=6988, stack(0x0000000649600000,0x0000000649700000) (1024K)]
  0x000001a4978d9580 JavaThread "Framework Event Dispatcher: Equinox Container: 95072317-537a-49c8-bec3-88a0b10707b4" daemon [_thread_blocked, id=18668, stack(0x0000000649700000,0x0000000649800000) (1024K)]
  0x000001a4978da200 JavaThread "Start Level: Equinox Container: 95072317-537a-49c8-bec3-88a0b10707b4" daemon [_thread_blocked, id=4240, stack(0x0000000649800000,0x0000000649900000) (1024K)]
  0x000001a49c967eb0 JavaThread "Bundle File Closer"         daemon [_thread_blocked, id=21172, stack(0x0000000649900000,0x0000000649a00000) (1024K)]
  0x000001a497b8dea0 JavaThread "SCR Component Actor"        daemon [_thread_blocked, id=22900, stack(0x0000000649a00000,0x0000000649b00000) (1024K)]
  0x000001a49c3ab7d0 JavaThread "Worker-JM"                         [_thread_blocked, id=3140, stack(0x0000000649c00000,0x0000000649d00000) (1024K)]
  0x000001a49c3e7860 JavaThread "JNA Cleaner"                daemon [_thread_blocked, id=4640, stack(0x0000000649b00000,0x0000000649c00000) (1024K)]
  0x000001a49c3ea650 JavaThread "Worker-1: Initialize workspace"        [_thread_blocked, id=11876, stack(0x0000000649e00000,0x0000000649f00000) (1024K)]
  0x000001a49c3e7ef0 JavaThread "Worker-3: Initialize workspace"        [_thread_blocked, id=1672, stack(0x000000064a100000,0x000000064a200000) (1024K)]
  0x000001a49c3e9930 JavaThread "Java indexing"              daemon [_thread_blocked, id=23324, stack(0x000000064a300000,0x000000064a400000) (1024K)]
  0x000001a4a03e1710 JavaThread "Thread-1"                   daemon [_thread_in_native, id=8524, stack(0x000000064aa00000,0x000000064ab00000) (1024K)]
  0x000001a4a03defb0 JavaThread "Thread-2"                   daemon [_thread_in_native, id=9736, stack(0x000000064ab00000,0x000000064ac00000) (1024K)]
  0x000001a4a03dfcd0 JavaThread "Thread-3"                   daemon [_thread_in_native, id=5260, stack(0x000000064ac00000,0x000000064ad00000) (1024K)]
  0x000001a4a03e0360 JavaThread "Thread-4"                   daemon [_thread_in_native, id=16716, stack(0x000000064ad00000,0x000000064ae00000) (1024K)]
  0x000001a4a03de290 JavaThread "Thread-5"                   daemon [_thread_in_native, id=12228, stack(0x000000064ae00000,0x000000064af00000) (1024K)]
  0x000001a4a03df640 JavaThread "Thread-6"                   daemon [_thread_in_native, id=24508, stack(0x000000064af00000,0x000000064b000000) (1024K)]
  0x000001a4a03e4500 JavaThread "Thread-7"                   daemon [_thread_in_native, id=12032, stack(0x000000064b000000,0x000000064b100000) (1024K)]
  0x000001a4a03e5220 JavaThread "Thread-8"                   daemon [_thread_in_native, id=22592, stack(0x000000064b100000,0x000000064b200000) (1024K)]
  0x000001a4a03e1da0 JavaThread "Thread-9"                   daemon [_thread_in_native, id=23528, stack(0x000000064b200000,0x000000064b300000) (1024K)]
  0x000001a4a03e37e0 JavaThread "pool-2-thread-1"                   [_thread_blocked, id=24184, stack(0x000000064b300000,0x000000064b400000) (1024K)]
  0x000001a4a03e4b90 JavaThread "Timer-0"                           [_thread_blocked, id=16752, stack(0x000000064b500000,0x000000064b600000) (1024K)]
  0x000001a4a03e58b0 JavaThread "Timer-1"                           [_thread_blocked, id=21620, stack(0x000000064b600000,0x000000064b700000) (1024K)]
  0x000001a4a03e2ac0 JavaThread "WorkspaceEventsHandler"            [_thread_blocked, id=23032, stack(0x000000064b800000,0x000000064b900000) (1024K)]
  0x000001a4a03e3150 JavaThread "pool-1-thread-1"                   [_thread_blocked, id=23440, stack(0x000000064b900000,0x000000064ba00000) (1024K)]
  0x000001a49f0a18a0 JavaThread "Timer-2"                           [_thread_blocked, id=11900, stack(0x000000064b700000,0x000000064b800000) (1024K)]
  0x000001a4a9c7c760 JavaThread "Timer-3"                           [_thread_blocked, id=24028, stack(0x000000064c900000,0x000000064ca00000) (1024K)]
  0x000001a4a9c7b3b0 JavaThread "Timer-4"                           [_thread_blocked, id=11988, stack(0x000000064d400000,0x000000064d500000) (1024K)]
  0x000001a49f77fd40 JavaThread "Timer-5"                           [_thread_blocked, id=26712, stack(0x0000000647f00000,0x0000000648000000) (1024K)]
  0x000001a49f77e990 JavaThread "Timer-6"                           [_thread_blocked, id=38228, stack(0x0000000649d00000,0x0000000649e00000) (1024K)]
  0x000001a49f77e300 JavaThread "Worker-9: Initialize workspace"        [_thread_blocked, id=19348, stack(0x000000064a000000,0x000000064a100000) (1024K)]
  0x000001a49f77f6b0 JavaThread "Worker-10: Initialize workspace"        [_thread_blocked, id=21956, stack(0x000000064a500000,0x000000064a600000) (1024K)]
  0x000001a49f7803d0 JavaThread "Timer-7"                           [_thread_blocked, id=5384, stack(0x000000064a800000,0x000000064a900000) (1024K)]
  0x000001a49f784570 JavaThread "Timer-8"                           [_thread_blocked, id=38476, stack(0x000000064a400000,0x000000064a500000) (1024K)]
  0x000001a49f781e10 JavaThread "Timer-9"                           [_thread_blocked, id=34828, stack(0x000000064b400000,0x000000064b500000) (1024K)]
  0x000001a49f7824a0 JavaThread "Timer-10"                          [_thread_blocked, id=3572, stack(0x000000064c100000,0x000000064c200000) (1024K)]
  0x000001a49f7831c0 JavaThread "Timer-11"                          [_thread_blocked, id=9244, stack(0x000000064cc00000,0x000000064cd00000) (1024K)]
  0x000001a49f781780 JavaThread "Timer-12"                          [_thread_blocked, id=7612, stack(0x000000064c600000,0x000000064c700000) (1024K)]
  0x000001a49f785290 JavaThread "Timer-13"                          [_thread_blocked, id=18112, stack(0x000000064cd00000,0x000000064ce00000) (1024K)]
  0x000001a49f783ee0 JavaThread "Timer-14"                          [_thread_blocked, id=35888, stack(0x000000064d100000,0x000000064d200000) (1024K)]
  0x000001a4a9c778a0 JavaThread "Worker-11: Initialize workspace"        [_thread_blocked, id=22856, stack(0x000000064ce00000,0x000000064cf00000) (1024K)]
  0x000001a4a03de920 JavaThread "Timer-15"                          [_thread_blocked, id=26348, stack(0x000000064d200000,0x000000064d300000) (1024K)]
  0x000001a4a03e3e70 JavaThread "Timer-16"                          [_thread_blocked, id=38440, stack(0x000000064d500000,0x000000064d600000) (1024K)]
  0x000001a4a03e1080 JavaThread "Timer-17"                          [_thread_blocked, id=26900, stack(0x000000064d600000,0x000000064d700000) (1024K)]
  0x000001a49c3e9fc0 JavaThread "Timer-18"                          [_thread_blocked, id=11744, stack(0x000000064a600000,0x000000064a700000) (1024K)]
  0x000001a49c3e8c10 JavaThread "Timer-19"                          [_thread_blocked, id=26596, stack(0x000000064d700000,0x000000064d800000) (1024K)]
  0x000001a49f09eab0 JavaThread "Worker-12: Initialize workspace"        [_thread_blocked, id=20712, stack(0x000000064da00000,0x000000064db00000) (1024K)]
  0x000001a4a0b40a40 JavaThread "Timer-20"                          [_thread_blocked, id=20632, stack(0x000000064d800000,0x000000064d900000) (1024K)]
  0x000001a4a0b3f000 JavaThread "Timer-21"                          [_thread_blocked, id=12532, stack(0x000000064d900000,0x000000064da00000) (1024K)]
  0x000001a4a0b410d0 JavaThread "Timer-22"                          [_thread_blocked, id=22796, stack(0x000000064db00000,0x000000064dc00000) (1024K)]
  0x000001a4a0b41df0 JavaThread "Timer-23"                          [_thread_blocked, id=23948, stack(0x000000064dc00000,0x000000064dd00000) (1024K)]
  0x000001a4a0b403b0 JavaThread "Timer-24"                          [_thread_blocked, id=23244, stack(0x000000064dd00000,0x000000064de00000) (1024K)]
  0x000001a4a0b3e970 JavaThread "Timer-25"                          [_thread_blocked, id=10748, stack(0x000000064df00000,0x000000064e000000) (1024K)]
  0x000001a49f782b30 JavaThread "Timer-26"                          [_thread_blocked, id=11172, stack(0x000000064de00000,0x000000064df00000) (1024K)]
  0x000001a49c3e92a0 JavaThread "Timer-27"                          [_thread_blocked, id=34024, stack(0x000000064e100000,0x000000064e200000) (1024K)]
  0x000001a4a9c7cdf0 JavaThread "Timer-28"                          [_thread_blocked, id=35424, stack(0x000000064e000000,0x000000064e100000) (1024K)]
  0x000001a4ab2534e0 JavaThread "Timer-29"                          [_thread_blocked, id=9648, stack(0x000000064e300000,0x000000064e400000) (1024K)]
  0x000001a4ab253b70 JavaThread "Timer-30"                          [_thread_blocked, id=12464, stack(0x000000064e200000,0x000000064e300000) (1024K)]
  0x000001a4ab254200 JavaThread "Timer-31"                          [_thread_blocked, id=33488, stack(0x000000064d000000,0x000000064d100000) (1024K)]
  0x000001a4ab252e50 JavaThread "Timer-32"                          [_thread_blocked, id=23056, stack(0x000000064d300000,0x000000064d400000) (1024K)]
  0x000001a4ab251410 JavaThread "Timer-33"                          [_thread_blocked, id=22384, stack(0x000000064e400000,0x000000064e500000) (1024K)]
  0x000001a4ab250d80 JavaThread "Timer-34"                          [_thread_blocked, id=30104, stack(0x000000064e500000,0x000000064e600000) (1024K)]
  0x000001a4ab2555b0 JavaThread "Timer-35"                          [_thread_blocked, id=21356, stack(0x000000064e700000,0x000000064e800000) (1024K)]
  0x000001a4ab257d10 JavaThread "Timer-36"                          [_thread_blocked, id=24912, stack(0x000000064e600000,0x000000064e700000) (1024K)]
  0x000001a4ab257680 JavaThread "Timer-37"                          [_thread_blocked, id=15388, stack(0x000000064e900000,0x000000064ea00000) (1024K)]
  0x000001a4ab2562d0 JavaThread "Worker-13: Initialize workspace"        [_thread_blocked, id=5652, stack(0x000000064e800000,0x000000064e900000) (1024K)]
  0x000001a4ab254890 JavaThread "Timer-38"                          [_thread_blocked, id=13424, stack(0x000000064ea00000,0x000000064eb00000) (1024K)]
  0x000001a4ab2583a0 JavaThread "Timer-39"                          [_thread_blocked, id=23176, stack(0x000000064bf00000,0x000000064c000000) (1024K)]
  0x000001a49f09e420 JavaThread "Timer-40"                          [_thread_blocked, id=27568, stack(0x000000064eb00000,0x000000064ec00000) (1024K)]
  0x000001a49f09c350 JavaThread "Timer-41"                          [_thread_blocked, id=25596, stack(0x000000064ec00000,0x000000064ed00000) (1024K)]
  0x000001a4a0b41760 JavaThread "Timer-42"                          [_thread_blocked, id=3132, stack(0x000000064f100000,0x000000064f200000) (1024K)]
  0x000001a4ab617800 JavaThread "Timer-43"                          [_thread_blocked, id=21868, stack(0x000000064f300000,0x000000064f400000) (1024K)]
  0x000001a4ab6198d0 JavaThread "Timer-44"                          [_thread_blocked, id=12992, stack(0x000000064ed00000,0x000000064ee00000) (1024K)]
  0x000001a4ab619f60 JavaThread "Timer-45"                          [_thread_blocked, id=19068, stack(0x000000064ee00000,0x000000064ef00000) (1024K)]
  0x000001a4ab617170 JavaThread "Timer-46"                          [_thread_blocked, id=26744, stack(0x000000064ef00000,0x000000064f000000) (1024K)]
  0x000001a4ab61ac80 JavaThread "Timer-47"                          [_thread_blocked, id=23828, stack(0x000000064f200000,0x000000064f300000) (1024K)]
  0x000001a4ab61b310 JavaThread "Timer-48"                          [_thread_blocked, id=38340, stack(0x000000064f400000,0x000000064f500000) (1024K)]
  0x000001a4ab618520 JavaThread "Timer-49"                          [_thread_blocked, id=21452, stack(0x000000064f500000,0x000000064f600000) (1024K)]
  0x000001a4ab618bb0 JavaThread "Timer-50"                          [_thread_blocked, id=37732, stack(0x000000064f600000,0x000000064f700000) (1024K)]
  0x000001a4ab617e90 JavaThread "Timer-51"                          [_thread_blocked, id=5312, stack(0x000000064f800000,0x000000064f900000) (1024K)]
  0x000001a4ab61c6c0 JavaThread "Worker-14: Initialize workspace"        [_thread_blocked, id=17272, stack(0x000000064fa00000,0x000000064fb00000) (1024K)]
  0x000001a4ab61b9a0 JavaThread "Timer-52"                          [_thread_blocked, id=29040, stack(0x000000064bc00000,0x000000064bd00000) (1024K)]
  0x000001a4ab61c030 JavaThread "Timer-53"                          [_thread_blocked, id=37616, stack(0x000000064f700000,0x000000064f800000) (1024K)]
  0x000001a4ab619240 JavaThread "Timer-54"                          [_thread_blocked, id=34780, stack(0x000000064f900000,0x000000064fa00000) (1024K)]
  0x000001a4ab61cd50 JavaThread "Timer-55"                          [_thread_blocked, id=8340, stack(0x000000064fb00000,0x000000064fc00000) (1024K)]
  0x000001a4ab61d3e0 JavaThread "Timer-56"                          [_thread_blocked, id=25108, stack(0x000000064fc00000,0x000000064fd00000) (1024K)]
  0x000001a4ab61da70 JavaThread "Timer-57"                          [_thread_blocked, id=33940, stack(0x000000064fd00000,0x000000064fe00000) (1024K)]
  0x000001a4ab61e100 JavaThread "Timer-58"                          [_thread_blocked, id=8212, stack(0x000000064fe00000,0x000000064ff00000) (1024K)]
  0x000001a4ab61e790 JavaThread "Timer-59"                          [_thread_blocked, id=19768, stack(0x0000000650000000,0x0000000650100000) (1024K)]
  0x000001a4ab255c40 JavaThread "Timer-60"                          [_thread_blocked, id=9188, stack(0x000000064ff00000,0x0000000650000000) (1024K)]
  0x000001a4ab2527c0 JavaThread "Timer-61"                          [_thread_blocked, id=4012, stack(0x0000000650100000,0x0000000650200000) (1024K)]
  0x000001a4ab256960 JavaThread "Worker-15: Initialize workspace"        [_thread_blocked, id=11332, stack(0x0000000650200000,0x0000000650300000) (1024K)]
  0x000001a4ab256ff0 JavaThread "Timer-62"                          [_thread_blocked, id=26280, stack(0x0000000650300000,0x0000000650400000) (1024K)]
  0x000001a4ab61a5f0 JavaThread "Timer-63"                          [_thread_blocked, id=35844, stack(0x0000000650400000,0x0000000650500000) (1024K)]
  0x000001a4adcc9130 JavaThread "Timer-64"                          [_thread_blocked, id=30452, stack(0x0000000650500000,0x0000000650600000) (1024K)]
  0x000001a4adcc8410 JavaThread "Timer-65"                          [_thread_blocked, id=28120, stack(0x0000000650600000,0x0000000650700000) (1024K)]
  0x000001a4adcc8aa0 JavaThread "Timer-66"                          [_thread_blocked, id=26852, stack(0x0000000650700000,0x0000000650800000) (1024K)]
  0x000001a4adcc97c0 JavaThread "Timer-67"                          [_thread_blocked, id=28296, stack(0x0000000650900000,0x0000000650a00000) (1024K)]
  0x000001a4adccab70 JavaThread "Worker-16: Initialize workspace"        [_thread_blocked, id=38356, stack(0x0000000650b00000,0x0000000650c00000) (1024K)]
  0x000001a4adcc9e50 JavaThread "Timer-68"                          [_thread_blocked, id=28156, stack(0x0000000650800000,0x0000000650900000) (1024K)]
  0x000001a4adcc7060 JavaThread "Timer-69"                          [_thread_blocked, id=24996, stack(0x0000000650c00000,0x0000000650d00000) (1024K)]
  0x000001a4adcc76f0 JavaThread "Timer-70"                          [_thread_blocked, id=22184, stack(0x0000000650a00000,0x0000000650b00000) (1024K)]
  0x000001a4adcccc40 JavaThread "Timer-71"                          [_thread_blocked, id=38820, stack(0x000000064bb00000,0x000000064bc00000) (1024K)]
  0x000001a4adccd2d0 JavaThread "Timer-72"                          [_thread_blocked, id=23920, stack(0x0000000650d00000,0x0000000650e00000) (1024K)]
  0x000001a4adccb890 JavaThread "Timer-73"                          [_thread_blocked, id=23572, stack(0x0000000650e00000,0x0000000650f00000) (1024K)]
  0x000001a4adccbf20 JavaThread "Timer-74"                          [_thread_blocked, id=11448, stack(0x0000000650f00000,0x0000000651000000) (1024K)]
  0x000001a4adccc5b0 JavaThread "Timer-75"                          [_thread_blocked, id=38104, stack(0x0000000651100000,0x0000000651200000) (1024K)]
  0x000001a4adcce680 JavaThread "Worker-17: Initialize workspace"        [_thread_blocked, id=11796, stack(0x0000000651300000,0x0000000651400000) (1024K)]
  0x000001a4adccd960 JavaThread "Timer-76"                          [_thread_blocked, id=8584, stack(0x0000000651000000,0x0000000651100000) (1024K)]
  0x000001a4adccdff0 JavaThread "Timer-77"                          [_thread_blocked, id=16064, stack(0x0000000651400000,0x0000000651500000) (1024K)]
  0x000001a49f09afa0 JavaThread "Timer-78"                          [_thread_blocked, id=16624, stack(0x0000000651200000,0x0000000651300000) (1024K)]
  0x000001a4adcc7d80 JavaThread "Timer-79"                          [_thread_blocked, id=6632, stack(0x0000000651500000,0x0000000651600000) (1024K)]
  0x000001a4a94560c0 JavaThread "Timer-80"                          [_thread_blocked, id=5276, stack(0x0000000651600000,0x0000000651700000) (1024K)]
  0x000001a4a9458190 JavaThread "Timer-81"                          [_thread_blocked, id=4628, stack(0x0000000651700000,0x0000000651800000) (1024K)]
  0x000001a4a9458820 JavaThread "Worker-18: Initialize workspace"        [_thread_blocked, id=19156, stack(0x0000000651800000,0x0000000651900000) (1024K)]
  0x000001a4a9456750 JavaThread "Timer-82"                          [_thread_blocked, id=26760, stack(0x0000000651900000,0x0000000651a00000) (1024K)]
  0x000001a4a9456de0 JavaThread "Timer-83"                          [_thread_blocked, id=32860, stack(0x0000000651a00000,0x0000000651b00000) (1024K)]
  0x000001a4a9458eb0 JavaThread "Timer-84"                          [_thread_blocked, id=38480, stack(0x0000000651b00000,0x0000000651c00000) (1024K)]
  0x000001a4a9455a30 JavaThread "Timer-85"                          [_thread_blocked, id=36360, stack(0x0000000651d00000,0x0000000651e00000) (1024K)]
  0x000001a4a9459bd0 JavaThread "Timer-86"                          [_thread_blocked, id=23632, stack(0x0000000651c00000,0x0000000651d00000) (1024K)]
  0x000001a4a945a260 JavaThread "Timer-87"                          [_thread_blocked, id=21448, stack(0x0000000651e00000,0x0000000651f00000) (1024K)]
  0x000001a4a945a8f0 JavaThread "Timer-88"                          [_thread_blocked, id=5448, stack(0x0000000651f00000,0x0000000652000000) (1024K)]
  0x000001a4a9457470 JavaThread "Timer-89"                          [_thread_blocked, id=20356, stack(0x0000000652000000,0x0000000652100000) (1024K)]
  0x000001a4a945af80 JavaThread "Timer-90"                          [_thread_blocked, id=20468, stack(0x000000064a200000,0x000000064a300000) (1024K)]
  0x000001a4a9457b00 JavaThread "Timer-91"                          [_thread_blocked, id=16312, stack(0x000000064c300000,0x000000064c400000) (1024K)]
  0x000001a4a945c330 JavaThread "Worker-19: Initialize workspace"        [_thread_blocked, id=21928, stack(0x000000064c500000,0x000000064c600000) (1024K)]
  0x000001a4a945b610 JavaThread "Timer-92"                          [_thread_blocked, id=11284, stack(0x000000064c200000,0x000000064c300000) (1024K)]
  0x000001a4a945bca0 JavaThread "Timer-93"                          [_thread_blocked, id=22284, stack(0x0000000652100000,0x0000000652200000) (1024K)]
  0x000001a49f09c9e0 JavaThread "Timer-94"                          [_thread_blocked, id=35280, stack(0x0000000647d00000,0x0000000647e00000) (1024K)]
  0x000001a49f09f140 JavaThread "Timer-95"                          [_thread_blocked, id=26476, stack(0x0000000649f00000,0x000000064a000000) (1024K)]
  0x000001a49f09dd90 JavaThread "Timer-96"                          [_thread_blocked, id=25276, stack(0x000000064ba00000,0x000000064bb00000) (1024K)]
  0x000001a49f0a04f0 JavaThread "Timer-97"                          [_thread_blocked, id=26552, stack(0x000000064bd00000,0x000000064be00000) (1024K)]
  0x000001a49f0a0b80 JavaThread "Timer-98"                          [_thread_blocked, id=14376, stack(0x000000064c400000,0x000000064c500000) (1024K)]
  0x000001a49f09fe60 JavaThread "Timer-99"                          [_thread_blocked, id=20796, stack(0x000000064c800000,0x000000064c900000) (1024K)]
  0x000001a4a9c792e0 JavaThread "Worker-20: Initialize workspace"        [_thread_blocked, id=24556, stack(0x000000064cb00000,0x000000064cc00000) (1024K)]
  0x000001a4a9c79970 JavaThread "Timer-100"                         [_thread_blocked, id=9004, stack(0x000000064c700000,0x000000064c800000) (1024K)]
  0x000001a4a9c7a690 JavaThread "Timer-101"                         [_thread_blocked, id=1852, stack(0x0000000652200000,0x0000000652300000) (1024K)]
  0x000001a4a9c7ad20 JavaThread "Timer-102"                         [_thread_blocked, id=24880, stack(0x000000064ca00000,0x000000064cb00000) (1024K)]
  0x000001a4a9c78c50 JavaThread "Timer-103"                         [_thread_blocked, id=31364, stack(0x0000000652300000,0x0000000652400000) (1024K)]
  0x000001a49f09d070 JavaThread "Timer-104"                         [_thread_blocked, id=13288, stack(0x0000000652400000,0x0000000652500000) (1024K)]
  0x000001a4a9459540 JavaThread "Timer-105"                         [_thread_blocked, id=21952, stack(0x0000000652600000,0x0000000652700000) (1024K)]
  0x000001a49f0a1f30 JavaThread "Worker-21: Initialize workspace"        [_thread_blocked, id=21068, stack(0x0000000652500000,0x0000000652600000) (1024K)]
  0x000001a4a9b826f0 JavaThread "Timer-106"                         [_thread_blocked, id=26816, stack(0x0000000652700000,0x0000000652800000) (1024K)]
  0x000001a4a9b80cb0 JavaThread "Timer-107"                         [_thread_blocked, id=11912, stack(0x0000000652900000,0x0000000652a00000) (1024K)]
  0x000001a4a9b82060 JavaThread "Timer-108"                         [_thread_blocked, id=4080, stack(0x000000064f000000,0x000000064f100000) (1024K)]
  0x000001a4a9b80620 JavaThread "Timer-109"                         [_thread_blocked, id=24540, stack(0x0000000652800000,0x0000000652900000) (1024K)]
  0x000001a4a9b81340 JavaThread "Timer-110"                         [_thread_blocked, id=22952, stack(0x0000000652a00000,0x0000000652b00000) (1024K)]
  0x000001a4a9b819d0 JavaThread "Timer-111"                         [_thread_blocked, id=3424, stack(0x0000000652b00000,0x0000000652c00000) (1024K)]
  0x000001a4a9b7f900 JavaThread "Timer-112"                         [_thread_blocked, id=23408, stack(0x0000000652c00000,0x0000000652d00000) (1024K)]
  0x000001a4a9b83aa0 JavaThread "Timer-113"                         [_thread_blocked, id=9276, stack(0x0000000652e00000,0x0000000652f00000) (1024K)]
  0x000001a4a9b86890 JavaThread "Timer-114"                         [_thread_blocked, id=32112, stack(0x0000000652d00000,0x0000000652e00000) (1024K)]
  0x000001a4a9b84e50 JavaThread "Timer-115"                         [_thread_blocked, id=23352, stack(0x0000000653000000,0x0000000653100000) (1024K)]
  0x000001a4a9b854e0 JavaThread "Worker-22: Initialize workspace"        [_thread_blocked, id=22336, stack(0x0000000653200000,0x0000000653300000) (1024K)]
  0x000001a4a9b85b70 JavaThread "Timer-116"                         [_thread_blocked, id=4456, stack(0x000000064c000000,0x000000064c100000) (1024K)]
  0x000001a4a9b86200 JavaThread "Timer-117"                         [_thread_blocked, id=25532, stack(0x0000000653100000,0x0000000653200000) (1024K)]
  0x000001a4a9b83410 JavaThread "Timer-118"                         [_thread_blocked, id=9968, stack(0x0000000652f00000,0x0000000653000000) (1024K)]
  0x000001a4a9b875b0 JavaThread "Timer-119"                         [_thread_blocked, id=1644, stack(0x0000000653300000,0x0000000653400000) (1024K)]
  0x000001a4a9b86f20 JavaThread "Timer-120"                         [_thread_blocked, id=34888, stack(0x0000000653400000,0x0000000653500000) (1024K)]
  0x000001a4a9b84130 JavaThread "Timer-121"                         [_thread_blocked, id=34084, stack(0x0000000653500000,0x0000000653600000) (1024K)]
  0x000001a4a9b87c40 JavaThread "Timer-122"                         [_thread_blocked, id=20508, stack(0x0000000653600000,0x0000000653700000) (1024K)]
  0x000001a4a9b847c0 JavaThread "Timer-123"                         [_thread_blocked, id=29628, stack(0x0000000653800000,0x0000000653900000) (1024K)]
  0x000001a4a9b8a3a0 JavaThread "Worker-23: Initialize workspace"        [_thread_blocked, id=22344, stack(0x0000000653a00000,0x0000000653b00000) (1024K)]
  0x000001a4a9b88ff0 JavaThread "Timer-124"                         [_thread_blocked, id=19560, stack(0x0000000653700000,0x0000000653800000) (1024K)]
  0x000001a4a9b89d10 JavaThread "Timer-125"                         [_thread_blocked, id=11404, stack(0x0000000653b00000,0x0000000653c00000) (1024K)]
  0x000001a4a9b8b0c0 JavaThread "Timer-126"                         [_thread_blocked, id=1292, stack(0x0000000653900000,0x0000000653a00000) (1024K)]
  0x000001a4a9b8b750 JavaThread "Timer-127"                         [_thread_blocked, id=11196, stack(0x0000000653c00000,0x0000000653d00000) (1024K)]
  0x000001a4a9b882d0 JavaThread "Timer-128"                         [_thread_blocked, id=3128, stack(0x0000000653d00000,0x0000000653e00000) (1024K)]
  0x000001a4a9b8bde0 JavaThread "Timer-129"                         [_thread_blocked, id=10816, stack(0x0000000653e00000,0x0000000653f00000) (1024K)]
  0x000001a4a9b88960 JavaThread "Worker-24: Initialize workspace"        [_thread_blocked, id=10160, stack(0x0000000653f00000,0x0000000654000000) (1024K)]
  0x000001a4a9b8e540 JavaThread "Timer-130"                         [_thread_blocked, id=15176, stack(0x0000000654000000,0x0000000654100000) (1024K)]
  0x000001a4a9b8c470 JavaThread "Timer-131"                         [_thread_blocked, id=32128, stack(0x0000000654200000,0x0000000654300000) (1024K)]
  0x000001a4a9b8cb00 JavaThread "Timer-132"                         [_thread_blocked, id=21376, stack(0x0000000654100000,0x0000000654200000) (1024K)]
  0x000001a4a9b8ebd0 JavaThread "Timer-133"                         [_thread_blocked, id=27752, stack(0x0000000654600000,0x0000000654700000) (1024K)]
  0x000001a4a9b8d190 JavaThread "Timer-134"                         [_thread_blocked, id=10076, stack(0x0000000654300000,0x0000000654400000) (1024K)]
  0x000001a4a9b8d820 JavaThread "Timer-135"                         [_thread_blocked, id=5172, stack(0x0000000654700000,0x0000000654800000) (1024K)]
  0x000001a4a9b8deb0 JavaThread "Timer-136"                         [_thread_blocked, id=25932, stack(0x0000000654800000,0x0000000654900000) (1024K)]
  0x000001a4a9c77f30 JavaThread "Timer-137"                         [_thread_blocked, id=8448, stack(0x0000000654900000,0x0000000654a00000) (1024K)]
  0x000001a49f09bcc0 JavaThread "Timer-138"                         [_thread_blocked, id=11152, stack(0x0000000654a00000,0x0000000654b00000) (1024K)]
  0x000001a4a9bbad90 JavaThread "Timer-139"                         [_thread_blocked, id=37488, stack(0x0000000654c00000,0x0000000654d00000) (1024K)]
  0x000001a4a9bb7fa0 JavaThread "Worker-25: Initialize workspace"        [_thread_blocked, id=23824, stack(0x0000000654d00000,0x0000000654e00000) (1024K)]
  0x000001a4a9bb99e0 JavaThread "Timer-140"                         [_thread_blocked, id=21612, stack(0x000000064a700000,0x000000064a800000) (1024K)]
  0x000001a4a9bba070 JavaThread "Timer-141"                         [_thread_blocked, id=36404, stack(0x0000000654e00000,0x0000000654f00000) (1024K)]
  0x000001a4a9bb9350 JavaThread "Timer-142"                         [_thread_blocked, id=2372, stack(0x0000000654b00000,0x0000000654c00000) (1024K)]
  0x000001a4a9bb7910 JavaThread "Timer-143"                         [_thread_blocked, id=1460, stack(0x0000000654f00000,0x0000000655000000) (1024K)]
  0x000001a4a9bbb420 JavaThread "Timer-144"                         [_thread_blocked, id=33664, stack(0x0000000655000000,0x0000000655100000) (1024K)]
  0x000001a4a9bb8630 JavaThread "Timer-145"                         [_thread_blocked, id=38028, stack(0x0000000655100000,0x0000000655200000) (1024K)]
  0x000001a4a9bbbab0 JavaThread "Worker-26: Initialize workspace"        [_thread_blocked, id=20280, stack(0x0000000655200000,0x0000000655300000) (1024K)]
  0x000001a4a9bb8cc0 JavaThread "Timer-146"                         [_thread_blocked, id=34972, stack(0x0000000655300000,0x0000000655400000) (1024K)]
  0x000001a4a9bbdb80 JavaThread "Timer-147"                         [_thread_blocked, id=6196, stack(0x0000000655500000,0x0000000655600000) (1024K)]
  0x000001a4a9bbef30 JavaThread "Timer-148"                         [_thread_blocked, id=35960, stack(0x0000000655400000,0x0000000655500000) (1024K)]
  0x000001a4a9bbf5c0 JavaThread "Timer-149"                         [_thread_blocked, id=13156, stack(0x0000000655700000,0x0000000655800000) (1024K)]
  0x000001a4a9bbce60 JavaThread "Timer-150"                         [_thread_blocked, id=20876, stack(0x0000000655600000,0x0000000655700000) (1024K)]
  0x000001a4a9bba700 JavaThread "Timer-151"                         [_thread_blocked, id=10600, stack(0x0000000655800000,0x0000000655900000) (1024K)]
  0x000001a4a9bc1000 JavaThread "Timer-152"                         [_thread_blocked, id=22820, stack(0x0000000655900000,0x0000000655a00000) (1024K)]
  0x000001a4a9bc0970 JavaThread "Timer-153"                         [_thread_blocked, id=33800, stack(0x0000000655a00000,0x0000000655b00000) (1024K)]
  0x000001a4a9bbfc50 JavaThread "Worker-27: Initialize workspace"        [_thread_blocked, id=23768, stack(0x0000000655b00000,0x0000000655c00000) (1024K)]
  0x000001a4a9bc02e0 JavaThread "Timer-154"                         [_thread_blocked, id=15276, stack(0x0000000655c00000,0x0000000655d00000) (1024K)]
  0x000001a4a9bbd4f0 JavaThread "Timer-155"                         [_thread_blocked, id=21368, stack(0x0000000655e00000,0x0000000655f00000) (1024K)]
  0x000001a4a9bc1690 JavaThread "Timer-156"                         [_thread_blocked, id=20572, stack(0x0000000655d00000,0x0000000655e00000) (1024K)]
  0x000001a4a9bbe210 JavaThread "Timer-157"                         [_thread_blocked, id=20624, stack(0x0000000655f00000,0x0000000656000000) (1024K)]
  0x000001a4a9bc1d20 JavaThread "Timer-158"                         [_thread_blocked, id=19452, stack(0x0000000654400000,0x0000000654500000) (1024K)]
  0x000001a4a9bbc7d0 JavaThread "Timer-159"                         [_thread_blocked, id=21768, stack(0x0000000654500000,0x0000000654600000) (1024K)]
  0x000001a4a9bc5830 JavaThread "Timer-160"                         [_thread_blocked, id=23252, stack(0x0000000656000000,0x0000000656100000) (1024K)]
  0x000001a4a9bc23b0 JavaThread "Timer-161"                         [_thread_blocked, id=2444, stack(0x0000000656200000,0x0000000656300000) (1024K)]
  0x000001a4a9bc5ec0 JavaThread "Timer-162"                         [_thread_blocked, id=7600, stack(0x0000000656100000,0x0000000656200000) (1024K)]
  0x000001a4a9bc30d0 JavaThread "Timer-163"                         [_thread_blocked, id=8156, stack(0x000000064be00000,0x000000064bf00000) (1024K)]
  0x000001a4a9bc3df0 JavaThread "Worker-28: Initialize workspace"        [_thread_blocked, id=21780, stack(0x0000000656500000,0x0000000656600000) (1024K)]
  0x000001a4a9bc2a40 JavaThread "Timer-164"                         [_thread_blocked, id=9304, stack(0x0000000656300000,0x0000000656400000) (1024K)]
  0x000001a4a9bc4480 JavaThread "Timer-165"                         [_thread_blocked, id=21072, stack(0x0000000656600000,0x0000000656700000) (1024K)]
  0x000001a4a9bc3760 JavaThread "Timer-166"                         [_thread_blocked, id=33112, stack(0x0000000656400000,0x0000000656500000) (1024K)]
  0x000001a4a9bc6550 JavaThread "Timer-167"                         [_thread_blocked, id=24148, stack(0x0000000656700000,0x0000000656800000) (1024K)]
  0x000001a4a9bc4b10 JavaThread "Timer-168"                         [_thread_blocked, id=21728, stack(0x0000000656800000,0x0000000656900000) (1024K)]
  0x000001a4a9bc51a0 JavaThread "Timer-169"                         [_thread_blocked, id=12236, stack(0x0000000656900000,0x0000000656a00000) (1024K)]
  0x000001a4a9c7ba40 JavaThread "Timer-170"                         [_thread_blocked, id=21016, stack(0x0000000656a00000,0x0000000656b00000) (1024K)]
  0x000001a4a9b82d80 JavaThread "Timer-171"                         [_thread_blocked, id=11768, stack(0x0000000656b00000,0x0000000656c00000) (1024K)]
  0x000001a4a97d7770 JavaThread "Worker-29: Initialize workspace"        [_thread_blocked, id=38552, stack(0x0000000656e00000,0x0000000656f00000) (1024K)]
  0x000001a4a97d9840 JavaThread "Timer-172"                         [_thread_blocked, id=25272, stack(0x0000000656c00000,0x0000000656d00000) (1024K)]
  0x000001a4a97d9ed0 JavaThread "Timer-173"                         [_thread_blocked, id=28160, stack(0x0000000656f00000,0x0000000657000000) (1024K)]
  0x000001a4a97d7e00 JavaThread "Timer-174"                         [_thread_blocked, id=19296, stack(0x0000000656d00000,0x0000000656e00000) (1024K)]
  0x000001a4a97da560 JavaThread "Timer-175"                         [_thread_blocked, id=25764, stack(0x0000000657000000,0x0000000657100000) (1024K)]
  0x000001a4a97d91b0 JavaThread "Timer-176"                         [_thread_blocked, id=38700, stack(0x0000000657100000,0x0000000657200000) (1024K)]
  0x000001a4a97d8b20 JavaThread "Timer-177"                         [_thread_blocked, id=24200, stack(0x0000000657300000,0x0000000657400000) (1024K)]
  0x000001a4a97dc630 JavaThread "Worker-30: Initialize workspace"        [_thread_blocked, id=22984, stack(0x0000000657200000,0x0000000657300000) (1024K)]
  0x000001a4a97dabf0 JavaThread "Timer-178"                         [_thread_blocked, id=8132, stack(0x0000000657400000,0x0000000657500000) (1024K)]
  0x000001a4a97dccc0 JavaThread "Timer-179"                         [_thread_blocked, id=33392, stack(0x0000000657500000,0x0000000657600000) (1024K)]
  0x000001a4a97de700 JavaThread "Timer-180"                         [_thread_blocked, id=23676, stack(0x0000000657600000,0x0000000657700000) (1024K)]
  0x000001a4a97dd350 JavaThread "Timer-181"                         [_thread_blocked, id=10832, stack(0x0000000657800000,0x0000000657900000) (1024K)]
  0x000001a4a97dd9e0 JavaThread "Timer-182"                         [_thread_blocked, id=27064, stack(0x0000000657700000,0x0000000657800000) (1024K)]
  0x000001a4a97d8490 JavaThread "Timer-183"                         [_thread_blocked, id=25512, stack(0x0000000657900000,0x0000000657a00000) (1024K)]
  0x000001a4a97df420 JavaThread "Timer-184"                         [_thread_blocked, id=19568, stack(0x0000000657a00000,0x0000000657b00000) (1024K)]
  0x000001a4a97dbfa0 JavaThread "Timer-185"                         [_thread_blocked, id=27468, stack(0x0000000657e00000,0x0000000657f00000) (1024K)]
  0x000001a4a97ded90 JavaThread "Timer-186"                         [_thread_blocked, id=10180, stack(0x0000000657b00000,0x0000000657c00000) (1024K)]
  0x000001a4a97e0e60 JavaThread "Timer-187"                         [_thread_blocked, id=26052, stack(0x0000000658000000,0x0000000658100000) (1024K)]
  0x000001a4a97dfab0 JavaThread "Worker-31: Initialize workspace"        [_thread_blocked, id=25852, stack(0x0000000658200000,0x0000000658300000) (1024K)]
  0x000001a4a97e0140 JavaThread "Timer-188"                         [_thread_blocked, id=34020, stack(0x0000000657f00000,0x0000000658000000) (1024K)]
  0x000001a4a97e07d0 JavaThread "Timer-189"                         [_thread_blocked, id=16440, stack(0x0000000658300000,0x0000000658400000) (1024K)]
  0x000001a4a97e14f0 JavaThread "Timer-190"                         [_thread_blocked, id=25200, stack(0x0000000658100000,0x0000000658200000) (1024K)]
  0x000001a4a97db910 JavaThread "Timer-191"                         [_thread_blocked, id=34764, stack(0x0000000658400000,0x0000000658500000) (1024K)]
  0x000001a4a97e5000 JavaThread "Timer-192"                         [_thread_blocked, id=21860, stack(0x0000000658500000,0x0000000658600000) (1024K)]
  0x000001a4a97e1b80 JavaThread "Timer-193"                         [_thread_blocked, id=28288, stack(0x0000000658700000,0x0000000658800000) (1024K)]
  0x000001a4a97e3c50 JavaThread "Worker-32: Initialize workspace"        [_thread_blocked, id=36596, stack(0x0000000658600000,0x0000000658700000) (1024K)]
  0x000001a4a97e42e0 JavaThread "Timer-194"                         [_thread_blocked, id=23028, stack(0x0000000658800000,0x0000000658900000) (1024K)]
  0x000001a4a97e2f30 JavaThread "Timer-195"                         [_thread_blocked, id=33440, stack(0x0000000658a00000,0x0000000658b00000) (1024K)]
  0x000001a4a97e4970 JavaThread "Timer-196"                         [_thread_blocked, id=33464, stack(0x0000000658900000,0x0000000658a00000) (1024K)]
  0x000001a4a97e2210 JavaThread "Timer-197"                         [_thread_blocked, id=21040, stack(0x0000000658c00000,0x0000000658d00000) (1024K)]
  0x000001a4a97e5690 JavaThread "Timer-198"                         [_thread_blocked, id=27900, stack(0x0000000658b00000,0x0000000658c00000) (1024K)]
  0x000001a4a97e35c0 JavaThread "Timer-199"                         [_thread_blocked, id=16188, stack(0x0000000658d00000,0x0000000658e00000) (1024K)]
  0x000001a4a97e5d20 JavaThread "Timer-200"                         [_thread_blocked, id=26684, stack(0x0000000658e00000,0x0000000658f00000) (1024K)]
  0x000001a4a97e28a0 JavaThread "Timer-201"                         [_thread_blocked, id=20456, stack(0x0000000659100000,0x0000000659200000) (1024K)]
  0x000001a4a97e63b0 JavaThread "Worker-33: Initialize workspace"        [_thread_blocked, id=33076, stack(0x0000000659000000,0x0000000659100000) (1024K)]
  0x000001a49f09d700 JavaThread "Timer-202"                         [_thread_blocked, id=18892, stack(0x0000000659200000,0x0000000659300000) (1024K)]
  0x000001a4a9bbe8a0 JavaThread "Timer-203"                         [_thread_blocked, id=38120, stack(0x0000000659400000,0x0000000659500000) (1024K)]
  0x000001a4ab592fc0 JavaThread "Timer-204"                         [_thread_blocked, id=35244, stack(0x0000000659300000,0x0000000659400000) (1024K)]
  0x000001a4ab593ce0 JavaThread "Timer-205"                         [_thread_blocked, id=22304, stack(0x0000000659600000,0x0000000659700000) (1024K)]
  0x000001a4ab595090 JavaThread "Timer-206"                         [_thread_blocked, id=28076, stack(0x0000000659500000,0x0000000659600000) (1024K)]
  0x000001a4ab594370 JavaThread "Timer-207"                         [_thread_blocked, id=7144, stack(0x0000000659700000,0x0000000659800000) (1024K)]
  0x000001a4ab595720 JavaThread "Timer-208"                         [_thread_blocked, id=21480, stack(0x0000000659800000,0x0000000659900000) (1024K)]
  0x000001a4ab595db0 JavaThread "Timer-209"                         [_thread_blocked, id=22276, stack(0x0000000659a00000,0x0000000659b00000) (1024K)]
  0x000001a4ab593650 JavaThread "Timer-210"                         [_thread_blocked, id=21536, stack(0x0000000659900000,0x0000000659a00000) (1024K)]
  0x000001a4ab592930 JavaThread "Timer-211"                         [_thread_blocked, id=28480, stack(0x0000000659c00000,0x0000000659d00000) (1024K)]
  0x000001a4ab5977f0 JavaThread "Worker-34: Initialize workspace"        [_thread_blocked, id=7868, stack(0x0000000659e00000,0x0000000659f00000) (1024K)]
  0x000001a4ab597160 JavaThread "Timer-212"                         [_thread_blocked, id=26320, stack(0x0000000659b00000,0x0000000659c00000) (1024K)]
  0x000001a4ab597e80 JavaThread "Timer-213"                         [_thread_blocked, id=23084, stack(0x0000000659f00000,0x000000065a000000) (1024K)]
  0x000001a4ab598510 JavaThread "Timer-214"                         [_thread_blocked, id=36316, stack(0x0000000659d00000,0x0000000659e00000) (1024K)]
  0x000001a4ab599230 JavaThread "Timer-215"                         [_thread_blocked, id=28428, stack(0x000000065a000000,0x000000065a100000) (1024K)]
  0x000001a4ab5998c0 JavaThread "Timer-216"                         [_thread_blocked, id=4448, stack(0x000000065a100000,0x000000065a200000) (1024K)]
  0x000001a4ab596440 JavaThread "Timer-217"                         [_thread_blocked, id=5624, stack(0x000000065a200000,0x000000065a300000) (1024K)]
  0x000001a4ab599f50 JavaThread "Timer-218"                         [_thread_blocked, id=36616, stack(0x000000065a300000,0x000000065a400000) (1024K)]
  0x000001a4ab596ad0 JavaThread "Timer-219"                         [_thread_blocked, id=11384, stack(0x000000065a500000,0x000000065a600000) (1024K)]
  0x000001a4ab59cd40 JavaThread "Worker-35: Initialize workspace"        [_thread_blocked, id=5372, stack(0x000000065a700000,0x000000065a800000) (1024K)]
  0x000001a4ab59c6b0 JavaThread "Timer-220"                         [_thread_blocked, id=21724, stack(0x000000065a400000,0x000000065a500000) (1024K)]
  0x000001a4ab59b990 JavaThread "Timer-221"                         [_thread_blocked, id=10116, stack(0x000000065a600000,0x000000065a700000) (1024K)]
  0x000001a4ab59d3d0 JavaThread "Timer-222"                         [_thread_blocked, id=8484, stack(0x000000065a800000,0x000000065a900000) (1024K)]
  0x000001a4ab59ac70 JavaThread "Timer-223"                         [_thread_blocked, id=25992, stack(0x000000065a900000,0x000000065aa00000) (1024K)]
  0x000001a4ab59b300 JavaThread "Timer-224"                         [_thread_blocked, id=23916, stack(0x000000065aa00000,0x000000065ab00000) (1024K)]
  0x000001a4ab59c020 JavaThread "Timer-225"                         [_thread_blocked, id=24608, stack(0x000000065ac00000,0x000000065ad00000) (1024K)]
  0x000001a4ab598ba0 JavaThread "Timer-226"                         [_thread_blocked, id=25676, stack(0x000000065ab00000,0x000000065ac00000) (1024K)]
  0x000001a4ab59fb30 JavaThread "Timer-227"                         [_thread_blocked, id=32836, stack(0x000000065ad00000,0x000000065ae00000) (1024K)]
  0x000001a4ab59e780 JavaThread "Timer-228"                         [_thread_blocked, id=11004, stack(0x000000065ae00000,0x000000065af00000) (1024K)]
  0x000001a4ab59ee10 JavaThread "Timer-229"                         [_thread_blocked, id=33144, stack(0x000000065b000000,0x000000065b100000) (1024K)]
  0x000001a4ab5a01c0 JavaThread "Worker-36: Initialize workspace"        [_thread_blocked, id=33924, stack(0x000000065af00000,0x000000065b000000) (1024K)]
  0x000001a4ab59f4a0 JavaThread "Timer-230"                         [_thread_blocked, id=32176, stack(0x000000065b100000,0x000000065b200000) (1024K)]
  0x000001a4ab59a5e0 JavaThread "Timer-231"                         [_thread_blocked, id=23264, stack(0x000000065b200000,0x000000065b300000) (1024K)]
  0x000001a4ab59e0f0 JavaThread "Timer-232"                         [_thread_blocked, id=27896, stack(0x000000065b300000,0x000000065b400000) (1024K)]
  0x000001a4ab5a0850 JavaThread "Timer-233"                         [_thread_blocked, id=32740, stack(0x000000065b400000,0x000000065b500000) (1024K)]
  0x000001a4ab5a0ee0 JavaThread "Timer-234"                         [_thread_blocked, id=33916, stack(0x0000000658f00000,0x0000000659000000) (1024K)]
  0x000001a4a97de070 JavaThread "Timer-235"                         [_thread_blocked, id=18004, stack(0x000000065b500000,0x000000065b600000) (1024K)]
  0x000001a4ad56df20 JavaThread "Worker-37: Initialize workspace"        [_thread_blocked, id=28552, stack(0x000000065b800000,0x000000065b900000) (1024K)]
  0x000001a4ad56cb70 JavaThread "Timer-236"                         [_thread_blocked, id=21688, stack(0x000000065b600000,0x000000065b700000) (1024K)]
  0x000001a4ad56d200 JavaThread "Timer-237"                         [_thread_blocked, id=6368, stack(0x000000065b700000,0x000000065b800000) (1024K)]
  0x000001a4ad56be50 JavaThread "Timer-238"                         [_thread_blocked, id=38376, stack(0x000000065b900000,0x000000065ba00000) (1024K)]
  0x000001a4ad56fff0 JavaThread "Timer-239"                         [_thread_blocked, id=28692, stack(0x000000065ba00000,0x000000065bb00000) (1024K)]
  0x000001a4ad570680 JavaThread "Timer-240"                         [_thread_blocked, id=25412, stack(0x000000065bb00000,0x000000065bc00000) (1024K)]
  0x000001a4ad570d10 JavaThread "Timer-241"                         [_thread_blocked, id=20532, stack(0x000000065bd00000,0x000000065be00000) (1024K)]
  0x000001a4ad56f2d0 JavaThread "Timer-242"                         [_thread_blocked, id=11580, stack(0x000000065bc00000,0x000000065bd00000) (1024K)]
  0x000001a4ad56e5b0 JavaThread "Timer-243"                         [_thread_blocked, id=25724, stack(0x000000065be00000,0x000000065bf00000) (1024K)]
  0x000001a4ad56ec40 JavaThread "Worker-38: Initialize workspace"        [_thread_blocked, id=12796, stack(0x000000065c100000,0x000000065c200000) (1024K)]
  0x000001a4ad56d890 JavaThread "Timer-244"                         [_thread_blocked, id=19640, stack(0x000000065bf00000,0x000000065c000000) (1024K)]
  0x000001a4ad5713a0 JavaThread "Timer-245"                         [_thread_blocked, id=2884, stack(0x000000065c200000,0x000000065c300000) (1024K)]
  0x000001a4ad571a30 JavaThread "Timer-246"                         [_thread_blocked, id=38092, stack(0x000000065c000000,0x000000065c100000) (1024K)]
  0x000001a4ad56c4e0 JavaThread "Timer-247"                         [_thread_blocked, id=3096, stack(0x000000065c300000,0x000000065c400000) (1024K)]
  0x000001a4ad572750 JavaThread "Timer-248"                         [_thread_blocked, id=35184, stack(0x000000065c400000,0x000000065c500000) (1024K)]
  0x000001a4ad573b00 JavaThread "Timer-249"                         [_thread_blocked, id=34504, stack(0x000000065c600000,0x000000065c700000) (1024K)]
  0x000001a4ad574820 JavaThread "Timer-250"                         [_thread_blocked, id=22540, stack(0x000000065c500000,0x000000065c600000) (1024K)]
  0x000001a4ad574eb0 JavaThread "Timer-251"                         [_thread_blocked, id=33744, stack(0x000000065c800000,0x000000065c900000) (1024K)]
  0x000001a4ad5720c0 JavaThread "Worker-39: Initialize workspace"        [_thread_blocked, id=26356, stack(0x000000065ca00000,0x000000065cb00000) (1024K)]
  0x000001a4ad572de0 JavaThread "Timer-252"                         [_thread_blocked, id=6080, stack(0x000000065c700000,0x000000065c800000) (1024K)]
  0x000001a4ad575540 JavaThread "Timer-253"                         [_thread_blocked, id=26364, stack(0x000000065cb00000,0x000000065cc00000) (1024K)]
  0x000001a4ad576260 JavaThread "Timer-254"                         [_thread_blocked, id=23344, stack(0x000000065c900000,0x000000065ca00000) (1024K)]
  0x000001a4ad574190 JavaThread "Timer-255"                         [_thread_blocked, id=29508, stack(0x000000065cc00000,0x000000065cd00000) (1024K)]
  0x000001a4ad575bd0 JavaThread "Timer-256"                         [_thread_blocked, id=36512, stack(0x000000065cd00000,0x000000065ce00000) (1024K)]
  0x000001a4ad5768f0 JavaThread "Timer-257"                         [_thread_blocked, id=2928, stack(0x000000065ce00000,0x000000065cf00000) (1024K)]
  0x000001a4ad573470 JavaThread "Worker-40: Initialize workspace"        [_thread_blocked, id=21564, stack(0x000000065cf00000,0x000000065d000000) (1024K)]
  0x000001a4ad5789c0 JavaThread "Timer-258"                         [_thread_blocked, id=25392, stack(0x000000065d000000,0x000000065d100000) (1024K)]
  0x000001a4ad579d70 JavaThread "Timer-259"                         [_thread_blocked, id=23684, stack(0x000000065d200000,0x000000065d300000) (1024K)]
  0x000001a4ad57a400 JavaThread "Timer-260"                         [_thread_blocked, id=32880, stack(0x000000065d100000,0x000000065d200000) (1024K)]
  0x000001a4ad578330 JavaThread "Timer-261"                         [_thread_blocked, id=11408, stack(0x000000065d400000,0x000000065d500000) (1024K)]
  0x000001a4ad577610 JavaThread "Timer-262"                         [_thread_blocked, id=24128, stack(0x000000065d300000,0x000000065d400000) (1024K)]
  0x000001a4ad577ca0 JavaThread "Timer-263"                         [_thread_blocked, id=36304, stack(0x000000065d500000,0x000000065d600000) (1024K)]
  0x000001a4ad576f80 JavaThread "Timer-264"                         [_thread_blocked, id=33560, stack(0x000000065d600000,0x000000065d700000) (1024K)]
  0x000001a4ad57be40 JavaThread "Timer-265"                         [_thread_blocked, id=20556, stack(0x000000065d800000,0x000000065d900000) (1024K)]
  0x000001a4ad57b120 JavaThread "Timer-266"                         [_thread_blocked, id=37700, stack(0x000000065d700000,0x000000065d800000) (1024K)]
  0x000001a4ad57c4d0 JavaThread "Timer-267"                         [_thread_blocked, id=12124, stack(0x000000065da00000,0x000000065db00000) (1024K)]
  0x000001a4ad579050 JavaThread "Worker-41: Initialize workspace"        [_thread_blocked, id=34212, stack(0x000000065dc00000,0x000000065dd00000) (1024K)]
  0x000001a4ad57cb60 JavaThread "Timer-268"                         [_thread_blocked, id=27160, stack(0x000000065d900000,0x000000065da00000) (1024K)]
  0x000001a4ad5796e0 JavaThread "Timer-269"                         [_thread_blocked, id=11232, stack(0x000000065dd00000,0x000000065de00000) (1024K)]
  0x000001a4ad57d1f0 JavaThread "Timer-270"                         [_thread_blocked, id=21364, stack(0x000000065db00000,0x000000065dc00000) (1024K)]
  0x000001a4ad57d880 JavaThread "Timer-271"                         [_thread_blocked, id=25008, stack(0x000000065de00000,0x000000065df00000) (1024K)]
  0x000001a4ad57df10 JavaThread "Timer-272"                         [_thread_blocked, id=12836, stack(0x000000065df00000,0x000000065e000000) (1024K)]
  0x000001a4ad57aa90 JavaThread "Timer-273"                         [_thread_blocked, id=9784, stack(0x000000065e000000,0x000000065e100000) (1024K)]
  0x000001a4ad57e5a0 JavaThread "Timer-274"                         [_thread_blocked, id=26256, stack(0x000000065e100000,0x000000065e200000) (1024K)]
  0x000001a4ad57ec30 JavaThread "Timer-275"                         [_thread_blocked, id=30288, stack(0x000000065e300000,0x000000065e400000) (1024K)]
  0x000001a4ad57ffe0 JavaThread "Worker-42: Initialize workspace"        [_thread_blocked, id=20560, stack(0x000000065e500000,0x000000065e600000) (1024K)]
  0x000001a4ad57b7b0 JavaThread "Timer-276"                         [_thread_blocked, id=17892, stack(0x000000065e200000,0x000000065e300000) (1024K)]
  0x000001a4ad57f2c0 JavaThread "Timer-277"                         [_thread_blocked, id=12308, stack(0x000000065e600000,0x000000065e700000) (1024K)]
  0x000001a4ad580670 JavaThread "Timer-278"                         [_thread_blocked, id=36232, stack(0x000000065e400000,0x000000065e500000) (1024K)]
  0x000001a4ad581390 JavaThread "Timer-279"                         [_thread_blocked, id=12404, stack(0x000000065e700000,0x000000065e800000) (1024K)]
  0x000001a4ad5820b0 JavaThread "Timer-280"                         [_thread_blocked, id=23116, stack(0x000000065e800000,0x000000065e900000) (1024K)]
  0x000001a4ad581a20 JavaThread "Timer-281"                         [_thread_blocked, id=28796, stack(0x000000065ea00000,0x000000065eb00000) (1024K)]
  0x000001a4ad580d00 JavaThread "Timer-282"                         [_thread_blocked, id=7184, stack(0x000000065e900000,0x000000065ea00000) (1024K)]
  0x000001a4ad582740 JavaThread "Timer-283"                         [_thread_blocked, id=30572, stack(0x000000065ec00000,0x000000065ed00000) (1024K)]
  0x000001a4ad583460 JavaThread "Worker-43: Initialize workspace"        [_thread_blocked, id=2528, stack(0x000000065ee00000,0x000000065ef00000) (1024K)]
  0x000001a4ad582dd0 JavaThread "Timer-284"                         [_thread_blocked, id=36332, stack(0x000000065eb00000,0x000000065ec00000) (1024K)]
  0x000001a4ad57f950 JavaThread "Timer-285"                         [_thread_blocked, id=2256, stack(0x000000065ef00000,0x000000065f000000) (1024K)]
  0x000001a4ad584180 JavaThread "Timer-286"                         [_thread_blocked, id=22716, stack(0x000000065ed00000,0x000000065ee00000) (1024K)]
  0x000001a4ad585530 JavaThread "Timer-287"                         [_thread_blocked, id=18988, stack(0x000000065f000000,0x000000065f100000) (1024K)]
  0x000001a4ad585bc0 JavaThread "Timer-288"                         [_thread_blocked, id=20604, stack(0x000000065f100000,0x000000065f200000) (1024K)]
  0x000001a4ad583af0 JavaThread "Timer-289"                         [_thread_blocked, id=20972, stack(0x000000065f300000,0x000000065f400000) (1024K)]
  0x000001a4ad584810 JavaThread "Worker-44: Initialize workspace"        [_thread_blocked, id=35504, stack(0x000000065f200000,0x000000065f300000) (1024K)]
  0x000001a4ad584ea0 JavaThread "Timer-290"                         [_thread_blocked, id=33232, stack(0x000000065f400000,0x000000065f500000) (1024K)]
  0x000001a4ad586250 JavaThread "Timer-291"                         [_thread_blocked, id=11688, stack(0x000000065f600000,0x000000065f700000) (1024K)]
  0x000001a4ad5896d0 JavaThread "Timer-292"                         [_thread_blocked, id=36248, stack(0x000000065f500000,0x000000065f600000) (1024K)]
  0x000001a4ad587600 JavaThread "Timer-293"                         [_thread_blocked, id=18404, stack(0x000000065f800000,0x000000065f900000) (1024K)]
  0x000001a4ad588320 JavaThread "Timer-294"                         [_thread_blocked, id=36076, stack(0x000000065f700000,0x000000065f800000) (1024K)]
  0x000001a4ad5889b0 JavaThread "Timer-295"                         [_thread_blocked, id=31184, stack(0x000000065f900000,0x000000065fa00000) (1024K)]
  0x000001a4ad5868e0 JavaThread "Timer-296"                         [_thread_blocked, id=11896, stack(0x000000065fa00000,0x000000065fb00000) (1024K)]
  0x000001a4ad586f70 JavaThread "Timer-297"                         [_thread_blocked, id=19688, stack(0x000000065fb00000,0x000000065fc00000) (1024K)]
  0x000001a4ad58b110 JavaThread "Timer-298"                         [_thread_blocked, id=10608, stack(0x000000065fc00000,0x000000065fd00000) (1024K)]
  0x000001a4ad589d60 JavaThread "Timer-299"                         [_thread_blocked, id=10596, stack(0x000000065fe00000,0x000000065ff00000) (1024K)]
  0x000001a4ad58a3f0 JavaThread "Timer-300"                         [_thread_blocked, id=18612, stack(0x000000065fd00000,0x000000065fe00000) (1024K)]
  0x000001a4ad58aa80 JavaThread "Timer-301"                         [_thread_blocked, id=27712, stack(0x000000065ff00000,0x0000000660000000) (1024K)]
  0x000001a4ad587c90 JavaThread "Timer-302"                         [_thread_blocked, id=6604, stack(0x0000000660100000,0x0000000660200000) (1024K)]
  0x000001a4a0bae650 JavaThread "Timer-303"                         [_thread_blocked, id=21736, stack(0x0000000660200000,0x0000000660300000) (1024K)]
  0x000001a4a0bafa00 JavaThread "Timer-304"                         [_thread_blocked, id=12056, stack(0x0000000660300000,0x0000000660400000) (1024K)]
  0x000001a4a0bb0090 JavaThread "Timer-305"                         [_thread_blocked, id=25612, stack(0x0000000660400000,0x0000000660500000) (1024K)]
  0x000001a4a0bb0720 JavaThread "Timer-306"                         [_thread_blocked, id=20852, stack(0x0000000660500000,0x0000000660600000) (1024K)]
  0x000001a4a0bb1440 JavaThread "Timer-307"                         [_thread_blocked, id=23624, stack(0x0000000660700000,0x0000000660800000) (1024K)]
  0x000001a4a0bb3510 JavaThread "Worker-46: Initialize workspace"        [_thread_blocked, id=24176, stack(0x0000000660900000,0x0000000660a00000) (1024K)]
  0x000001a4a0badfc0 JavaThread "Timer-308"                         [_thread_blocked, id=16580, stack(0x0000000660600000,0x0000000660700000) (1024K)]
  0x000001a4a0bb1ad0 JavaThread "Timer-309"                         [_thread_blocked, id=32852, stack(0x0000000660a00000,0x0000000660b00000) (1024K)]
  0x000001a4a0bb2160 JavaThread "Timer-310"                         [_thread_blocked, id=11216, stack(0x0000000660800000,0x0000000660900000) (1024K)]
  0x000001a4a0baf370 JavaThread "Timer-311"                         [_thread_blocked, id=38352, stack(0x0000000660b00000,0x0000000660c00000) (1024K)]
  0x000001a4a0bb5c70 JavaThread "Timer-312"                         [_thread_blocked, id=6064, stack(0x0000000660c00000,0x0000000660d00000) (1024K)]
  0x000001a4a0bb55e0 JavaThread "Timer-313"                         [_thread_blocked, id=1564, stack(0x0000000660e00000,0x0000000660f00000) (1024K)]
  0x000001a4a0bb48c0 JavaThread "Timer-314"                         [_thread_blocked, id=25564, stack(0x0000000660d00000,0x0000000660e00000) (1024K)]
  0x000001a4a0bb2e80 JavaThread "Timer-315"                         [_thread_blocked, id=23904, stack(0x0000000661000000,0x0000000661100000) (1024K)]
  0x000001a4a0bb3ba0 JavaThread "Timer-316"                         [_thread_blocked, id=38844, stack(0x0000000660f00000,0x0000000661000000) (1024K)]
  0x000001a4a0bb27f0 JavaThread "Timer-317"                         [_thread_blocked, id=9484, stack(0x0000000661100000,0x0000000661200000) (1024K)]
  0x000001a4a0bb4230 JavaThread "Worker-47: Initialize workspace"        [_thread_blocked, id=7376, stack(0x0000000661200000,0x0000000661300000) (1024K)]
  0x000001a4a0bb83d0 JavaThread "Timer-318"                         [_thread_blocked, id=30488, stack(0x0000000661300000,0x0000000661400000) (1024K)]
  0x000001a4a0bb7020 JavaThread "Timer-319"                         [_thread_blocked, id=24756, stack(0x0000000661400000,0x0000000661500000) (1024K)]
  0x000001a4a0bb7d40 JavaThread "Timer-320"                         [_thread_blocked, id=31156, stack(0x0000000661500000,0x0000000661600000) (1024K)]
  0x000001a4a0bb6300 JavaThread "Timer-321"                         [_thread_blocked, id=26720, stack(0x0000000661700000,0x0000000661800000) (1024K)]
  0x000001a4a0bb76b0 JavaThread "Timer-322"                         [_thread_blocked, id=34040, stack(0x0000000661600000,0x0000000661700000) (1024K)]
  0x000001a4a0bb6990 JavaThread "Timer-323"                         [_thread_blocked, id=20276, stack(0x0000000661900000,0x0000000661a00000) (1024K)]
  0x000001a4a0bbb1c0 JavaThread "Worker-48: Initialize workspace"        [_thread_blocked, id=11180, stack(0x0000000661b00000,0x0000000661c00000) (1024K)]
  0x000001a4a0bb4f50 JavaThread "Timer-324"                         [_thread_blocked, id=34208, stack(0x0000000661800000,0x0000000661900000) (1024K)]
  0x000001a4a0bb9780 JavaThread "Timer-325"                         [_thread_blocked, id=22408, stack(0x0000000661a00000,0x0000000661b00000) (1024K)]
  0x000001a4a0bb90f0 JavaThread "Timer-326"                         [_thread_blocked, id=33480, stack(0x0000000661c00000,0x0000000661d00000) (1024K)]
  0x000001a4a0bb9e10 JavaThread "Timer-327"                         [_thread_blocked, id=27520, stack(0x0000000661d00000,0x0000000661e00000) (1024K)]
  0x000001a4a0bba4a0 JavaThread "Timer-328"                         [_thread_blocked, id=9700, stack(0x0000000661e00000,0x0000000661f00000) (1024K)]
  0x000001a4a0bbbee0 JavaThread "Timer-329"                         [_thread_blocked, id=23592, stack(0x0000000662000000,0x0000000662100000) (1024K)]
  0x000001a4a0bbab30 JavaThread "Timer-330"                         [_thread_blocked, id=33060, stack(0x0000000661f00000,0x0000000662000000) (1024K)]
  0x000001a4a0bb8a60 JavaThread "Timer-331"                         [_thread_blocked, id=13020, stack(0x0000000662200000,0x0000000662300000) (1024K)]
  0x000001a4a0bbd290 JavaThread "Worker-49: Initialize workspace"        [_thread_blocked, id=34952, stack(0x0000000662400000,0x0000000662500000) (1024K)]
  0x000001a4a0bbc570 JavaThread "Timer-332"                         [_thread_blocked, id=9368, stack(0x0000000662100000,0x0000000662200000) (1024K)]
  0x000001a4a0bbcc00 JavaThread "Timer-333"                         [_thread_blocked, id=14800, stack(0x0000000662600000,0x0000000662700000) (1024K)]
  0x000001a4ab59da60 JavaThread "Timer-334"                         [_thread_blocked, id=26776, stack(0x0000000662300000,0x0000000662400000) (1024K)]
  0x000001a4ad56f960 JavaThread "Timer-335"                         [_thread_blocked, id=13948, stack(0x0000000662500000,0x0000000662600000) (1024K)]
  0x000001a4a8840610 JavaThread "Timer-336"                         [_thread_blocked, id=30324, stack(0x0000000662700000,0x0000000662800000) (1024K)]
  0x000001a4a883e540 JavaThread "Timer-337"                         [_thread_blocked, id=19376, stack(0x0000000662800000,0x0000000662900000) (1024K)]
  0x000001a4a883d820 JavaThread "Timer-338"                         [_thread_blocked, id=25224, stack(0x0000000662900000,0x0000000662a00000) (1024K)]
  0x000001a4a883d190 JavaThread "Timer-339"                         [_thread_blocked, id=28532, stack(0x0000000662b00000,0x0000000662c00000) (1024K)]
  0x000001a4a883ebd0 JavaThread "Worker-50: Initialize workspace"        [_thread_blocked, id=35288, stack(0x0000000662d00000,0x0000000662e00000) (1024K)]
  0x000001a4a883deb0 JavaThread "Timer-340"                         [_thread_blocked, id=38752, stack(0x0000000662a00000,0x0000000662b00000) (1024K)]
  0x000001a4a88426e0 JavaThread "Timer-341"                         [_thread_blocked, id=37288, stack(0x0000000662c00000,0x0000000662d00000) (1024K)]
  0x000001a4a8841330 JavaThread "Timer-342"                         [_thread_blocked, id=18692, stack(0x0000000662e00000,0x0000000662f00000) (1024K)]
  0x000001a4a88419c0 JavaThread "Timer-343"                         [_thread_blocked, id=25980, stack(0x0000000662f00000,0x0000000663000000) (1024K)]
  0x000001a4a8842050 JavaThread "Timer-344"                         [_thread_blocked, id=33024, stack(0x0000000663000000,0x0000000663100000) (1024K)]
  0x000001a4a883ff80 JavaThread "Timer-345"                         [_thread_blocked, id=36452, stack(0x0000000663200000,0x0000000663300000) (1024K)]
  0x000001a4a8840ca0 JavaThread "Timer-346"                         [_thread_blocked, id=4952, stack(0x0000000663100000,0x0000000663200000) (1024K)]
  0x000001a4a8842d70 JavaThread "Timer-347"                         [_thread_blocked, id=12068, stack(0x0000000663300000,0x0000000663400000) (1024K)]
  0x000001a4a8846880 JavaThread "Worker-51: Initialize workspace"        [_thread_blocked, id=22312, stack(0x0000000663600000,0x0000000663700000) (1024K)]
  0x000001a4a883f8f0 JavaThread "Timer-348"                         [_thread_blocked, id=22328, stack(0x0000000663400000,0x0000000663500000) (1024K)]
  0x000001a4a88447b0 JavaThread "Timer-349"                         [_thread_blocked, id=21912, stack(0x0000000663700000,0x0000000663800000) (1024K)]
  0x000001a4a88461f0 JavaThread "Timer-350"                         [_thread_blocked, id=19232, stack(0x0000000663500000,0x0000000663600000) (1024K)]
  0x000001a4a8844e40 JavaThread "Timer-351"                         [_thread_blocked, id=28044, stack(0x0000000663800000,0x0000000663900000) (1024K)]
  0x000001a4a8843a90 JavaThread "Timer-352"                         [_thread_blocked, id=10968, stack(0x0000000663900000,0x0000000663a00000) (1024K)]
  0x000001a4a8844120 JavaThread "Timer-353"                         [_thread_blocked, id=11584, stack(0x0000000663b00000,0x0000000663c00000) (1024K)]
  0x000001a4a88454d0 JavaThread "Timer-354"                         [_thread_blocked, id=3892, stack(0x0000000663a00000,0x0000000663b00000) (1024K)]
  0x000001a4a8843400 JavaThread "Timer-355"                         [_thread_blocked, id=11872, stack(0x0000000663d00000,0x0000000663e00000) (1024K)]
  0x000001a4a88475a0 JavaThread "Worker-52: Initialize workspace"        [_thread_blocked, id=25044, stack(0x0000000663f00000,0x0000000664000000) (1024K)]
  0x000001a4a8845b60 JavaThread "Timer-356"                         [_thread_blocked, id=34360, stack(0x0000000663c00000,0x0000000663d00000) (1024K)]
  0x000001a4a8847c30 JavaThread "Timer-357"                         [_thread_blocked, id=37776, stack(0x0000000664000000,0x0000000664100000) (1024K)]
  0x000001a4a884a390 JavaThread "Timer-358"                         [_thread_blocked, id=9756, stack(0x0000000663e00000,0x0000000663f00000) (1024K)]
  0x000001a4a88482c0 JavaThread "Timer-359"                         [_thread_blocked, id=26264, stack(0x0000000664100000,0x0000000664200000) (1024K)]
  0x000001a4a8848950 JavaThread "Timer-360"                         [_thread_blocked, id=24592, stack(0x0000000664200000,0x0000000664300000) (1024K)]
  0x000001a4a8848fe0 JavaThread "Timer-361"                         [_thread_blocked, id=35616, stack(0x0000000664400000,0x0000000664500000) (1024K)]
  0x000001a4a8849d00 JavaThread "Timer-362"                         [_thread_blocked, id=20964, stack(0x0000000664300000,0x0000000664400000) (1024K)]
  0x000001a4a8849670 JavaThread "Timer-363"                         [_thread_blocked, id=24724, stack(0x0000000664600000,0x0000000664700000) (1024K)]
  0x000001a4a884b0b0 JavaThread "Worker-53: Initialize workspace"        [_thread_blocked, id=12072, stack(0x0000000664800000,0x0000000664900000) (1024K)]
  0x000001a4a8846f10 JavaThread "Timer-364"                         [_thread_blocked, id=4024, stack(0x0000000664500000,0x0000000664600000) (1024K)]
  0x000001a4a884aa20 JavaThread "Timer-365"                         [_thread_blocked, id=24088, stack(0x0000000664700000,0x0000000664800000) (1024K)]
  0x000001a4a884b740 JavaThread "Worker-54: Initialize workspace"        [_thread_blocked, id=23024, stack(0x0000000664900000,0x0000000664a00000) (1024K)]
  0x000001a4a884bdd0 JavaThread "Timer-366"                         [_thread_blocked, id=28596, stack(0x0000000664a00000,0x0000000664b00000) (1024K)]
  0x000001a4a883f260 JavaThread "Timer-367"                         [_thread_blocked, id=24024, stack(0x0000000664b00000,0x0000000664c00000) (1024K)]
  0x000001a4a884c460 JavaThread "Timer-368"                         [_thread_blocked, id=10516, stack(0x0000000664c00000,0x0000000664d00000) (1024K)]
  0x000001a4aeba01b0 JavaThread "Timer-369"                         [_thread_blocked, id=9796, stack(0x0000000664e00000,0x0000000664f00000) (1024K)]
  0x000001a4aeb9f490 JavaThread "Timer-370"                         [_thread_blocked, id=7764, stack(0x0000000664d00000,0x0000000664e00000) (1024K)]
  0x000001a4aeb9e0e0 JavaThread "Timer-371"                         [_thread_blocked, id=30528, stack(0x0000000665000000,0x0000000665100000) (1024K)]
  0x000001a4aeba1560 JavaThread "Timer-372"                         [_thread_blocked, id=35316, stack(0x0000000664f00000,0x0000000665000000) (1024K)]
  0x000001a4aeba0840 JavaThread "Timer-373"                         [_thread_blocked, id=12152, stack(0x0000000665200000,0x0000000665300000) (1024K)]
  0x000001a4aeb9e770 JavaThread "Timer-374"                         [_thread_blocked, id=11480, stack(0x0000000665100000,0x0000000665200000) (1024K)]
  0x000001a4aeba0ed0 JavaThread "Timer-375"                         [_thread_blocked, id=25784, stack(0x0000000665300000,0x0000000665400000) (1024K)]
  0x000001a4aeba1bf0 JavaThread "Timer-376"                         [_thread_blocked, id=10148, stack(0x0000000665400000,0x0000000665500000) (1024K)]
  0x000001a4aeb9ee00 JavaThread "Timer-377"                         [_thread_blocked, id=24868, stack(0x0000000665600000,0x0000000665700000) (1024K)]
  0x000001a4aeba2280 JavaThread "Timer-378"                         [_thread_blocked, id=28412, stack(0x0000000665500000,0x0000000665600000) (1024K)]
  0x000001a4aeba2910 JavaThread "Timer-379"                         [_thread_blocked, id=24364, stack(0x0000000665800000,0x0000000665900000) (1024K)]
  0x000001a4aeba2fa0 JavaThread "Timer-380"                         [_thread_blocked, id=23100, stack(0x0000000665700000,0x0000000665800000) (1024K)]
  0x000001a4aeb85db0 JavaThread "Timer-381"                         [_thread_blocked, id=32532, stack(0x0000000665b00000,0x0000000665c00000) (1024K)]
  0x000001a4aeb84a00 JavaThread "Timer-382"                         [_thread_blocked, id=23944, stack(0x0000000665900000,0x0000000665a00000) (1024K)]
  0x000001a4aeb86440 JavaThread "Timer-383"                         [_thread_blocked, id=22804, stack(0x0000000665c00000,0x0000000665d00000) (1024K)]
  0x000001a4aeb84370 JavaThread "Timer-384"                         [_thread_blocked, id=11728, stack(0x0000000665d00000,0x0000000665e00000) (1024K)]
  0x000001a4aeb83ce0 JavaThread "Timer-385"                         [_thread_blocked, id=38588, stack(0x0000000665e00000,0x0000000665f00000) (1024K)]
  0x000001a4aeb85720 JavaThread "Timer-386"                         [_thread_blocked, id=25968, stack(0x0000000665f00000,0x0000000666000000) (1024K)]
  0x000001a4aeb87160 JavaThread "Timer-387"                         [_thread_blocked, id=18008, stack(0x0000000666100000,0x0000000666200000) (1024K)]
  0x000001a4aeb877f0 JavaThread "Timer-388"                         [_thread_blocked, id=9696, stack(0x0000000666000000,0x0000000666100000) (1024K)]
  0x000001a4aeb85090 JavaThread "Timer-389"                         [_thread_blocked, id=6844, stack(0x0000000666200000,0x0000000666300000) (1024K)]
  0x000001a4aeb898c0 JavaThread "Timer-390"                         [_thread_blocked, id=36648, stack(0x0000000665a00000,0x0000000665b00000) (1024K)]
  0x000001a4aeb9fb20 JavaThread "Worker-62: Initialize workspace"        [_thread_blocked, id=28004, stack(0x0000000647e00000,0x0000000647f00000) (1024K)]
  0x000001a4aeb88510 JavaThread "Timer-391"                         [_thread_blocked, id=36624, stack(0x0000000666400000,0x0000000666500000) (1024K)]
  0x000001a4aeb89f50 JavaThread "Timer-392"                         [_thread_blocked, id=36052, stack(0x0000000666500000,0x0000000666600000) (1024K)]
  0x000001a4aeb88ba0 JavaThread "Timer-393"                         [_thread_blocked, id=27000, stack(0x0000000666700000,0x0000000666800000) (1024K)]
  0x000001a4aeb89230 JavaThread "Timer-394"                         [_thread_blocked, id=184, stack(0x0000000666600000,0x0000000666700000) (1024K)]
  0x000001a4aeb86ad0 JavaThread "Timer-395"                         [_thread_blocked, id=5040, stack(0x0000000666800000,0x0000000666900000) (1024K)]
  0x000001a4aeb8da60 JavaThread "Timer-396"                         [_thread_blocked, id=3732, stack(0x0000000666900000,0x0000000666a00000) (1024K)]
  0x000001a4aeb8a5e0 JavaThread "Timer-397"                         [_thread_blocked, id=24708, stack(0x0000000666b00000,0x0000000666c00000) (1024K)]
  0x000001a4aeb8d3d0 JavaThread "Timer-398"                         [_thread_blocked, id=23000, stack(0x0000000666a00000,0x0000000666b00000) (1024K)]
  0x000001a4aeb87e80 JavaThread "Timer-399"                         [_thread_blocked, id=27392, stack(0x0000000666c00000,0x0000000666d00000) (1024K)]
  0x000001a4aeb8c020 JavaThread "Timer-400"                         [_thread_blocked, id=28244, stack(0x0000000666d00000,0x0000000666e00000) (1024K)]
  0x000001a4aeb8b990 JavaThread "Timer-401"                         [_thread_blocked, id=34140, stack(0x0000000666f00000,0x0000000667000000) (1024K)]
  0x000001a4aeb8e0f0 JavaThread "Timer-402"                         [_thread_blocked, id=21624, stack(0x0000000666e00000,0x0000000666f00000) (1024K)]
  0x000001a4aeb8c6b0 JavaThread "Timer-403"                         [_thread_blocked, id=11692, stack(0x0000000667100000,0x0000000667200000) (1024K)]
  0x000001a4aeb8cd40 JavaThread "Timer-404"                         [_thread_blocked, id=30228, stack(0x0000000667000000,0x0000000667100000) (1024K)]
  0x000001a4aeb8ee10 JavaThread "Timer-405"                         [_thread_blocked, id=37876, stack(0x0000000667300000,0x0000000667400000) (1024K)]
  0x000001a4aeb91c00 JavaThread "Timer-406"                         [_thread_blocked, id=24160, stack(0x0000000667200000,0x0000000667300000) (1024K)]
  0x000001a4aeb8e780 JavaThread "Worker-91: Initialize workspace"        [_thread_blocked, id=8232, stack(0x0000000660000000,0x0000000660100000) (1024K)]
  0x000001a4aeb901c0 JavaThread "Timer-407"                         [_thread_blocked, id=6540, stack(0x0000000667500000,0x0000000667600000) (1024K)]
  0x000001a4aeb90850 JavaThread "Timer-408"                         [_thread_blocked, id=12100, stack(0x0000000667600000,0x0000000667700000) (1024K)]
  0x000001a4aeb92920 JavaThread "Timer-409"                         [_thread_blocked, id=37620, stack(0x0000000667800000,0x0000000667900000) (1024K)]
  0x000001a4aeb8f4a0 JavaThread "Timer-410"                         [_thread_blocked, id=13708, stack(0x0000000667700000,0x0000000667800000) (1024K)]
  0x000001a4aeb8fb30 JavaThread "Timer-411"                         [_thread_blocked, id=27572, stack(0x0000000667a00000,0x0000000667b00000) (1024K)]
  0x000001a4aeb90ee0 JavaThread "Timer-412"                         [_thread_blocked, id=19056, stack(0x0000000667900000,0x0000000667a00000) (1024K)]
  0x000001a4aeb92fb0 JavaThread "Timer-413"                         [_thread_blocked, id=33180, stack(0x0000000667b00000,0x0000000667c00000) (1024K)]
  0x000001a4aeb93cd0 JavaThread "Timer-414"                         [_thread_blocked, id=31180, stack(0x0000000667c00000,0x0000000667d00000) (1024K)]
  0x000001a4aeb8b300 JavaThread "Worker-113: Initialize workspace"        [_thread_blocked, id=27136, stack(0x0000000667400000,0x0000000667500000) (1024K)]
  0x000001a4aeb91570 JavaThread "Timer-415"                         [_thread_blocked, id=11788, stack(0x0000000668000000,0x0000000668100000) (1024K)]
  0x000001a4aeb95080 JavaThread "Timer-416"                         [_thread_blocked, id=7544, stack(0x0000000668100000,0x0000000668200000) (1024K)]
  0x000001a4aeb94360 JavaThread "Timer-417"                         [_thread_blocked, id=33312, stack(0x0000000668200000,0x0000000668300000) (1024K)]
  0x000001a4aeb977e0 JavaThread "Timer-418"                         [_thread_blocked, id=9572, stack(0x0000000668300000,0x0000000668400000) (1024K)]
  0x000001a4aeb95da0 JavaThread "Timer-419"                         [_thread_blocked, id=20756, stack(0x0000000668500000,0x0000000668600000) (1024K)]
  0x000001a4aeb98b90 JavaThread "Timer-420"                         [_thread_blocked, id=27352, stack(0x0000000668400000,0x0000000668500000) (1024K)]
  0x000001a4aeb95710 JavaThread "Timer-421"                         [_thread_blocked, id=22912, stack(0x0000000668700000,0x0000000668800000) (1024K)]
  0x000001a4aeb97150 JavaThread "Timer-422"                         [_thread_blocked, id=27104, stack(0x0000000668600000,0x0000000668700000) (1024K)]
  0x000001a4aeb8ac70 JavaThread "Worker-134: Initialize workspace"        [_thread_blocked, id=11476, stack(0x0000000666300000,0x0000000666400000) (1024K)]
  0x000001a4aeb949f0 JavaThread "Timer-423"                         [_thread_blocked, id=24860, stack(0x0000000668900000,0x0000000668a00000) (1024K)]
  0x000001a4aeb998b0 JavaThread "Timer-424"                         [_thread_blocked, id=22940, stack(0x0000000668a00000,0x0000000668b00000) (1024K)]
  0x000001a4aeb98500 JavaThread "Timer-425"                         [_thread_blocked, id=36516, stack(0x0000000668c00000,0x0000000668d00000) (1024K)]
  0x000001a4aeb99220 JavaThread "Timer-426"                         [_thread_blocked, id=22052, stack(0x0000000668b00000,0x0000000668c00000) (1024K)]
  0x000001a4aeb96430 JavaThread "Timer-427"                         [_thread_blocked, id=25448, stack(0x0000000668e00000,0x0000000668f00000) (1024K)]
  0x000001a4aeb9b980 JavaThread "Timer-428"                         [_thread_blocked, id=12088, stack(0x0000000668d00000,0x0000000668e00000) (1024K)]
  0x000001a4aeb9a5d0 JavaThread "Timer-429"                         [_thread_blocked, id=26876, stack(0x0000000669000000,0x0000000669100000) (1024K)]
  0x000001a4aeb9c010 JavaThread "Timer-430"                         [_thread_blocked, id=33608, stack(0x0000000668f00000,0x0000000669000000) (1024K)]
  0x000001a4aeb97e70 JavaThread "Worker-157: Initialize workspace"        [_thread_blocked, id=35268, stack(0x0000000668800000,0x0000000668900000) (1024K)]
  0x000001a4aeb9d3c0 JavaThread "Timer-431"                         [_thread_blocked, id=35220, stack(0x0000000669200000,0x0000000669300000) (1024K)]
  0x000001a4aeb9cd30 JavaThread "Timer-432"                         [_thread_blocked, id=12208, stack(0x0000000669300000,0x0000000669400000) (1024K)]
  0x000001a4aeb9c6a0 JavaThread "Timer-433"                         [_thread_blocked, id=26392, stack(0x0000000669500000,0x0000000669600000) (1024K)]
  0x000001a4aeb9da50 JavaThread "Timer-434"                         [_thread_blocked, id=35252, stack(0x0000000669400000,0x0000000669500000) (1024K)]
  0x000001a4aeb9b2f0 JavaThread "Timer-435"                         [_thread_blocked, id=26520, stack(0x0000000669700000,0x0000000669800000) (1024K)]
  0x000001a4ad589040 JavaThread "Timer-436"                         [_thread_blocked, id=24416, stack(0x0000000669600000,0x0000000669700000) (1024K)]
  0x000001a4aeb9ac60 JavaThread "Timer-437"                         [_thread_blocked, id=22236, stack(0x0000000669900000,0x0000000669a00000) (1024K)]
  0x000001a4a0baece0 JavaThread "Timer-438"                         [_thread_blocked, id=22932, stack(0x0000000669800000,0x0000000669900000) (1024K)]
  0x000001a4aeb96ac0 JavaThread "Worker-179: Initialize workspace"        [_thread_blocked, id=29632, stack(0x0000000669100000,0x0000000669200000) (1024K)]
  0x000001a4ae8f8700 JavaThread "Timer-439"                         [_thread_blocked, id=27620, stack(0x0000000669b00000,0x0000000669c00000) (1024K)]
  0x000001a4ae8f8d90 JavaThread "Timer-440"                         [_thread_blocked, id=6912, stack(0x0000000669c00000,0x0000000669d00000) (1024K)]
  0x000001a4ae8f8070 JavaThread "Timer-441"                         [_thread_blocked, id=172, stack(0x0000000669e00000,0x0000000669f00000) (1024K)]
  0x000001a4ae8f9ab0 JavaThread "Timer-442"                         [_thread_blocked, id=6656, stack(0x0000000669d00000,0x0000000669e00000) (1024K)]
  0x000001a4ae8fa7d0 JavaThread "Timer-443"                         [_thread_blocked, id=7072, stack(0x000000066a000000,0x000000066a100000) (1024K)]
  0x000001a4ae8fbb80 JavaThread "Timer-444"                         [_thread_blocked, id=34068, stack(0x0000000669f00000,0x000000066a000000) (1024K)]
  0x000001a4ae8fae60 JavaThread "Timer-445"                         [_thread_blocked, id=15300, stack(0x000000066a200000,0x000000066a300000) (1024K)]
  0x000001a4ae8fc210 JavaThread "Timer-446"                         [_thread_blocked, id=36380, stack(0x000000066a100000,0x000000066a200000) (1024K)]
  0x000001a4ae8fb4f0 JavaThread "Worker-201: Initialize workspace"        [_thread_blocked, id=35608, stack(0x0000000667d00000,0x0000000667e00000) (1024K)]
  0x000001a4ae8f9420 JavaThread "Timer-447"                         [_thread_blocked, id=12284, stack(0x000000066a400000,0x000000066a500000) (1024K)]
  0x000001a4ae8fe2e0 JavaThread "Timer-448"                         [_thread_blocked, id=3404, stack(0x000000066a500000,0x000000066a600000) (1024K)]
  0x000001a4ae8fe970 JavaThread "Timer-449"                         [_thread_blocked, id=21304, stack(0x000000066a700000,0x000000066a800000) (1024K)]
  0x000001a4ae8ffd20 JavaThread "Timer-450"                         [_thread_blocked, id=9684, stack(0x000000066a600000,0x000000066a700000) (1024K)]
  0x000001a4ae8ff690 JavaThread "Timer-451"                         [_thread_blocked, id=35328, stack(0x000000066a900000,0x000000066aa00000) (1024K)]
  0x000001a4ae8fcf30 JavaThread "Timer-452"                         [_thread_blocked, id=6168, stack(0x000000066a800000,0x000000066a900000) (1024K)]
  0x000001a4ae8ff000 JavaThread "Timer-453"                         [_thread_blocked, id=27684, stack(0x000000066ab00000,0x000000066ac00000) (1024K)]
  0x000001a4ae900a40 JavaThread "Timer-454"                         [_thread_blocked, id=27956, stack(0x000000066aa00000,0x000000066ab00000) (1024K)]
  0x000001a4ae8fc8a0 JavaThread "Worker-220: Initialize workspace"        [_thread_blocked, id=33660, stack(0x000000066a300000,0x000000066a400000) (1024K)]
  0x000001a4ae9003b0 JavaThread "Timer-455"                         [_thread_blocked, id=36324, stack(0x000000066ad00000,0x000000066ae00000) (1024K)]
  0x000001a4ae9010d0 JavaThread "Timer-456"                         [_thread_blocked, id=22020, stack(0x000000066ae00000,0x000000066af00000) (1024K)]
  0x000001a4ae8fdc50 JavaThread "Timer-457"                         [_thread_blocked, id=35884, stack(0x000000066b000000,0x000000066b100000) (1024K)]
  0x000001a4ae901df0 JavaThread "Timer-458"                         [_thread_blocked, id=13640, stack(0x000000066af00000,0x000000066b000000) (1024K)]
  0x000001a4ae904550 JavaThread "Timer-459"                         [_thread_blocked, id=14616, stack(0x000000066b200000,0x000000066b300000) (1024K)]
  0x000001a4ae902480 JavaThread "Timer-460"                         [_thread_blocked, id=10464, stack(0x000000066b100000,0x000000066b200000) (1024K)]
  0x000001a4ae902b10 JavaThread "Timer-461"                         [_thread_blocked, id=11024, stack(0x000000066b400000,0x000000066b500000) (1024K)]
  0x000001a4ae9031a0 JavaThread "Timer-462"                         [_thread_blocked, id=18200, stack(0x000000066b300000,0x000000066b400000) (1024K)]
  0x000001a4ae8fd5c0 JavaThread "Worker-239: Initialize workspace"        [_thread_blocked, id=9652, stack(0x0000000669a00000,0x0000000669b00000) (1024K)]
  0x000001a4ae903830 JavaThread "Timer-463"                         [_thread_blocked, id=9548, stack(0x000000066b600000,0x000000066b700000) (1024K)]
  0x000001a4ae904be0 JavaThread "Timer-464"                         [_thread_blocked, id=11544, stack(0x000000066b700000,0x000000066b800000) (1024K)]
  0x000001a4ae901760 JavaThread "Timer-465"                         [_thread_blocked, id=9868, stack(0x000000066b900000,0x000000066ba00000) (1024K)]
  0x000001a4ae9086f0 JavaThread "Timer-466"                         [_thread_blocked, id=3220, stack(0x000000066ba00000,0x000000066bb00000) (1024K)]
  0x000001a4ae908060 JavaThread "Timer-467"                         [_thread_blocked, id=35820, stack(0x000000066bb00000,0x000000066bc00000) (1024K)]
  0x000001a4ae905f90 JavaThread "Timer-468"                         [_thread_blocked, id=20680, stack(0x000000066bc00000,0x000000066bd00000) (1024K)]
  0x000001a4ae906620 JavaThread "Timer-469"                         [_thread_blocked, id=37720, stack(0x000000066bd00000,0x000000066be00000) (1024K)]
  0x000001a4ae905270 JavaThread "Timer-470"                         [_thread_blocked, id=33496, stack(0x000000066be00000,0x000000066bf00000) (1024K)]
  0x000001a4ae906cb0 JavaThread "Worker-260: Initialize workspace"        [_thread_blocked, id=38260, stack(0x000000066b500000,0x000000066b600000) (1024K)]
  0x000001a4ae907340 JavaThread "Timer-471"                         [_thread_blocked, id=19952, stack(0x000000066c000000,0x000000066c100000) (1024K)]
  0x000001a4ae903ec0 JavaThread "Timer-472"                         [_thread_blocked, id=24124, stack(0x000000066c100000,0x000000066c200000) (1024K)]
  0x000001a4ae908d80 JavaThread "Timer-473"                         [_thread_blocked, id=6004, stack(0x000000066c200000,0x000000066c300000) (1024K)]
  0x000001a4ae90ae50 JavaThread "Timer-474"                         [_thread_blocked, id=24080, stack(0x000000066c300000,0x000000066c400000) (1024K)]
  0x000001a4ae909aa0 JavaThread "Timer-475"                         [_thread_blocked, id=14820, stack(0x000000066c500000,0x000000066c600000) (1024K)]
  0x000001a4ae90a130 JavaThread "Timer-476"                         [_thread_blocked, id=12324, stack(0x000000066c400000,0x000000066c500000) (1024K)]
  0x000001a4ae9079d0 JavaThread "Timer-477"                         [_thread_blocked, id=14404, stack(0x000000066c700000,0x000000066c800000) (1024K)]
  0x000001a4ae90b4e0 JavaThread "Timer-478"                         [_thread_blocked, id=20948, stack(0x000000066c600000,0x000000066c700000) (1024K)]
  0x000001a4ae905900 JavaThread "Worker-283: Initialize workspace"        [_thread_blocked, id=28680, stack(0x000000066bf00000,0x000000066c000000) (1024K)]
  0x000001a4ae90c200 JavaThread "Timer-479"                         [_thread_blocked, id=13848, stack(0x000000066c900000,0x000000066ca00000) (1024K)]
  0x000001a4ae90c890 JavaThread "Timer-480"                         [_thread_blocked, id=26904, stack(0x000000066ca00000,0x000000066cb00000) (1024K)]
  0x000001a4ae909410 JavaThread "Timer-481"                         [_thread_blocked, id=10520, stack(0x000000066cb00000,0x000000066cc00000) (1024K)]
  0x000001a4ae90dc40 JavaThread "Timer-482"                         [_thread_blocked, id=10052, stack(0x000000066cc00000,0x000000066cd00000) (1024K)]
  0x000001a4ae90a7c0 JavaThread "Timer-483"                         [_thread_blocked, id=12620, stack(0x000000066ce00000,0x000000066cf00000) (1024K)]
  0x000001a4ae90e2d0 JavaThread "Timer-484"                         [_thread_blocked, id=26396, stack(0x000000066cd00000,0x000000066ce00000) (1024K)]
  0x000001a4ae90fd10 JavaThread "Timer-485"                         [_thread_blocked, id=34056, stack(0x000000066d000000,0x000000066d100000) (1024K)]
  0x000001a4ae90e960 JavaThread "Timer-486"                         [_thread_blocked, id=34276, stack(0x000000066cf00000,0x000000066d000000) (1024K)]
  0x000001a4ae90cf20 JavaThread "Worker-305: Initialize workspace"        [_thread_blocked, id=2732, stack(0x000000066c800000,0x000000066c900000) (1024K)]
  0x000001a4ae90d5b0 JavaThread "Timer-487"                         [_thread_blocked, id=2824, stack(0x000000066b800000,0x000000066b900000) (1024K)]
  0x000001a4ae90bb70 JavaThread "Timer-488"                         [_thread_blocked, id=6332, stack(0x000000066d200000,0x000000066d300000) (1024K)]
  0x000001a4ae911de0 JavaThread "Timer-489"                         [_thread_blocked, id=34232, stack(0x000000066d300000,0x000000066d400000) (1024K)]
  0x000001a4ae9103a0 JavaThread "Timer-490"                         [_thread_blocked, id=34388, stack(0x000000066d400000,0x000000066d500000) (1024K)]
  0x000001a4ae910a30 JavaThread "Timer-491"                         [_thread_blocked, id=28176, stack(0x000000066d600000,0x000000066d700000) (1024K)]
  0x000001a4ae9110c0 JavaThread "Timer-492"                         [_thread_blocked, id=6032, stack(0x000000066d500000,0x000000066d600000) (1024K)]
  0x000001a4ae90f680 JavaThread "Timer-493"                         [_thread_blocked, id=28180, stack(0x000000066d800000,0x000000066d900000) (1024K)]
  0x000001a4ae913eb0 JavaThread "Timer-494"                         [_thread_blocked, id=11280, stack(0x000000066d700000,0x000000066d800000) (1024K)]
  0x000001a4ae911750 JavaThread "Worker-328: Initialize workspace"        [_thread_blocked, id=13308, stack(0x000000066d100000,0x000000066d200000) (1024K)]
  0x000001a4ae913820 JavaThread "Timer-495"                         [_thread_blocked, id=11268, stack(0x000000066da00000,0x000000066db00000) (1024K)]
  0x000001a4ae914540 JavaThread "Timer-496"                         [_thread_blocked, id=13976, stack(0x000000066db00000,0x000000066dc00000) (1024K)]
  0x000001a4ae915260 JavaThread "Timer-497"                         [_thread_blocked, id=23044, stack(0x000000066dc00000,0x000000066dd00000) (1024K)]
  0x000001a4ae914bd0 JavaThread "Timer-498"                         [_thread_blocked, id=24848, stack(0x000000066dd00000,0x000000066de00000) (1024K)]
  0x000001a4ae9158f0 JavaThread "Timer-499"                         [_thread_blocked, id=25640, stack(0x000000066de00000,0x000000066df00000) (1024K)]
  0x000001a4ae912470 JavaThread "Timer-500"                         [_thread_blocked, id=36384, stack(0x000000066df00000,0x000000066e000000) (1024K)]
  0x000001a4ae915f80 JavaThread "Timer-501"                         [_thread_blocked, id=19344, stack(0x000000066e100000,0x000000066e200000) (1024K)]
  0x000001a4ae912b00 JavaThread "Timer-502"                         [_thread_blocked, id=38712, stack(0x000000066e000000,0x000000066e100000) (1024K)]
  0x000001a4ae90eff0 JavaThread "Worker-348: Initialize workspace"        [_thread_blocked, id=27216, stack(0x000000066d900000,0x000000066da00000) (1024K)]
  0x000001a4ae916610 JavaThread "Timer-503"                         [_thread_blocked, id=23228, stack(0x000000066e300000,0x000000066e400000) (1024K)]
  0x000001a4ae916ca0 JavaThread "Timer-504"                         [_thread_blocked, id=35188, stack(0x000000066e400000,0x000000066e500000) (1024K)]
  0x000001a4ae917330 JavaThread "Timer-505"                         [_thread_blocked, id=20048, stack(0x000000066e500000,0x000000066e600000) (1024K)]
  0x000001a4aeb99f40 JavaThread "Timer-506"                         [_thread_blocked, id=3680, stack(0x000000066e600000,0x000000066e700000) (1024K)]
  0x000001a4a85e94a0 JavaThread "Timer-507"                         [_thread_blocked, id=30260, stack(0x000000066e700000,0x000000066e800000) (1024K)]
  0x000001a4a85e8780 JavaThread "Timer-508"                         [_thread_blocked, id=38224, stack(0x000000066e800000,0x000000066e900000) (1024K)]
  0x000001a4a85e80f0 JavaThread "Timer-509"                         [_thread_blocked, id=24344, stack(0x000000066ea00000,0x000000066eb00000) (1024K)]
  0x000001a4a85ec290 JavaThread "Timer-510"                         [_thread_blocked, id=18908, stack(0x000000066e900000,0x000000066ea00000) (1024K)]
  0x000001a4a85ebc00 JavaThread "Worker-369: Initialize workspace"        [_thread_blocked, id=29928, stack(0x000000066eb00000,0x000000066ec00000) (1024K)]
  0x000001a4a85e9b30 JavaThread "Timer-511"                         [_thread_blocked, id=20784, stack(0x000000066ec00000,0x000000066ed00000) (1024K)]
  0x000001a4a85ec920 JavaThread "Timer-512"                         [_thread_blocked, id=24572, stack(0x000000066ed00000,0x000000066ee00000) (1024K)]
  0x000001a4a85ecfb0 JavaThread "Timer-513"                         [_thread_blocked, id=35816, stack(0x000000066ee00000,0x000000066ef00000) (1024K)]
  0x000001a4a85ea1c0 JavaThread "Timer-514"                         [_thread_blocked, id=38908, stack(0x000000066ef00000,0x000000066f000000) (1024K)]
  0x000001a4a85ed640 JavaThread "Timer-515"                         [_thread_blocked, id=6564, stack(0x000000066f100000,0x000000066f200000) (1024K)]
  0x000001a4a85edcd0 JavaThread "Timer-516"                         [_thread_blocked, id=16132, stack(0x000000066f000000,0x000000066f100000) (1024K)]
  0x000001a4a85eaee0 JavaThread "Timer-517"                         [_thread_blocked, id=23376, stack(0x000000066f300000,0x000000066f400000) (1024K)]
  0x000001a4a85ea850 JavaThread "Timer-518"                         [_thread_blocked, id=29204, stack(0x000000066f200000,0x000000066f300000) (1024K)]
  0x000001a4a85ee9f0 JavaThread "Worker-390: Initialize workspace"        [_thread_blocked, id=23748, stack(0x000000066e200000,0x000000066e300000) (1024K)]
  0x000001a4a85f1150 JavaThread "Timer-519"                         [_thread_blocked, id=24636, stack(0x000000066f500000,0x000000066f600000) (1024K)]
  0x000001a4a85f17e0 JavaThread "Timer-520"                         [_thread_blocked, id=9620, stack(0x000000066f600000,0x000000066f700000) (1024K)]
  0x000001a4a85efda0 JavaThread "Timer-521"                         [_thread_blocked, id=29268, stack(0x000000066f800000,0x000000066f900000) (1024K)]
  0x000001a4a85f0430 JavaThread "Timer-522"                         [_thread_blocked, id=13096, stack(0x000000066f700000,0x000000066f800000) (1024K)]
  0x000001a4a85ee360 JavaThread "Timer-523"                         [_thread_blocked, id=23400, stack(0x000000066fa00000,0x000000066fb00000) (1024K)]
  0x000001a4a85f2500 JavaThread "Timer-524"                         [_thread_blocked, id=8752, stack(0x000000066f900000,0x000000066fa00000) (1024K)]
  0x000001a4a85ef080 JavaThread "Timer-525"                         [_thread_blocked, id=25972, stack(0x000000066fc00000,0x000000066fd00000) (1024K)]
  0x000001a4a85f2b90 JavaThread "Timer-526"                         [_thread_blocked, id=21972, stack(0x000000066fb00000,0x000000066fc00000) (1024K)]
  0x000001a4a85e8e10 JavaThread "Worker-411: Initialize workspace"        [_thread_blocked, id=34692, stack(0x000000066ac00000,0x000000066ad00000) (1024K)]
  0x000001a4a85ef710 JavaThread "Timer-527"                         [_thread_blocked, id=12616, stack(0x000000066fe00000,0x000000066ff00000) (1024K)]
  0x000001a4a85f3220 JavaThread "Timer-528"                         [_thread_blocked, id=14888, stack(0x000000066ff00000,0x0000000670000000) (1024K)]
  0x000001a4a85f38b0 JavaThread "Timer-529"                         [_thread_blocked, id=26252, stack(0x0000000670100000,0x0000000670200000) (1024K)]
  0x000001a4a85f3f40 JavaThread "Timer-530"                         [_thread_blocked, id=27536, stack(0x0000000670000000,0x0000000670100000) (1024K)]
  0x000001a4a85f0ac0 JavaThread "Timer-531"                         [_thread_blocked, id=3948, stack(0x0000000670200000,0x0000000670300000) (1024K)]
  0x000001a4a85f5980 JavaThread "Timer-532"                         [_thread_blocked, id=33068, stack(0x0000000670300000,0x0000000670400000) (1024K)]
  0x000001a4a85f73c0 JavaThread "Timer-533"                         [_thread_blocked, id=37120, stack(0x0000000670500000,0x0000000670600000) (1024K)]
  0x000001a4a85f6d30 JavaThread "Timer-534"                         [_thread_blocked, id=26896, stack(0x0000000670400000,0x0000000670500000) (1024K)]
  0x000001a4a85f52f0 JavaThread "Worker-431: Initialize workspace"        [_thread_blocked, id=1556, stack(0x000000066f400000,0x000000066f500000) (1024K)]
  0x000001a4a85f45d0 JavaThread "Timer-535"                         [_thread_blocked, id=34320, stack(0x0000000670700000,0x0000000670800000) (1024K)]
  0x000001a4a85f1e70 JavaThread "Timer-536"                         [_thread_blocked, id=24768, stack(0x0000000670800000,0x0000000670900000) (1024K)]
  0x000001a4a85f66a0 JavaThread "Timer-537"                         [_thread_blocked, id=9028, stack(0x0000000670a00000,0x0000000670b00000) (1024K)]
  0x000001a4a85f9490 JavaThread "Timer-538"                         [_thread_blocked, id=33868, stack(0x0000000670900000,0x0000000670a00000) (1024K)]
  0x000001a4a85f8770 JavaThread "Timer-539"                         [_thread_blocked, id=18896, stack(0x0000000670c00000,0x0000000670d00000) (1024K)]
  0x000001a4a85f6010 JavaThread "Timer-540"                         [_thread_blocked, id=7296, stack(0x0000000670b00000,0x0000000670c00000) (1024K)]
  0x000001a4a85f80e0 JavaThread "Timer-541"                         [_thread_blocked, id=20472, stack(0x0000000670e00000,0x0000000670f00000) (1024K)]
  0x000001a4a85faed0 JavaThread "Timer-542"                         [_thread_blocked, id=28800, stack(0x0000000670d00000,0x0000000670e00000) (1024K)]
  0x000001a4a85eb570 JavaThread "Worker-450: Initialize workspace"        [_thread_blocked, id=24192, stack(0x000000066fd00000,0x000000066fe00000) (1024K)]
  0x000001a4a85f9b20 JavaThread "Timer-543"                         [_thread_blocked, id=25492, stack(0x0000000671000000,0x0000000671100000) (1024K)]
  0x000001a4a85fbbf0 JavaThread "Timer-544"                         [_thread_blocked, id=35232, stack(0x0000000671100000,0x0000000671200000) (1024K)]
  0x000001a4a85fc280 JavaThread "Timer-545"                         [_thread_blocked, id=21656, stack(0x0000000671300000,0x0000000671400000) (1024K)]
  0x000001a4a85f8e00 JavaThread "Timer-546"                         [_thread_blocked, id=10068, stack(0x0000000671200000,0x0000000671300000) (1024K)]
  0x000001a4a85fb560 JavaThread "Timer-547"                         [_thread_blocked, id=2784, stack(0x0000000671500000,0x0000000671600000) (1024K)]
  0x000001a4a85fc910 JavaThread "Timer-548"                         [_thread_blocked, id=22332, stack(0x0000000671400000,0x0000000671500000) (1024K)]
  0x000001a4a85fa840 JavaThread "Timer-549"                         [_thread_blocked, id=36760, stack(0x0000000671700000,0x0000000671800000) (1024K)]
  0x000001a4a85fcfa0 JavaThread "Timer-550"                         [_thread_blocked, id=24140, stack(0x0000000671600000,0x0000000671700000) (1024K)]
  0x000001a4a85f4c60 JavaThread "Worker-471: Initialize workspace"        [_thread_blocked, id=29168, stack(0x0000000670f00000,0x0000000671000000) (1024K)]
  0x000001a4a85fa1b0 JavaThread "Timer-551"                         [_thread_blocked, id=6416, stack(0x0000000671900000,0x0000000671a00000) (1024K)]
  0x000001a4a85ff070 JavaThread "Timer-552"                         [_thread_blocked, id=25120, stack(0x0000000671a00000,0x0000000671b00000) (1024K)]
  0x000001a4a8600ab0 JavaThread "Timer-553"                         [_thread_blocked, id=24068, stack(0x0000000671b00000,0x0000000671c00000) (1024K)]
  0x000001a4a85fe9e0 JavaThread "Timer-554"                         [_thread_blocked, id=35396, stack(0x0000000671c00000,0x0000000671d00000) (1024K)]
  0x000001a4a85fe350 JavaThread "Timer-555"                         [_thread_blocked, id=23860, stack(0x0000000671e00000,0x0000000671f00000) (1024K)]
  0x000001a4a8601140 JavaThread "Timer-556"                         [_thread_blocked, id=27008, stack(0x0000000671d00000,0x0000000671e00000) (1024K)]
  0x000001a4a85fdcc0 JavaThread "Timer-557"                         [_thread_blocked, id=23092, stack(0x0000000672000000,0x0000000672100000) (1024K)]
  0x000001a4a86017d0 JavaThread "Timer-558"                         [_thread_blocked, id=27992, stack(0x0000000671f00000,0x0000000672000000) (1024K)]
  0x000001a4a8601e60 JavaThread "Worker-493: Initialize workspace"        [_thread_blocked, id=10704, stack(0x0000000672100000,0x0000000672200000) (1024K)]
  0x000001a4a85ff700 JavaThread "Timer-559"                         [_thread_blocked, id=35656, stack(0x0000000672200000,0x0000000672300000) (1024K)]
  0x000001a4a85fd630 JavaThread "Timer-560"                         [_thread_blocked, id=11220, stack(0x0000000672300000,0x0000000672400000) (1024K)]
  0x000001a4a85ffd90 JavaThread "Timer-561"                         [_thread_blocked, id=33368, stack(0x0000000672500000,0x0000000672600000) (1024K)]
  0x000001a4a8604c50 JavaThread "Timer-562"                         [_thread_blocked, id=20520, stack(0x0000000672400000,0x0000000672500000) (1024K)]
  0x000001a4a86038a0 JavaThread "Timer-563"                         [_thread_blocked, id=24796, stack(0x0000000672700000,0x0000000672800000) (1024K)]
  0x000001a4a8602b80 JavaThread "Timer-564"                         [_thread_blocked, id=21992, stack(0x0000000672600000,0x0000000672700000) (1024K)]
  0x000001a4a8605970 JavaThread "Timer-565"                         [_thread_blocked, id=34468, stack(0x0000000672900000,0x0000000672a00000) (1024K)]
  0x000001a4a86024f0 JavaThread "Timer-566"                         [_thread_blocked, id=26532, stack(0x0000000672800000,0x0000000672900000) (1024K)]
  0x000001a4a8600420 JavaThread "Worker-515: Initialize workspace"        [_thread_blocked, id=24308, stack(0x0000000670600000,0x0000000670700000) (1024K)]
  0x000001a4a86052e0 JavaThread "Timer-567"                         [_thread_blocked, id=24340, stack(0x0000000672b00000,0x0000000672c00000) (1024K)]
  0x000001a4a8603210 JavaThread "Timer-568"                         [_thread_blocked, id=1724, stack(0x0000000672c00000,0x0000000672d00000) (1024K)]
  0x000001a4a8606000 JavaThread "Timer-569"                         [_thread_blocked, id=34176, stack(0x0000000672e00000,0x0000000672f00000) (1024K)]
  0x000001a4a86073b0 JavaThread "Timer-570"                         [_thread_blocked, id=27440, stack(0x0000000672d00000,0x0000000672e00000) (1024K)]
  0x000001a4a8606690 JavaThread "Timer-571"                         [_thread_blocked, id=31320, stack(0x0000000673000000,0x0000000673100000) (1024K)]
  0x000001a4a8606d20 JavaThread "Timer-572"                         [_thread_blocked, id=19472, stack(0x0000000672f00000,0x0000000673000000) (1024K)]
  0x000001a4a8603f30 JavaThread "Timer-573"                         [_thread_blocked, id=34680, stack(0x0000000673200000,0x0000000673300000) (1024K)]
  0x000001a4a8608760 JavaThread "Timer-574"                         [_thread_blocked, id=38032, stack(0x0000000673100000,0x0000000673200000) (1024K)]
  0x000001a4a86045c0 JavaThread "Worker-534: Initialize workspace"        [_thread_blocked, id=3116, stack(0x0000000672a00000,0x0000000672b00000) (1024K)]
  0x000001a4a8608df0 JavaThread "Timer-575"                         [_thread_blocked, id=1324, stack(0x0000000673400000,0x0000000673500000) (1024K)]
  0x000001a4a8609b10 JavaThread "Timer-576"                         [_thread_blocked, id=25328, stack(0x0000000673500000,0x0000000673600000) (1024K)]
  0x000001a4a860b550 JavaThread "Timer-577"                         [_thread_blocked, id=5272, stack(0x0000000673700000,0x0000000673800000) (1024K)]
  0x000001a4a8609480 JavaThread "Timer-578"                         [_thread_blocked, id=16836, stack(0x0000000673600000,0x0000000673700000) (1024K)]
  0x000001a4a860a830 JavaThread "Timer-579"                         [_thread_blocked, id=20848, stack(0x0000000673900000,0x0000000673a00000) (1024K)]
  0x000001a4a86080d0 JavaThread "Timer-580"                         [_thread_blocked, id=10436, stack(0x0000000673800000,0x0000000673900000) (1024K)]
  0x000001a4a860c270 JavaThread "Timer-581"                         [_thread_blocked, id=22892, stack(0x0000000673a00000,0x0000000673b00000) (1024K)]
  0x000001a4a860cf90 JavaThread "Timer-582"                         [_thread_blocked, id=9008, stack(0x0000000673b00000,0x0000000673c00000) (1024K)]
  0x000001a4a860aec0 JavaThread "Worker-555: Initialize workspace"        [_thread_blocked, id=15984, stack(0x0000000671800000,0x0000000671900000) (1024K)]
  0x000001a4a8607a40 JavaThread "Timer-583"                         [_thread_blocked, id=23596, stack(0x0000000673d00000,0x0000000673e00000) (1024K)]
  0x000001a4a860f6f0 JavaThread "Timer-584"                         [_thread_blocked, id=34672, stack(0x0000000673e00000,0x0000000673f00000) (1024K)]
  0x000001a4a860f060 JavaThread "Timer-585"                         [_thread_blocked, id=24696, stack(0x0000000674000000,0x0000000674100000) (1024K)]
  0x000001a4a860fd80 JavaThread "Timer-586"                         [_thread_blocked, id=26632, stack(0x0000000673f00000,0x0000000674000000) (1024K)]
  0x000001a4a860dcb0 JavaThread "Timer-587"                         [_thread_blocked, id=31724, stack(0x0000000674200000,0x0000000674300000) (1024K)]
  0x000001a4a860e9d0 JavaThread "Timer-588"                         [_thread_blocked, id=36584, stack(0x0000000674100000,0x0000000674200000) (1024K)]
  0x000001a4a860c900 JavaThread "Timer-589"                         [_thread_blocked, id=34852, stack(0x0000000674400000,0x0000000674500000) (1024K)]
  0x000001a4a8610410 JavaThread "Timer-590"                         [_thread_blocked, id=9872, stack(0x0000000674300000,0x0000000674400000) (1024K)]
  0x000001a4a860bbe0 JavaThread "Worker-573: Initialize workspace"        [_thread_blocked, id=23968, stack(0x0000000673300000,0x0000000673400000) (1024K)]
  0x000001a4a860e340 JavaThread "Timer-591"                         [_thread_blocked, id=17860, stack(0x0000000674600000,0x0000000674700000) (1024K)]
  0x000001a4a860d620 JavaThread "Timer-592"                         [_thread_blocked, id=26864, stack(0x0000000674700000,0x0000000674800000) (1024K)]
  0x000001a4a8611e50 JavaThread "Timer-593"                         [_thread_blocked, id=6620, stack(0x0000000674800000,0x0000000674900000) (1024K)]
  0x000001a4a8611130 JavaThread "Timer-594"                         [_thread_blocked, id=26440, stack(0x0000000674900000,0x0000000674a00000) (1024K)]
  0x000001a4a8613200 JavaThread "Timer-595"                         [_thread_blocked, id=24904, stack(0x0000000674b00000,0x0000000674c00000) (1024K)]
  0x000001a4a86124e0 JavaThread "Timer-596"                         [_thread_blocked, id=35008, stack(0x0000000674a00000,0x0000000674b00000) (1024K)]
  0x000001a4a8612b70 JavaThread "Timer-597"                         [_thread_blocked, id=10944, stack(0x0000000674c00000,0x0000000674d00000) (1024K)]
  0x000001a4a86145b0 JavaThread "Timer-598"                         [_thread_blocked, id=28056, stack(0x0000000674d00000,0x0000000674e00000) (1024K)]
  0x000001a4a860a1a0 JavaThread "Worker-593: Initialize workspace"        [_thread_blocked, id=3616, stack(0x0000000674500000,0x0000000674600000) (1024K)]
  0x000001a4a8610aa0 JavaThread "Timer-599"                         [_thread_blocked, id=10656, stack(0x0000000674f00000,0x0000000675000000) (1024K)]
  0x000001a4a8614c40 JavaThread "Timer-600"                         [_thread_blocked, id=31728, stack(0x0000000675000000,0x0000000675100000) (1024K)]
  0x000001a4a86117c0 JavaThread "Timer-601"                         [_thread_blocked, id=9928, stack(0x0000000675200000,0x0000000675300000) (1024K)]
  0x000001a4a86173a0 JavaThread "Timer-602"                         [_thread_blocked, id=30432, stack(0x0000000675100000,0x0000000675200000) (1024K)]
  0x000001a4a8615ff0 JavaThread "Timer-603"                         [_thread_blocked, id=27020, stack(0x0000000675400000,0x0000000675500000) (1024K)]
  0x000001a4a8616680 JavaThread "Timer-604"                         [_thread_blocked, id=788, stack(0x0000000675300000,0x0000000675400000) (1024K)]
  0x000001a4a8617a30 JavaThread "Timer-605"                         [_thread_blocked, id=16204, stack(0x0000000675500000,0x0000000675600000) (1024K)]
  0x000001a4a86180c0 JavaThread "Timer-606"                         [_thread_blocked, id=3544, stack(0x0000000675600000,0x0000000675700000) (1024K)]
  0x000001a4a86152d0 JavaThread "Worker-612: Initialize workspace"        [_thread_blocked, id=8124, stack(0x0000000674e00000,0x0000000674f00000) (1024K)]
  0x000001a4a8613f20 JavaThread "Timer-607"                         [_thread_blocked, id=33936, stack(0x0000000675800000,0x0000000675900000) (1024K)]
  0x000001a4a8619b00 JavaThread "Timer-608"                         [_thread_blocked, id=11328, stack(0x0000000675900000,0x0000000675a00000) (1024K)]
  0x000001a4a8619470 JavaThread "Timer-609"                         [_thread_blocked, id=36472, stack(0x0000000675b00000,0x0000000675c00000) (1024K)]
  0x000001a4a8618750 JavaThread "Timer-610"                         [_thread_blocked, id=9068, stack(0x0000000675a00000,0x0000000675b00000) (1024K)]
  0x000001a4a861a190 JavaThread "Timer-611"                         [_thread_blocked, id=23644, stack(0x0000000675d00000,0x0000000675e00000) (1024K)]
  0x000001a4a8618de0 JavaThread "Timer-612"                         [_thread_blocked, id=33912, stack(0x0000000675c00000,0x0000000675d00000) (1024K)]
  0x000001a4a8616d10 JavaThread "Timer-613"                         [_thread_blocked, id=5560, stack(0x0000000675f00000,0x0000000676000000) (1024K)]
  0x000001a4a861aeb0 JavaThread "Timer-614"                         [_thread_blocked, id=34552, stack(0x0000000676000000,0x0000000676100000) (1024K)]
  0x000001a4a8615960 JavaThread "Worker-627: Initialize workspace"        [_thread_blocked, id=10252, stack(0x0000000675700000,0x0000000675800000) (1024K)]
  0x000001a4a861a820 JavaThread "Timer-615"                         [_thread_blocked, id=8516, stack(0x0000000676100000,0x0000000676200000) (1024K)]
  0x000001a4a861b540 JavaThread "Timer-616"                         [_thread_blocked, id=29584, stack(0x0000000676200000,0x0000000676300000) (1024K)]
  0x000001a4a861c260 JavaThread "Timer-617"                         [_thread_blocked, id=3928, stack(0x0000000676300000,0x0000000676400000) (1024K)]
  0x000001a4a861f050 JavaThread "Timer-618"                         [_thread_blocked, id=28792, stack(0x0000000676400000,0x0000000676500000) (1024K)]
  0x000001a4a861f6e0 JavaThread "Timer-619"                         [_thread_blocked, id=12172, stack(0x0000000676600000,0x0000000676700000) (1024K)]
  0x000001a4a861e9c0 JavaThread "Timer-620"                         [_thread_blocked, id=26168, stack(0x0000000676500000,0x0000000676600000) (1024K)]
  0x000001a4a861cf80 JavaThread "Timer-621"                         [_thread_blocked, id=26696, stack(0x0000000676700000,0x0000000676800000) (1024K)]
  0x000001a4a861d610 JavaThread "Timer-622"                         [_thread_blocked, id=24156, stack(0x0000000676800000,0x0000000676900000) (1024K)]
  0x000001a4a861bbd0 JavaThread "Worker-646: Initialize workspace"        [_thread_blocked, id=388, stack(0x0000000675e00000,0x0000000675f00000) (1024K)]
  0x000001a4a8620400 JavaThread "Timer-623"                         [_thread_blocked, id=28460, stack(0x0000000676a00000,0x0000000676b00000) (1024K)]
  0x000001a4a8621120 JavaThread "Timer-624"                         [_thread_blocked, id=37244, stack(0x0000000676b00000,0x0000000676c00000) (1024K)]
  0x000001a4a861e330 JavaThread "Timer-625"                         [_thread_blocked, id=28372, stack(0x0000000676d00000,0x0000000676e00000) (1024K)]
  0x000001a4a861dca0 JavaThread "Timer-626"                         [_thread_blocked, id=28728, stack(0x0000000676c00000,0x0000000676d00000) (1024K)]
  0x000001a4a86231f0 JavaThread "Timer-627"                         [_thread_blocked, id=29108, stack(0x0000000676f00000,0x0000000677000000) (1024K)]
  0x000001a4a8620a90 JavaThread "Timer-628"                         [_thread_blocked, id=11468, stack(0x0000000676e00000,0x0000000676f00000) (1024K)]
  0x000001a4a86245a0 JavaThread "Timer-629"                         [_thread_blocked, id=2924, stack(0x0000000677100000,0x0000000677200000) (1024K)]
  0x000001a4a86224d0 JavaThread "Timer-630"                         [_thread_blocked, id=5020, stack(0x0000000677000000,0x0000000677100000) (1024K)]
  0x000001a4a861fd70 JavaThread "Worker-667: Initialize workspace"        [_thread_blocked, id=9156, stack(0x0000000673c00000,0x0000000673d00000) (1024K)]
  0x000001a4a8624c30 JavaThread "Timer-631"                         [_thread_blocked, id=36080, stack(0x0000000677200000,0x0000000677300000) (1024K)]
  0x000001a4a8623f10 JavaThread "Timer-632"                         [_thread_blocked, id=33616, stack(0x0000000677400000,0x0000000677500000) (1024K)]
  0x000001a4a86217b0 JavaThread "Timer-633"                         [_thread_blocked, id=36156, stack(0x0000000677500000,0x0000000677600000) (1024K)]
  0x000001a4a86252c0 JavaThread "Timer-634"                         [_thread_blocked, id=12112, stack(0x0000000677600000,0x0000000677700000) (1024K)]
  0x000001a4a8621e40 JavaThread "Timer-635"                         [_thread_blocked, id=27692, stack(0x0000000677800000,0x0000000677900000) (1024K)]
  0x000001a4a8623880 JavaThread "Timer-636"                         [_thread_blocked, id=20496, stack(0x0000000677700000,0x0000000677800000) (1024K)]
  0x000001a4a8626d00 JavaThread "Timer-637"                         [_thread_blocked, id=11080, stack(0x0000000677a00000,0x0000000677b00000) (1024K)]
  0x000001a4a8627390 JavaThread "Timer-638"                         [_thread_blocked, id=29752, stack(0x0000000677900000,0x0000000677a00000) (1024K)]
  0x000001a4a861c8f0 JavaThread "Worker-686: Initialize workspace"        [_thread_blocked, id=11656, stack(0x0000000676900000,0x0000000676a00000) (1024K)]
  0x000001a4a86280b0 JavaThread "Timer-639"                         [_thread_blocked, id=35548, stack(0x0000000677c00000,0x0000000677d00000) (1024K)]
  0x000001a4a8628740 JavaThread "Timer-640"                         [_thread_blocked, id=3112, stack(0x0000000677d00000,0x0000000677e00000) (1024K)]
  0x000001a4a8627a20 JavaThread "Timer-641"                         [_thread_blocked, id=10472, stack(0x0000000678000000,0x0000000678100000) (1024K)]
  0x000001a4a8625fe0 JavaThread "Timer-642"                         [_thread_blocked, id=25508, stack(0x0000000678100000,0x0000000678200000) (1024K)]
  0x000001a4a8626670 JavaThread "Timer-643"                         [_thread_blocked, id=14736, stack(0x0000000678200000,0x0000000678300000) (1024K)]
  0x000001a49f77dc70 JavaThread "Timer-644"                         [_thread_blocked, id=34224, stack(0x0000000678300000,0x0000000678400000) (1024K)]
  0x000001a49f784c00 JavaThread "Timer-645"                         [_thread_blocked, id=13944, stack(0x0000000678500000,0x0000000678600000) (1024K)]
  0x000001a4a8613890 JavaThread "Timer-646"                         [_thread_blocked, id=22228, stack(0x0000000678400000,0x0000000678500000) (1024K)]
  0x000001a4a9c7d480 JavaThread "Worker-708: Initialize workspace"        [_thread_blocked, id=18764, stack(0x0000000677b00000,0x0000000677c00000) (1024K)]
  0x000001a4a8622b60 JavaThread "Timer-647"                         [_thread_blocked, id=4488, stack(0x0000000678700000,0x0000000678800000) (1024K)]
  0x000001a4ae8fa140 JavaThread "Timer-648"                         [_thread_blocked, id=27480, stack(0x0000000678800000,0x0000000678900000) (1024K)]
  0x000001a4ae913190 JavaThread "Timer-649"                         [_thread_blocked, id=22192, stack(0x0000000678900000,0x0000000678a00000) (1024K)]
  0x000001a49f09f7d0 JavaThread "Timer-650"                         [_thread_blocked, id=21568, stack(0x0000000678a00000,0x0000000678b00000) (1024K)]
  0x000001a4ab252130 JavaThread "Timer-651"                         [_thread_blocked, id=31472, stack(0x0000000678c00000,0x0000000678d00000) (1024K)]
  0x000001a4ab0a0ff0 JavaThread "Timer-652"                         [_thread_blocked, id=21320, stack(0x0000000678b00000,0x0000000678c00000) (1024K)]
  0x000001a4ab09f5b0 JavaThread "Timer-653"                         [_thread_blocked, id=23752, stack(0x0000000678d00000,0x0000000678e00000) (1024K)]
  0x000001a4ab09fc40 JavaThread "Timer-654"                         [_thread_blocked, id=23636, stack(0x0000000678e00000,0x0000000678f00000) (1024K)]
  0x000001a4ab0a1d10 JavaThread "Worker-729: Initialize workspace"        [_thread_blocked, id=36484, stack(0x0000000677300000,0x0000000677400000) (1024K)]
  0x000001a4ab09ef20 JavaThread "Timer-655"                         [_thread_blocked, id=30428, stack(0x0000000679000000,0x0000000679100000) (1024K)]
  0x000001a4ab0a2a30 JavaThread "Timer-656"                         [_thread_blocked, id=11100, stack(0x0000000679100000,0x0000000679200000) (1024K)]
  0x000001a4ab0a1680 JavaThread "Timer-657"                         [_thread_blocked, id=27988, stack(0x0000000679200000,0x0000000679300000) (1024K)]
  0x000001a4ab0a30c0 JavaThread "Timer-658"                         [_thread_blocked, id=18448, stack(0x0000000679300000,0x0000000679400000) (1024K)]
  0x000001a4ab0a3750 JavaThread "Timer-659"                         [_thread_blocked, id=27704, stack(0x0000000679400000,0x0000000679500000) (1024K)]
  0x000001a4ab0a02d0 JavaThread "Timer-660"                         [_thread_blocked, id=36180, stack(0x0000000679500000,0x0000000679600000) (1024K)]
  0x000001a4ab0a5820 JavaThread "Timer-661"                         [_thread_blocked, id=22388, stack(0x0000000679600000,0x0000000679700000) (1024K)]
  0x000001a4ab0a4470 JavaThread "Timer-662"                         [_thread_blocked, id=21696, stack(0x0000000679700000,0x0000000679800000) (1024K)]
  0x000001a4ab0a3de0 JavaThread "Worker-748: Initialize workspace"        [_thread_blocked, id=30768, stack(0x0000000678600000,0x0000000678700000) (1024K)]
  0x000001a4ab0a5190 JavaThread "Timer-663"                         [_thread_blocked, id=28776, stack(0x0000000679900000,0x0000000679a00000) (1024K)]
  0x000001a4ab0a23a0 JavaThread "Timer-664"                         [_thread_blocked, id=21632, stack(0x0000000679a00000,0x0000000679b00000) (1024K)]
  0x000001a4ab0a5eb0 JavaThread "Timer-665"                         [_thread_blocked, id=35004, stack(0x0000000679b00000,0x0000000679c00000) (1024K)]
  0x000001a4ab0a6540 JavaThread "Timer-666"                         [_thread_blocked, id=18052, stack(0x0000000679c00000,0x0000000679d00000) (1024K)]
  0x000001a4ab0a8610 JavaThread "Timer-667"                         [_thread_blocked, id=30588, stack(0x0000000679e00000,0x0000000679f00000) (1024K)]
  0x000001a4ab0a6bd0 JavaThread "Timer-668"                         [_thread_blocked, id=4056, stack(0x0000000679d00000,0x0000000679e00000) (1024K)]
  0x000001a4ab0a78f0 JavaThread "Timer-669"                         [_thread_blocked, id=1696, stack(0x0000000679f00000,0x000000067a000000) (1024K)]
  0x000001a4ab0a9330 JavaThread "Timer-670"                         [_thread_blocked, id=26940, stack(0x000000067a000000,0x000000067a100000) (1024K)]
  0x000001a4ab0a7260 JavaThread "Worker-771: Initialize workspace"        [_thread_blocked, id=36264, stack(0x0000000679800000,0x0000000679900000) (1024K)]
  0x000001a4ab0aa050 JavaThread "Timer-671"                         [_thread_blocked, id=5600, stack(0x000000067a100000,0x000000067a200000) (1024K)]
  0x000001a4ab0aad70 JavaThread "Timer-672"                         [_thread_blocked, id=10728, stack(0x000000067a300000,0x000000067a400000) (1024K)]
  0x000001a4ab0ab400 JavaThread "Timer-673"                         [_thread_blocked, id=27332, stack(0x000000067a400000,0x000000067a500000) (1024K)]
  0x000001a4ab0a99c0 JavaThread "Timer-674"                         [_thread_blocked, id=12080, stack(0x000000067a500000,0x000000067a600000) (1024K)]
  0x000001a4ab0a7f80 JavaThread "Timer-675"                         [_thread_blocked, id=30704, stack(0x000000067a700000,0x000000067a800000) (1024K)]
  0x000001a4ab0ac120 JavaThread "Timer-676"                         [_thread_blocked, id=28016, stack(0x000000067a600000,0x000000067a700000) (1024K)]
  0x000001a4ab0aa6e0 JavaThread "Timer-677"                         [_thread_blocked, id=9000, stack(0x000000067a900000,0x000000067aa00000) (1024K)]
  0x000001a4ab0ae880 JavaThread "Timer-678"                         [_thread_blocked, id=13320, stack(0x000000067ab00000,0x000000067ac00000) (1024K)]
  0x000001a4ab0aba90 JavaThread "Worker-790: Initialize workspace"        [_thread_blocked, id=24420, stack(0x000000067a800000,0x000000067a900000) (1024K)]
  0x000001a4ab0a8ca0 JavaThread "Timer-679"                         [_thread_blocked, id=9144, stack(0x000000067aa00000,0x000000067ab00000) (1024K)]
  0x000001a4ab0aef10 JavaThread "Timer-680"                         [_thread_blocked, id=2968, stack(0x000000067ac00000,0x000000067ad00000) (1024K)]
  0x000001a4ab0afc30 JavaThread "Timer-681"                         [_thread_blocked, id=21372, stack(0x000000067ad00000,0x000000067ae00000) (1024K)]
  0x000001a4ab0adb60 JavaThread "Timer-682"                         [_thread_blocked, id=33008, stack(0x000000067ae00000,0x000000067af00000) (1024K)]
  0x000001a4ab0af5a0 JavaThread "Timer-683"                         [_thread_blocked, id=24312, stack(0x000000067af00000,0x000000067b000000) (1024K)]
  0x000001a4ab0ac7b0 JavaThread "Timer-684"                         [_thread_blocked, id=11464, stack(0x000000067b000000,0x000000067b100000) (1024K)]
  0x000001a4ab0b02c0 JavaThread "Timer-685"                         [_thread_blocked, id=11756, stack(0x000000067b200000,0x000000067b300000) (1024K)]
  0x000001a4ab0ace40 JavaThread "Timer-686"                         [_thread_blocked, id=26672, stack(0x000000067b100000,0x000000067b200000) (1024K)]
  0x000001a4ab0a0960 JavaThread "Worker-805: Initialize workspace"        [_thread_blocked, id=32536, stack(0x0000000678f00000,0x0000000679000000) (1024K)]
  0x000001a4ab0ad4d0 JavaThread "Timer-687"                         [_thread_blocked, id=25768, stack(0x000000067b400000,0x000000067b500000) (1024K)]
  0x000001a4ab0b1d00 JavaThread "Timer-688"                         [_thread_blocked, id=28828, stack(0x000000067b500000,0x000000067b600000) (1024K)]
  0x000001a4ab0b4460 JavaThread "Timer-689"                         [_thread_blocked, id=7688, stack(0x000000067b600000,0x000000067b700000) (1024K)]
  0x000001a4ab0b0fe0 JavaThread "Timer-690"                         [_thread_blocked, id=26400, stack(0x000000067b700000,0x000000067b800000) (1024K)]
  0x000001a4ab0b3740 JavaThread "Timer-691"                         [_thread_blocked, id=11984, stack(0x000000067b900000,0x000000067ba00000) (1024K)]
  0x000001a4ab0b2390 JavaThread "Timer-692"                         [_thread_blocked, id=21892, stack(0x000000067b800000,0x000000067b900000) (1024K)]
  0x000001a4ab0b3dd0 JavaThread "Timer-693"                         [_thread_blocked, id=6316, stack(0x000000067bb00000,0x000000067bc00000) (1024K)]
  0x000001a4ab0b2a20 JavaThread "Timer-694"                         [_thread_blocked, id=32688, stack(0x000000067bd00000,0x000000067be00000) (1024K)]
  0x000001a4ab0a4b00 JavaThread "Worker-825: Initialize workspace"        [_thread_blocked, id=21060, stack(0x000000067a200000,0x000000067a300000) (1024K)]
  0x000001a4ab0b4af0 JavaThread "Timer-695"                         [_thread_blocked, id=11668, stack(0x000000067bc00000,0x000000067bd00000) (1024K)]
  0x000001a4ab0b1670 JavaThread "Timer-696"                         [_thread_blocked, id=22880, stack(0x000000067be00000,0x000000067bf00000) (1024K)]
  0x000001a4ab0b6bc0 JavaThread "Timer-697"                         [_thread_blocked, id=25140, stack(0x000000067bf00000,0x000000067c000000) (1024K)]
  0x000001a4ab0b5810 JavaThread "Timer-698"                         [_thread_blocked, id=24348, stack(0x000000067c000000,0x000000067c100000) (1024K)]
  0x000001a4ab0b5ea0 JavaThread "Timer-699"                         [_thread_blocked, id=5160, stack(0x000000067c200000,0x000000067c300000) (1024K)]
  0x000001a4ab0b7f70 JavaThread "Timer-700"                         [_thread_blocked, id=29188, stack(0x000000067c100000,0x000000067c200000) (1024K)]
  0x000001a4ab0b6530 JavaThread "Timer-701"                         [_thread_blocked, id=13764, stack(0x000000067c400000,0x000000067c500000) (1024K)]
  0x000001a4ab0b7250 JavaThread "Timer-702"                         [_thread_blocked, id=34636, stack(0x000000067c300000,0x000000067c400000) (1024K)]
  0x000001a4ab0b30b0 JavaThread "Worker-847: Initialize workspace"        [_thread_blocked, id=20088, stack(0x000000067ba00000,0x000000067bb00000) (1024K)]
  0x000001a4ab0b5180 JavaThread "Timer-703"                         [_thread_blocked, id=10952, stack(0x000000067c600000,0x000000067c700000) (1024K)]
  0x000001a4ab0b8600 JavaThread "Timer-704"                         [_thread_blocked, id=12828, stack(0x000000067c700000,0x000000067c800000) (1024K)]
  0x000001a4ab0b8c90 JavaThread "Timer-705"                         [_thread_blocked, id=26588, stack(0x000000067c900000,0x000000067ca00000) (1024K)]
  0x000001a4ab0bc7a0 JavaThread "Timer-706"                         [_thread_blocked, id=17520, stack(0x000000067c800000,0x000000067c900000) (1024K)]
  0x000001a4ab0b99b0 JavaThread "Timer-707"                         [_thread_blocked, id=22996, stack(0x000000067ca00000,0x000000067cb00000) (1024K)]
  0x000001a4ab0bb3f0 JavaThread "Timer-708"                         [_thread_blocked, id=20144, stack(0x000000067cb00000,0x000000067cc00000) (1024K)]
  0x000001a4ab0ba040 JavaThread "Timer-709"                         [_thread_blocked, id=32764, stack(0x000000067cc00000,0x000000067cd00000) (1024K)]
  0x000001a4ab0ba6d0 JavaThread "Timer-710"                         [_thread_blocked, id=32540, stack(0x000000067cd00000,0x000000067ce00000) (1024K)]
  0x000001a4ab0b0950 JavaThread "Worker-868: Initialize workspace"        [_thread_blocked, id=3276, stack(0x000000067b300000,0x000000067b400000) (1024K)]
  0x000001a4ab0bc110 JavaThread "Timer-711"                         [_thread_blocked, id=32984, stack(0x000000067cf00000,0x000000067d000000) (1024K)]
  0x000001a4ab0b9320 JavaThread "Timer-712"                         [_thread_blocked, id=26932, stack(0x000000067d000000,0x000000067d100000) (1024K)]
  0x000001a4ab0bdb50 JavaThread "Timer-713"                         [_thread_blocked, id=12012, stack(0x000000067d200000,0x000000067d300000) (1024K)]
  0x000001a4ab0bf590 JavaThread "Timer-714"                         [_thread_blocked, id=19288, stack(0x000000067d100000,0x000000067d200000) (1024K)]
  0x000001a4ab0bd4c0 JavaThread "Timer-715"                         [_thread_blocked, id=26808, stack(0x000000067d400000,0x000000067d500000) (1024K)]
  0x000001a4ab0bfc20 JavaThread "Timer-716"                         [_thread_blocked, id=3360, stack(0x000000067d300000,0x000000067d400000) (1024K)]
  0x000001a4ab0bce30 JavaThread "Timer-717"                         [_thread_blocked, id=1660, stack(0x000000067d600000,0x000000067d700000) (1024K)]
  0x000001a4ab0be870 JavaThread "Timer-718"                         [_thread_blocked, id=3364, stack(0x000000067d500000,0x000000067d600000) (1024K)]
  0x000001a4ab0bad60 JavaThread "Worker-891: Initialize workspace"        [_thread_blocked, id=20896, stack(0x000000067ce00000,0x000000067cf00000) (1024K)]
  0x000001a4ab0bba80 JavaThread "Timer-719"                         [_thread_blocked, id=34316, stack(0x000000067d800000,0x000000067d900000) (1024K)]
  0x000001a4ab0c0940 JavaThread "Timer-720"                         [_thread_blocked, id=17548, stack(0x000000067d900000,0x000000067da00000) (1024K)]
  0x000001a4ab0c0fd0 JavaThread "Timer-721"                         [_thread_blocked, id=12296, stack(0x000000067db00000,0x000000067dc00000) (1024K)]
  0x000001a4ab0c1660 JavaThread "Timer-722"                         [_thread_blocked, id=34512, stack(0x000000067da00000,0x000000067db00000) (1024K)]
  0x000001a4ab0c30a0 JavaThread "Timer-723"                         [_thread_blocked, id=35312, stack(0x000000067dd00000,0x000000067de00000) (1024K)]
  0x000001a4ab0c1cf0 JavaThread "Timer-724"                         [_thread_blocked, id=26120, stack(0x000000067dc00000,0x000000067dd00000) (1024K)]
  0x000001a4ab0c3730 JavaThread "Timer-725"                         [_thread_blocked, id=15032, stack(0x000000067de00000,0x000000067df00000) (1024K)]
  0x000001a4ab0c2380 JavaThread "Timer-726"                         [_thread_blocked, id=7176, stack(0x000000067df00000,0x000000067e000000) (1024K)]
  0x000001a4ab0be1e0 JavaThread "Worker-910: Initialize workspace"        [_thread_blocked, id=13340, stack(0x000000067c500000,0x000000067c600000) (1024K)]
  0x000001a4ab0c5e90 JavaThread "Timer-727"                         [_thread_blocked, id=26644, stack(0x000000067e100000,0x000000067e200000) (1024K)]
  0x000001a4ab0c5800 JavaThread "Timer-728"                         [_thread_blocked, id=24268, stack(0x000000067e200000,0x000000067e300000) (1024K)]
  0x000001a4ab0c2a10 JavaThread "Timer-729"                         [_thread_blocked, id=7076, stack(0x000000067e400000,0x000000067e500000) (1024K)]
  0x000001a4ab0c6520 JavaThread "Timer-730"                         [_thread_blocked, id=20428, stack(0x000000067e300000,0x000000067e400000) (1024K)]
  0x000001a4ab0c7240 JavaThread "Timer-731"                         [_thread_blocked, id=29548, stack(0x000000067e600000,0x000000067e700000) (1024K)]
  0x000001a4ab0c6bb0 JavaThread "Timer-732"                         [_thread_blocked, id=28240, stack(0x000000067e500000,0x000000067e600000) (1024K)]
  0x000001a4ab0c5170 JavaThread "Timer-733"                         [_thread_blocked, id=33668, stack(0x000000067e800000,0x000000067e900000) (1024K)]
  0x000001a4ab0c4450 JavaThread "Timer-734"                         [_thread_blocked, id=22464, stack(0x000000067ea00000,0x000000067eb00000) (1024K)]
  0x000001a4ab0bef00 JavaThread "Worker-933: Initialize workspace"        [_thread_blocked, id=30392, stack(0x000000067e000000,0x000000067e100000) (1024K)]
  0x000001a4ab0c4ae0 JavaThread "Timer-735"                         [_thread_blocked, id=14804, stack(0x000000067e900000,0x000000067ea00000) (1024K)]
  0x000001a4ab0c7f60 JavaThread "Timer-736"                         [_thread_blocked, id=20564, stack(0x000000067eb00000,0x000000067ec00000) (1024K)]
  0x000001a4ab0c9310 JavaThread "Timer-737"                         [_thread_blocked, id=26088, stack(0x000000067ed00000,0x000000067ee00000) (1024K)]
  0x000001a4ab0c99a0 JavaThread "Timer-738"                         [_thread_blocked, id=21592, stack(0x000000067ec00000,0x000000067ed00000) (1024K)]
  0x000001a4ab0ca030 JavaThread "Timer-739"                         [_thread_blocked, id=16352, stack(0x000000067ef00000,0x000000067f000000) (1024K)]
  0x000001a4ab0ca6c0 JavaThread "Timer-740"                         [_thread_blocked, id=23336, stack(0x000000067ee00000,0x000000067ef00000) (1024K)]
  0x000001a4ab0cad50 JavaThread "Timer-741"                         [_thread_blocked, id=24668, stack(0x000000067f100000,0x000000067f200000) (1024K)]
  0x000001a4ab0cb3e0 JavaThread "Timer-742"                         [_thread_blocked, id=12024, stack(0x000000067f300000,0x000000067f400000) (1024K)]
  0x000001a4ab0c3dc0 JavaThread "Worker-957: Initialize workspace"        [_thread_blocked, id=8792, stack(0x000000067e700000,0x000000067e800000) (1024K)]
  0x000001a4ab0c85f0 JavaThread "Timer-743"                         [_thread_blocked, id=26832, stack(0x000000067f200000,0x000000067f300000) (1024K)]
  0x000001a4ab0cba70 JavaThread "Timer-744"                         [_thread_blocked, id=23276, stack(0x000000067f400000,0x000000067f500000) (1024K)]
  0x000001a4ab0cc100 JavaThread "Timer-745"                         [_thread_blocked, id=17036, stack(0x000000067f500000,0x000000067f600000) (1024K)]
  0x000001a4ab0c8c80 JavaThread "Timer-746"                         [_thread_blocked, id=11292, stack(0x000000067f600000,0x000000067f700000) (1024K)]
  0x000001a4ab0ceef0 JavaThread "Timer-747"                         [_thread_blocked, id=17832, stack(0x000000067f800000,0x000000067f900000) (1024K)]
  0x000001a4ab0cf580 JavaThread "Timer-748"                         [_thread_blocked, id=19656, stack(0x000000067f700000,0x000000067f800000) (1024K)]
  0x000001a4ab0cfc10 JavaThread "Timer-749"                         [_thread_blocked, id=21324, stack(0x000000067fa00000,0x000000067fb00000) (1024K)]
  0x000001a4ab0cdb40 JavaThread "Timer-750"                         [_thread_blocked, id=33244, stack(0x000000067f900000,0x000000067fa00000) (1024K)]
  0x000001a4ab0c02b0 JavaThread "Worker-978: Initialize workspace"        [_thread_blocked, id=22636, stack(0x000000067d700000,0x000000067d800000) (1024K)]
  0x000001a4ab0ce1d0 JavaThread "Timer-751"                         [_thread_blocked, id=21996, stack(0x000000067fc00000,0x000000067fd00000) (1024K)]
  0x000001a4ab0cc790 JavaThread "Timer-752"                         [_thread_blocked, id=27984, stack(0x000000067fd00000,0x000000067fe00000) (1024K)]
  0x000001a4ab0ce860 JavaThread "Timer-753"                         [_thread_blocked, id=20748, stack(0x000000067ff00000,0x0000000680000000) (1024K)]
  0x000001a4ab0d02a0 JavaThread "Timer-754"                         [_thread_blocked, id=20620, stack(0x000000067fe00000,0x000000067ff00000) (1024K)]
  0x000001a4ab0d1650 JavaThread "Timer-755"                         [_thread_blocked, id=21584, stack(0x0000000600100000,0x0000000600200000) (1024K)]
  0x000001a4ab0cce20 JavaThread "Timer-756"                         [_thread_blocked, id=36716, stack(0x0000000600000000,0x0000000600100000) (1024K)]
  0x000001a4ab0d2370 JavaThread "Timer-757"                         [_thread_blocked, id=8940, stack(0x0000000600300000,0x0000000600400000) (1024K)]
  0x000001a4ab0d1ce0 JavaThread "Timer-758"                         [_thread_blocked, id=22988, stack(0x0000000600200000,0x0000000600300000) (1024K)]
  0x000001a4ab0d0930 JavaThread "Worker-997: Initialize workspace"        [_thread_blocked, id=22580, stack(0x0000000600500000,0x0000000600600000) (1024K)]
  0x000001a4ab0d0fc0 JavaThread "Timer-759"                         [_thread_blocked, id=20072, stack(0x0000000600700000,0x0000000600800000) (1024K)]
  0x000001a4ab0d2a00 JavaThread "Timer-760"                         [_thread_blocked, id=18804, stack(0x0000000600800000,0x0000000600900000) (1024K)]
  0x000001a4ab0d3090 JavaThread "Timer-761"                         [_thread_blocked, id=38616, stack(0x0000000600900000,0x0000000600a00000) (1024K)]
  0x000001a4ab0d3db0 JavaThread "Timer-762"                         [_thread_blocked, id=3528, stack(0x0000000600a00000,0x0000000600b00000) (1024K)]
  0x000001a4ab0d4ad0 JavaThread "Timer-763"                         [_thread_blocked, id=23696, stack(0x0000000600c00000,0x0000000600d00000) (1024K)]
  0x000001a4ab0d4440 JavaThread "Timer-764"                         [_thread_blocked, id=6036, stack(0x0000000600b00000,0x0000000600c00000) (1024K)]
  0x000001a4ab0d5e80 JavaThread "Timer-765"                         [_thread_blocked, id=27492, stack(0x0000000600e00000,0x0000000600f00000) (1024K)]
  0x000001a4ab0d3720 JavaThread "Timer-766"                         [_thread_blocked, id=28188, stack(0x0000000600d00000,0x0000000600e00000) (1024K)]
  0x000001a4ab0cd4b0 JavaThread "Worker-1018: Initialize workspace"        [_thread_blocked, id=23340, stack(0x0000000600600000,0x0000000600700000) (1024K)]
  0x000001a4ab0d78c0 JavaThread "Timer-767"                         [_thread_blocked, id=35648, stack(0x0000000601000000,0x0000000601100000) (1024K)]
  0x000001a4ab0d57f0 JavaThread "Timer-768"                         [_thread_blocked, id=32504, stack(0x0000000601100000,0x0000000601200000) (1024K)]
  0x000001a4ab0d7f50 JavaThread "Timer-769"                         [_thread_blocked, id=31808, stack(0x0000000601300000,0x0000000601400000) (1024K)]
  0x000001a4ab0d6510 JavaThread "Timer-770"                         [_thread_blocked, id=11760, stack(0x0000000601200000,0x0000000601300000) (1024K)]
  0x000001a4ab0d5160 JavaThread "Timer-771"                         [_thread_blocked, id=33000, stack(0x0000000601500000,0x0000000601600000) (1024K)]
  0x000001a4ab0d9990 JavaThread "Timer-772"                         [_thread_blocked, id=5048, stack(0x0000000601400000,0x0000000601500000) (1024K)]
  0x000001a4ab0d85e0 JavaThread "Timer-773"                         [_thread_blocked, id=29552, stack(0x0000000601700000,0x0000000601800000) (1024K)]
  0x000001a4ab0d6ba0 JavaThread "Timer-774"                         [_thread_blocked, id=36288, stack(0x0000000601a00000,0x0000000601b00000) (1024K)]
  0x000001a4ab0c78d0 JavaThread "Worker-1040: Initialize workspace"        [_thread_blocked, id=5416, stack(0x0000000600400000,0x0000000600500000) (1024K)]
  0x000001a4ab0d9300 JavaThread "Timer-775"                         [_thread_blocked, id=29664, stack(0x0000000601800000,0x0000000601900000) (1024K)]
  0x000001a4ab0dba60 JavaThread "Timer-776"                         [_thread_blocked, id=28684, stack(0x0000000601900000,0x0000000601a00000) (1024K)]
  0x000001a4ab0dd4a0 JavaThread "Timer-777"                         [_thread_blocked, id=12372, stack(0x0000000601c00000,0x0000000601d00000) (1024K)]
  0x000001a4ab0da020 JavaThread "Timer-778"                         [_thread_blocked, id=13240, stack(0x0000000601b00000,0x0000000601c00000) (1024K)]
  0x000001a4ab0dc780 JavaThread "Timer-779"                         [_thread_blocked, id=22508, stack(0x0000000601e00000,0x0000000601f00000) (1024K)]
  0x000001a4ab0dc0f0 JavaThread "Timer-780"                         [_thread_blocked, id=25776, stack(0x0000000601d00000,0x0000000601e00000) (1024K)]
  0x000001a4ab0db3d0 JavaThread "Timer-781"                         [_thread_blocked, id=23224, stack(0x0000000601f00000,0x0000000602000000) (1024K)]
  0x000001a4ab0dad40 JavaThread "Timer-782"                         [_thread_blocked, id=34340, stack(0x0000000602300000,0x0000000602400000) (1024K)]
  0x000001a4ab0d7230 JavaThread "Worker-1059: Initialize workspace"        [_thread_blocked, id=28064, stack(0x0000000601600000,0x0000000601700000) (1024K)]
  0x000001a4ab0dce10 JavaThread "Timer-783"                         [_thread_blocked, id=20836, stack(0x0000000602100000,0x0000000602200000) (1024K)]
  0x000001a4ab0ddb30 JavaThread "Timer-784"                         [_thread_blocked, id=6424, stack(0x0000000602200000,0x0000000602300000) (1024K)]
  0x000001a4ab0de1c0 JavaThread "Timer-785"                         [_thread_blocked, id=10876, stack(0x0000000602500000,0x0000000602600000) (1024K)]
  0x000001a4ab0b78e0 JavaThread "Timer-786"                         [_thread_blocked, id=27208, stack(0x0000000602400000,0x0000000602500000) (1024K)]
  0x000001a4a8625950 JavaThread "Timer-787"                         [_thread_blocked, id=20956, stack(0x0000000602700000,0x0000000602800000) (1024K)]
  0x000001a4a9c785c0 JavaThread "Timer-788"                         [_thread_blocked, id=28104, stack(0x0000000602600000,0x0000000602700000) (1024K)]
  0x000001a4a85f7a50 JavaThread "Timer-789"                         [_thread_blocked, id=22016, stack(0x0000000602900000,0x0000000602a00000) (1024K)]
  0x000001a4ace0b140 JavaThread "Timer-790"                         [_thread_blocked, id=14544, stack(0x0000000602a00000,0x0000000602b00000) (1024K)]
  0x000001a4ace09700 JavaThread "Worker-1080: Initialize workspace"        [_thread_blocked, id=36724, stack(0x0000000602000000,0x0000000602100000) (1024K)]
  0x000001a4ace0aab0 JavaThread "Timer-791"                         [_thread_blocked, id=22748, stack(0x0000000602b00000,0x0000000602c00000) (1024K)]
  0x000001a4ace0be60 JavaThread "Timer-792"                         [_thread_blocked, id=28352, stack(0x0000000602c00000,0x0000000602d00000) (1024K)]
  0x000001a4ace0c4f0 JavaThread "Timer-793"                         [_thread_blocked, id=28472, stack(0x0000000602e00000,0x0000000602f00000) (1024K)]
  0x000001a4ace09070 JavaThread "Timer-794"                         [_thread_blocked, id=9744, stack(0x0000000602d00000,0x0000000602e00000) (1024K)]
  0x000001a4ace0d8a0 JavaThread "Timer-795"                         [_thread_blocked, id=11712, stack(0x0000000602f00000,0x0000000603000000) (1024K)]
  0x000001a4ace0cb80 JavaThread "Timer-796"                         [_thread_blocked, id=17488, stack(0x0000000603000000,0x0000000603100000) (1024K)]
  0x000001a4ace0d210 JavaThread "Timer-797"                         [_thread_blocked, id=30184, stack(0x0000000603200000,0x0000000603300000) (1024K)]
  0x000001a4ace0a420 JavaThread "Timer-798"                         [_thread_blocked, id=29580, stack(0x0000000603100000,0x0000000603200000) (1024K)]
  0x000001a4ace0ec50 JavaThread "Worker-1099: Initialize workspace"        [_thread_blocked, id=35600, stack(0x0000000602800000,0x0000000602900000) (1024K)]
  0x000001a4ace0e5c0 JavaThread "Timer-799"                         [_thread_blocked, id=8164, stack(0x0000000603400000,0x0000000603500000) (1024K)]
  0x000001a4ace0b7d0 JavaThread "Timer-800"                         [_thread_blocked, id=38428, stack(0x0000000603500000,0x0000000603600000) (1024K)]
  0x000001a4ace10000 JavaThread "Timer-801"                         [_thread_blocked, id=18332, stack(0x0000000603700000,0x0000000603800000) (1024K)]
  0x000001a4ace113b0 JavaThread "Timer-802"                         [_thread_blocked, id=24780, stack(0x0000000603600000,0x0000000603700000) (1024K)]
  0x000001a4ace10690 JavaThread "Timer-803"                         [_thread_blocked, id=25556, stack(0x0000000603900000,0x0000000603a00000) (1024K)]
  0x000001a4ace10d20 JavaThread "Timer-804"                         [_thread_blocked, id=28832, stack(0x0000000603800000,0x0000000603900000) (1024K)]
  0x000001a4ace11a40 JavaThread "Timer-805"                         [_thread_blocked, id=33336, stack(0x0000000603b00000,0x0000000603c00000) (1024K)]
  0x000001a4ace120d0 JavaThread "Timer-806"                         [_thread_blocked, id=14076, stack(0x0000000603a00000,0x0000000603b00000) (1024K)]
  0x000001a4ace0f2e0 JavaThread "Worker-1117: Initialize workspace"        [_thread_blocked, id=23328, stack(0x0000000603300000,0x0000000603400000) (1024K)]
  0x000001a4ace0df30 JavaThread "Timer-807"                         [_thread_blocked, id=23088, stack(0x0000000603d00000,0x0000000603e00000) (1024K)]
  0x000001a4ace13480 JavaThread "Timer-808"                         [_thread_blocked, id=33968, stack(0x0000000603e00000,0x0000000603f00000) (1024K)]
  0x000001a4ace12760 JavaThread "Timer-809"                         [_thread_blocked, id=7132, stack(0x0000000604000000,0x0000000604100000) (1024K)]
  0x000001a4ace16270 JavaThread "Timer-810"                         [_thread_blocked, id=35364, stack(0x0000000603f00000,0x0000000604000000) (1024K)]
  0x000001a4ace141a0 JavaThread "Timer-811"                         [_thread_blocked, id=27544, stack(0x0000000604200000,0x0000000604300000) (1024K)]
  0x000001a4ace15be0 JavaThread "Timer-812"                         [_thread_blocked, id=10912, stack(0x0000000604100000,0x0000000604200000) (1024K)]
  0x000001a4ace12df0 JavaThread "Timer-813"                         [_thread_blocked, id=27584, stack(0x0000000604300000,0x0000000604400000) (1024K)]
  0x000001a4ace14ec0 JavaThread "Timer-814"                         [_thread_blocked, id=36528, stack(0x0000000604400000,0x0000000604500000) (1024K)]
  0x000001a4ace0f970 JavaThread "Worker-1138: Initialize workspace"        [_thread_blocked, id=21940, stack(0x0000000603c00000,0x0000000603d00000) (1024K)]
  0x000001a4ace14830 JavaThread "Timer-815"                         [_thread_blocked, id=9980, stack(0x0000000604600000,0x0000000604700000) (1024K)]
  0x000001a4ace16900 JavaThread "Timer-816"                         [_thread_blocked, id=33004, stack(0x0000000604700000,0x0000000604800000) (1024K)]
  0x000001a4ace16f90 JavaThread "Timer-817"                         [_thread_blocked, id=18880, stack(0x0000000604800000,0x0000000604900000) (1024K)]
  0x000001a4ace13b10 JavaThread "Timer-818"                         [_thread_blocked, id=34580, stack(0x0000000604900000,0x0000000604a00000) (1024K)]
  0x000001a4ace189d0 JavaThread "Timer-819"                         [_thread_blocked, id=28568, stack(0x0000000604b00000,0x0000000604c00000) (1024K)]
  0x000001a4ace17620 JavaThread "Timer-820"                         [_thread_blocked, id=12132, stack(0x0000000604a00000,0x0000000604b00000) (1024K)]
  0x000001a4ace17cb0 JavaThread "Timer-821"                         [_thread_blocked, id=25684, stack(0x0000000604d00000,0x0000000604e00000) (1024K)]
  0x000001a4ace1a410 JavaThread "Timer-822"                         [_thread_blocked, id=27504, stack(0x0000000604c00000,0x0000000604d00000) (1024K)]
  0x000001a4ace18340 JavaThread "Worker-1158: Initialize workspace"        [_thread_blocked, id=27456, stack(0x0000000604500000,0x0000000604600000) (1024K)]
  0x000001a4ace1aaa0 JavaThread "Timer-823"                         [_thread_blocked, id=5104, stack(0x0000000604f00000,0x0000000605000000) (1024K)]
  0x000001a4ace19060 JavaThread "Timer-824"                         [_thread_blocked, id=36776, stack(0x0000000605000000,0x0000000605100000) (1024K)]
  0x000001a4ace1b7c0 JavaThread "Timer-825"                         [_thread_blocked, id=1976, stack(0x0000000605200000,0x0000000605300000) (1024K)]
  0x000001a4ace1c4e0 JavaThread "Timer-826"                         [_thread_blocked, id=24512, stack(0x0000000605100000,0x0000000605200000) (1024K)]
  0x000001a4ace1cb70 JavaThread "Timer-827"                         [_thread_blocked, id=36096, stack(0x0000000605400000,0x0000000605500000) (1024K)]
  0x000001a4ace1be50 JavaThread "Timer-828"                         [_thread_blocked, id=23952, stack(0x0000000605300000,0x0000000605400000) (1024K)]
  0x000001a4ace196f0 JavaThread "Timer-829"                         [_thread_blocked, id=28588, stack(0x0000000605600000,0x0000000605700000) (1024K)]
  0x000001a4ace1d200 JavaThread "Timer-830"                         [_thread_blocked, id=21848, stack(0x0000000605500000,0x0000000605600000) (1024K)]
  0x000001a4ace15550 JavaThread "Worker-1182: Initialize workspace"        [_thread_blocked, id=37944, stack(0x0000000604e00000,0x0000000604f00000) (1024K)]
  0x000001a4ace1df20 JavaThread "Timer-831"                         [_thread_blocked, id=6548, stack(0x0000000605800000,0x0000000605900000) (1024K)]
  0x000001a4ace1e5b0 JavaThread "Timer-832"                         [_thread_blocked, id=16364, stack(0x0000000605900000,0x0000000605a00000) (1024K)]
  0x000001a4ace1b130 JavaThread "Timer-833"                         [_thread_blocked, id=26612, stack(0x0000000605b00000,0x0000000605c00000) (1024K)]
  0x000001a4ace213a0 JavaThread "Timer-834"                         [_thread_blocked, id=21708, stack(0x0000000605a00000,0x0000000605b00000) (1024K)]
  0x000001a4ace21a30 JavaThread "Timer-835"                         [_thread_blocked, id=25696, stack(0x0000000605d00000,0x0000000605e00000) (1024K)]
  0x000001a4ace20d10 JavaThread "Timer-836"                         [_thread_blocked, id=24272, stack(0x0000000605c00000,0x0000000605d00000) (1024K)]
  0x000001a4ace1f2d0 JavaThread "Timer-837"                         [_thread_blocked, id=27092, stack(0x0000000605f00000,0x0000000606000000) (1024K)]
  0x000001a4ace1fff0 JavaThread "Timer-838"                         [_thread_blocked, id=27596, stack(0x0000000605e00000,0x0000000605f00000) (1024K)]
  0x000001a4ace09d90 JavaThread "Worker-1202: Initialize workspace"        [_thread_blocked, id=33176, stack(0x0000000600f00000,0x0000000601000000) (1024K)]
  0x000001a4ace20680 JavaThread "Timer-839"                         [_thread_blocked, id=38668, stack(0x0000000606100000,0x0000000606200000) (1024K)]
  0x000001a4ace1d890 JavaThread "Timer-840"                         [_thread_blocked, id=11212, stack(0x0000000606200000,0x0000000606300000) (1024K)]
  0x000001a4ace22750 JavaThread "Timer-841"                         [_thread_blocked, id=38284, stack(0x0000000606400000,0x0000000606500000) (1024K)]
  0x000001a4ace22de0 JavaThread "Timer-842"                         [_thread_blocked, id=24600, stack(0x0000000606300000,0x0000000606400000) (1024K)]
  0x000001a4ace26260 JavaThread "Timer-843"                         [_thread_blocked, id=34896, stack(0x0000000606500000,0x0000000606600000) (1024K)]
  0x000001a4ace23b00 JavaThread "Timer-844"                         [_thread_blocked, id=24040, stack(0x0000000606600000,0x0000000606700000) (1024K)]
  0x000001a4ace24eb0 JavaThread "Timer-845"                         [_thread_blocked, id=24380, stack(0x0000000606800000,0x0000000606900000) (1024K)]
  0x000001a4ace25540 JavaThread "Timer-846"                         [_thread_blocked, id=23396, stack(0x0000000606700000,0x0000000606800000) (1024K)]
  0x000001a4ace24190 JavaThread "Worker-1220: Initialize workspace"        [_thread_blocked, id=34120, stack(0x0000000605700000,0x0000000605800000) (1024K)]
  0x000001a4ace24820 JavaThread "Timer-847"                         [_thread_blocked, id=38512, stack(0x0000000606a00000,0x0000000606b00000) (1024K)]
  0x000001a4ace268f0 JavaThread "Timer-848"                         [_thread_blocked, id=35496, stack(0x0000000606b00000,0x0000000606c00000) (1024K)]
  0x000001a4ace23470 JavaThread "Timer-849"                         [_thread_blocked, id=23564, stack(0x0000000606d00000,0x0000000606e00000) (1024K)]
  0x000001a4ace27ca0 JavaThread "Timer-850"                         [_thread_blocked, id=31164, stack(0x0000000606c00000,0x0000000606d00000) (1024K)]
  0x000001a4ace289c0 JavaThread "Timer-851"                         [_thread_blocked, id=28196, stack(0x0000000606f00000,0x0000000607000000) (1024K)]
  0x000001a4ace29050 JavaThread "Timer-852"                         [_thread_blocked, id=23608, stack(0x0000000606e00000,0x0000000606f00000) (1024K)]
  0x000001a4ace29d70 JavaThread "Timer-853"                         [_thread_blocked, id=17512, stack(0x0000000607100000,0x0000000607200000) (1024K)]
  0x000001a4ace2a400 JavaThread "Timer-854"                         [_thread_blocked, id=31596, stack(0x0000000607300000,0x0000000607400000) (1024K)]
  0x000001a4ace1ec40 JavaThread "Worker-1238: Initialize workspace"        [_thread_blocked, id=18676, stack(0x0000000606900000,0x0000000606a00000) (1024K)]
  0x000001a4ace28330 JavaThread "Timer-855"                         [_thread_blocked, id=38360, stack(0x0000000607000000,0x0000000607100000) (1024K)]
  0x000001a4ace27610 JavaThread "Timer-856"                         [_thread_blocked, id=27100, stack(0x0000000607400000,0x0000000607500000) (1024K)]
  0x000001a4ace25bd0 JavaThread "Timer-857"                         [_thread_blocked, id=12336, stack(0x0000000607600000,0x0000000607700000) (1024K)]
  0x000001a4ace296e0 JavaThread "Timer-858"                         [_thread_blocked, id=21636, stack(0x0000000607500000,0x0000000607600000) (1024K)]
  0x000001a4ace2cb60 JavaThread "Timer-859"                         [_thread_blocked, id=14912, stack(0x0000000607800000,0x0000000607900000) (1024K)]
  0x000001a4ace2b7b0 JavaThread "Timer-860"                         [_thread_blocked, id=18368, stack(0x0000000607700000,0x0000000607800000) (1024K)]
  0x000001a4ace2c4d0 JavaThread "Timer-861"                         [_thread_blocked, id=23172, stack(0x0000000607a00000,0x0000000607b00000) (1024K)]
  0x000001a4ace2d1f0 JavaThread "Timer-862"                         [_thread_blocked, id=17636, stack(0x0000000607900000,0x0000000607a00000) (1024K)]
  0x000001a4ace26f80 JavaThread "Worker-1260: Initialize workspace"        [_thread_blocked, id=25604, stack(0x0000000607200000,0x0000000607300000) (1024K)]
  0x000001a4ace2d880 JavaThread "Timer-863"                         [_thread_blocked, id=13608, stack(0x0000000607c00000,0x0000000607d00000) (1024K)]
  0x000001a4ace2be40 JavaThread "Timer-864"                         [_thread_blocked, id=9260, stack(0x0000000607d00000,0x0000000607e00000) (1024K)]
  0x000001a4ace2aa90 JavaThread "Timer-865"                         [_thread_blocked, id=24960, stack(0x0000000607f00000,0x0000000608000000) (1024K)]
  0x000001a4ace2b120 JavaThread "Timer-866"                         [_thread_blocked, id=22124, stack(0x0000000607e00000,0x0000000607f00000) (1024K)]
  0x000001a4ace31390 JavaThread "Timer-867"                         [_thread_blocked, id=32412, stack(0x0000000608100000,0x0000000608200000) (1024K)]
  0x000001a4ace30670 JavaThread "Timer-868"                         [_thread_blocked, id=22416, stack(0x0000000608000000,0x0000000608100000) (1024K)]
  0x000001a4ace30d00 JavaThread "Timer-869"                         [_thread_blocked, id=18824, stack(0x0000000608500000,0x0000000608600000) (1024K)]
  0x000001a4ace31a20 JavaThread "Timer-870"                         [_thread_blocked, id=37772, stack(0x0000000608400000,0x0000000608500000) (1024K)]
  0x000001a4ace2e5a0 JavaThread "Worker-1282: Initialize workspace"        [_thread_blocked, id=18736, stack(0x0000000606000000,0x0000000606100000) (1024K)]
  0x000001a4ace2df10 JavaThread "Timer-871"                         [_thread_blocked, id=20336, stack(0x0000000608700000,0x0000000608800000) (1024K)]
  0x000001a4ace2f950 JavaThread "Timer-872"                         [_thread_blocked, id=22244, stack(0x0000000608800000,0x0000000608900000) (1024K)]
  0x000001a4ace320b0 JavaThread "Timer-873"                         [_thread_blocked, id=21388, stack(0x0000000608900000,0x0000000608a00000) (1024K)]
  0x000001a4ace2ec30 JavaThread "Timer-874"                         [_thread_blocked, id=24972, stack(0x0000000608a00000,0x0000000608b00000) (1024K)]
  0x000001a4ace32740 JavaThread "Timer-875"                         [_thread_blocked, id=9964, stack(0x0000000608c00000,0x0000000608d00000) (1024K)]
  0x000001a4ace2f2c0 JavaThread "Timer-876"                         [_thread_blocked, id=15244, stack(0x0000000608b00000,0x0000000608c00000) (1024K)]
  0x000001a4ace35530 JavaThread "Timer-877"                         [_thread_blocked, id=14612, stack(0x0000000608e00000,0x0000000608f00000) (1024K)]
  0x000001a4ace34ea0 JavaThread "Timer-878"                         [_thread_blocked, id=9080, stack(0x0000000609000000,0x0000000609100000) (1024K)]
  0x000001a4ace32dd0 JavaThread "Worker-1304: Initialize workspace"        [_thread_blocked, id=30396, stack(0x0000000607b00000,0x0000000607c00000) (1024K)]
  0x000001a4ace2ffe0 JavaThread "Timer-879"                         [_thread_blocked, id=26004, stack(0x0000000608f00000,0x0000000609000000) (1024K)]
  0x000001a4ace34180 JavaThread "Timer-880"                         [_thread_blocked, id=21464, stack(0x0000000609100000,0x0000000609200000) (1024K)]
  0x000001a4ace35bc0 JavaThread "Timer-881"                         [_thread_blocked, id=24404, stack(0x0000000609300000,0x0000000609400000) (1024K)]
  0x000001a4ace36250 JavaThread "Timer-882"                         [_thread_blocked, id=24760, stack(0x0000000609200000,0x0000000609300000) (1024K)]
  0x000001a4ace368e0 JavaThread "Timer-883"                         [_thread_blocked, id=26572, stack(0x0000000609500000,0x0000000609600000) (1024K)]
  0x000001a4ace36f70 JavaThread "Timer-884"                         [_thread_blocked, id=35392, stack(0x0000000609400000,0x0000000609500000) (1024K)]
  0x000001a4ace34810 JavaThread "Timer-885"                         [_thread_blocked, id=11696, stack(0x0000000609700000,0x0000000609800000) (1024K)]
  0x000001a4ace396d0 JavaThread "Timer-886"                         [_thread_blocked, id=10548, stack(0x0000000609a00000,0x0000000609b00000) (1024K)]
  0x000001a4ace33af0 JavaThread "Worker-1320: Initialize workspace"        [_thread_blocked, id=10956, stack(0x0000000608d00000,0x0000000608e00000) (1024K)]
  0x000001a4ace37c90 JavaThread "Timer-887"                         [_thread_blocked, id=29684, stack(0x0000000609800000,0x0000000609900000) (1024K)]
  0x000001a4ace3aa80 JavaThread "Timer-888"                         [_thread_blocked, id=3084, stack(0x0000000609900000,0x0000000609a00000) (1024K)]
  0x000001a4ace39d60 JavaThread "Timer-889"                         [_thread_blocked, id=10256, stack(0x0000000609c00000,0x0000000609d00000) (1024K)]
  0x000001a4ace3a3f0 JavaThread "Timer-890"                         [_thread_blocked, id=34604, stack(0x0000000609b00000,0x0000000609c00000) (1024K)]
  0x000001a4ace37600 JavaThread "Timer-891"                         [_thread_blocked, id=24944, stack(0x0000000609d00000,0x0000000609e00000) (1024K)]
  0x000001a4ace38320 JavaThread "Timer-892"                         [_thread_blocked, id=16472, stack(0x0000000609e00000,0x0000000609f00000) (1024K)]
  0x000001a4ace3b7a0 JavaThread "Timer-893"                         [_thread_blocked, id=15112, stack(0x000000060a000000,0x000000060a100000) (1024K)]
  0x000001a4ace3b110 JavaThread "Timer-894"                         [_thread_blocked, id=10244, stack(0x0000000609f00000,0x000000060a000000) (1024K)]
  0x000001a4ace3be30 JavaThread "Worker-1342: Initialize workspace"        [_thread_blocked, id=25668, stack(0x000000060a100000,0x000000060a200000) (1024K)]
  0x000001a4ace39040 JavaThread "Timer-895"                         [_thread_blocked, id=27288, stack(0x000000060a200000,0x000000060a300000) (1024K)]
  0x000001a4ace3d1e0 JavaThread "Timer-896"                         [_thread_blocked, id=20800, stack(0x000000060a300000,0x000000060a400000) (1024K)]
  0x000001a4ace3cb50 JavaThread "Timer-897"                         [_thread_blocked, id=20808, stack(0x000000060a500000,0x000000060a600000) (1024K)]
  0x000001a4ace3df00 JavaThread "Timer-898"                         [_thread_blocked, id=1804, stack(0x000000060a400000,0x000000060a500000) (1024K)]
  0x000001a4ace3ec20 JavaThread "Timer-899"                         [_thread_blocked, id=18852, stack(0x000000060a700000,0x000000060a800000) (1024K)]
  0x000001a4ace40660 JavaThread "Timer-900"                         [_thread_blocked, id=37988, stack(0x000000060a600000,0x000000060a700000) (1024K)]
  0x000001a4ace3d870 JavaThread "Timer-901"                         [_thread_blocked, id=20860, stack(0x000000060a900000,0x000000060aa00000) (1024K)]
  0x000001a4ace41a10 JavaThread "Timer-902"                         [_thread_blocked, id=37096, stack(0x000000060a800000,0x000000060a900000) (1024K)]
  0x000001a4ace3c4c0 JavaThread "Worker-1365: Initialize workspace"        [_thread_blocked, id=39108, stack(0x0000000609600000,0x0000000609700000) (1024K)]
  0x000001a4ace3ffd0 JavaThread "Timer-903"                         [_thread_blocked, id=39396, stack(0x000000060ab00000,0x000000060ac00000) (1024K)]
  0x000001a4ace40cf0 JavaThread "Timer-904"                         [_thread_blocked, id=39408, stack(0x000000060ac00000,0x000000060ad00000) (1024K)]
  0x000001a4ace41380 JavaThread "Timer-905"                         [_thread_blocked, id=39416, stack(0x000000060ae00000,0x000000060af00000) (1024K)]
  0x000001a4ace420a0 JavaThread "Timer-906"                         [_thread_blocked, id=39700, stack(0x000000060ad00000,0x000000060ae00000) (1024K)]
  0x000001a4ace42730 JavaThread "Timer-907"                         [_thread_blocked, id=39752, stack(0x000000060b000000,0x000000060b100000) (1024K)]
  0x000001a4ace3f2b0 JavaThread "Timer-908"                         [_thread_blocked, id=39236, stack(0x000000060af00000,0x000000060b000000) (1024K)]
  0x000001a4ace42dc0 JavaThread "Timer-909"                         [_thread_blocked, id=39176, stack(0x000000060b200000,0x000000060b300000) (1024K)]
  0x000001a4ace3f940 JavaThread "Timer-910"                         [_thread_blocked, id=20696, stack(0x000000060b100000,0x000000060b200000) (1024K)]
  0x000001a4ace3e590 JavaThread "Worker-1385: Initialize workspace"        [_thread_blocked, id=2976, stack(0x000000060aa00000,0x000000060ab00000) (1024K)]
  0x000001a4ace44170 JavaThread "Timer-911"                         [_thread_blocked, id=29940, stack(0x000000060b400000,0x000000060b500000) (1024K)]
  0x000001a4ace44800 JavaThread "Timer-912"                         [_thread_blocked, id=39284, stack(0x000000060b500000,0x000000060b600000) (1024K)]
  0x000001a4ace46240 JavaThread "Timer-913"                         [_thread_blocked, id=39260, stack(0x000000060b700000,0x000000060b800000) (1024K)]
  0x000001a4ace43450 JavaThread "Timer-914"                         [_thread_blocked, id=2044, stack(0x000000060b600000,0x000000060b700000) (1024K)]
  0x000001a4ace44e90 JavaThread "Timer-915"                         [_thread_blocked, id=5528, stack(0x000000060b900000,0x000000060ba00000) (1024K)]
  0x000001a4ace45520 JavaThread "Timer-916"                         [_thread_blocked, id=29660, stack(0x000000060bb00000,0x000000060bc00000) (1024K)]
  0x000001a4ace45bb0 JavaThread "Timer-917"                         [_thread_blocked, id=26200, stack(0x000000060ba00000,0x000000060bb00000) (1024K)]
  0x000001a4ace46f60 JavaThread "Timer-918"                         [_thread_blocked, id=19236, stack(0x000000060b800000,0x000000060b900000) (1024K)]
  0x000001a4ace43ae0 JavaThread "Worker-1407: Initialize workspace"        [_thread_blocked, id=24884, stack(0x000000060b300000,0x000000060b400000) (1024K)]
  0x000001a4ace475f0 JavaThread "Timer-919"                         [_thread_blocked, id=27004, stack(0x000000060bd00000,0x000000060be00000) (1024K)]
  0x000001a4ace47c80 JavaThread "Timer-920"                         [_thread_blocked, id=32424, stack(0x000000060be00000,0x000000060bf00000) (1024K)]
  0x000001a4ace49030 JavaThread "Timer-921"                         [_thread_blocked, id=5264, stack(0x000000060c000000,0x000000060c100000) (1024K)]
  0x000001a4ace48310 JavaThread "Timer-922"                         [_thread_blocked, id=7100, stack(0x000000060bf00000,0x000000060c000000) (1024K)]
  0x000001a4ace496c0 JavaThread "Timer-923"                         [_thread_blocked, id=17056, stack(0x000000060c200000,0x000000060c300000) (1024K)]
  0x000001a4ace33460 JavaThread "Timer-924"                         [_thread_blocked, id=23308, stack(0x000000060c100000,0x000000060c200000) (1024K)]
  0x000001a4ace1f960 JavaThread "Timer-925"                         [_thread_blocked, id=10884, stack(0x000000060c400000,0x000000060c500000) (1024K)]
  0x000001a4a97db280 JavaThread "Timer-926"                         [_thread_blocked, id=23976, stack(0x000000060c300000,0x000000060c400000) (1024K)]
  0x000001a4ab0de850 JavaThread "Worker-1424: Initialize workspace"        [_thread_blocked, id=32524, stack(0x000000060bc00000,0x000000060bd00000) (1024K)]
  0x000001a4ace468d0 JavaThread "Timer-927"                         [_thread_blocked, id=37168, stack(0x000000060c600000,0x000000060c700000) (1024K)]
  0x000001a4a9b8aa30 JavaThread "Timer-928"                         [_thread_blocked, id=24764, stack(0x000000060c700000,0x000000060c800000) (1024K)]
  0x000001a4acd964f0 JavaThread "Timer-929"                         [_thread_blocked, id=25660, stack(0x000000060c800000,0x000000060c900000) (1024K)]
  0x000001a4acd94ab0 JavaThread "Timer-930"                         [_thread_blocked, id=12468, stack(0x000000060c900000,0x000000060ca00000) (1024K)]
  0x000001a4acd93700 JavaThread "Timer-931"                         [_thread_blocked, id=9256, stack(0x000000060cb00000,0x000000060cc00000) (1024K)]
  0x000001a4acd95e60 JavaThread "Timer-932"                         [_thread_blocked, id=24888, stack(0x000000060ca00000,0x000000060cb00000) (1024K)]
  0x000001a4acd93070 JavaThread "Timer-933"                         [_thread_blocked, id=3896, stack(0x000000060cd00000,0x000000060ce00000) (1024K)]
  0x000001a4acd96b80 JavaThread "Timer-934"                         [_thread_blocked, id=29184, stack(0x000000060cf00000,0x000000060d000000) (1024K)]
  0x000001a4acd93d90 JavaThread "Worker-1443: Initialize workspace"        [_thread_blocked, id=19796, stack(0x000000060cc00000,0x000000060cd00000) (1024K)]
  0x000001a4acd978a0 JavaThread "Timer-935"                         [_thread_blocked, id=22572, stack(0x000000060ce00000,0x000000060cf00000) (1024K)]
  0x000001a4acd97210 JavaThread "Timer-936"                         [_thread_blocked, id=26204, stack(0x000000060d000000,0x000000060d100000) (1024K)]
  0x000001a4acd97f30 JavaThread "Timer-937"                         [_thread_blocked, id=39180, stack(0x000000060d100000,0x000000060d200000) (1024K)]
  0x000001a4acd985c0 JavaThread "Timer-938"                         [_thread_blocked, id=39556, stack(0x000000060d200000,0x000000060d300000) (1024K)]
  0x000001a4acd95140 JavaThread "Timer-939"                         [_thread_blocked, id=16488, stack(0x000000060d400000,0x000000060d500000) (1024K)]
  0x000001a4acd9ad20 JavaThread "Timer-940"                         [_thread_blocked, id=39880, stack(0x000000060d300000,0x000000060d400000) (1024K)]
  0x000001a4acd99970 JavaThread "Timer-941"                         [_thread_blocked, id=39400, stack(0x000000060d600000,0x000000060d700000) (1024K)]
  0x000001a4acd9ba40 JavaThread "Timer-942"                         [_thread_blocked, id=9888, stack(0x000000060d800000,0x000000060d900000) (1024K)]
  0x000001a4acd98c50 JavaThread "Worker-1463: Initialize workspace"        [_thread_blocked, id=5344, stack(0x000000060c500000,0x000000060c600000) (1024K)]
  0x000001a4acd9a000 JavaThread "Timer-943"                         [_thread_blocked, id=19988, stack(0x000000060d700000,0x000000060d800000) (1024K)]
  0x000001a4acd992e0 JavaThread "Timer-944"                         [_thread_blocked, id=31000, stack(0x000000060d900000,0x000000060da00000) (1024K)]
  0x000001a4acd9b3b0 JavaThread "Timer-945"                         [_thread_blocked, id=38824, stack(0x000000060da00000,0x000000060db00000) (1024K)]
  0x000001a4acd9d480 JavaThread "Timer-946"                         [_thread_blocked, id=21028, stack(0x000000060db00000,0x000000060dc00000) (1024K)]
  0x000001a4acd9c760 JavaThread "Timer-947"                         [_thread_blocked, id=28148, stack(0x000000060dd00000,0x000000060de00000) (1024K)]
  0x000001a4acd9db10 JavaThread "Timer-948"                         [_thread_blocked, id=9384, stack(0x000000060dc00000,0x000000060dd00000) (1024K)]
  0x000001a4acd9c0d0 JavaThread "Timer-949"                         [_thread_blocked, id=39928, stack(0x000000060de00000,0x000000060df00000) (1024K)]
  0x000001a4acda0270 JavaThread "Timer-950"                         [_thread_blocked, id=37468, stack(0x000000060df00000,0x000000060e000000) (1024K)]
  0x000001a4acd957d0 JavaThread "Worker-1482: Initialize workspace"        [_thread_blocked, id=25124, stack(0x0000000608600000,0x0000000608700000) (1024K)]
  0x000001a4acd9a690 JavaThread "Timer-951"                         [_thread_blocked, id=27048, stack(0x000000060e100000,0x000000060e200000) (1024K)]
  0x000001a4acd9fbe0 JavaThread "Timer-952"                         [_thread_blocked, id=39440, stack(0x000000060e200000,0x000000060e300000) (1024K)]
  0x000001a4acd9e830 JavaThread "Timer-953"                         [_thread_blocked, id=27256, stack(0x000000060e300000,0x000000060e400000) (1024K)]
  0x000001a4acd9e1a0 JavaThread "Timer-954"                         [_thread_blocked, id=10796, stack(0x000000060e400000,0x000000060e500000) (1024K)]
  0x000001a4acda0f90 JavaThread "Timer-955"                         [_thread_blocked, id=20928, stack(0x000000060e600000,0x000000060e700000) (1024K)]
  0x000001a4acda2340 JavaThread "PatternSearchJob-worker-1"  daemon [_thread_blocked, id=4308, stack(0x000000060e900000,0x000000060ea00000) (1024K)]
  0x000001a4acd9eec0 JavaThread "PatternSearchJob-worker-2"  daemon [_thread_blocked, id=23212, stack(0x000000060ea00000,0x000000060eb00000) (1024K)]
  0x000001a4acda29d0 JavaThread "PatternSearchJob-worker-3"  daemon [_thread_blocked, id=26828, stack(0x000000060eb00000,0x000000060ec00000) (1024K)]
  0x000001a4acd9f550 JavaThread "PatternSearchJob-worker-4"  daemon [_thread_blocked, id=26484, stack(0x000000060ec00000,0x000000060ed00000) (1024K)]
  0x000001a4acda4aa0 JavaThread "PatternSearchJob-worker-5"  daemon [_thread_blocked, id=2736, stack(0x000000060ed00000,0x000000060ee00000) (1024K)]
  0x000001a4acda5130 JavaThread "PatternSearchJob-worker-6"  daemon [_thread_blocked, id=39240, stack(0x000000060ee00000,0x000000060ef00000) (1024K)]
  0x000001a4acda3d80 JavaThread "PatternSearchJob-worker-7"  daemon [_thread_blocked, id=28384, stack(0x000000060ef00000,0x000000060f000000) (1024K)]
  0x000001a4acda3060 JavaThread "Timer-956"                         [_thread_blocked, id=21720, stack(0x000000060e500000,0x000000060e600000) (1024K)]
  0x000001a4acda1620 JavaThread "Timer-957"                         [_thread_blocked, id=36752, stack(0x000000060e700000,0x000000060e800000) (1024K)]
  0x000001a4acda1cb0 JavaThread "Timer-958"                         [_thread_blocked, id=30344, stack(0x000000060e800000,0x000000060e900000) (1024K)]
  0x000001a4acd94420 JavaThread "Worker-1504: Initialize workspace"        [_thread_blocked, id=28656, stack(0x000000060d500000,0x000000060d600000) (1024K)]
  0x000001a4acda36f0 JavaThread "Timer-959"                         [_thread_blocked, id=31804, stack(0x000000060f100000,0x000000060f200000) (1024K)]
  0x000001a4acda0900 JavaThread "Timer-960"                         [_thread_blocked, id=24112, stack(0x000000060f200000,0x000000060f300000) (1024K)]
  0x000001a4acda6b70 JavaThread "Timer-961"                         [_thread_blocked, id=39104, stack(0x000000060f300000,0x000000060f400000) (1024K)]
  0x000001a4acda5e50 JavaThread "Timer-962"                         [_thread_blocked, id=25472, stack(0x000000060f400000,0x000000060f500000) (1024K)]
  0x000001a4acda64e0 JavaThread "Timer-963"                         [_thread_blocked, id=22968, stack(0x000000060f500000,0x000000060f600000) (1024K)]
  0x000001a4acda7200 JavaThread "Timer-964"                         [_thread_blocked, id=21888, stack(0x000000060f600000,0x000000060f700000) (1024K)]
  0x000001a4acdaad10 JavaThread "Timer-965"                         [_thread_blocked, id=28540, stack(0x000000060f700000,0x000000060f800000) (1024K)]
  0x000001a4acdaba30 JavaThread "Timer-966"                         [_thread_blocked, id=25236, stack(0x000000060ff00000,0x0000000610000000) (1024K)]
  0x000001a4acda57c0 JavaThread "Worker-1522: Initialize workspace"        [_thread_blocked, id=15532, stack(0x000000060f000000,0x000000060f100000) (1024K)]
  0x000001a4acdab3a0 JavaThread "Timer-967"                         [_thread_blocked, id=38296, stack(0x000000060fa00000,0x000000060fb00000) (1024K)]
  0x000001a4acda85b0 JavaThread "Timer-968"                         [_thread_blocked, id=16648, stack(0x000000060fd00000,0x000000060fe00000) (1024K)]
  0x000001a4acda9960 JavaThread "Timer-969"                         [_thread_blocked, id=35356, stack(0x0000000610000000,0x0000000610100000) (1024K)]
  0x000001a4acda9ff0 JavaThread "Timer-970"                         [_thread_blocked, id=39848, stack(0x000000060fe00000,0x000000060ff00000) (1024K)]
  0x000001a4acdaa680 JavaThread "Timer-971"                         [_thread_blocked, id=39360, stack(0x0000000610200000,0x0000000610300000) (1024K)]
  0x000001a4acda7f20 JavaThread "Timer-972"                         [_thread_blocked, id=6712, stack(0x0000000610100000,0x0000000610200000) (1024K)]
  0x000001a4acdac0c0 JavaThread "Timer-973"                         [_thread_blocked, id=38932, stack(0x0000000610400000,0x0000000610500000) (1024K)]
  0x000001a4acdacde0 JavaThread "Timer-974"                         [_thread_blocked, id=27740, stack(0x0000000610500000,0x0000000610600000) (1024K)]
  0x000001a4acda7890 JavaThread "Worker-1540: Initialize workspace"        [_thread_blocked, id=39508, stack(0x000000060f800000,0x000000060f900000) (1024K)]
  0x000001a4acdac750 JavaThread "Timer-975"                         [_thread_blocked, id=2644, stack(0x000000060fc00000,0x000000060fd00000) (1024K)]
  0x000001a4acda8c40 JavaThread "Timer-976"                         [_thread_blocked, id=24232, stack(0x000000060fb00000,0x000000060fc00000) (1024K)]
  0x000001a4acda92d0 JavaThread "Timer-977"                         [_thread_blocked, id=24568, stack(0x0000000610600000,0x0000000610700000) (1024K)]
  0x000001a4acdb0260 JavaThread "Timer-978"                         [_thread_blocked, id=36720, stack(0x0000000610300000,0x0000000610400000) (1024K)]
  0x000001a4acdae820 JavaThread "Timer-979"                         [_thread_blocked, id=16592, stack(0x0000000610800000,0x0000000610900000) (1024K)]
  0x000001a4acdb08f0 JavaThread "Timer-980"                         [_thread_blocked, id=24992, stack(0x0000000610700000,0x0000000610800000) (1024K)]
  0x000001a4acdaf540 JavaThread "Timer-981"                         [_thread_blocked, id=22136, stack(0x0000000610a00000,0x0000000610b00000) (1024K)]
  0x000001a4acdaeeb0 JavaThread "Exec process Thread 13"            [_thread_blocked, id=37852, stack(0x0000000610d00000,0x0000000610e00000) (1024K)]
  0x000001a4acdad470 JavaThread "Exec process Thread 14"            [_thread_blocked, id=10736, stack(0x0000000610900000,0x0000000610a00000) (1024K)]
  0x000001a4acdadb00 JavaThread "Exec process Thread 15"            [_thread_blocked, id=19016, stack(0x0000000610c00000,0x0000000610d00000) (1024K)]
  0x000001a4acda4410 JavaThread "Worker-1558: Initialize workspace"        [_thread_blocked, id=24792, stack(0x000000060f900000,0x000000060fa00000) (1024K)]
  0x000001a4b57ad020 JavaThread "C2 CompilerThread1"         daemon [_thread_blocked, id=34420, stack(0x0000000611600000,0x0000000611700000) (1024K)]
  0x000001a4acdb1ca0 JavaThread "Worker-1573: Initialize Workspace"        [_thread_blocked, id=39196, stack(0x0000000611900000,0x0000000611a00000) (1024K)]
  0x000001a4acdb4400 JavaThread "ProjectImportProgressReporter" daemon [_thread_blocked, id=13236, stack(0x0000000611100000,0x0000000611200000) (1024K)]
  0x000001a4acdb2330 JavaThread "Worker-1578: Check JDK Index"        [_thread_blocked, id=35524, stack(0x0000000611300000,0x0000000611400000) (1024K)]
  0x000001a4acdb1610 JavaThread "Worker-1581: Check JDK Index"        [_thread_blocked, id=32948, stack(0x0000000610f00000,0x0000000611000000) (1024K)]
  0x000001a4acdae190 JavaThread "Worker-1582: Check JDK Index"        [_thread_blocked, id=20628, stack(0x0000000611000000,0x0000000611100000) (1024K)]
  0x000001a4acdb0f80 JavaThread "Worker-1590: Check JDK Index"        [_thread_blocked, id=2892, stack(0x0000000611500000,0x0000000611600000) (1024K)]
  0x000001a4acdafbd0 JavaThread "Worker-1593: Check JDK Index"        [_thread_blocked, id=23432, stack(0x0000000610e00000,0x0000000610f00000) (1024K)]
  0x000001a4acdb5e40 JavaThread "Worker-1595: Check JDK Index"        [_thread_blocked, id=39204, stack(0x000000060e000000,0x000000060e100000) (1024K)]
  0x000001a4acdb4a90 JavaThread "Worker-1596: Check JDK Index"        [_thread_blocked, id=39044, stack(0x0000000611200000,0x0000000611300000) (1024K)]
  0x000001a4acdb64d0 JavaThread "Worker-1597: Check JDK Index"        [_thread_blocked, id=20568, stack(0x0000000611700000,0x0000000611800000) (1024K)]
  0x000001a4acdb6b60 JavaThread "Worker-1599: Check JDK Index"        [_thread_blocked, id=20688, stack(0x0000000611800000,0x0000000611900000) (1024K)]
  0x000001a4acdb36e0 JavaThread "Worker-1601: Check JDK Index"        [_thread_blocked, id=27180, stack(0x0000000610b00000,0x0000000610c00000) (1024K)]
  0x000001a4acdb5120 JavaThread "Worker-1602: Check JDK Index"        [_thread_blocked, id=9436, stack(0x0000000611a00000,0x0000000611b00000) (1024K)]
  0x000001a4acdb29c0 JavaThread "Worker-1604"                       [_thread_blocked, id=35284, stack(0x0000000611400000,0x0000000611500000) (1024K)]
Total: 1160

Other Threads:
  0x000001a454e72a30 VMThread "VM Thread"                           [id=29148, stack(0x0000000648300000,0x0000000648400000) (1024K)]
  0x000001a43e48bd70 WatcherThread "VM Periodic Task Thread"        [id=35292, stack(0x0000000648200000,0x0000000648300000) (1024K)]
  0x000001a43e43bba0 WorkerThread "GC Thread#0"                     [id=30564, stack(0x0000000648100000,0x0000000648200000) (1024K)]
  0x000001a49c713d50 WorkerThread "GC Thread#1"                     [id=22040, stack(0x0000000648e00000,0x0000000648f00000) (1024K)]
  0x000001a49c273720 WorkerThread "GC Thread#2"                     [id=20844, stack(0x0000000648f00000,0x0000000649000000) (1024K)]
  0x000001a49c273ad0 WorkerThread "GC Thread#3"                     [id=17748, stack(0x0000000649000000,0x0000000649100000) (1024K)]
  0x000001a49c12c890 WorkerThread "GC Thread#4"                     [id=6572, stack(0x0000000649100000,0x0000000649200000) (1024K)]
  0x000001a49c12cc40 WorkerThread "GC Thread#5"                     [id=20092, stack(0x0000000649200000,0x0000000649300000) (1024K)]
  0x000001a49c2bef70 WorkerThread "GC Thread#6"                     [id=20116, stack(0x0000000649300000,0x0000000649400000) (1024K)]
  0x000001a4979de980 WorkerThread "GC Thread#7"                     [id=3148, stack(0x0000000649500000,0x0000000649600000) (1024K)]
Total: 10

Threads with active compile tasks:
C2 CompilerThread0  3819668 21547       4       org.eclipse.core.internal.jobs.JobManager::startJob (89 bytes)
C2 CompilerThread1  3819668 21580       4       org.eclipse.jdt.internal.core.search.PatternSearchJob::search (36 bytes)
Total: 2

VM state: at safepoint (normal execution)

VM Mutex/Monitor currently owned by a thread:  ([mutex/lock_event])
[0x00007ffa314ff5b0] Threads_lock - owner thread: 0x000001a454e72a30
[0x00007ffa314ff6b0] Heap_lock - owner thread: 0x000001a4acdb1610
[0x00007ffa314ffb30] PSOldGenExpand_lock - owner thread: 0x000001a49c713d50

Heap address: 0x0000000080000000, size: 2048 MB, Compressed Oops mode: 32-bit

CDS archive(s) mapped at: [0x000001a455000000-0x000001a455ba0000-0x000001a455ba0000), size 12189696, SharedBaseAddress: 0x000001a455000000, ArchiveRelocationMode: 1.
Compressed class space mapped at: 0x000001a456000000-0x000001a496000000, reserved size: 1073741824
Narrow klass base: 0x000001a455000000, Narrow klass shift: 0, Narrow klass range: 0x100000000

GC Precious Log:
 CardTable entry size: 512
 CPUs: 8 total, 8 available
 Memory: 16107M
 Large Page Support: Disabled
 NUMA Support: Disabled
 Compressed Oops: Enabled (32-bit)
 Alignments: Space 512K, Generation 512K, Heap 2M
 Heap Min Capacity: 100M
 Heap Initial Capacity: 100M
 Heap Max Capacity: 2G
 Pre-touch: Disabled
 Parallel Workers: 8

Heap:
 PSYoungGen      total 26624K, used 26624K [0x00000000d5580000, 0x00000000d7180000, 0x0000000100000000)
  eden space 25600K, 100% used [0x00000000d5580000,0x00000000d6e80000,0x00000000d6e80000)
  from space 1024K, 100% used [0x00000000d6e80000,0x00000000d6f80000,0x00000000d6f80000)
  to   space 1024K, 3% used [0x00000000d6f80000,0x00000000d6f88000,0x00000000d7080000)
 ParOldGen       total 1013248K, used 1013244K [0x0000000080000000, 0x00000000bdd80000, 0x00000000d5580000)
  object space 1013248K, 99% used [0x0000000080000000,0x00000000bdd7f088,0x00000000bdd80000)
 Metaspace       used 88482K, committed 90432K, reserved 1179648K
  class space    used 10074K, committed 11072K, reserved 1048576K

Card table byte_map: [0x000001a43ddc0000,0x000001a43e1d0000] _byte_map_base: 0x000001a43d9c0000

Marking Bits: (ParMarkBitMap*) 0x00007ffa315044a0
 Begin Bits: [0x000001a4508d0000, 0x000001a4528d0000)
 End Bits:   [0x000001a4528d0000, 0x000001a4548d0000)

Polling page: 0x000001a43c5f0000

Metaspace:

Usage:
  Non-class:     76.57 MB used.
      Class:      9.84 MB used.
       Both:     86.41 MB used.

Virtual space:
  Non-class space:      128.00 MB reserved,      77.50 MB ( 61%) committed,  2 nodes.
      Class space:        1.00 GB reserved,      10.81 MB (  1%) committed,  1 nodes.
             Both:        1.12 GB reserved,      88.31 MB (  8%) committed. 

Chunk freelists:
   Non-Class:  1.92 MB
       Class:  5.41 MB
        Both:  7.33 MB

MaxMetaspaceSize: unlimited
CompressedClassSpaceSize: 1.00 GB
Initial GC threshold: 21.00 MB
Current GC threshold: 146.50 MB
CDS: on
 - commit_granule_bytes: 65536.
 - commit_granule_words: 8192.
 - virtual_space_node_default_size: 8388608.
 - enlarge_chunks_in_place: 1.
 - use_allocation_guard: 0.


Internal statistics:

num_allocs_failed_limit: 9.
num_arena_births: 2150.
num_arena_deaths: 498.
num_vsnodes_births: 3.
num_vsnodes_deaths: 0.
num_space_committed: 1413.
num_space_uncommitted: 0.
num_chunks_returned_to_freelist: 568.
num_chunks_taken_from_freelist: 6848.
num_chunk_merges: 162.
num_chunk_splits: 3967.
num_chunks_enlarged: 2080.
num_inconsistent_stats: 0.

CodeHeap 'non-profiled nmethods': size=120000Kb used=18267Kb max_used=19600Kb free=101732Kb
 bounds [0x000001a4490f0000, 0x000001a44a420000, 0x000001a450620000]
CodeHeap 'profiled nmethods': size=120000Kb used=32230Kb max_used=44354Kb free=87769Kb
 bounds [0x000001a441620000, 0x000001a444180000, 0x000001a448b50000]
CodeHeap 'non-nmethods': size=5760Kb used=1459Kb max_used=1548Kb free=4300Kb
 bounds [0x000001a448b50000, 0x000001a448dc0000, 0x000001a4490f0000]
CodeCache: size=245760Kb, used=51956Kb, max_used=65502Kb, free=193801Kb
 total_blobs=16127, nmethods=15362, adapters=670, full_count=0
Compilation: enabled, stopped_count=0, restarted_count=0

Compilation events (20 events):
Event: 3816.409 Thread 0x000001a4977eb000 21577       3       org.eclipse.debug.core.DebugPlugin::getDefault (4 bytes)
Event: 3816.409 Thread 0x000001a4977eb000 nmethod 21577 0x000001a4419f5310 code [0x000001a4419f54a0, 0x000001a4419f5598]
Event: 3816.412 Thread 0x000001a4b57ad020 nmethod 21557 0x000001a449991990 code [0x000001a449991b60, 0x000001a449992148]
Event: 3816.426 Thread 0x000001a4b57ad020 21578       4       org.eclipse.jdt.internal.core.search.PatternSearchJob$$Lambda/0x000001a456a256a8::call (16 bytes)
Event: 3816.455 Thread 0x000001a4977eb000 21583       3       java.util.TreeMap$TreeMapSpliterator::getEstimate (68 bytes)
Event: 3816.456 Thread 0x000001a4977eb000 nmethod 21583 0x000001a44235cf10 code [0x000001a44235d100, 0x000001a44235d590]
Event: 3816.456 Thread 0x000001a4977eb000 21584       3       java.lang.Math::multiplyExact (27 bytes)
Event: 3816.457 Thread 0x000001a4977eb000 nmethod 21584 0x000001a442089810 code [0x000001a4420899c0, 0x000001a442089bc0]
Event: 3818.486 Thread 0x000001a4977eb000 21585   !   3       java.lang.Boolean::getBoolean (16 bytes)
Event: 3818.487 Thread 0x000001a4b57ad020 nmethod 21578 0x000001a449474910 code [0x000001a449474d20, 0x000001a449477df0]
Event: 3818.487 Thread 0x000001a4b57ad020 21579       4       java.util.concurrent.ForkJoinPool$WorkQueue::tryPoll (104 bytes)
Event: 3818.488 Thread 0x000001a4977eb000 nmethod 21585 0x000001a441f43f90 code [0x000001a441f44180, 0x000001a441f445b8]
Event: 3818.490 Thread 0x000001a4b57ad020 nmethod 21579 0x000001a449d25490 code [0x000001a449d25620, 0x000001a449d25768]
Event: 3818.490 Thread 0x000001a4b57ad020 21581       4       java.util.concurrent.ForkJoinPool$WorkQueue::nextLocalTask (151 bytes)
Event: 3818.490 Thread 0x000001a4b57ad020 nmethod 21581 0x000001a4497d0490 code [0x000001a4497d0620, 0x000001a4497d06f8]
Event: 3818.490 Thread 0x000001a4b57ad020 21582       4       org.eclipse.jdt.internal.core.search.PatternSearchJob$$Lambda/0x000001a456a256a8::<init> (20 bytes)
Event: 3818.491 Thread 0x000001a4b57ad020 nmethod 21582 0x000001a4498e3590 code [0x000001a4498e3720, 0x000001a4498e37d0]
Event: 3818.491 Thread 0x000001a4b57ad020 21580       4       org.eclipse.jdt.internal.core.search.PatternSearchJob::search (36 bytes)
Event: 3818.495 Thread 0x000001a4977eb000 21587       3       java.util.ServiceLoader$3::hasNext (38 bytes)
Event: 3818.496 Thread 0x000001a4977eb000 nmethod 21587 0x000001a44247d610 code [0x000001a44247d800, 0x000001a44247dc98]

GC Heap History (20 events):
Event: 3815.252 GC heap before
{Heap before GC invocations=115929 (full 6):
 PSYoungGen      total 23040K, used 23038K [0x00000000d5580000, 0x00000000d7080000, 0x0000000100000000)
  eden space 21504K, 100% used [0x00000000d5580000,0x00000000d6a80000,0x00000000d6a80000)
  from space 1536K, 99% used [0x00000000d6b80000,0x00000000d6cff9a0,0x00000000d6d00000)
  to   space 3072K, 0% used [0x00000000d6d80000,0x00000000d6d80000,0x00000000d7080000)
 ParOldGen       total 1000960K, used 1000501K [0x0000000080000000, 0x00000000bd180000, 0x00000000d5580000)
  object space 1000960K, 99% used [0x0000000080000000,0x00000000bd10d5f0,0x00000000bd180000)
 Metaspace       used 88457K, committed 90432K, reserved 1179648K
  class space    used 10074K, committed 11072K, reserved 1048576K
}
Event: 3815.257 GC heap after
{Heap after GC invocations=115929 (full 6):
 PSYoungGen      total 22528K, used 3046K [0x00000000d5580000, 0x00000000d7480000, 0x0000000100000000)
  eden space 19456K, 0% used [0x00000000d5580000,0x00000000d5580000,0x00000000d6880000)
  from space 3072K, 99% used [0x00000000d6d80000,0x00000000d70799f0,0x00000000d7080000)
  to   space 5120K, 0% used [0x00000000d6880000,0x00000000d6880000,0x00000000d6d80000)
 ParOldGen       total 1001984K, used 1001741K [0x0000000080000000, 0x00000000bd280000, 0x00000000d5580000)
  object space 1001984K, 99% used [0x0000000080000000,0x00000000bd243650,0x00000000bd280000)
 Metaspace       used 88457K, committed 90432K, reserved 1179648K
  class space    used 10074K, committed 11072K, reserved 1048576K
}
Event: 3815.304 GC heap before
{Heap before GC invocations=115930 (full 6):
 PSYoungGen      total 22528K, used 22502K [0x00000000d5580000, 0x00000000d7480000, 0x0000000100000000)
  eden space 19456K, 100% used [0x00000000d5580000,0x00000000d6880000,0x00000000d6880000)
  from space 3072K, 99% used [0x00000000d6d80000,0x00000000d70799f0,0x00000000d7080000)
  to   space 5120K, 0% used [0x00000000d6880000,0x00000000d6880000,0x00000000d6d80000)
 ParOldGen       total 1001984K, used 1001741K [0x0000000080000000, 0x00000000bd280000, 0x00000000d5580000)
  object space 1001984K, 99% used [0x0000000080000000,0x00000000bd243650,0x00000000bd280000)
 Metaspace       used 88463K, committed 90432K, reserved 1179648K
  class space    used 10074K, committed 11072K, reserved 1048576K
}
Event: 3815.309 GC heap after
{Heap after GC invocations=115930 (full 6):
 PSYoungGen      total 20480K, used 862K [0x00000000d5580000, 0x00000000d6e00000, 0x0000000100000000)
  eden space 19456K, 0% used [0x00000000d5580000,0x00000000d5580000,0x00000000d6880000)
  from space 1024K, 84% used [0x00000000d6880000,0x00000000d69579a0,0x00000000d6980000)
  to   space 2560K, 0% used [0x00000000d6b80000,0x00000000d6b80000,0x00000000d6e00000)
 ParOldGen       total 1004544K, used 1004334K [0x0000000080000000, 0x00000000bd500000, 0x00000000d5580000)
  object space 1004544K, 99% used [0x0000000080000000,0x00000000bd4cb8e8,0x00000000bd500000)
 Metaspace       used 88463K, committed 90432K, reserved 1179648K
  class space    used 10074K, committed 11072K, reserved 1048576K
}
Event: 3815.329 GC heap before
{Heap before GC invocations=115931 (full 6):
 PSYoungGen      total 20480K, used 20318K [0x00000000d5580000, 0x00000000d6e00000, 0x0000000100000000)
  eden space 19456K, 100% used [0x00000000d5580000,0x00000000d6880000,0x00000000d6880000)
  from space 1024K, 84% used [0x00000000d6880000,0x00000000d69579a0,0x00000000d6980000)
  to   space 2560K, 0% used [0x00000000d6b80000,0x00000000d6b80000,0x00000000d6e00000)
 ParOldGen       total 1004544K, used 1004334K [0x0000000080000000, 0x00000000bd500000, 0x00000000d5580000)
  object space 1004544K, 99% used [0x0000000080000000,0x00000000bd4cb8e8,0x00000000bd500000)
 Metaspace       used 88463K, committed 90432K, reserved 1179648K
  class space    used 10074K, committed 11072K, reserved 1048576K
}
Event: 3815.333 GC heap after
{Heap after GC invocations=115931 (full 6):
 PSYoungGen      total 19968K, used 355K [0x00000000d5580000, 0x00000000d6c00000, 0x0000000100000000)
  eden space 19456K, 0% used [0x00000000d5580000,0x00000000d5580000,0x00000000d6880000)
  from space 512K, 69% used [0x00000000d6b80000,0x00000000d6bd8fa0,0x00000000d6c00000)
  to   space 1024K, 0% used [0x00000000d6a00000,0x00000000d6a00000,0x00000000d6b00000)
 ParOldGen       total 1005056K, used 1004565K [0x0000000080000000, 0x00000000bd580000, 0x00000000d5580000)
  object space 1005056K, 99% used [0x0000000080000000,0x00000000bd5056a0,0x00000000bd580000)
 Metaspace       used 88463K, committed 90432K, reserved 1179648K
  class space    used 10074K, committed 11072K, reserved 1048576K
}
Event: 3815.364 GC heap before
{Heap before GC invocations=115932 (full 6):
 PSYoungGen      total 19968K, used 19811K [0x00000000d5580000, 0x00000000d6c00000, 0x0000000100000000)
  eden space 19456K, 99% used [0x00000000d5580000,0x00000000d687ffb0,0x00000000d6880000)
  from space 512K, 69% used [0x00000000d6b80000,0x00000000d6bd8fa0,0x00000000d6c00000)
  to   space 1024K, 0% used [0x00000000d6a00000,0x00000000d6a00000,0x00000000d6b00000)
 ParOldGen       total 1005056K, used 1004565K [0x0000000080000000, 0x00000000bd580000, 0x00000000d5580000)
  object space 1005056K, 99% used [0x0000000080000000,0x00000000bd5056a0,0x00000000bd580000)
 Metaspace       used 88472K, committed 90432K, reserved 1179648K
  class space    used 10074K, committed 11072K, reserved 1048576K
}
Event: 3815.368 GC heap after
{Heap after GC invocations=115932 (full 6):
 PSYoungGen      total 20480K, used 999K [0x00000000d5580000, 0x00000000d6c80000, 0x0000000100000000)
  eden space 19456K, 0% used [0x00000000d5580000,0x00000000d5580000,0x00000000d6880000)
  from space 1024K, 97% used [0x00000000d6a00000,0x00000000d6af9cb0,0x00000000d6b00000)
  to   space 1536K, 0% used [0x00000000d6b00000,0x00000000d6b00000,0x00000000d6c80000)
 ParOldGen       total 1005056K, used 1004933K [0x0000000080000000, 0x00000000bd580000, 0x00000000d5580000)
  object space 1005056K, 99% used [0x0000000080000000,0x00000000bd5616e0,0x00000000bd580000)
 Metaspace       used 88472K, committed 90432K, reserved 1179648K
  class space    used 10074K, committed 11072K, reserved 1048576K
}
Event: 3815.383 GC heap before
{Heap before GC invocations=115933 (full 6):
 PSYoungGen      total 20480K, used 20455K [0x00000000d5580000, 0x00000000d6c80000, 0x0000000100000000)
  eden space 19456K, 100% used [0x00000000d5580000,0x00000000d6880000,0x00000000d6880000)
  from space 1024K, 97% used [0x00000000d6a00000,0x00000000d6af9cb0,0x00000000d6b00000)
  to   space 1536K, 0% used [0x00000000d6b00000,0x00000000d6b00000,0x00000000d6c80000)
 ParOldGen       total 1005056K, used 1004933K [0x0000000080000000, 0x00000000bd580000, 0x00000000d5580000)
  object space 1005056K, 99% used [0x0000000080000000,0x00000000bd5616e0,0x00000000bd580000)
 Metaspace       used 88475K, committed 90432K, reserved 1179648K
  class space    used 10074K, committed 11072K, reserved 1048576K
}
Event: 3815.388 GC heap after
{Heap after GC invocations=115933 (full 6):
 PSYoungGen      total 18944K, used 1536K [0x00000000d5580000, 0x00000000d7180000, 0x0000000100000000)
  eden space 17408K, 0% used [0x00000000d5580000,0x00000000d5580000,0x00000000d6680000)
  from space 1536K, 100% used [0x00000000d6b00000,0x00000000d6c80000,0x00000000d6c80000)
  to   space 4608K, 0% used [0x00000000d6680000,0x00000000d6680000,0x00000000d6b00000)
 ParOldGen       total 1007616K, used 1007223K [0x0000000080000000, 0x00000000bd800000, 0x00000000d5580000)
  object space 1007616K, 99% used [0x0000000080000000,0x00000000bd79df48,0x00000000bd800000)
 Metaspace       used 88475K, committed 90432K, reserved 1179648K
  class space    used 10074K, committed 11072K, reserved 1048576K
}
Event: 3815.399 GC heap before
{Heap before GC invocations=115934 (full 6):
 PSYoungGen      total 18944K, used 18944K [0x00000000d5580000, 0x00000000d7180000, 0x0000000100000000)
  eden space 17408K, 100% used [0x00000000d5580000,0x00000000d6680000,0x00000000d6680000)
  from space 1536K, 100% used [0x00000000d6b00000,0x00000000d6c80000,0x00000000d6c80000)
  to   space 4608K, 0% used [0x00000000d6680000,0x00000000d6680000,0x00000000d6b00000)
 ParOldGen       total 1007616K, used 1007223K [0x0000000080000000, 0x00000000bd800000, 0x00000000d5580000)
  object space 1007616K, 99% used [0x0000000080000000,0x00000000bd79df48,0x00000000bd800000)
 Metaspace       used 88477K, committed 90432K, reserved 1179648K
  class space    used 10074K, committed 11072K, reserved 1048576K
}
Event: 3816.403 GC heap after
{Heap after GC invocations=115934 (full 6):
 PSYoungGen      total 22016K, used 421K [0x00000000d5580000, 0x00000000d6e00000, 0x0000000100000000)
  eden space 17408K, 0% used [0x00000000d5580000,0x00000000d5580000,0x00000000d6680000)
  from space 4608K, 9% used [0x00000000d6680000,0x00000000d66e96b0,0x00000000d6b00000)
  to   space 2048K, 0% used [0x00000000d6c00000,0x00000000d6c00000,0x00000000d6e00000)
 ParOldGen       total 1009152K, used 1008775K [0x0000000080000000, 0x00000000bd980000, 0x00000000d5580000)
  object space 1009152K, 99% used [0x0000000080000000,0x00000000bd921cf0,0x00000000bd980000)
 Metaspace       used 88477K, committed 90432K, reserved 1179648K
  class space    used 10074K, committed 11072K, reserved 1048576K
}
Event: 3816.429 GC heap before
{Heap before GC invocations=115935 (full 6):
 PSYoungGen      total 22016K, used 17829K [0x00000000d5580000, 0x00000000d6e00000, 0x0000000100000000)
  eden space 17408K, 100% used [0x00000000d5580000,0x00000000d6680000,0x00000000d6680000)
  from space 4608K, 9% used [0x00000000d6680000,0x00000000d66e96b0,0x00000000d6b00000)
  to   space 2048K, 0% used [0x00000000d6c00000,0x00000000d6c00000,0x00000000d6e00000)
 ParOldGen       total 1009152K, used 1008775K [0x0000000080000000, 0x00000000bd980000, 0x00000000d5580000)
  object space 1009152K, 99% used [0x0000000080000000,0x00000000bd921cf0,0x00000000bd980000)
 Metaspace       used 88480K, committed 90432K, reserved 1179648K
  class space    used 10074K, committed 11072K, reserved 1048576K
}
Event: 3816.431 GC heap after
{Heap after GC invocations=115935 (full 6):
 PSYoungGen      total 22016K, used 670K [0x00000000d5580000, 0x00000000d6d00000, 0x0000000100000000)
  eden space 20992K, 0% used [0x00000000d5580000,0x00000000d5580000,0x00000000d6a00000)
  from space 1024K, 65% used [0x00000000d6c00000,0x00000000d6ca7928,0x00000000d6d00000)
  to   space 1024K, 0% used [0x00000000d6b00000,0x00000000d6b00000,0x00000000d6c00000)
 ParOldGen       total 1009152K, used 1009051K [0x0000000080000000, 0x00000000bd980000, 0x00000000d5580000)
  object space 1009152K, 99% used [0x0000000080000000,0x00000000bd966f50,0x00000000bd980000)
 Metaspace       used 88480K, committed 90432K, reserved 1179648K
  class space    used 10074K, committed 11072K, reserved 1048576K
}
Event: 3816.438 GC heap before
{Heap before GC invocations=115936 (full 6):
 PSYoungGen      total 22016K, used 21662K [0x00000000d5580000, 0x00000000d6d00000, 0x0000000100000000)
  eden space 20992K, 100% used [0x00000000d5580000,0x00000000d6a00000,0x00000000d6a00000)
  from space 1024K, 65% used [0x00000000d6c00000,0x00000000d6ca7928,0x00000000d6d00000)
  to   space 1024K, 0% used [0x00000000d6b00000,0x00000000d6b00000,0x00000000d6c00000)
 ParOldGen       total 1009152K, used 1009051K [0x0000000080000000, 0x00000000bd980000, 0x00000000d5580000)
  object space 1009152K, 99% used [0x0000000080000000,0x00000000bd966f50,0x00000000bd980000)
 Metaspace       used 88480K, committed 90432K, reserved 1179648K
  class space    used 10074K, committed 11072K, reserved 1048576K
}
Event: 3816.440 GC heap after
{Heap after GC invocations=115936 (full 6):
 PSYoungGen      total 23040K, used 734K [0x00000000d5580000, 0x00000000d7080000, 0x0000000100000000)
  eden space 22016K, 0% used [0x00000000d5580000,0x00000000d5580000,0x00000000d6b00000)
  from space 1024K, 71% used [0x00000000d6b00000,0x00000000d6bb7960,0x00000000d6c00000)
  to   space 1024K, 0% used [0x00000000d6f80000,0x00000000d6f80000,0x00000000d7080000)
 ParOldGen       total 1009664K, used 1009639K [0x0000000080000000, 0x00000000bda00000, 0x00000000d5580000)
  object space 1009664K, 99% used [0x0000000080000000,0x00000000bd9f9c38,0x00000000bda00000)
 Metaspace       used 88480K, committed 90432K, reserved 1179648K
  class space    used 10074K, committed 11072K, reserved 1048576K
}
Event: 3816.451 GC heap before
{Heap before GC invocations=115937 (full 6):
 PSYoungGen      total 23040K, used 22750K [0x00000000d5580000, 0x00000000d7080000, 0x0000000100000000)
  eden space 22016K, 100% used [0x00000000d5580000,0x00000000d6b00000,0x00000000d6b00000)
  from space 1024K, 71% used [0x00000000d6b00000,0x00000000d6bb7960,0x00000000d6c00000)
  to   space 1024K, 0% used [0x00000000d6f80000,0x00000000d6f80000,0x00000000d7080000)
 ParOldGen       total 1009664K, used 1009639K [0x0000000080000000, 0x00000000bda00000, 0x00000000d5580000)
  object space 1009664K, 99% used [0x0000000080000000,0x00000000bd9f9c38,0x00000000bda00000)
 Metaspace       used 88480K, committed 90432K, reserved 1179648K
  class space    used 10074K, committed 11072K, reserved 1048576K
}
Event: 3816.453 GC heap after
{Heap after GC invocations=115937 (full 6):
 PSYoungGen      total 26624K, used 560K [0x00000000d5580000, 0x00000000d7180000, 0x0000000100000000)
  eden space 25600K, 0% used [0x00000000d5580000,0x00000000d5580000,0x00000000d6e80000)
  from space 1024K, 54% used [0x00000000d6f80000,0x00000000d700c010,0x00000000d7080000)
  to   space 1024K, 0% used [0x00000000d6e80000,0x00000000d6e80000,0x00000000d6f80000)
 ParOldGen       total 1010688K, used 1010285K [0x0000000080000000, 0x00000000bdb00000, 0x00000000d5580000)
  object space 1010688K, 99% used [0x0000000080000000,0x00000000bda9b598,0x00000000bdb00000)
 Metaspace       used 88480K, committed 90432K, reserved 1179648K
  class space    used 10074K, committed 11072K, reserved 1048576K
}
Event: 3816.470 GC heap before
{Heap before GC invocations=115938 (full 6):
 PSYoungGen      total 26624K, used 26160K [0x00000000d5580000, 0x00000000d7180000, 0x0000000100000000)
  eden space 25600K, 100% used [0x00000000d5580000,0x00000000d6e80000,0x00000000d6e80000)
  from space 1024K, 54% used [0x00000000d6f80000,0x00000000d700c010,0x00000000d7080000)
  to   space 1024K, 0% used [0x00000000d6e80000,0x00000000d6e80000,0x00000000d6f80000)
 ParOldGen       total 1010688K, used 1010285K [0x0000000080000000, 0x00000000bdb00000, 0x00000000d5580000)
  object space 1010688K, 99% used [0x0000000080000000,0x00000000bda9b598,0x00000000bdb00000)
 Metaspace       used 88481K, committed 90432K, reserved 1179648K
  class space    used 10074K, committed 11072K, reserved 1048576K
}
Event: 3818.484 GC heap after
{Heap after GC invocations=115938 (full 6):
 PSYoungGen      total 26624K, used 1024K [0x00000000d5580000, 0x00000000d7180000, 0x0000000100000000)
  eden space 25600K, 0% used [0x00000000d5580000,0x00000000d5580000,0x00000000d6e80000)
  from space 1024K, 100% used [0x00000000d6e80000,0x00000000d6f80000,0x00000000d6f80000)
  to   space 1024K, 0% used [0x00000000d6f80000,0x00000000d6f80000,0x00000000d7080000)
 ParOldGen       total 1013248K, used 1013192K [0x0000000080000000, 0x00000000bdd80000, 0x00000000d5580000)
  object space 1013248K, 99% used [0x0000000080000000,0x00000000bdd720e8,0x00000000bdd80000)
 Metaspace       used 88481K, committed 90432K, reserved 1179648K
  class space    used 10074K, committed 11072K, reserved 1048576K
}

Dll operation events (20 events):
Event: 3.001 Attempting to load shared library C:\Users\user\.vscode\extensions\redhat.java-1.56.0-win32-x64\jre\21.0.12.1-win32-x86_64\bin\zip.dll
Event: 3.002 Loaded shared library C:\Users\user\.vscode\extensions\redhat.java-1.56.0-win32-x64\jre\21.0.12.1-win32-x86_64\bin\zip.dll
Event: 3.375 Attempting to load shared library C:\Users\user\.vscode\extensions\redhat.java-1.56.0-win32-x64\jre\21.0.12.1-win32-x86_64\bin\jimage.dll
Event: 3.375 Loaded shared library C:\Users\user\.vscode\extensions\redhat.java-1.56.0-win32-x64\jre\21.0.12.1-win32-x86_64\bin\jimage.dll
Event: 6.410 Attempting to load shared library c:\Users\user\.vscode\extensions\redhat.java-1.56.0-win32-x64\jre\21.0.12.1-win32-x86_64\bin\verify.dll
Event: 6.440 Loaded shared library c:\Users\user\.vscode\extensions\redhat.java-1.56.0-win32-x64\jre\21.0.12.1-win32-x86_64\bin\verify.dll
Event: 32.596 Attempting to load shared library C:\Users\user\AppData\Roaming\Code\User\globalStorage\redhat.java\1.56.0\config_win\org.eclipse.equinox.launcher\org.eclipse.equinox.launcher.win32.win32.x86_64_1.3.100.v20260804-1928\eclipse_11924.dll
Event: 32.763 Loaded shared library C:\Users\user\AppData\Roaming\Code\User\globalStorage\redhat.java\1.56.0\config_win\org.eclipse.equinox.launcher\org.eclipse.equinox.launcher.win32.win32.x86_64_1.3.100.v20260804-1928\eclipse_11924.dll
Event: 45.029 Attempting to load shared library C:\Users\user\AppData\Local\Temp\jna-3599307\jna14128869385545036851.dll
Event: 45.120 Loaded shared library C:\Users\user\AppData\Local\Temp\jna-3599307\jna14128869385545036851.dll
Event: 52.156 Attempting to load shared library C:\Users\user\.gradle\native\660c5614fbf4a5f2a75b1949f50a0caf5cd603558e7d8a26e50b933a0cfb79d1\windows-amd64\native-platform.dll
Event: 52.161 Loaded shared library C:\Users\user\.gradle\native\660c5614fbf4a5f2a75b1949f50a0caf5cd603558e7d8a26e50b933a0cfb79d1\windows-amd64\native-platform.dll
Event: 52.767 Attempting to load shared library C:\Users\user\.vscode\extensions\redhat.java-1.56.0-win32-x64\jre\21.0.12.1-win32-x86_64\bin\management.dll
Event: 52.783 Loaded shared library C:\Users\user\.vscode\extensions\redhat.java-1.56.0-win32-x64\jre\21.0.12.1-win32-x86_64\bin\management.dll
Event: 52.801 Attempting to load shared library C:\Users\user\.vscode\extensions\redhat.java-1.56.0-win32-x64\jre\21.0.12.1-win32-x86_64\bin\management_ext.dll
Event: 52.812 Loaded shared library C:\Users\user\.vscode\extensions\redhat.java-1.56.0-win32-x64\jre\21.0.12.1-win32-x86_64\bin\management_ext.dll
Event: 87.684 Attempting to load shared library C:\Users\user\.vscode\extensions\redhat.java-1.56.0-win32-x64\jre\21.0.12.1-win32-x86_64\bin\extnet.dll
Event: 87.702 Loaded shared library C:\Users\user\.vscode\extensions\redhat.java-1.56.0-win32-x64\jre\21.0.12.1-win32-x86_64\bin\extnet.dll
Event: 108.795 Attempting to load shared library C:\Users\user\.vscode\extensions\redhat.java-1.56.0-win32-x64\jre\21.0.12.1-win32-x86_64\bin\sunmscapi.dll
Event: 108.857 Loaded shared library C:\Users\user\.vscode\extensions\redhat.java-1.56.0-win32-x64\jre\21.0.12.1-win32-x86_64\bin\sunmscapi.dll

Deoptimization events (20 events):
Event: 3814.965 Thread 0x000001a4a883ebd0 Uncommon trap: trap_request=0xffffffc6 fr.pc=0x000001a449acf2f8 relative=0x0000000000000978
Event: 3814.965 Thread 0x000001a4a883ebd0 Uncommon trap: reason=bimorphic_or_optimized_type_check action=maybe_recompile pc=0x000001a449acf2f8 method=org.eclipse.core.internal.jobs.DeadlockDetector.reduceGraph(ILorg/eclipse/core/runtime/jobs/ISchedulingRule;)V @ 47 c2
Event: 3814.965 Thread 0x000001a4a883ebd0 DEOPT PACKING pc=0x000001a449acf2f8 sp=0x0000000662dfebe0
Event: 3814.965 Thread 0x000001a4a883ebd0 DEOPT UNPACKING pc=0x000001a448ba6da2 sp=0x0000000662dfeb88 mode 2
Event: 3814.965 Thread 0x000001a4acd9eec0 Uncommon trap: trap_request=0xffffff45 fr.pc=0x000001a449da2fd8 relative=0x0000000000004c58
Event: 3814.965 Thread 0x000001a4acd9eec0 Uncommon trap: reason=unstable_if action=reinterpret pc=0x000001a449da2fd8 method=org.eclipse.jdt.internal.core.index.DiskIndex.readCategoryTable([CZ)Lorg/eclipse/jdt/internal/compiler/util/HashtableOfObject; @ 416 c2
Event: 3814.965 Thread 0x000001a4acd9eec0 DEOPT PACKING pc=0x000001a449da2fd8 sp=0x000000060eafebd0
Event: 3814.965 Thread 0x000001a4acd9eec0 DEOPT UNPACKING pc=0x000001a448ba6da2 sp=0x000000060eafeb88 mode 2
Event: 3814.973 Thread 0x000001a4acd9eec0 Uncommon trap: trap_request=0xffffff45 fr.pc=0x000001a44a26406c relative=0x00000000000001cc
Event: 3814.973 Thread 0x000001a4acd9eec0 Uncommon trap: reason=unstable_if action=reinterpret pc=0x000001a44a26406c method=org.eclipse.jdt.internal.core.search.indexing.ReadWriteMonitor.exitRead()V @ 11 c2
Event: 3814.973 Thread 0x000001a4acd9eec0 DEOPT PACKING pc=0x000001a44a26406c sp=0x000000060eaff0d0
Event: 3814.973 Thread 0x000001a4acd9eec0 DEOPT UNPACKING pc=0x000001a448ba6da2 sp=0x000000060eaff080 mode 2
Event: 3815.065 Thread 0x000001a4ab0de850 Uncommon trap: trap_request=0xffffffc6 fr.pc=0x000001a44949cef4 relative=0x0000000000000814
Event: 3815.065 Thread 0x000001a4ab0de850 Uncommon trap: reason=bimorphic_or_optimized_type_check action=maybe_recompile pc=0x000001a44949cef4 method=java.util.HashMap.putVal(ILjava/lang/Object;Ljava/lang/Object;ZZ)Ljava/lang/Object; @ 203 c2
Event: 3815.065 Thread 0x000001a4ab0de850 DEOPT PACKING pc=0x000001a44949cef4 sp=0x000000060bcfe3e0
Event: 3815.065 Thread 0x000001a4ab0de850 DEOPT UNPACKING pc=0x000001a448ba6da2 sp=0x000000060bcfe2e0 mode 2
Event: 3815.067 Thread 0x000001a4acd98c50 Uncommon trap: trap_request=0xffffff45 fr.pc=0x000001a449702214 relative=0x00000000000005d4
Event: 3815.067 Thread 0x000001a4acd98c50 Uncommon trap: reason=unstable_if action=reinterpret pc=0x000001a449702214 method=java.util.HashMap.putVal(ILjava/lang/Object;Ljava/lang/Object;ZZ)Ljava/lang/Object; @ 236 c2
Event: 3815.067 Thread 0x000001a4acd98c50 DEOPT PACKING pc=0x000001a449702214 sp=0x000000060c5fe1e0
Event: 3815.067 Thread 0x000001a4acd98c50 DEOPT UNPACKING pc=0x000001a448ba6da2 sp=0x000000060c5fe188 mode 2

Classes loaded (20 events):
Event: 349.664 Loading class java/util/stream/Nodes$AbstractConcNode done
Event: 349.664 Loading class java/util/stream/Nodes$ConcNode done
Event: 1132.970 Loading class java/nio/channels/CompletionHandler
Event: 1132.971 Loading class java/nio/channels/CompletionHandler done
Event: 2146.232 Loading class java/net/DatagramPacket
Event: 2146.242 Loading class java/net/DatagramPacket done
Event: 3123.557 Loading class com/sun/org/apache/xerces/internal/xni/parser/XMLParseException
Event: 3123.562 Loading class com/sun/org/apache/xerces/internal/xni/XNIException
Event: 3123.564 Loading class com/sun/org/apache/xerces/internal/xni/XNIException done
Event: 3123.564 Loading class com/sun/org/apache/xerces/internal/xni/parser/XMLParseException done
Event: 3123.564 Loading class com/sun/org/apache/xerces/internal/util/DefaultErrorHandler
Event: 3123.568 Loading class com/sun/org/apache/xerces/internal/util/DefaultErrorHandler done
Event: 3123.594 Loading class org/xml/sax/helpers/LocatorImpl
Event: 3123.595 Loading class org/xml/sax/helpers/LocatorImpl done
Event: 3796.913 Loading class java/util/LinkedList$LLSpliterator
Event: 3796.913 Loading class java/util/LinkedList$LLSpliterator done
Event: 3809.387 Loading class sun/net/ConnectionResetException
Event: 3809.387 Loading class sun/net/ConnectionResetException done
Event: 3809.583 Loading class sun/misc/SharedSecrets
Event: 3809.583 Loading class sun/misc/SharedSecrets done

Classes unloaded (20 events):
Event: 3215.568 Thread 0x000001a454e72a30 Unloading class 0x000001a456016400 'java/lang/invoke/LambdaForm$MH+0x000001a456016400'
Event: 3215.568 Thread 0x000001a454e72a30 Unloading class 0x000001a456014800 'java/lang/invoke/LambdaForm$MH+0x000001a456014800'
Event: 3215.568 Thread 0x000001a454e72a30 Unloading class 0x000001a45600d800 'java/lang/invoke/LambdaForm$MH+0x000001a45600d800'
Event: 3215.568 Thread 0x000001a454e72a30 Unloading class 0x000001a45600d400 'java/lang/invoke/LambdaForm$MH+0x000001a45600d400'
Event: 3215.568 Thread 0x000001a454e72a30 Unloading class 0x000001a45600d000 'java/lang/invoke/LambdaForm$MH+0x000001a45600d000'
Event: 3215.568 Thread 0x000001a454e72a30 Unloading class 0x000001a45600cc00 'java/lang/invoke/LambdaForm$MH+0x000001a45600cc00'
Event: 3215.568 Thread 0x000001a454e72a30 Unloading class 0x000001a45600c800 'java/lang/invoke/LambdaForm$BMH+0x000001a45600c800'
Event: 3215.568 Thread 0x000001a454e72a30 Unloading class 0x000001a45600c000 'java/lang/invoke/LambdaForm$DMH+0x000001a45600c000'
Event: 3215.569 Thread 0x000001a454e72a30 Unloading class 0x000001a456008c00 'java/lang/invoke/LambdaForm$MH+0x000001a456008c00'
Event: 3215.569 Thread 0x000001a454e72a30 Unloading class 0x000001a456008800 'java/lang/invoke/LambdaForm$MH+0x000001a456008800'
Event: 3215.569 Thread 0x000001a454e72a30 Unloading class 0x000001a456008400 'java/lang/invoke/LambdaForm$MH+0x000001a456008400'
Event: 3215.569 Thread 0x000001a454e72a30 Unloading class 0x000001a456007000 'java/lang/invoke/LambdaForm$MH+0x000001a456007000'
Event: 3215.569 Thread 0x000001a454e72a30 Unloading class 0x000001a456006c00 'java/lang/invoke/LambdaForm$MH+0x000001a456006c00'
Event: 3215.569 Thread 0x000001a454e72a30 Unloading class 0x000001a456006800 'java/lang/invoke/LambdaForm$MH+0x000001a456006800'
Event: 3215.569 Thread 0x000001a454e72a30 Unloading class 0x000001a456006400 'java/lang/invoke/LambdaForm$MH+0x000001a456006400'
Event: 3215.569 Thread 0x000001a454e72a30 Unloading class 0x000001a456005c00 'java/lang/invoke/LambdaForm$BMH+0x000001a456005c00'
Event: 3215.569 Thread 0x000001a454e72a30 Unloading class 0x000001a456004800 'java/lang/invoke/LambdaForm$DMH+0x000001a456004800'
Event: 3215.569 Thread 0x000001a454e72a30 Unloading class 0x000001a456002400 'java/lang/invoke/LambdaForm$MH+0x000001a456002400'
Event: 3215.569 Thread 0x000001a454e72a30 Unloading class 0x000001a456002000 'java/lang/invoke/LambdaForm$MH+0x000001a456002000'
Event: 3215.569 Thread 0x000001a454e72a30 Unloading class 0x000001a456001800 'java/lang/invoke/LambdaForm$MH+0x000001a456001800'

Classes redefined (0 events):
No events

Internal exceptions (20 events):
Event: 3814.954 Thread 0x000001a4ab256960 Exception <a 'sun/nio/fs/WindowsException'{0x00000000d5602c30}> (0x00000000d5602c30) 
thrown [s\src\hotspot\share\prims\jni.cpp, line 520]
Event: 3814.954 Thread 0x000001a4ab256960 Exception <a 'sun/nio/fs/WindowsException'{0x00000000d5671ab8}> (0x00000000d5671ab8) 
thrown [s\src\hotspot\share\prims\jni.cpp, line 520]
Event: 3814.957 Thread 0x000001a4acd98c50 Exception <a 'sun/nio/fs/WindowsException'{0x00000000d5b68338}> (0x00000000d5b68338) 
thrown [s\src\hotspot\share\prims\jni.cpp, line 520]
Event: 3814.957 Thread 0x000001a4acd98c50 Exception <a 'sun/nio/fs/WindowsException'{0x00000000d5b687c8}> (0x00000000d5b687c8) 
thrown [s\src\hotspot\share\prims\jni.cpp, line 520]
Event: 3814.958 Thread 0x000001a4acd98c50 Exception <a 'sun/nio/fs/WindowsException'{0x00000000d5bea208}> (0x00000000d5bea208) 
thrown [s\src\hotspot\share\prims\jni.cpp, line 520]
Event: 3814.958 Thread 0x000001a4acd98c50 Exception <a 'sun/nio/fs/WindowsException'{0x00000000d5cb63d0}> (0x00000000d5cb63d0) 
thrown [s\src\hotspot\share\prims\jni.cpp, line 520]
Event: 3814.958 Thread 0x000001a4acd98c50 Exception <a 'sun/nio/fs/WindowsException'{0x00000000d5e3ddc0}> (0x00000000d5e3ddc0) 
thrown [s\src\hotspot\share\prims\jni.cpp, line 520]
Event: 3814.959 Thread 0x000001a4acd98c50 Exception <a 'sun/nio/fs/WindowsException'{0x00000000d5e3e230}> (0x00000000d5e3e230) 
thrown [s\src\hotspot\share\prims\jni.cpp, line 520]
Event: 3814.997 Thread 0x000001a4a8600420 Exception <a 'sun/nio/fs/WindowsException'{0x00000000d64960a8}> (0x00000000d64960a8) 
thrown [s\src\hotspot\share\prims\jni.cpp, line 520]
Event: 3814.997 Thread 0x000001a4a8600420 Exception <a 'sun/nio/fs/WindowsException'{0x00000000d64e8338}> (0x00000000d64e8338) 
thrown [s\src\hotspot\share\prims\jni.cpp, line 520]
Event: 3814.997 Thread 0x000001a4a8600420 Exception <a 'sun/nio/fs/WindowsException'{0x00000000d6565b30}> (0x00000000d6565b30) 
thrown [s\src\hotspot\share\prims\jni.cpp, line 520]
Event: 3814.997 Thread 0x000001a4a8600420 Exception <a 'sun/nio/fs/WindowsException'{0x00000000d6565fa0}> (0x00000000d6565fa0) 
thrown [s\src\hotspot\share\prims\jni.cpp, line 520]
Event: 3814.999 Thread 0x000001a4a8600420 Exception <a 'sun/nio/fs/WindowsException'{0x00000000d6602700}> (0x00000000d6602700) 
thrown [s\src\hotspot\share\prims\jni.cpp, line 520]
Event: 3814.999 Thread 0x000001a4a8600420 Exception <a 'sun/nio/fs/WindowsException'{0x00000000d66920a0}> (0x00000000d66920a0) 
thrown [s\src\hotspot\share\prims\jni.cpp, line 520]
Event: 3815.016 Thread 0x000001a4a9b854e0 Exception <a 'sun/nio/fs/WindowsException'{0x00000000d59b6cd0}> (0x00000000d59b6cd0) 
thrown [s\src\hotspot\share\prims\jni.cpp, line 520]
Event: 3815.016 Thread 0x000001a4a9b854e0 Exception <a 'sun/nio/fs/WindowsException'{0x00000000d59b7160}> (0x00000000d59b7160) 
thrown [s\src\hotspot\share\prims\jni.cpp, line 520]
Event: 3815.025 Thread 0x000001a4a9b854e0 Exception <a 'sun/nio/fs/WindowsException'{0x00000000d5cc84d8}> (0x00000000d5cc84d8) 
thrown [s\src\hotspot\share\prims\jni.cpp, line 520]
Event: 3815.027 Thread 0x000001a4a9b854e0 Exception <a 'sun/nio/fs/WindowsException'{0x00000000d6198828}> (0x00000000d6198828) 
thrown [s\src\hotspot\share\prims\jni.cpp, line 520]
Event: 3815.032 Thread 0x000001a4a9b854e0 Exception <a 'sun/nio/fs/WindowsException'{0x00000000d66a9ff8}> (0x00000000d66a9ff8) 
thrown [s\src\hotspot\share\prims\jni.cpp, line 520]
Event: 3815.032 Thread 0x000001a4a9b854e0 Exception <a 'sun/nio/fs/WindowsException'{0x00000000d66aa468}> (0x00000000d66aa468) 
thrown [s\src\hotspot\share\prims\jni.cpp, line 520]

ZGC Phase Switch (0 events):
No events

VM Operations (20 events):
Event: 3815.257 Executing safepoint VM operation: ParallelGCFailedAllocation (Allocation Failure) done
Event: 3815.304 Executing safepoint VM operation: ParallelGCFailedAllocation (Allocation Failure)
Event: 3815.309 Executing safepoint VM operation: ParallelGCFailedAllocation (Allocation Failure) done
Event: 3815.329 Executing safepoint VM operation: ParallelGCFailedAllocation (Allocation Failure)
Event: 3815.333 Executing safepoint VM operation: ParallelGCFailedAllocation (Allocation Failure) done
Event: 3815.364 Executing safepoint VM operation: ParallelGCFailedAllocation (Allocation Failure)
Event: 3815.368 Executing safepoint VM operation: ParallelGCFailedAllocation (Allocation Failure) done
Event: 3815.382 Executing safepoint VM operation: ParallelGCFailedAllocation (Allocation Failure)
Event: 3815.388 Executing safepoint VM operation: ParallelGCFailedAllocation (Allocation Failure) done
Event: 3815.398 Executing safepoint VM operation: ParallelGCFailedAllocation (Allocation Failure)
Event: 3816.405 Executing safepoint VM operation: ParallelGCFailedAllocation (Allocation Failure) done
Event: 3816.429 Executing safepoint VM operation: ParallelGCFailedAllocation (Allocation Failure)
Event: 3816.431 Executing safepoint VM operation: ParallelGCFailedAllocation (Allocation Failure) done
Event: 3816.438 Executing safepoint VM operation: ParallelGCFailedAllocation (Allocation Failure)
Event: 3816.440 Executing safepoint VM operation: ParallelGCFailedAllocation (Allocation Failure) done
Event: 3816.451 Executing safepoint VM operation: ParallelGCFailedAllocation (Allocation Failure)
Event: 3816.453 Executing safepoint VM operation: ParallelGCFailedAllocation (Allocation Failure) done
Event: 3816.469 Executing safepoint VM operation: ParallelGCFailedAllocation (Allocation Failure)
Event: 3818.486 Executing safepoint VM operation: ParallelGCFailedAllocation (Allocation Failure) done
Event: 3818.496 Executing safepoint VM operation: ParallelGCFailedAllocation (Allocation Failure)

Memory protections (0 events):
No events

Nmethod flushes (20 events):
Event: 3215.773 Thread 0x000001a454e72a30 flushing  nmethod 0x000001a443a9e610
Event: 3215.773 Thread 0x000001a454e72a30 flushing  nmethod 0x000001a443aa7310
Event: 3215.773 Thread 0x000001a454e72a30 flushing  nmethod 0x000001a443accb10
Event: 3215.773 Thread 0x000001a454e72a30 flushing  nmethod 0x000001a443ad2e10
Event: 3215.773 Thread 0x000001a454e72a30 flushing osr nmethod 0x000001a443ad5690
Event: 3215.773 Thread 0x000001a454e72a30 flushing  nmethod 0x000001a443ad8f10
Event: 3215.773 Thread 0x000001a454e72a30 flushing  nmethod 0x000001a443ae3610
Event: 3215.773 Thread 0x000001a454e72a30 flushing  nmethod 0x000001a443ae3990
Event: 3215.773 Thread 0x000001a454e72a30 flushing  nmethod 0x000001a443ae3d10
Event: 3215.773 Thread 0x000001a454e72a30 flushing  nmethod 0x000001a443c56910
Event: 3215.773 Thread 0x000001a454e72a30 flushing osr nmethod 0x000001a443daec90
Event: 3215.773 Thread 0x000001a454e72a30 flushing  nmethod 0x000001a443db7310
Event: 3215.773 Thread 0x000001a454e72a30 flushing  nmethod 0x000001a443dc1a10
Event: 3215.773 Thread 0x000001a454e72a30 flushing osr nmethod 0x000001a443e08e90
Event: 3215.773 Thread 0x000001a454e72a30 flushing  nmethod 0x000001a443e4cb10
Event: 3215.773 Thread 0x000001a454e72a30 flushing  nmethod 0x000001a443f12590
Event: 3215.773 Thread 0x000001a454e72a30 flushing  nmethod 0x000001a443f93990
Event: 3215.773 Thread 0x000001a454e72a30 flushing  nmethod 0x000001a444001110
Event: 3215.773 Thread 0x000001a454e72a30 flushing  nmethod 0x000001a444073390
Event: 3215.773 Thread 0x000001a454e72a30 flushing  nmethod 0x000001a4440ffb90

Events (20 events):
Event: 3815.352 Thread 0x000001a4acdb29c0 Thread added: 0x000001a4acdafbd0
Event: 3815.358 Thread 0x000001a4acdafbd0 Thread added: 0x000001a4acdb4a90
Event: 3815.360 Thread 0x000001a4acd9cdf0 Thread exited: 0x000001a4acd9cdf0
Event: 3815.361 Thread 0x000001a4acdb36e0 Thread exited: 0x000001a4acdb36e0
Event: 3815.369 Thread 0x000001a4acdb4a90 Thread exited: 0x000001a4acdb4a90
Event: 3815.373 Thread 0x000001a4ad579050 Thread added: 0x000001a4acdb5e40
Event: 3815.383 Thread 0x000001a4acdb5e40 Thread added: 0x000001a4acdb4a90
Event: 3815.393 Thread 0x000001a4acdb4a90 Thread added: 0x000001a4acdb64d0
Event: 3816.405 Thread 0x000001a4acdb64d0 Thread added: 0x000001a4acdb6b60
Event: 3816.406 Thread 0x000001a4acdb6b60 Thread exited: 0x000001a4acdb6b60
Event: 3816.408 Thread 0x000001a4ae90eff0 Thread added: 0x000001a4acdb6b60
Event: 3816.410 Thread 0x000001a4acdb6b60 Thread added: 0x000001a4acdb36e0
Event: 3816.427 Thread 0x000001a4acdb36e0 Thread exited: 0x000001a4acdb36e0
Event: 3816.432 Thread 0x000001a4acdb29c0 Thread exited: 0x000001a4acdb29c0
Event: 3816.442 Thread 0x000001a49c3ea650 Thread added: 0x000001a4acdb36e0
Event: 3816.458 Thread 0x000001a4acdb36e0 Thread added: 0x000001a4acdb5120
Event: 3816.459 Thread 0x000001a4acdb5120 Thread added: 0x000001a4acdb3d70
Event: 3816.459 Thread 0x000001a4acdb3d70 Thread exited: 0x000001a4acdb3d70
Event: 3816.460 Thread 0x000001a4acdb3050 Thread exited: 0x000001a4acdb3050
Event: 3818.486 Thread 0x000001a4ab0a0960 Thread added: 0x000001a4acdb29c0


Dynamic libraries:
0x00007ff61f170000 - 0x00007ff61f17e000 	c:\Users\user\.vscode\extensions\redhat.java-1.56.0-win32-x64\jre\21.0.12.1-win32-x86_64\bin\java.exe
0x00007ffac7aa0000 - 0x00007ffac7d06000 	C:\WINDOWS\SYSTEM32\ntdll.dll
0x00007ffac6670000 - 0x00007ffac6739000 	C:\WINDOWS\System32\KERNEL32.DLL
0x00007ffac52d0000 - 0x00007ffac56cf000 	C:\WINDOWS\System32\KERNELBASE.dll
0x00007ffac4cb0000 - 0x00007ffac4dfc000 	C:\WINDOWS\System32\ucrtbase.dll
0x00007ffa90750000 - 0x00007ffa9076e000 	c:\Users\user\.vscode\extensions\redhat.java-1.56.0-win32-x64\jre\21.0.12.1-win32-x86_64\bin\VCRUNTIME140.dll
0x00007ffa85660000 - 0x00007ffa85678000 	c:\Users\user\.vscode\extensions\redhat.java-1.56.0-win32-x64\jre\21.0.12.1-win32-x86_64\bin\jli.dll
0x00007ffac59d0000 - 0x00007ffac5b96000 	C:\WINDOWS\System32\USER32.dll
0x00007ffac56e0000 - 0x00007ffac5707000 	C:\WINDOWS\System32\win32u.dll
0x00007ffac7a30000 - 0x00007ffac7a5b000 	C:\WINDOWS\System32\GDI32.dll
0x00007ffac4e10000 - 0x00007ffac4f39000 	C:\WINDOWS\System32\gdi32full.dll
0x00007ffac4f40000 - 0x00007ffac4fe3000 	C:\WINDOWS\System32\msvcp_win.dll
0x00007ffaadc40000 - 0x00007ffaaded1000 	C:\WINDOWS\WinSxS\amd64_microsoft.windows.common-controls_6595b64144ccf1df_6.0.26100.8972_none_3e0da176e32f9d4b\COMCTL32.dll
0x00007ffac7830000 - 0x00007ffac78d9000 	C:\WINDOWS\System32\msvcrt.dll
0x00007ffac5d10000 - 0x00007ffac5d42000 	C:\WINDOWS\System32\IMM32.DLL
0x00007ffabb5c0000 - 0x00007ffabb5cc000 	c:\Users\user\.vscode\extensions\redhat.java-1.56.0-win32-x64\jre\21.0.12.1-win32-x86_64\bin\vcruntime140_1.dll
0x00007ffa855a0000 - 0x00007ffa8562d000 	c:\Users\user\.vscode\extensions\redhat.java-1.56.0-win32-x64\jre\21.0.12.1-win32-x86_64\bin\msvcp140.dll
0x00007ffa30840000 - 0x00007ffa315e2000 	c:\Users\user\.vscode\extensions\redhat.java-1.56.0-win32-x64\jre\21.0.12.1-win32-x86_64\bin\server\jvm.dll
0x00007ffac71c0000 - 0x00007ffac727c000 	C:\WINDOWS\System32\ADVAPI32.dll
0x00007ffac65c0000 - 0x00007ffac666a000 	C:\WINDOWS\System32\sechost.dll
0x00007ffac78e0000 - 0x00007ffac79f8000 	C:\WINDOWS\System32\RPCRT4.dll
0x00007ffac5940000 - 0x00007ffac59c2000 	C:\WINDOWS\System32\WS2_32.dll
0x00007ffac4b10000 - 0x00007ffac4b6e000 	C:\WINDOWS\SYSTEM32\POWRPROF.dll
0x00007ffaad970000 - 0x00007ffaad9a6000 	C:\WINDOWS\SYSTEM32\WINMM.dll
0x00007ffaba9f0000 - 0x00007ffaba9fb000 	C:\WINDOWS\SYSTEM32\VERSION.dll
0x00007ffac4af0000 - 0x00007ffac4b05000 	C:\WINDOWS\SYSTEM32\UMPDC.dll
0x00007ffac39a0000 - 0x00007ffac39bb000 	C:\WINDOWS\SYSTEM32\kernel.appcore.dll
0x00007ffab09f0000 - 0x00007ffab09fa000 	c:\Users\user\.vscode\extensions\redhat.java-1.56.0-win32-x64\jre\21.0.12.1-win32-x86_64\bin\jimage.dll
0x00007ffac2420000 - 0x00007ffac2662000 	C:\WINDOWS\SYSTEM32\DBGHELP.DLL
0x00007ffac5ef0000 - 0x00007ffac6275000 	C:\WINDOWS\System32\combase.dll
0x00007ffac64e0000 - 0x00007ffac65b9000 	C:\WINDOWS\System32\OLEAUT32.dll
0x00007ffaa3250000 - 0x00007ffaa328b000 	C:\WINDOWS\SYSTEM32\dbgcore.DLL
0x00007ffac4ff0000 - 0x00007ffac509c000 	C:\WINDOWS\System32\bcryptPrimitives.dll
0x00007ffa90740000 - 0x00007ffa9074f000 	c:\Users\user\.vscode\extensions\redhat.java-1.56.0-win32-x64\jre\21.0.12.1-win32-x86_64\bin\instrument.dll
0x00007ffa85580000 - 0x00007ffa855a0000 	c:\Users\user\.vscode\extensions\redhat.java-1.56.0-win32-x64\jre\21.0.12.1-win32-x86_64\bin\java.dll
0x00007ffac6a30000 - 0x00007ffac71b8000 	C:\WINDOWS\System32\SHELL32.dll
0x00007ffac2780000 - 0x00007ffac301b000 	C:\WINDOWS\SYSTEM32\windows.storage.dll
0x00007ffac7290000 - 0x00007ffac7389000 	C:\WINDOWS\System32\SHCORE.dll
0x00007ffac68b0000 - 0x00007ffac6916000 	C:\WINDOWS\System32\shlwapi.dll
0x00007ffac4bd0000 - 0x00007ffac4bf9000 	C:\WINDOWS\SYSTEM32\profapi.dll
0x00007ffa85560000 - 0x00007ffa85578000 	c:\Users\user\.vscode\extensions\redhat.java-1.56.0-win32-x64\jre\21.0.12.1-win32-x86_64\bin\zip.dll
0x00007ffaa3d90000 - 0x00007ffaa3da0000 	C:\Users\user\.vscode\extensions\redhat.java-1.56.0-win32-x64\jre\21.0.12.1-win32-x86_64\bin\net.dll
0x00007ffaba1c0000 - 0x00007ffaba2e8000 	C:\WINDOWS\SYSTEM32\WINHTTP.dll
0x00007ffac3f50000 - 0x00007ffac3fbc000 	C:\WINDOWS\system32\mswsock.dll
0x00007ffa85540000 - 0x00007ffa85556000 	C:\Users\user\.vscode\extensions\redhat.java-1.56.0-win32-x64\jre\21.0.12.1-win32-x86_64\bin\nio.dll
0x00007ffaa3d60000 - 0x00007ffaa3d70000 	c:\Users\user\.vscode\extensions\redhat.java-1.56.0-win32-x64\jre\21.0.12.1-win32-x86_64\bin\verify.dll
0x00007ffa83320000 - 0x00007ffa83365000 	C:\Users\user\AppData\Roaming\Code\User\globalStorage\redhat.java\1.56.0\config_win\org.eclipse.equinox.launcher\org.eclipse.equinox.launcher.win32.win32.x86_64_1.3.100.v20260804-1928\eclipse_11924.dll
0x00007ffac5d50000 - 0x00007ffac5ee9000 	C:\WINDOWS\System32\ole32.dll
0x00007ffac4240000 - 0x00007ffac425b000 	C:\WINDOWS\SYSTEM32\CRYPTSP.dll
0x00007ffac3900000 - 0x00007ffac3939000 	C:\WINDOWS\system32\rsaenh.dll
0x00007ffac4000000 - 0x00007ffac4032000 	C:\WINDOWS\SYSTEM32\USERENV.dll
0x00007ffac4ba0000 - 0x00007ffac4bca000 	C:\WINDOWS\SYSTEM32\bcrypt.dll
0x00007ffac4260000 - 0x00007ffac426c000 	C:\WINDOWS\SYSTEM32\CRYPTBASE.dll
0x00007ffac3370000 - 0x00007ffac33a3000 	C:\WINDOWS\SYSTEM32\IPHLPAPI.DLL
0x00007ffac7a20000 - 0x00007ffac7a2a000 	C:\WINDOWS\System32\NSI.dll
0x00007ffa8d740000 - 0x00007ffa8d789000 	C:\Users\user\AppData\Local\Temp\jna-3599307\jna14128869385545036851.dll
0x00007ffac6920000 - 0x00007ffac6928000 	C:\WINDOWS\System32\PSAPI.DLL
0x00007ffabaa50000 - 0x00007ffabaa6d000 	C:\WINDOWS\SYSTEM32\dhcpcsvc6.DLL
0x00007ffabaa20000 - 0x00007ffabaa45000 	C:\WINDOWS\SYSTEM32\dhcpcsvc.DLL
0x00007ffabb5d0000 - 0x00007ffabb5f7000 	C:\Users\user\.gradle\native\660c5614fbf4a5f2a75b1949f50a0caf5cd603558e7d8a26e50b933a0cfb79d1\windows-amd64\native-platform.dll
0x00007ffa85650000 - 0x00007ffa8565a000 	C:\Users\user\.vscode\extensions\redhat.java-1.56.0-win32-x64\jre\21.0.12.1-win32-x86_64\bin\management.dll
0x00007ffa85500000 - 0x00007ffa8550c000 	C:\Users\user\.vscode\extensions\redhat.java-1.56.0-win32-x64\jre\21.0.12.1-win32-x86_64\bin\management_ext.dll
0x00007ffa854f0000 - 0x00007ffa854f9000 	C:\Users\user\.vscode\extensions\redhat.java-1.56.0-win32-x64\jre\21.0.12.1-win32-x86_64\bin\extnet.dll
0x00007ffaa7040000 - 0x00007ffaa704e000 	C:\Users\user\.vscode\extensions\redhat.java-1.56.0-win32-x64\jre\21.0.12.1-win32-x86_64\bin\sunmscapi.dll
0x00007ffac5140000 - 0x00007ffac52be000 	C:\WINDOWS\System32\CRYPT32.dll
0x00007ffac4480000 - 0x00007ffac44b0000 	C:\WINDOWS\SYSTEM32\ncrypt.dll
0x00007ffac4430000 - 0x00007ffac446f000 	C:\WINDOWS\SYSTEM32\NTASN1.dll
0x00007ffa8b0f0000 - 0x00007ffa8b0f8000 	C:\WINDOWS\system32\wshunix.dll

JVMTI agents:
c:\Users\user\.vscode\extensions\redhat.java-1.56.0-win32-x64\lombok\lombok-1.18.39-4050.jar path:c:\Users\user\.vscode\extensions\redhat.java-1.56.0-win32-x64\jre\21.0.12.1-win32-x86_64\bin\instrument.dll, loaded, initialized, instrumentlib options:none

dbghelp: loaded successfully - version: 4.0.5 - missing functions: none
symbol engine: initialized successfully - sym options: 0x614 - pdb path: .;c:\Users\user\.vscode\extensions\redhat.java-1.56.0-win32-x64\jre\21.0.12.1-win32-x86_64\bin;C:\WINDOWS\SYSTEM32;C:\WINDOWS\WinSxS\amd64_microsoft.windows.common-controls_6595b64144ccf1df_6.0.26100.8972_none_3e0da176e32f9d4b;c:\Users\user\.vscode\extensions\redhat.java-1.56.0-win32-x64\jre\21.0.12.1-win32-x86_64\bin\server;C:\Users\user\AppData\Roaming\Code\User\globalStorage\redhat.java\1.56.0\config_win\org.eclipse.equinox.launcher\org.eclipse.equinox.launcher.win32.win32.x86_64_1.3.100.v20260804-1928;C:\Users\user\AppData\Local\Temp\jna-3599307;C:\Users\user\.gradle\native\660c5614fbf4a5f2a75b1949f50a0caf5cd603558e7d8a26e50b933a0cfb79d1\windows-amd64

VM Arguments:
jvm_args: --add-modules=ALL-SYSTEM --add-opens=java.base/java.util=ALL-UNNAMED --add-opens=java.base/java.lang=ALL-UNNAMED --add-opens=java.base/sun.nio.fs=ALL-UNNAMED -Declipse.application=org.eclipse.jdt.ls.core.id1 -Dosgi.bundles.defaultStartLevel=4 -Declipse.product=org.eclipse.jdt.ls.core.product -Djava.import.generatesMetadataFilesAtProjectRoot=false -Dm2e.project.cache.size=50 -DDetectVMInstallationsJob.disabled=true -Dfile.encoding=utf8 -XX:+UseParallelGC -XX:GCTimeRatio=4 -XX:AdaptiveSizePolicyWeight=90 -Dsun.zip.disableMemoryMapping=true -Xmx2G -Xms100m -Xlog:disable -javaagent:c:\Users\user\.vscode\extensions\redhat.java-1.56.0-win32-x64\lombok\lombok-1.18.39-4050.jar -XX:+HeapDumpOnOutOfMemoryError -XX:HeapDumpPath=c:\Users\user\AppData\Roaming\Code\User\workspaceStorage\1ce6a6e17a27a5c59e90c4fca4451367\redhat.java -Daether.dependencyCollector.impl=bf 
java_command: c:\Users\user\.vscode\extensions\redhat.java-1.56.0-win32-x64\server\plugins\org.eclipse.equinox.launcher_1.8.0.v20260804-1928.jar -configuration c:\Users\user\AppData\Roaming\Code\User\globalStorage\redhat.java\1.56.0\config_win -data c:\Users\user\AppData\Roaming\Code\User\workspaceStorage\1ce6a6e17a27a5c59e90c4fca4451367\redhat.java\jdt_ws --pipe=\\.\pipe\lsp-df63ba348a0f0903151c3bed67a1179a-sock
java_class_path (initial): c:\Users\user\.vscode\extensions\redhat.java-1.56.0-win32-x64\server\plugins\org.eclipse.equinox.launcher_1.8.0.v20260804-1928.jar
Launcher Type: SUN_STANDARD

[Global flags]
    uintx AdaptiveSizePolicyWeight                 = 90                                        {product} {command line}
     intx CICompilerCount                          = 4                                         {product} {ergonomic}
    uintx GCTimeRatio                              = 4                                         {product} {command line}
     bool HeapDumpOnOutOfMemoryError               = true                                   {manageable} {command line}
    ccstr HeapDumpPath                             = c:\Users\user\AppData\Roaming\Code\User\workspaceStorage\1ce6a6e17a27a5c59e90c4fca4451367\redhat.java         {manageable} {command line}
   size_t InitialHeapSize                          = 104857600                                 {product} {command line}
   size_t MaxHeapSize                              = 2147483648                                {product} {command line}
   size_t MaxNewSize                               = 715653120                                 {product} {ergonomic}
   size_t MinHeapDeltaBytes                        = 524288                                    {product} {ergonomic}
   size_t MinHeapSize                              = 104857600                                 {product} {command line}
   size_t NewSize                                  = 34603008                                  {product} {ergonomic}
    uintx NonNMethodCodeHeapSize                   = 5839372                                {pd product} {ergonomic}
    uintx NonProfiledCodeHeapSize                  = 122909434                              {pd product} {ergonomic}
   size_t OldSize                                  = 70254592                                  {product} {ergonomic}
    uintx ProfiledCodeHeapSize                     = 122909434                              {pd product} {ergonomic}
    uintx ReservedCodeCacheSize                    = 251658240                              {pd product} {ergonomic}
     bool SegmentedCodeCache                       = true                                      {product} {ergonomic}
   size_t SoftMaxHeapSize                          = 2147483648                             {manageable} {ergonomic}
     bool UseCompressedOops                        = true                           {product lp64_product} {ergonomic}
     bool UseLargePagesIndividualAllocation        = false                                  {pd product} {ergonomic}
     bool UseParallelGC                            = true                                      {product} {command line}

Logging:
Log output configuration:
 #0: stdout all=off uptime,level,tags foldmultilines=false
 #1: stderr all=off uptime,level,tags foldmultilines=false

Release file:
JAVA_VERSION="21.0.12.1" 
MODULES="java.base java.compiler java.datatransfer java.xml java.prefs java.desktop java.instrument java.logging java.management java.security.sasl java.naming java.rmi java.management.rmi java.net.http java.scripting java.security.jgss java.transaction.xa java.sql java.sql.rowset java.xml.crypto java.se java.smartcardio jdk.accessibility jdk.internal.jvmstat jdk.attach jdk.charsets jdk.internal.opt jdk.zipfs jdk.compiler jdk.crypto.ec jdk.crypto.cryptoki jdk.crypto.mscapi jdk.dynalink jdk.internal.ed jdk.editpad jdk.hotspot.agent jdk.httpserver jdk.internal.le jdk.internal.vm.ci jdk.internal.vm.compiler jdk.internal.vm.compiler.management jdk.jartool jdk.javadoc jdk.jcmd jdk.management jdk.management.agent jdk.jconsole jdk.jdeps jdk.jdwp.agent jdk.jdi jdk.jfr jdk.jshell jdk.jsobject jdk.jstatd jdk.localedata jdk.management.jfr jdk.naming.dns jdk.naming.rmi jdk.net jdk.nio.mapmode jdk.random jdk.sctp jdk.security.auth jdk.security.jgss jdk.unsupported jdk.unsupported.desktop jdk.xml.dom" 

Environment Variables:
PATH=C:\Program Files\Common Files\Oracle\Java\javapath;C:\Program Files\Python313\Scripts\;C:\Program Files\Python313\;C:\WINDOWS\system32;C:\WINDOWS;C:\WINDOWS\System32\Wbem;C:\WINDOWS\System32\WindowsPowerShell\v1.0\;C:\WINDOWS\System32\OpenSSH\;C:\Program Files\nodejs\;C:\Program Files\Git\cmd;C:\Program Files (x86)\cloudflared\;C:\Users\user\Desktop\Scripts\;C:\Users\user\Desktop\;C:\Users\user\AppData\Local\Microsoft\WindowsApps;C:\Users\user\AppData\Local\Programs\Microsoft VS Code\bin;C:\Program Files\Multipass\bin;C:\Users\user\AppData\Roaming\npm;C:\intelFPGA_lite\18.1\modelsim_ase\win32aloem;C:\Users\user\Desktop\opencv\build\x64\vc15\bin;
USERNAME=user
OS=Windows_NT
PROCESSOR_IDENTIFIER=Intel64 Family 6 Model 140 Stepping 1, GenuineIntel
TMP=C:\Users\user\AppData\Local\Temp
TEMP=C:\Users\user\AppData\Local\Temp




Periodic native trim disabled

---------------  S Y S T E M  ---------------

OS:
 Windows 11 , 64 bit Build 26100 (10.0.26100.9168)
OS uptime: 0 days 1:37 hours

CPU: total 8 (initial active 8) (4 cores per cpu, 2 threads per core) family 6 model 140 stepping 1 microcode 0x8a, cx8, cmov, fxsr, ht, mmx, 3dnowpref, sse, sse2, sse3, ssse3, sse4.1, sse4.2, popcnt, lzcnt, tsc, tscinvbit, avx, avx2, aes, erms, clmul, bmi1, bmi2, adx, avx512f, avx512dq, avx512cd, avx512bw, avx512vl, sha, fma, vzeroupper, avx512_vpopcntdq, avx512_vpclmulqdq, avx512_vaes, avx512_vnni, clflush, clflushopt, clwb, avx512_vbmi2, avx512_vbmi, rdtscp, rdpid, fsrm, gfni, avx512_bitalg, f16c, pku, cet_ibt, cet_ss, avx512_ifma
Processor Information for processor 0
  Max Mhz: 2419, Current Mhz: 2419, Mhz Limit: 2419
Processor Information for processor 1
  Max Mhz: 2419, Current Mhz: 2419, Mhz Limit: 2419
Processor Information for processor 2
  Max Mhz: 2419, Current Mhz: 2419, Mhz Limit: 2419
Processor Information for processor 3
  Max Mhz: 2419, Current Mhz: 2419, Mhz Limit: 2419
Processor Information for processor 4
  Max Mhz: 2419, Current Mhz: 2419, Mhz Limit: 2419
Processor Information for processor 5
  Max Mhz: 2419, Current Mhz: 2419, Mhz Limit: 2419
Processor Information for processor 6
  Max Mhz: 2419, Current Mhz: 1209, Mhz Limit: 2419
Processor Information for processor 7
  Max Mhz: 2419, Current Mhz: 1209, Mhz Limit: 2419

Memory: 4k page, system-wide physical 16107M (682M free)
TotalPageFile size 46495M (AvailPageFile size 2M)
current process WorkingSet (physical memory assigned to process): 1012M, peak: 1012M
current process commit charge ("private bytes"): 1565M, peak: 1891M

vm_info: OpenJDK 64-Bit Server VM (21.0.12.1+1-LTS) for windows-amd64 JRE (21.0.12.1+1-LTS), built on 2026-08-18T00:00:00Z by "admin" with MS VC++ 17.12 (VS2022)

END.
