#
# There is insufficient memory for the Java Runtime Environment to continue.
# Native memory allocation (mmap) failed to map 65536 bytes. Error detail: Failed to commit metaspace.
# Possible reasons:
#   The system is out of physical RAM or swap space
#   This process is running with CompressedOops enabled, and the Java Heap may be blocking the growth of the native heap
# Possible solutions:
#   Reduce memory load on the system
#   Increase physical memory or swap space
#   Check if swap backing store is full
#   Decrease Java heap size (-Xmx/-Xms)
#   Decrease number of Java threads
#   Decrease Java thread stack sizes (-Xss)
#   Set larger code cache with -XX:ReservedCodeCacheSize=
#   JVM is running with Unscaled Compressed Oops mode in which the Java heap is
#     placed in the first 4GB address space. The Java Heap base address is the
#     maximum limit for the native heap growth. Please use -XX:HeapBaseMinAddress
#     to set the Java Heap base and to place the Java Heap above 4GB virtual address.
# This output file may be truncated or incomplete.
#
#  Out of Memory Error (virtualSpaceNode.cpp:113), pid=29236, tid=33760
#
# JRE version: OpenJDK Runtime Environment Temurin-21.0.12.1+1 (21.0.12.1+1) (build 21.0.12.1+1-LTS)
# Java VM: OpenJDK 64-Bit Server VM Temurin-21.0.12.1+1 (21.0.12.1+1-LTS, mixed mode, sharing, tiered, compressed oops, compressed class ptrs, g1 gc, windows-amd64)
# No core dump will be written. Minidumps are not enabled by default on client versions of Windows
#

---------------  S U M M A R Y ------------

Command Line: --add-opens=java.base/java.lang=ALL-UNNAMED --add-opens=java.base/java.lang.invoke=ALL-UNNAMED --add-opens=java.base/java.util=ALL-UNNAMED --add-opens=java.prefs/java.util.prefs=ALL-UNNAMED --add-exports=jdk.compiler/com.sun.tools.javac.api=ALL-UNNAMED --add-exports=jdk.compiler/com.sun.tools.javac.util=ALL-UNNAMED --add-opens=java.base/java.nio.charset=ALL-UNNAMED --add-opens=java.base/java.net=ALL-UNNAMED --add-opens=java.base/java.util.concurrent=ALL-UNNAMED --add-opens=java.base/java.util.concurrent.atomic=ALL-UNNAMED --add-opens=java.xml/javax.xml.namespace=ALL-UNNAMED --add-opens=java.base/java.time=ALL-UNNAMED -XX:MaxMetaspaceSize=384m -XX:+HeapDumpOnOutOfMemoryError -Xms256m -Xmx512m -Dfile.encoding=UTF-8 -Duser.country=KR -Duser.language=ko -Duser.variant -javaagent:C:\Users\user\.gradle\wrapper\dists\gradle-9.5.1-bin\iq79hdu3mqx29lgffhp8bfmx\gradle-9.5.1\lib\agents\gradle-instrumentation-agent-9.5.1.jar org.gradle.launcher.daemon.bootstrap.GradleDaemon 9.5.1

Host: 11th Gen Intel(R) Core(TM) i5-1135G7 @ 2.40GHz, 8 cores, 15G,  Windows 11 , 64 bit Build 26100 (10.0.26100.9444)
Time: Wed Sep 16 10:04:05 2026 elapsed time: 268.711117 seconds (0d 0h 4m 28s)

---------------  T H R E A D  ---------------

Current thread (0x0000013d4c337830):  JavaThread "Daemon worker"        [_thread_in_vm, id=33760, stack(0x0000003870300000,0x0000003870400000) (1024K)]

Stack: [0x0000003870300000,0x0000003870400000]
Native frames: (J=compiled Java code, j=interpreted, Vv=VM code, C=native code)
V  [jvm.dll+0x6d83e9]
V  [jvm.dll+0x8b5736]
V  [jvm.dll+0x8b7cee]
V  [jvm.dll+0x8b83d3]
V  [jvm.dll+0x284596]
V  [jvm.dll+0x8b147e]
V  [jvm.dll+0x679ad4]
V  [jvm.dll+0x1e849b]
V  [jvm.dll+0x1e825e]
V  [jvm.dll+0x67c3d2]
V  [jvm.dll+0x67c202]
V  [jvm.dll+0x67a4ae]
V  [jvm.dll+0x26f864]
V  [jvm.dll+0x21a11f]
V  [jvm.dll+0x20f80e]
V  [jvm.dll+0x5b6a7f]
V  [jvm.dll+0x82f606]
V  [jvm.dll+0x4792f8]
V  [jvm.dll+0x47f128]
C  [java.dll+0x17ec]

Java frames: (J=compiled Java code, j=interpreted, Vv=VM code)
J 751  java.lang.ClassLoader.defineClass1(Ljava/lang/ClassLoader;Ljava/lang/String;[BIILjava/security/ProtectionDomain;Ljava/lang/String;)Ljava/lang/Class; java.base@21.0.12.1 (0 bytes) @ 0x0000013d2665d391 [0x0000013d2665d2c0+0x00000000000000d1]
J 5224 c2 java.security.SecureClassLoader.defineClass(Ljava/lang/String;[BIILjava/security/CodeSource;)Ljava/lang/Class; java.base@21.0.12.1 (16 bytes) @ 0x0000013d2688cff8 [0x0000013d2688c920+0x00000000000006d8]
J 4248 c1 java.net.URLClassLoader.defineClass(Ljava/lang/String;Ljdk/internal/loader/Resource;)Ljava/lang/Class; java.base@21.0.12.1 (224 bytes) @ 0x0000013d1f3659a4 [0x0000013d1f3646c0+0x00000000000012e4]
J 4222 c1 java.net.URLClassLoader$1.run()Ljava/lang/Class; java.base@21.0.12.1 (81 bytes) @ 0x0000013d1f35ab3c [0x0000013d1f35a840+0x00000000000002fc]
J 854 c1 java.net.URLClassLoader$1.run()Ljava/lang/Object; java.base@21.0.12.1 (5 bytes) @ 0x0000013d1ec9d254 [0x0000013d1ec9d1c0+0x0000000000000094]
J 2827 c2 java.security.AccessController.doPrivileged(Ljava/security/PrivilegedExceptionAction;Ljava/security/AccessControlContext;)Ljava/lang/Object; java.base@21.0.12.1 (26 bytes) @ 0x0000013d26739320 [0x0000013d267392c0+0x0000000000000060]
j  java.net.URLClassLoader.findClass(Ljava/lang/String;)Ljava/lang/Class;+13 java.base@21.0.12.1
J 4518 c2 java.lang.ClassLoader.loadClass(Ljava/lang/String;Z)Ljava/lang/Class; java.base@21.0.12.1 (121 bytes) @ 0x0000013d266882d4 [0x0000013d26687fa0+0x0000000000000334]
J 3555 c2 java.lang.ClassLoader.loadClass(Ljava/lang/String;)Ljava/lang/Class; java.base@21.0.12.1 (7 bytes) @ 0x0000013d267d4c6c [0x0000013d267d4c20+0x000000000000004c]
v  ~StubRoutines::call_stub 0x0000013d260710e7
J 751  java.lang.ClassLoader.defineClass1(Ljava/lang/ClassLoader;Ljava/lang/String;[BIILjava/security/ProtectionDomain;Ljava/lang/String;)Ljava/lang/Class; java.base@21.0.12.1 (0 bytes) @ 0x0000013d2665d391 [0x0000013d2665d2c0+0x00000000000000d1]
J 5224 c2 java.security.SecureClassLoader.defineClass(Ljava/lang/String;[BIILjava/security/CodeSource;)Ljava/lang/Class; java.base@21.0.12.1 (16 bytes) @ 0x0000013d2688cff8 [0x0000013d2688c920+0x00000000000006d8]
J 4248 c1 java.net.URLClassLoader.defineClass(Ljava/lang/String;Ljdk/internal/loader/Resource;)Ljava/lang/Class; java.base@21.0.12.1 (224 bytes) @ 0x0000013d1f3659a4 [0x0000013d1f3646c0+0x00000000000012e4]
J 4222 c1 java.net.URLClassLoader$1.run()Ljava/lang/Class; java.base@21.0.12.1 (81 bytes) @ 0x0000013d1f35ab3c [0x0000013d1f35a840+0x00000000000002fc]
J 854 c1 java.net.URLClassLoader$1.run()Ljava/lang/Object; java.base@21.0.12.1 (5 bytes) @ 0x0000013d1ec9d254 [0x0000013d1ec9d1c0+0x0000000000000094]
J 2827 c2 java.security.AccessController.doPrivileged(Ljava/security/PrivilegedExceptionAction;Ljava/security/AccessControlContext;)Ljava/lang/Object; java.base@21.0.12.1 (26 bytes) @ 0x0000013d26739320 [0x0000013d267392c0+0x0000000000000060]
j  java.net.URLClassLoader.findClass(Ljava/lang/String;)Ljava/lang/Class;+13 java.base@21.0.12.1
J 4518 c2 java.lang.ClassLoader.loadClass(Ljava/lang/String;Z)Ljava/lang/Class; java.base@21.0.12.1 (121 bytes) @ 0x0000013d266882d4 [0x0000013d26687fa0+0x0000000000000334]
J 3555 c2 java.lang.ClassLoader.loadClass(Ljava/lang/String;)Ljava/lang/Class; java.base@21.0.12.1 (7 bytes) @ 0x0000013d267d4c6c [0x0000013d267d4c20+0x000000000000004c]
v  ~StubRoutines::call_stub 0x0000013d260710e7
J 751  java.lang.ClassLoader.defineClass1(Ljava/lang/ClassLoader;Ljava/lang/String;[BIILjava/security/ProtectionDomain;Ljava/lang/String;)Ljava/lang/Class; java.base@21.0.12.1 (0 bytes) @ 0x0000013d2665d391 [0x0000013d2665d2c0+0x00000000000000d1]
J 5224 c2 java.security.SecureClassLoader.defineClass(Ljava/lang/String;[BIILjava/security/CodeSource;)Ljava/lang/Class; java.base@21.0.12.1 (16 bytes) @ 0x0000013d2688cff8 [0x0000013d2688c920+0x00000000000006d8]
J 4248 c1 java.net.URLClassLoader.defineClass(Ljava/lang/String;Ljdk/internal/loader/Resource;)Ljava/lang/Class; java.base@21.0.12.1 (224 bytes) @ 0x0000013d1f3659a4 [0x0000013d1f3646c0+0x00000000000012e4]
J 4222 c1 java.net.URLClassLoader$1.run()Ljava/lang/Class; java.base@21.0.12.1 (81 bytes) @ 0x0000013d1f35ab3c [0x0000013d1f35a840+0x00000000000002fc]
J 854 c1 java.net.URLClassLoader$1.run()Ljava/lang/Object; java.base@21.0.12.1 (5 bytes) @ 0x0000013d1ec9d254 [0x0000013d1ec9d1c0+0x0000000000000094]
J 2827 c2 java.security.AccessController.doPrivileged(Ljava/security/PrivilegedExceptionAction;Ljava/security/AccessControlContext;)Ljava/lang/Object; java.base@21.0.12.1 (26 bytes) @ 0x0000013d26739320 [0x0000013d267392c0+0x0000000000000060]
j  java.net.URLClassLoader.findClass(Ljava/lang/String;)Ljava/lang/Class;+13 java.base@21.0.12.1
J 4518 c2 java.lang.ClassLoader.loadClass(Ljava/lang/String;Z)Ljava/lang/Class; java.base@21.0.12.1 (121 bytes) @ 0x0000013d266882d4 [0x0000013d26687fa0+0x0000000000000334]
J 3555 c2 java.lang.ClassLoader.loadClass(Ljava/lang/String;)Ljava/lang/Class; java.base@21.0.12.1 (7 bytes) @ 0x0000013d267d4c6c [0x0000013d267d4c20+0x000000000000004c]
v  ~StubRoutines::call_stub 0x0000013d260710e7
j  kotlin.text.StringsKt__StringsKt.endsWith(Ljava/lang/CharSequence;CZ)Z+27
j  kotlin.text.StringsKt__StringsKt.endsWith$default(Ljava/lang/CharSequence;CZILjava/lang/Object;)Z+11
j  kotlin.io.FilesKt__UtilsKt.resolve(Ljava/io/File;Ljava/io/File;)Ljava/io/File;+64
j  kotlin.io.FilesKt__UtilsKt.resolve(Ljava/io/File;Ljava/lang/String;)Ljava/io/File;+22
j  org.gradle.problems.internal.impl.DefaultProblemsReportCreator.createReportFile(Ljava/io/File;Ljava/util/List;)V+19
j  org.gradle.problems.internal.services.DefaultProblemSummarizer.report(Ljava/io/File;Lorg/gradle/problems/buildtree/ProblemReporter$ProblemConsumer;)V+14
j  org.gradle.internal.buildtree.ProblemReportingBuildActionRunner.reportProblems(Ljava/io/File;)Ljava/util/List;+53
j  org.gradle.internal.buildtree.ProblemReportingBuildActionRunner.run(Lorg/gradle/internal/invocation/BuildAction;Lorg/gradle/internal/buildtree/BuildTreeLifecycleController;)Lorg/gradle/internal/buildtree/BuildActionRunner$Result;+28
j  org.gradle.launcher.exec.BuildOutcomeReportingBuildActionRunner.run(Lorg/gradle/internal/invocation/BuildAction;Lorg/gradle/internal/buildtree/BuildTreeLifecycleController;)Lorg/gradle/internal/buildtree/BuildActionRunner$Result;+69
j  org.gradle.tooling.internal.provider.FileSystemWatchingBuildActionRunner.run(Lorg/gradle/internal/invocation/BuildAction;Lorg/gradle/internal/buildtree/BuildTreeLifecycleController;)Lorg/gradle/internal/buildtree/BuildActionRunner$Result;+317
j  org.gradle.launcher.exec.BuildCompletionNotifyingBuildActionRunner.run(Lorg/gradle/internal/invocation/BuildAction;Lorg/gradle/internal/buildtree/BuildTreeLifecycleController;)Lorg/gradle/internal/buildtree/BuildActionRunner$Result;+6
j  org.gradle.launcher.exec.RootBuildLifecycleBuildActionExecutor.lambda$execute$0(Lorg/gradle/internal/invocation/BuildAction;Lorg/gradle/internal/buildtree/BuildTreeLifecycleController;)Lorg/gradle/internal/buildtree/BuildActionRunner$Result;+6
j  org.gradle.launcher.exec.RootBuildLifecycleBuildActionExecutor$$Lambda+0x0000013d3340d3c0.apply(Ljava/lang/Object;)Ljava/lang/Object;+12
j  org.gradle.composite.internal.DefaultRootBuildState.run(Ljava/util/function/Function;)Ljava/lang/Object;+92
j  org.gradle.launcher.exec.RootBuildLifecycleBuildActionExecutor.execute(Lorg/gradle/internal/invocation/BuildAction;)Lorg/gradle/internal/buildtree/BuildActionRunner$Result;+91
j  org.gradle.launcher.exec.BuildTreeLifecycleBuildActionExecutor.runRootBuildAction(Lorg/gradle/internal/invocation/BuildAction;Lorg/gradle/internal/service/ServiceRegistry;Lorg/gradle/internal/buildtree/BuildActionModelRequirements;Lorg/gradle/internal/buildtree/BuildModelParameters;)Lorg/gradle/internal/buildtree/BuildActionRunner$Result;+42
j  org.gradle.launcher.exec.BuildTreeLifecycleBuildActionExecutor.execute(Lorg/gradle/internal/invocation/BuildAction;Lorg/gradle/internal/session/BuildSessionContext;)Lorg/gradle/internal/buildtree/BuildActionRunner$Result;+50
j  org.gradle.launcher.exec.RunAsBuildOperationBuildActionExecutor$2.call(Lorg/gradle/internal/operations/BuildOperationContext;)Lorg/gradle/internal/buildtree/BuildActionRunner$Result;+25
j  org.gradle.launcher.exec.RunAsBuildOperationBuildActionExecutor$2.call(Lorg/gradle/internal/operations/BuildOperationContext;)Ljava/lang/Object;+2
j  org.gradle.internal.operations.DefaultBuildOperationRunner$CallableBuildOperationWorker.execute(Lorg/gradle/internal/operations/CallableBuildOperation;Lorg/gradle/internal/operations/BuildOperationContext;)V+3
j  org.gradle.internal.operations.DefaultBuildOperationRunner$CallableBuildOperationWorker.execute(Lorg/gradle/internal/operations/BuildOperation;Lorg/gradle/internal/operations/BuildOperationContext;)V+6
j  org.gradle.internal.operations.DefaultBuildOperationRunner$2.execute(Lorg/gradle/internal/operations/BuildOperationDescriptor;Lorg/gradle/internal/operations/BuildOperationState;Lorg/gradle/internal/operations/BuildOperationState;Lorg/gradle/internal/operations/DefaultBuildOperationRunner$ReadableBuildOperationContext;Lorg/gradle/internal/operations/DefaultBuildOperationRunner$BuildOperationExecutionListener;)Lorg/gradle/internal/operations/BuildOperation;+22
j  org.gradle.internal.operations.DefaultBuildOperationRunner$2.execute(Lorg/gradle/internal/operations/BuildOperationDescriptor;Lorg/gradle/internal/operations/BuildOperationState;Lorg/gradle/internal/operations/BuildOperationState;Lorg/gradle/internal/operations/DefaultBuildOperationRunner$ReadableBuildOperationContext;Lorg/gradle/internal/operations/DefaultBuildOperationRunner$BuildOperationExecutionListener;)Ljava/lang/Object;+8
j  org.gradle.internal.operations.DefaultBuildOperationRunner.execute(Lorg/gradle/internal/operations/BuildOperationDescriptor$Builder;Lorg/gradle/internal/operations/DefaultBuildOperationRunner$BuildOperationExecution;)Ljava/lang/Object;+141
j  org.gradle.internal.operations.DefaultBuildOperationRunner.execute(Lorg/gradle/internal/operations/BuildOperation;Lorg/gradle/internal/operations/BuildOperationWorker;)V+17
j  org.gradle.internal.operations.DefaultBuildOperationRunner.call(Lorg/gradle/internal/operations/CallableBuildOperation;)Ljava/lang/Object;+12
j  org.gradle.launcher.exec.RunAsBuildOperationBuildActionExecutor.execute(Lorg/gradle/internal/invocation/BuildAction;Lorg/gradle/internal/session/BuildSessionContext;)Lorg/gradle/internal/buildtree/BuildActionRunner$Result;+23
j  org.gradle.launcher.exec.RunAsWorkerThreadBuildActionExecutor.lambda$execute$0(Lorg/gradle/internal/invocation/BuildAction;Lorg/gradle/internal/session/BuildSessionContext;)Lorg/gradle/internal/buildtree/BuildActionRunner$Result;+6
j  org.gradle.launcher.exec.RunAsWorkerThreadBuildActionExecutor$$Lambda+0x0000013d332a5518.create()Ljava/lang/Object;+12
j  org.gradle.internal.work.DefaultWorkerLeaseService.lambda$runAndReleaseLocks$0(Lorg/gradle/internal/Factory;Ljava/util/Collection;)Ljava/lang/Object;+1
j  org.gradle.internal.work.DefaultWorkerLeaseService$$Lambda+0x0000013d332a70f8.create()Ljava/lang/Object;+12
j  org.gradle.internal.work.ResourceLockStatistics$1.measure(Ljava/lang/String;Ljava/lang/Iterable;Lorg/gradle/internal/Factory;)Ljava/lang/Object;+1
j  org.gradle.internal.work.DefaultWorkerLeaseService.runAndReleaseLocks(Ljava/util/Collection;Lorg/gradle/internal/Factory;)Ljava/lang/Object;+16
j  org.gradle.internal.work.DefaultWorkerLeaseService.withLocksAcquired(Ljava/util/Collection;Lorg/gradle/internal/Factory;)Ljava/lang/Object;+8
j  org.gradle.internal.work.DefaultWorkerLeaseService.withLocks(Ljava/util/Collection;Lorg/gradle/internal/Factory;)Ljava/lang/Object;+25
j  org.gradle.internal.work.DefaultWorkerLeaseService.runAsWorkerThread(Lorg/gradle/internal/Factory;)Ljava/lang/Object;+33
j  org.gradle.launcher.exec.RunAsWorkerThreadBuildActionExecutor.execute(Lorg/gradle/internal/invocation/BuildAction;Lorg/gradle/internal/session/BuildSessionContext;)Lorg/gradle/internal/buildtree/BuildActionRunner$Result;+12
j  org.gradle.tooling.internal.provider.continuous.ContinuousBuildActionExecutor.execute(Lorg/gradle/internal/invocation/BuildAction;Lorg/gradle/internal/session/BuildSessionContext;)Lorg/gradle/internal/buildtree/BuildActionRunner$Result;+58
j  org.gradle.tooling.internal.provider.SubscribableBuildActionExecutor.execute(Lorg/gradle/internal/invocation/BuildAction;Lorg/gradle/internal/session/BuildSessionContext;)Lorg/gradle/internal/buildtree/BuildActionRunner$Result;+30
j  org.gradle.internal.session.DefaultBuildSessionContext.execute(Lorg/gradle/internal/invocation/BuildAction;)Lorg/gradle/internal/buildtree/BuildActionRunner$Result;+64
j  org.gradle.internal.buildprocess.execution.BuildSessionLifecycleBuildActionExecutor$ActionImpl.apply(Lorg/gradle/internal/session/BuildSessionContext;)Lorg/gradle/launcher/exec/BuildActionResult;+6
j  org.gradle.internal.buildprocess.execution.BuildSessionLifecycleBuildActionExecutor$ActionImpl.apply(Ljava/lang/Object;)Ljava/lang/Object;+5
j  org.gradle.internal.session.BuildSessionState.run(Ljava/util/function/Function;)Ljava/lang/Object;+5
j  org.gradle.internal.buildprocess.execution.BuildSessionLifecycleBuildActionExecutor.execute(Lorg/gradle/internal/invocation/BuildAction;Lorg/gradle/launcher/exec/BuildActionParameters;Lorg/gradle/initialization/BuildRequestContext;)Lorg/gradle/launcher/exec/BuildActionResult;+105
j  org.gradle.internal.buildprocess.execution.BuildSessionLifecycleBuildActionExecutor.execute(Lorg/gradle/internal/invocation/BuildAction;Ljava/lang/Object;Ljava/lang/Object;)Lorg/gradle/launcher/exec/BuildActionResult;+10
j  org.gradle.internal.buildprocess.execution.StartParamsValidatingActionExecutor.execute(Lorg/gradle/internal/invocation/BuildAction;Lorg/gradle/launcher/exec/BuildActionParameters;Lorg/gradle/initialization/BuildRequestContext;)Lorg/gradle/launcher/exec/BuildActionResult;+142
j  org.gradle.internal.buildprocess.execution.StartParamsValidatingActionExecutor.execute(Lorg/gradle/internal/invocation/BuildAction;Ljava/lang/Object;Ljava/lang/Object;)Lorg/gradle/launcher/exec/BuildActionResult;+10
j  org.gradle.internal.buildprocess.execution.SessionFailureReportingActionExecutor.execute(Lorg/gradle/internal/invocation/BuildAction;Lorg/gradle/launcher/exec/BuildActionParameters;Lorg/gradle/initialization/BuildRequestContext;)Lorg/gradle/launcher/exec/BuildActionResult;+7
j  org.gradle.internal.buildprocess.execution.SessionFailureReportingActionExecutor.execute(Lorg/gradle/internal/invocation/BuildAction;Ljava/lang/Object;Ljava/lang/Object;)Lorg/gradle/launcher/exec/BuildActionResult;+10
j  org.gradle.internal.buildprocess.execution.SetupLoggingActionExecutor.execute(Lorg/gradle/internal/invocation/BuildAction;Lorg/gradle/launcher/exec/BuildActionParameters;Lorg/gradle/initialization/BuildRequestContext;)Lorg/gradle/launcher/exec/BuildActionResult;+50
j  org.gradle.internal.buildprocess.execution.SetupLoggingActionExecutor.execute(Lorg/gradle/internal/invocation/BuildAction;Ljava/lang/Object;Ljava/lang/Object;)Lorg/gradle/launcher/exec/BuildActionResult;+10
j  org.gradle.launcher.daemon.server.exec.ExecuteBuild.doBuild(Lorg/gradle/launcher/daemon/server/api/DaemonCommandExecution;Lorg/gradle/launcher/daemon/protocol/Build;)V+147
j  org.gradle.launcher.daemon.server.exec.BuildCommandOnly.execute(Lorg/gradle/launcher/daemon/server/api/DaemonCommandExecution;)V+49
j  org.gradle.launcher.daemon.server.api.DaemonCommandExecution.proceed()Z+23
j  org.gradle.launcher.daemon.server.exec.WatchForDisconnection.execute(Lorg/gradle/launcher/daemon/server/api/DaemonCommandExecution;)V+19
j  org.gradle.launcher.daemon.server.api.DaemonCommandExecution.proceed()Z+23
j  org.gradle.launcher.daemon.server.exec.ResetDeprecationLogger.execute(Lorg/gradle/launcher/daemon/server/api/DaemonCommandExecution;)V+7
j  org.gradle.launcher.daemon.server.api.DaemonCommandExecution.proceed()Z+23
j  org.gradle.launcher.daemon.server.exec.RequestStopIfSingleUsedDaemon.execute(Lorg/gradle/launcher/daemon/server/api/DaemonCommandExecution;)V+33
j  org.gradle.launcher.daemon.server.api.DaemonCommandExecution.proceed()Z+23
j  org.gradle.launcher.daemon.server.exec.ForwardClientInput.lambda$execute$0(Lorg/gradle/launcher/daemon/server/api/DaemonCommandExecution;Lorg/gradle/internal/daemon/clientinput/StdinHandler;)Ljava/lang/Object;+11
j  org.gradle.launcher.daemon.server.exec.ForwardClientInput$$Lambda+0x0000013d331965b8.apply(Ljava/lang/Object;)Ljava/lang/Object;+8
j  org.gradle.internal.daemon.clientinput.ClientInputForwarder.forwardInput(Ljava/util/function/Function;)Ljava/lang/Object;+46
j  org.gradle.launcher.daemon.server.exec.ForwardClientInput.execute(Lorg/gradle/launcher/daemon/server/api/DaemonCommandExecution;)V+10
j  org.gradle.launcher.daemon.server.api.DaemonCommandExecution.proceed()Z+23
j  org.gradle.launcher.daemon.server.exec.LogAndCheckHealth.execute(Lorg/gradle/launcher/daemon/server/api/DaemonCommandExecution;)V+51
j  org.gradle.launcher.daemon.server.api.DaemonCommandExecution.proceed()Z+23
j  org.gradle.launcher.daemon.server.exec.LogToClient.doBuild(Lorg/gradle/launcher/daemon/server/api/DaemonCommandExecution;Lorg/gradle/launcher/daemon/protocol/Build;)V+87
j  org.gradle.launcher.daemon.server.exec.BuildCommandOnly.execute(Lorg/gradle/launcher/daemon/server/api/DaemonCommandExecution;)V+49
j  org.gradle.launcher.daemon.server.api.DaemonCommandExecution.proceed()Z+23
j  org.gradle.launcher.daemon.server.exec.EstablishBuildEnvironment.doBuild(Lorg/gradle/launcher/daemon/server/api/DaemonCommandExecution;Lorg/gradle/launcher/daemon/protocol/Build;)V+356
j  org.gradle.launcher.daemon.server.exec.BuildCommandOnly.execute(Lorg/gradle/launcher/daemon/server/api/DaemonCommandExecution;)V+49
j  org.gradle.launcher.daemon.server.api.DaemonCommandExecution.proceed()Z+23
j  org.gradle.launcher.daemon.server.exec.StartBuildOrRespondWithBusy$1.run()V+44
j  org.gradle.launcher.daemon.server.DaemonStateCoordinator.lambda$runCommand$0(Ljava/lang/Runnable;)V+1
j  org.gradle.launcher.daemon.server.DaemonStateCoordinator$$Lambda+0x0000013d33195350.run()V+8
j  org.gradle.internal.concurrent.ExecutorPolicy$CatchAndRecordFailures.onExecute(Ljava/lang/Runnable;)V+1
j  org.gradle.internal.concurrent.AbstractManagedExecutor$1.run()V+25
j  java.util.concurrent.ThreadPoolExecutor.runWorker(Ljava/util/concurrent/ThreadPoolExecutor$Worker;)V+92 java.base@21.0.12.1
j  java.util.concurrent.ThreadPoolExecutor$Worker.run()V+5 java.base@21.0.12.1
j  java.lang.Thread.runWith(Ljava/lang/Object;Ljava/lang/Runnable;)V+5 java.base@21.0.12.1
j  java.lang.Thread.run()V+19 java.base@21.0.12.1
v  ~StubRoutines::call_stub 0x0000013d260710e7

Compiled method (n/a) 270401  751     n 0       java.lang.ClassLoader::defineClass1 (native)
 total in heap  [0x0000013d2665d110,0x0000013d2665d7a8] = 1688
 relocation     [0x0000013d2665d270,0x0000013d2665d2a8] = 56
 main code      [0x0000013d2665d2c0,0x0000013d2665d7a7] = 1255
 stub code      [0x0000013d2665d7a7,0x0000013d2665d7a8] = 1

[Constant Pool (empty)]

[MachCode]
[Entry Point]
  # {method} {0x0000013d32434c38} 'defineClass1' '(Ljava/lang/ClassLoader;Ljava/lang/String;[BIILjava/security/ProtectionDomain;Ljava/lang/String;)Ljava/lang/Class;' in 'java/lang/ClassLoader'
  # parm0:    rdx:rdx   = 'java/lang/ClassLoader'
  # parm1:    r8:r8     = 'java/lang/String'
  # parm2:    r9:r9     = '[B'
  # parm3:    rdi       = int
  # parm4:    rsi       = int
  # parm5:    rcx:rcx   = 'java/security/ProtectionDomain'
  # parm6:    [sp+0xa0]   = 'java/lang/String'  (sp of caller)
  0x0000013d2665d2c0: 448b 5208 | 49bb 0000 | 0032 3d01 | 0000 4d03 | d349 3bc2 | 0f84 0600 

  0x0000013d2665d2d8: ;   {runtime_call ic_miss_stub}
  0x0000013d2665d2d8: 0000 e9a1 | 16a6 ff90 
[Verified Entry Point]
  0x0000013d2665d2e0: 8984 2400 | 80ff ff55 | 488b ec48 | 81ec 9000 | 0000 6690 | 4181 7f20 | 0500 0000 

  0x0000013d2665d2fc: ;   {runtime_call StubRoutines (final stubs)}
  0x0000013d2665d2fc: 7405 e89d | afa4 ff48 | 837d 1000 | 488d 4510 | 480f 4445 | 1048 8944 | 2440 4889 | 4c24 7048 
  0x0000013d2665d31c: 83f9 0048 | 8d44 2470 | 480f 4444 | 2470 4889 | 4424 3848 | 8974 2430 | 4889 7c24 | 284c 894c 
  0x0000013d2665d33c: 2458 4983 | f900 488d | 4424 5848 | 0f44 4424 | 5848 8944 | 2420 4c89 | 4424 5049 | 83f8 004c 
  0x0000013d2665d35c: 8d4c 2450 | 4c0f 444c | 2450 4889 | 5424 4848 | 83fa 004c | 8d44 2448 | 4c0f 4444 

  0x0000013d2665d378: ;   {oop(a 'java/lang/Class'{0x00000000e06c9928} = 'java/lang/ClassLoader')}
  0x0000013d2665d378: 2448 49be | 2899 6ce0 | 0000 0000 | 4c89 7424 | 784c 8d74 | 2478 498b | d6c5 f877 

  0x0000013d2665d394: ;   {internal_word}
  0x0000013d2665d394: 49ba 91d3 | 6526 3d01 | 0000 4d89 | 97a8 0300 | 0049 89a7 | a003 0000 

  0x0000013d2665d3ac: ;   {external_word}
  0x0000013d2665d3ac: 49ba 066d | bf0e fc7f | 0000 4180 | 3a00 0f84 | 4e00 0000 | 5241 5041 

  0x0000013d2665d3c4: ;   {metadata({method} {0x0000013d32434c38} 'defineClass1' '(Ljava/lang/ClassLoader;Ljava/lang/String;[BIILjava/security/ProtectionDomain;Ljava/lang/String;)Ljava/lang/Class;' in 'java/lang/ClassLoader')}
  0x0000013d2665d3c4: 5148 ba30 | 4c43 323d | 0100 0049 | 8bcf 4883 | ec20 40f6 | c40f 0f84 | 1900 0000 | 4883 ec08 
  0x0000013d2665d3e4: ;   {runtime_call}
  0x0000013d2665d3e4: 48b8 e0ea | 680e fc7f | 0000 ffd0 | 4883 c408 | e90c 0000 

  0x0000013d2665d3f8: ;   {runtime_call}
  0x0000013d2665d3f8: 0048 b8e0 | ea68 0efc | 7f00 00ff | d048 83c4 | 2041 5941 | 585a 498d | 8fc0 0300 | 0041 c787 
  0x0000013d2665d418: 4c04 0000 | 0400 0000 

  0x0000013d2665d420: ;   {runtime_call}
  0x0000013d2665d420: 48b8 ac16 | 869e fc7f | 0000 ffd0 | c5f8 7741 | c787 4c04 | 0000 0500 | 0000 f083 | 4424 c000 
  0x0000013d2665d440: 493b af50 | 0400 000f | 870e 0000 | 0041 83bf | 4804 0000 | 000f 842b | 0000 00c5 | f877 4889 
  0x0000013d2665d460: 45f8 498b | cf4c 8be4 | 4883 ec20 | 4883 e4f0 

  0x0000013d2665d470: ;   {runtime_call}
  0x0000013d2665d470: 48b8 0058 | 340e fc7f | 0000 ffd0 | 498b e44d | 33e4 488b | 45f8 41c7 | 874c 0400 | 0008 0000 
  0x0000013d2665d490: 0041 83bf | c804 0000 | 020f 84db 

  0x0000013d2665d49c: ;   {external_word}
  0x0000013d2665d49c: 0200 0049 | ba06 6dbf | 0efc 7f00 | 0041 803a | 000f 844c | 0000 0048 

  0x0000013d2665d4b4: ;   {metadata({method} {0x0000013d32434c38} 'defineClass1' '(Ljava/lang/ClassLoader;Ljava/lang/String;[BIILjava/security/ProtectionDomain;Ljava/lang/String;)Ljava/lang/Class;' in 'java/lang/ClassLoader')}
  0x0000013d2665d4b4: 8945 f848 | ba30 4c43 | 323d 0100 | 0049 8bcf | 4883 ec20 | 40f6 c40f | 0f84 1900 | 0000 4883 
  0x0000013d2665d4d4: ;   {runtime_call}
  0x0000013d2665d4d4: ec08 48b8 | e0ea 680e | fc7f 0000 | ffd0 4883 | c408 e90c 

  0x0000013d2665d4e8: ;   {runtime_call}
  0x0000013d2665d4e8: 0000 0048 | b8e0 ea68 | 0efc 7f00 | 00ff d048 | 83c4 2048 | 8b45 f849 | c787 a003 | 0000 0000 
  0x0000013d2665d508: 0000 49c7 | 87a8 0300 | 0000 0000 | 00c5 f877 | 4885 c00f | 8436 0200 | 00a8 030f | 8508 0000 
  0x0000013d2665d528: 0048 8b00 | e926 0200 | 00a8 010f | 8509 0000 | 0048 8b40 | fee9 1502 | 0000 488b | 40ff 4180 
  0x0000013d2665d548: 7f40 000f | 8406 0200 | 0048 83f8 | 000f 84fc | 0100 0049 | 8b4f 2848 | 83f9 000f | 8414 0000 
  0x0000013d2665d568: 0048 83e9 | 0849 894f | 2849 034f | 3848 8901 | e9da 0100 | 0048 81ec | f000 0000 | 4889 0424 
  0x0000013d2665d588: 4889 4c24 | 0848 8954 | 2410 4c89 | 4424 184c | 894c 2420 | 4c89 5424 | 284c 895c | 2430 c5fb 
  0x0000013d2665d5a8: 1144 2440 | c5fb 114c | 2448 c5fb | 1154 2450 | c5fb 115c | 2458 c5fb | 1164 2460 | c5fb 116c 
  0x0000013d2665d5c8: 2468 62e1 | ff08 1144 | 240e 62e1 | ff08 114c | 240f 62e1 | ff08 1154 | 2410 62e1 | ff08 115c 
  0x0000013d2665d5e8: ;   {no_reloc}
  0x0000013d2665d5e8: 2411 62e1 | ff08 1164 | 2412 62e1 | ff08 116c | 2413 62e1 | ff08 1174 | 2414 62e1 | ff08 117c 
  0x0000013d2665d608: 2415 6261 | ff08 1144 | 2416 6261 | ff08 114c | 2417 6261 | ff08 1154 | 2418 6261 | ff08 115c 
  0x0000013d2665d628: 2419 6261 | ff08 1164 | 241a 6261 | ff08 116c | 241b 6261 | ff08 1174 | 241c 6261 | ff08 117c 
  0x0000013d2665d648: 241d 498b | d748 8bc8 | 4883 ec20 | 40f6 c40f | 0f84 1900 | 0000 4883 

  0x0000013d2665d660: ;   {runtime_call}
  0x0000013d2665d660: ec08 48b8 | 20a4 270e | fc7f 0000 | ffd0 4883 | c408 e90c 

  0x0000013d2665d674: ;   {runtime_call}
  0x0000013d2665d674: 0000 0048 | b820 a427 | 0efc 7f00 | 00ff d048 | 83c4 2062 | 61ff 0810 | 7c24 1d62 | 61ff 0810 
  0x0000013d2665d694: 7424 1c62 | 61ff 0810 | 6c24 1b62 | 61ff 0810 | 6424 1a62 | 61ff 0810 | 5c24 1962 | 61ff 0810 
  0x0000013d2665d6b4: 5424 1862 | 61ff 0810 | 4c24 1762 | 61ff 0810 | 4424 1662 | e1ff 0810 | 7c24 1562 | e1ff 0810 
  0x0000013d2665d6d4: 7424 1462 | e1ff 0810 | 6c24 1362 | e1ff 0810 | 6424 1262 | e1ff 0810 | 5c24 1162 | e1ff 0810 
  0x0000013d2665d6f4: 5424 1062 | e1ff 0810 | 4c24 0f62 | e1ff 0810 | 4424 0ec5 | fb10 6c24 | 68c5 fb10 | 6424 60c5 
  0x0000013d2665d714: fb10 5c24 | 58c5 fb10 | 5424 50c5 | fb10 4c24 | 48c5 fb10 | 4424 404c | 8b5c 2430 | 4c8b 5424 
  0x0000013d2665d734: 284c 8b4c | 2420 4c8b | 4424 1848 | 8b54 2410 | 488b 4c24 | 0848 8b04 | 2448 81c4 | f000 0000 
  0x0000013d2665d754: c5f8 7749 | 8b8f 3004 | 0000 c781 | 0001 0000 | 0000 0000 | c949 837f | 0800 0f85 | 0100 0000 
  0x0000013d2665d774: ;   {runtime_call StubRoutines (initial stubs)}
  0x0000013d2665d774: c3e9 8637 | a1ff c5f8 | 7748 8945 | f84c 8be4 | 4883 ec20 | 4883 e4f0 

  0x0000013d2665d78c: ;   {runtime_call}
  0x0000013d2665d78c: 48b8 3022 | 690e fc7f | 0000 ffd0 | 498b e44d | 33e4 488b | 45f8 e9f8 | fcff fff4 
[/MachCode]


Compiled method (c2) 271906 5224       4       java.security.SecureClassLoader::defineClass (16 bytes)
 total in heap  [0x0000013d2688c510,0x0000013d26890920] = 17424
 relocation     [0x0000013d2688c670,0x0000013d2688c920] = 688
 main code      [0x0000013d2688c920,0x0000013d2688efb8] = 9880
 stub code      [0x0000013d2688efb8,0x0000013d2688f0c0] = 264
 oops           [0x0000013d2688f0c0,0x0000013d2688f0d8] = 24
 metadata       [0x0000013d2688f0d8,0x0000013d2688f268] = 400
 scopes data    [0x0000013d2688f268,0x0000013d26890028] = 3520
 scopes pcs     [0x0000013d26890028,0x0000013d268905f8] = 1488
 dependencies   [0x0000013d268905f8,0x0000013d26890610] = 24
 handler table  [0x0000013d26890610,0x0000013d268908b0] = 672
 nul chk table  [0x0000013d268908b0,0x0000013d26890920] = 112

[Constant Pool (empty)]

[MachCode]
[Entry Point]
  # {method} {0x0000013d3204e0e8} 'defineClass' '(Ljava/lang/String;[BIILjava/security/CodeSource;)Ljava/lang/Class;' in 'java/security/SecureClassLoader'
  # this:     rdx:rdx   = 'java/security/SecureClassLoader'
  # parm0:    r8:r8     = 'java/lang/String'
  # parm1:    r9:r9     = '[B'
  # parm2:    rdi       = int
  # parm3:    rsi       = int
  # parm4:    rcx:rcx   = 'java/security/CodeSource'
  #           [sp+0xc0]  (sp of caller)
  0x0000013d2688c920: 448b 5208 | 49bb 0000 | 0032 3d01 | 0000 4d03 | d349 3bc2 

  0x0000013d2688c934: ;   {runtime_call ic_miss_stub}
  0x0000013d2688c934: 0f85 4620 | 83ff 6690 | 0f1f 4000 
[Verified Entry Point]
  0x0000013d2688c940: 8984 2400 | 80ff ff55 | 4881 ecb0 | 0000 0090 | 4181 7f20 | 0500 0000 | 0f85 5026 | 0000 8974 
  0x0000013d2688c960: 2444 897c | 2440 4c89 | 4c24 384c | 8944 2430 | 4889 5424 | 2848 8be9 | 4885 c90f | 84e7 1d00 
  0x0000013d2688c980: 004d 8b87 | b801 0000 | 4d8b d049 | 83c2 104d | 3b97 c801 | 0000 0f83 | f415 0000 | 4d89 97b8 
  0x0000013d2688c9a0: 0100 0041 | 0f0d 8ac0 | 0000 0049 | c700 0100 

  0x0000013d2688c9b0: ;   {metadata('java/security/SecureClassLoader$CodeSourceKey')}
  0x0000013d2688c9b0: 0000 41c7 | 4008 b8b4 | 1100 4c8b | d545 8950 | 0c4d 8b8f | b801 0000 | 4c8b 5424 | 2841 8b6a 
  0x0000013d2688c9d0: 504d 8bd1 | 4983 c210 | 4d3b 97c8 | 0100 000f | 83cf 1500 | 004d 8997 | b801 0000 | 410f 0d8a 
  0x0000013d2688c9f0: c000 0000 | 49c7 0101 

  0x0000013d2688c9f8: ;   {metadata('java/security/SecureClassLoader$1')}
  0x0000013d2688c9f8: 0000 0041 | c741 0850 | ba11 004c | 8b54 2428 | 4589 510c 

  0x0000013d2688ca0c: ; implicit exception: dispatches to 0x0000013d2688ecf8
  0x0000013d2688ca0c: 448b 5508 

  0x0000013d2688ca10: ;   {metadata('java/util/concurrent/ConcurrentHashMap')}
  0x0000013d2688ca10: 4181 fa80 | 2706 000f | 8593 1a00 | 0048 8bd5 

  0x0000013d2688ca20: ;   {optimized virtual_call}
  0x0000013d2688ca20: c5f8 77e8 

  0x0000013d2688ca24: ; ImmutableOopMap {[40]=Oop [48]=Oop [56]=Oop }
                      ;*invokeinterface computeIfAbsent {reexecute=0 rethrow=0 return_oop=1}
                      ; - java.security.SecureClassLoader::getProtectionDomain@28
                      ; - java.security.SecureClassLoader::defineClass@9
  0x0000013d2688ca24: 58b8 a6f8 

  0x0000013d2688ca28: ;   {other}
  0x0000013d2688ca28: 0f1f 8400 | 1805 0000 

  0x0000013d2688ca30: ; implicit exception: dispatches to 0x0000013d2688ed18
  0x0000013d2688ca30: 448b 5808 

  0x0000013d2688ca34: ;   {metadata('java/security/ProtectionDomain')}
  0x0000013d2688ca34: 4181 fbe8 | 5800 000f | 8543 2200 | 0048 8984 | 2490 0000 | 004c 8b54 | 2430 458b | 5214 458b 
  0x0000013d2688ca54: 5a0c 4585 | db0f 86a5 | 1a00 004c | 8b44 2430 | 450f be40 | 1045 85c0 | 0f85 421c | 0000 c442 
  0x0000013d2688ca74: 3af7 cb45 | 3bcb 418b | d941 0f4f | db4d 8bc2 | c4c1 f96e | c04d 8d42 | 1085 db0f | 8ecf 0000 
  0x0000013d2688ca94: 0044 3bdb | 0f82 ba1a | 0000 b82f | 0000 0049 | 8bf8 8bd3 | 488b df83 | fa10 0f8c | 7900 0000 
  0x0000013d2688cab4: 83fa 200f | 8c36 0000 | 00c5 f96e | c8c4 e27d | 78c9 c5ed | efd2 8bca | 83e1 e083 | e21f c5fe 
  0x0000013d2688cad4: 6f1b c5e5 | 74d9 c4e2 | 7d17 d30f | 8369 0000 | 0048 83c3 | 2083 e920 | 75e4 e90d | 0000 00c5 
  0x0000013d2688caf4: f96e c8c5 | e9ef d2c4 | e271 00ca | 83fa 100f | 8c24 0000 | 008b ca83 | e1f0 83e2 | 0fc5 fa6f 
  0x0000013d2688cb14: 1bc5 e174 | d9c4 e279 | 17d3 0f83 | 2a00 0000 | 4883 c310 | 83e9 1075 | e485 d20f 

  0x0000013d2688cb30: ;   {no_reloc}
  0x0000013d2688cb30: 8412 0000 | 000f b60b | 3bc1 741c | 4883 c301 | 83ea 0174 | 02eb eebb | ffff ffff | eb0d c5fd 
  0x0000013d2688cb50: d7cb 0fbc | c148 03d8 | 482b df83 | fbff 0f85 | b01b 0000 | 410f b628 | 83fd 5b0f | 842b 1c00 
  0x0000013d2688cb70: 0041 8d59 | fb85 db7c | 0d41 0fbe | 0883 f96a | 0f84 200e | 0000 488b | 5c24 2848 | 8b8c 2490 
  0x0000013d2688cb90: 0000 0044 | 8b71 1041 | 8d79 ff41 | 8d53 ff3b | fa0f 4ffa | 85ff 0f8c | 1610 0000 | 413b fb0f 
  0x0000013d2688cbb0: 83d3 1800 | 0085 ff0f | 8e73 1900 | 008d 57ff | 33f6 c4c1 | f96e c845 | 0fbe 443a | 1041 83f8 
  0x0000013d2688cbd0: 2e0f 84cd | 0f00 00ff | cf3b fa7f | ea83 ff02 | 0f8e 8400 | 0000 8d4f | fe83 ff02 | 0f4c ce81 
  0x0000013d2688cbf0: f9a0 0f00 | 0041 b8a0 | 0f00 0041 | 0f47 c88b | d72b d148 | 63cf 450f | be44 0a10 | 4183 f82e 
  0x0000013d2688cc10: 0f84 8400 | 0000 410f | be4c 0a0f | 83f9 2e74 | 7d8d 4ffe | 410f be44 | 0a10 83f8 | 2e74 728d 
  0x0000013d2688cc30: ;   {no_reloc}
  0x0000013d2688cc30: 4ffd 450f | be44 0a10 | 4183 f82e | 7463 83c7 | fc3b fa7f | be49 8baf | 5804 0000 | 4c8b 4424 
  0x0000013d2688cc50: 2848 8b4c | 2430 488b | 9424 9000 

  0x0000013d2688cc5c: ; ImmutableOopMap {r10=NarrowOop r8=Oop rcx=Oop rbx=Oop rdx=Oop r14=NarrowOop xmm0=Oop xmm1=Derived_oop_xmm0 [40]=Oop [48]=Oop [56]=Oop [144]=Oop }
                      ;*goto {reexecute=1 rethrow=0 return_oop=0}
                      ; - (reexecute) java.lang.StringLatin1::lastIndexOf@35
                      ; - java.lang.String::lastIndexOf@13
                      ; - java.lang.String::lastIndexOf@8
                      ; - java.lang.ClassLoader::checkCerts@3
                      ; - java.lang.ClassLoader::preDefineClass@113
                      ; - java.lang.ClassLoader::defineClass@4
                      ; - java.security.SecureClassLoader::defineClass@12
                      ;   {poll}
  0x0000013d2688cc5c: 0000 8545 | 0083 ff02 | 0f8f 7cff | ffff 83ff | ff7e 2145 | 0fbe 443a | 1041 83f8 | 2e0f 84b8 
  0x0000013d2688cc7c: 1700 00ff | cf83 ffff | 7fe9 c4c1 | f97e c8e9 | 340f 0000 | c4c1 f97e | c8e9 2a0f | 0000 8bcf 
  0x0000013d2688cc9c: eb03 8d4f | ffc4 c1f9 | 7ec8 83f9 | ff0f 844d | 0f00 0085 | c90f 8c31 | 1a00 0041 | 3bc9 0f8f 
  0x0000013d2688ccbc: 741b 0000 | 413b c90f | 843a 0d00 | 0085 c90f | 84e2 0e00 | 004d 8baf | b801 0000 | 4d8b cd49 
  0x0000013d2688ccdc: 83c1 184d | 3b8f c801 | 0000 0f83 | 1a14 0000 | 4c89 4424 | 204d 898f | b801 0000 | 410f 0d89 
  0x0000013d2688ccfc: c000 0000 | 49c7 4500 | 0100 0000 | 4d8b cd49 

  0x0000013d2688cd0c: ;   {metadata('java/lang/String')}
  0x0000013d2688cd0c: 83c1 1041 | c745 0878 | e800 0045 | 8965 0cc5 | f5ef c9c4 | c179 d609 | 413b cb0f | 85cb 0000 
  0x0000013d2688cd2c: 004d 63c3 | 4181 fb00 | 0010 000f | 875a 1600 | 0049 8bbf | b801 0000 | 4d8d 4817 | 4983 e1f8 
  0x0000013d2688cd4c: 488b cf49 | 03c9 493b | 8fc8 0100 | 000f 8338 | 1600 0049 | 898f b801 | 0000 0f0d | 89c0 0000 
  0x0000013d2688cd6c: 0048 c707 | 0100 0000 | 0f0d 8900 

  0x0000013d2688cd78: ;   {metadata({type array byte})}
  0x0000013d2688cd78: 0100 00c7 | 4708 1823 | 0000 4489 | 5f0c 0f0d | 8940 0100 | 000f 0d89 | 8001 0000 | 8974 2448 
  0x0000013d2688cd98: 4889 5c24 | 5844 8974 | 244c 4c89 | 6c24 604c | 8944 2468 | 488b d748 | 83c2 104c | 8b44 2468 
  0x0000013d2688cdb8: 4983 c007 | 49c1 e803 | 488b 4c24 | 20c5 f877 | 49ba 8043 | 0a26 3d01 | 0000 41ff 

  0x0000013d2688cdd4: ;   {other}
  0x0000013d2688cdd4: d20f 1f84 | 0000 0000 | 008b 7424 | 4848 8b5c | 2458 448b | 7424 4c4c | 8b6c 2460 | 4c8b dfe9 
  0x0000013d2688cdf4: dd00 0000 | 81f9 0000 | 1000 0f87 | 7817 0000 | 4c63 c944 | 3bd9 418b | eb0f 4fe9 | 443b dd0f 
  0x0000013d2688ce14: 82de 1700 | 003b cd0f | 82d6 1700 | 0049 83c1 | 174d 8bc1 | 4983 e0f8 | 81f9 0000 | 1000 0f87 
  0x0000013d2688ce34: 6f13 0000 | 4d8b 9fb8 | 0100 004d | 8bd3 4d03 | d04d 3b97 | c801 0000 | 0f83 5513 | 0000 4d89 
  0x0000013d2688ce54: 97b8 0100 | 0041 0f0d | 8ac0 0000 | 0049 c703 | 0100 0000 | 410f 0d8a | 0001 0000 

  0x0000013d2688ce70: ;   {metadata({type array byte})}
  0x0000013d2688ce70: 41c7 4308 | 1823 0000 | 4189 4b0c | 410f 0d8a | 4001 0000 | 410f 0d8a | 8001 0000 | 4d8b d349 
  0x0000013d2688ce90: 83c2 1049 | c1e9 0385 | ed0f 84e5 | 1600 003b | e90f 8ce8 | 0d00 0049 | 8bfb 4983 | c0f0 49c1 
  0x0000013d2688ceb0: e803 488b | 4c24 2049 | 8bd2 c5f8 | 7749 ba80 | 430a 263d | 0100 0041 

  0x0000013d2688cec8: ;   {other}
  0x0000013d2688cec8: ffd2 0f1f | 8400 0000 | 0000 4c8b | df41 807f | 4000 0f85 | 2b0d 0000 | 4d8b d54d | 8bcb 4589 
  0x0000013d2688cee8: 4d14 4d33 | da49 c1eb | 144d 85db | 741a 49c1 | ea09 48b9 | 0000 872d | 3d01 0000 | 4903 ca80 
  0x0000013d2688cf08: 3902 0f85 | 2e0d 0000 | 4588 6510 

  0x0000013d2688cf14: ; implicit exception: dispatches to 0x0000013d2688edf0
  0x0000013d2688cf14: 418b 6e14 | 85ed 0f85 | 9418 0000 | 418b 6e10 | 85ed 0f85 | b818 0000 | 448b 5b2c | 4585 db0f 
  0x0000013d2688cf34: 8405 1500 | 0048 895c | 2448 8974 | 2420 498b | d3bf 0100 

  0x0000013d2688cf48: ;   {oop(a 'java/security/cert/Certificate'[0] {0x00000000e0bc0098})}
  0x0000013d2688cf48: 0000 49b9 | 9800 bce0 | 0000 0000 | 4d8b c590 

  0x0000013d2688cf58: ;   {optimized virtual_call}
  0x0000013d2688cf58: c5f8 77e8 

  0x0000013d2688cf5c: ; ImmutableOopMap {[40]=Oop [48]=Oop [56]=Oop [72]=Oop [144]=Oop }
                      ;*invokevirtual putVal {reexecute=0 rethrow=0 return_oop=1}
                      ; - java.util.concurrent.ConcurrentHashMap::putIfAbsent@4
                      ; - java.lang.ClassLoader::checkCerts@62
                      ; - java.lang.ClassLoader::preDefineClass@113
                      ; - java.lang.ClassLoader::defineClass@4
                      ; - java.security.SecureClassLoader::defineClass@12
  0x0000013d2688cf5c: 405d e9ff 

  0x0000013d2688cf60: ;   {other}
  0x0000013d2688cf60: 0f1f 8400 | 500a 0002 | 4885 c074 | 1c44 8b58 

  0x0000013d2688cf70: ;   {metadata('java/security/cert/Certificate'[])}
  0x0000013d2688cf70: 0841 81fb | 2029 1000 | 0f85 3a1d | 0000 8b68 | 0c85 ed0f | 878b 1800 | 004c 8b8c | 2490 0000 
  0x0000013d2688cf90: 0045 8b51 | 1041 8b6a | 0c44 8b55 | 3845 85d2 | 0f84 b214 | 0000 48ff | b424 9000 | 0000 488f 
  0x0000013d2688cfb0: 4424 4849 | 8bd2 4c8b | c566 6690 

  0x0000013d2688cfbc: ;   {optimized virtual_call}
  0x0000013d2688cfbc: c5f8 77e8 

  0x0000013d2688cfc0: ; ImmutableOopMap {[40]=Oop [48]=Oop [56]=Oop [72]=Oop [144]=Oop }
                      ;*invokevirtual toExternalForm {reexecute=0 rethrow=0 return_oop=1}
                      ; - java.net.URL::toExternalForm@5
                      ; - java.net.URL::toString@1
                      ; - java.lang.ClassLoader::defineClassSourceLocation@22
                      ; - java.lang.ClassLoader::defineClass@12
                      ; - java.security.SecureClassLoader::defineClass@12
  0x0000013d2688cfc0: dce5 dfff 

  0x0000013d2688cfc4: ;   {other}
  0x0000013d2688cfc4: 0f1f 8400 | b40a 0003 | 488b 5424 | 284c 8b44 | 2430 4c8b | 4c24 388b | 7c24 408b | 7424 4448 
  0x0000013d2688cfe4: 8b8c 2490 | 0000 0048 | 8904 2490 

  0x0000013d2688cff0: ;   {static_call}
  0x0000013d2688cff0: c5f8 77e8 

  0x0000013d2688cff4: ; ImmutableOopMap {[40]=Oop [72]=Oop [144]=Oop }
                      ;*invokestatic defineClass1 {reexecute=0 rethrow=0 return_oop=1}
                      ; - java.lang.ClassLoader::defineClass@27
                      ; - java.security.SecureClassLoader::defineClass@12
  0x0000013d2688cff4: e802 ddff 

  0x0000013d2688cff8: ;   {other}
  0x0000013d2688cff8: 0f1f 8400 | e80a 0004 | 4c8b f044 | 8b50 3c45 | 85d2 7412 | 498b da49 | bd00 0087 | 2d3d 0100 
  0x0000013d2688d018: 00e9 1204 | 0000 4c8b | 5010 458b | 5a08 4585 | db0f 8c21 | 1600 0044 | 8b50 2c45 | 85d2 0f84 
  0x0000013d2688d038: d109 0000 | 4d8b da41 | 8b4b 1444 | 8b41 0c45 | 0fbe 5310 | c4c2 2af7 | f88d 5fff | 4585 d20f 
  0x0000013d2688d058: 853f 1900 | 004c 8bd1 | 4c89 9424 | 8800 0000 | 458d 50ff | 443b d344 | 0f4f d345 | 85d2 0f8c 
  0x0000013d2688d078: 610b 0000 | 4585 c00f | 869f 1500 | 0045 3bd0 | 0f83 9615 | 0000 4585 | d20f 8ed9 | 1500 0045 
  0x0000013d2688d098: ;   {oop(""{0x00000000e0a1bfd0})}
  0x0000013d2688d098: 8d4a ff48 | bbd0 bfa1 | e000 0000 | 0049 bd00 | 0087 2d3d | 0100 0042 | 0fbe 5411 | 1083 fa2e 
  0x0000013d2688d0b8: 0f84 ed0a | 0000 41ff | ca45 3bd1 | 7fe9 4183 | fa02 0f8e | 8500 0000 | 418d 52fe | 4183 fa02 
  0x0000013d2688d0d8: 0f4c 5424 | 2081 faa0 | 0f00 0041 | b9a0 0f00 | 0041 0f47 | d141 8bf2 | 2bf2 6666 | 0f1f 8400 
  0x0000013d2688d0f8: 0000 0000 | 6666 6690 | 4963 d244 | 0fbe 4c11 | 1041 83f9 | 2e74 6f44 | 0fbe 4c11 | 0f41 83f9 
  0x0000013d2688d118: 2e74 6845 | 8d4a fe42 | 0fbe 5409 | 1083 fa2e | 745d 458d | 4afd 420f | be54 0910 | 83fa 2e74 
  0x0000013d2688d138: 4e41 83c2 | fc44 3bd6 | 7fbe 498b | b758 0400 

  0x0000013d2688d148: ; ImmutableOopMap {r11=Oop rcx=NarrowOop rbx=Oop r14=Oop [40]=Oop [72]=Oop [136]=Oop }
                      ;*goto {reexecute=1 rethrow=0 return_oop=0}
                      ; - (reexecute) java.lang.StringLatin1::lastIndexOf@35
                      ; - java.lang.String::lastIndexOf@13
                      ; - java.lang.String::lastIndexOf@8
                      ; - java.lang.Class::getPackageName@47
                      ; - java.lang.ClassLoader::postDefineClass@2
                      ; - java.lang.ClassLoader::defineClass@37
                      ; - java.security.SecureClassLoader::defineClass@12
                      ;   {poll}
  0x0000013d2688d148: 0085 0641 | 83fa 020f | 8f7b ffff | ff41 83fa | ff0f 8e92 | 0a00 0090 | 460f be4c | 1110 4183 
  0x0000013d2688d168: f92e 0f84 | 0414 0000 | 41ff ca41 | 83fa ff7f | e7e9 730a | 0000 458b | caeb 0445 | 8d4a ff41 
  0x0000013d2688d188: 83f9 ff0f | 845c 0200 | 0045 85c9 | 0f8c 5e18 | 0000 443b | cf0f 8f91 | 1800 0044 | 3bcf 0f84 
  0x0000013d2688d1a8: 9208 0000 | 4585 c90f | 8419 0a00 | 0049 8b9f | b801 0000 | 4c8b d349 | 83c2 184d | 3b97 c801 
  0x0000013d2688d1c8: 0000 0f83 | 9410 0000 | 4d89 97b8 | 0100 0048 | 8bfb 4883 | c710 48c7 | 0301 0000 | 0041 0f0d 
  0x0000013d2688d1e8: 8ac0 0000 

  0x0000013d2688d1ec: ;   {metadata('java/lang/String')}
  0x0000013d2688d1ec: 00c7 4308 | 78e8 0000 | 4489 630c | c5fd efc0 | c5f9 d607 | 4c8d 5910 | 453b c80f | 8599 0000 
  0x0000013d2688d20c: 004d 63c8 | 4181 f800 | 0010 000f | 87c3 1100 | 0049 8bb7 | b801 0000 | 4d8d 5117 | 4983 e2f8 
  0x0000013d2688d22c: 488b fe49 | 03fa 493b | bfc8 0100 | 000f 83a1 | 1100 0049 | 89bf b801 | 0000 0f0d | 8fc0 0000 
  0x0000013d2688d24c: 0048 c706 | 0100 0000 | 0f0d 8f00 

  0x0000013d2688d258: ;   {metadata({type array byte})}
  0x0000013d2688d258: 0100 00c7 | 4608 1823 | 0000 4489 | 460c 0f0d | 8f40 0100 | 000f 0d8f | 8001 0000 | 488b d648 
  0x0000013d2688d278: 83c2 1049 | 83c1 0749 | c1e9 0349 | 8bcb 4d8b | c1c5 f877 | 49ba 8043 | 0a26 3d01 | 0000 41ff 
  0x0000013d2688d298: ;   {other}
  0x0000013d2688d298: d20f 1f84 | 0000 0000 | 00e9 d900 | 0000 4181 | f900 0010 | 000f 8739 | 1600 004d | 63d1 453b 
  0x0000013d2688d2b8: c141 8be8 | 410f 4fe9 | 443b c50f | 829e 1600 | 0044 3bcd | 0f82 9516 | 0000 4983 | c217 498b 
  0x0000013d2688d2d8: fa48 83e7 | f841 81f9 | 0000 1000 | 0f87 3f10 | 0000 498b | b7b8 0100 | 004c 8bc6 | 4c03 c74d 
  0x0000013d2688d2f8: 3b87 c801 | 0000 0f83 | 2510 0000 | 4d89 87b8 | 0100 0041 | 0f0d 88c0 | 0000 0048 | c706 0100 
  0x0000013d2688d318: 0000 410f | 0d88 0001 

  0x0000013d2688d320: ;   {metadata({type array byte})}
  0x0000013d2688d320: 0000 c746 | 0818 2300 | 0044 894e | 0c41 0f0d | 8840 0100 | 0041 0f0d | 8880 0100 | 0048 8bd6 
  0x0000013d2688d340: 4883 c210 | 49c1 ea03 | 85ed 0f84 | a415 0000 | 413b e90f | 8c42 0b00 | 0048 83c7 | f048 c1ef 
  0x0000013d2688d360: 0349 8bcb | 4c8b c7c5 | f877 49ba | 8043 0a26 | 3d01 0000 

  0x0000013d2688d374: ;   {other}
  0x0000013d2688d374: 41ff d20f | 1f84 0000 | 0000 0041 | 807f 4000 | 0f85 860a | 0000 4c8b | d34c 8bc6 | 4489 4314 
  0x0000013d2688d394: 4c8b de4d | 33da 49c1 | eb14 4d85 | db74 1a49 | c1ea 0948 | b900 0087 | 2d3d 0100 | 0049 03ca 
  0x0000013d2688d3b4: 8039 020f | 8586 0a00 | 0044 8863 | 104c 896c | 2440 488b | d34c 8974 | 2430 6690 

  0x0000013d2688d3d0: ;   {optimized virtual_call}
  0x0000013d2688d3d0: c5f8 77e8 

  0x0000013d2688d3d4: ; ImmutableOopMap {[40]=Oop [48]=Oop [72]=Oop }
                      ;*invokevirtual intern {reexecute=0 rethrow=0 return_oop=1}
                      ; - java.lang.Class::getPackageName@65
                      ; - java.lang.ClassLoader::postDefineClass@2
                      ; - java.lang.ClassLoader::defineClass@37
                      ; - java.security.SecureClassLoader::defineClass@12
  0x0000013d2688d3d4: 08cf d9ff 

  0x0000013d2688d3d8: ;   {other}
  0x0000013d2688d3d8: 0f1f 8400 | c80e 0006 | 488b d84c | 8b6c 2440 | 4c8b 7424 | 3041 807f | 4000 0f85 | 9409 0000 
  0x0000013d2688d3f8: 4c8b db45 | 895e 3c4d | 8bd6 4c8b | db4d 33da | 49c1 eb14 | 4d85 db74 | 1f48 85db | 741a 49c1 
  0x0000013d2688d418: ea09 48b9 | 0000 872d | 3d01 0000 | 4903 ca80 | 3902 0f85 | 8f09 0000 | 4c8b 5424 | 2845 8b42 
  0x0000013d2688d438: 3845 85c0 | 0f84 2e10 | 0000 4c8b | db8b 430c | 458b 4e30 | 85c0 0f84 | d704 0000 | 418b 5828 
  0x0000013d2688d458: 85db 0f84 | 9800 0000 | 448b 430c | 4585 c00f | 86c7 1200 | 0044 8bd0 | 41c1 ea10 | 4433 d041 
  0x0000013d2688d478: ffc8 4181 | e2ff ffff | 7f45 23c2 | 4d63 c046 | 8b44 8310 | 4585 c074 | 6741 8b68 | 0c41 3bea 
  0x0000013d2688d498: 7442 85ed | 0f8d 8403 | 0000 ba45 | ffff ff4c | 8974 2430 | 488b 4c24 | 4848 894c | 2438 4489 
  0x0000013d2688d4b8: 4c24 504c | 895c 2458 | 4489 4424 | 5444 8954 | 2460 6690 

  0x0000013d2688d4cc: ;   {runtime_call UncommonTrapBlob}
  0x0000013d2688d4cc: c5f8 77e8 

  0x0000013d2688d4d0: ; ImmutableOopMap {[40]=Oop [48]=Oop [56]=Oop [80]=NarrowOop [84]=NarrowOop [88]=Oop }
                      ;*ifge {reexecute=1 rethrow=0 return_oop=0}
                      ; - (reexecute) java.util.concurrent.ConcurrentHashMap::get@86
                      ; - java.lang.ClassLoader::getNamedPackage@5
                      ; - java.lang.ClassLoader::postDefineClass@9
                      ; - java.lang.ClassLoader::defineClass@37
                      ; - java.security.SecureClassLoader::defineClass@12
  0x0000013d2688d4d0: 2ca6 83ff 

  0x0000013d2688d4d4: ;   {other}
  0x0000013d2688d4d4: 0f1f 8400 | c40f 0007 | 418b 6810 | 488b cd49 | 3bcb 0f85 | 2d02 0000 | 418b 6814 | 85ed 0f85 
  0x0000013d2688d4f4: ce03 0000 | 498b 87b8 | 0100 004c | 8bd0 4983 | c218 4d3b | 97c8 0100 | 000f 839f | 0d00 004d 
  0x0000013d2688d514: 8997 b801 | 0000 410f | 0d8a c000 | 0000 48c7 | 0001 0000 

  0x0000013d2688d528: ;   {metadata('java/lang/NamedPackage')}
  0x0000013d2688d528: 00c7 4008 | e8c0 0100 | 4489 600c | 4c8b d049 | 83c2 10c5 | fdef c0c4 | c179 d602 | 4c89 6c24 
  0x0000013d2688d548: 204c 8974 | 2430 4c89 | 5c24 3844 | 894c 2440 | 4889 4424 | 5048 8b54 | 2438 6690 

  0x0000013d2688d564: ;   {optimized virtual_call}
  0x0000013d2688d564: c5f8 77e8 

  0x0000013d2688d568: ; ImmutableOopMap {[40]=Oop [48]=Oop [56]=Oop [64]=NarrowOop [72]=Oop [80]=Oop }
                      ;*invokevirtual isEmpty {reexecute=0 rethrow=0 return_oop=0}
                      ; - java.lang.NamedPackage::<init>@5
                      ; - java.lang.ClassLoader::getNamedPackage@22
                      ; - java.lang.ClassLoader::postDefineClass@9
                      ; - java.lang.ClassLoader::defineClass@37
                      ; - java.security.SecureClassLoader::defineClass@12
  0x0000013d2688d568: 1419 83ff 

  0x0000013d2688d56c: ;   {other}
  0x0000013d2688d56c: 0f1f 8400 | 5c10 0008 | 85c0 0f84 | cf04 0000 | 448b 5c24 | 4045 85db | 0f84 de12 | 0000 4d8b 
  0x0000013d2688d58c: d34c 8954 | 2458 498b | d266 6690 

  0x0000013d2688d598: ;   {optimized virtual_call}
  0x0000013d2688d598: c5f8 77e8 

  0x0000013d2688d59c: ; ImmutableOopMap {[40]=Oop [48]=Oop [56]=Oop [64]=NarrowOop [72]=Oop [80]=Oop [88]=Oop }
                      ;*invokevirtual isNamed {reexecute=0 rethrow=0 return_oop=0}
                      ; - java.lang.NamedPackage::<init>@12
                      ; - java.lang.ClassLoader::getNamedPackage@22
                      ; - java.lang.ClassLoader::postDefineClass@9
                      ; - java.lang.ClassLoader::defineClass@37
                      ; - java.security.SecureClassLoader::defineClass@12
  0x0000013d2688d59c: e018 83ff 

  0x0000013d2688d5a0: ;   {other}
  0x0000013d2688d5a0: 0f1f 8400 | 9010 0009 | 85c0 0f84 | 9b04 0000 | 498b 87b8 | 0100 004c | 8bd0 4983 | c228 4d3b 
  0x0000013d2688d5c0: 97c8 0100 | 000f 833e | 0d00 004d | 8997 b801 | 0000 410f | 0d8a c000 | 0000 48c7 | 0001 0000 
  0x0000013d2688d5e0: 004c 8bd0 | 4983 c210 

  0x0000013d2688d5e8: ;   {metadata('java/lang/InternalError')}
  0x0000013d2688d5e8: c740 0838 | 0701 0044 | 8960 0cc5 | fdef c041 | bb07 0000 | 00c4 c178 | 92fb 62d1 | fe2f 7f02 
  0x0000013d2688d608: 4889 4424 | 7049 8b87 | b801 0000 | 4c8b d049 | 83c2 184d | 3b97 c801 | 0000 0f83 | c10c 0000 
  0x0000013d2688d628: 4d89 97b8 | 0100 0041 | 0f0d 8ac0 | 0000 0048 | c700 0100 | 0000 4c8b | d049 83c2 

  0x0000013d2688d644: ;   {metadata('java/lang/StringBuilder')}
  0x0000013d2688d644: 10c7 4008 | 4080 0000 | 4489 600c | c5fd efc0 | c4c1 79d6 | 0248 8be8 | 488b d54c | 8b54 2470 
  0x0000013d2688d664: 4c89 5424 | 6866 6690 

  0x0000013d2688d66c: ;   {optimized virtual_call}
  0x0000013d2688d66c: c5f8 77e8 

  0x0000013d2688d670: ; ImmutableOopMap {rbp=Oop [40]=Oop [48]=Oop [56]=Oop [64]=NarrowOop [72]=Oop [80]=Oop [88]=Oop [104]=Oop [112]=Oop }
                      ;*invokespecial <init> {reexecute=0 rethrow=0 return_oop=0}
                      ; - java.lang.NamedPackage::<init>@26
                      ; - java.lang.ClassLoader::getNamedPackage@22
                      ; - java.lang.ClassLoader::postDefineClass@9
                      ; - java.lang.ClassLoader::defineClass@37
                      ; - java.security.SecureClassLoader::defineClass@12
  0x0000013d2688d670: 0c18 83ff 

  0x0000013d2688d674: ;   {other}
  0x0000013d2688d674: 0f1f 8400 | 6411 000a 

  0x0000013d2688d67c: ;   {oop("unnamed package in  "{0x00000000e06c6b40})}
  0x0000013d2688d67c: 49b8 406b | 6ce0 0000 | 0000 488b | d54c 8b54 | 2468 4c89 | 5424 6090 

  0x0000013d2688d694: ;   {optimized virtual_call}
  0x0000013d2688d694: c5f8 77e8 

  0x0000013d2688d698: ; ImmutableOopMap {[40]=Oop [48]=Oop [56]=Oop [64]=NarrowOop [72]=Oop [80]=Oop [88]=Oop [96]=Oop [104]=Oop }
                      ;*invokevirtual append {reexecute=0 rethrow=0 return_oop=1}
                      ; - java.lang.NamedPackage::<init>@31
                      ; - java.lang.ClassLoader::getNamedPackage@22
                      ; - java.lang.ClassLoader::postDefineClass@9
                      ; - java.lang.ClassLoader::defineClass@37
                      ; - java.security.SecureClassLoader::defineClass@12
  0x0000013d2688d698: e417 83ff 

  0x0000013d2688d69c: ;   {other}
  0x0000013d2688d69c: 0f1f 8400 | 8c11 000b | 4885 c00f | 8411 1200 | 0048 8bd0 | 4c8b 4424 | 584c 8b54 | 2460 4c89 
  0x0000013d2688d6bc: 5424 2090 

  0x0000013d2688d6c0: ;   {optimized virtual_call}
  0x0000013d2688d6c0: c5f8 77e8 

  0x0000013d2688d6c4: ; ImmutableOopMap {[32]=Oop [40]=Oop [48]=Oop [56]=Oop [64]=NarrowOop [72]=Oop [80]=Oop [96]=Oop }
                      ;*invokevirtual append {reexecute=0 rethrow=0 return_oop=1}
                      ; - java.lang.NamedPackage::<init>@35
                      ; - java.lang.ClassLoader::getNamedPackage@22
                      ; - java.lang.ClassLoader::postDefineClass@9
                      ; - java.lang.ClassLoader::defineClass@37
                      ; - java.security.SecureClassLoader::defineClass@12
  0x0000013d2688d6c4: b817 83ff 

  0x0000013d2688d6c8: ;   {other}
  0x0000013d2688d6c8: 0f1f 8400 | b811 000c | 4885 c00f | 84fb 1100 | 0048 8bd0 

  0x0000013d2688d6dc: ;   {optimized virtual_call}
  0x0000013d2688d6dc: c5f8 77e8 

  0x0000013d2688d6e0: ; ImmutableOopMap {[32]=Oop [40]=Oop [48]=Oop [56]=Oop [64]=NarrowOop [72]=Oop [80]=Oop }
                      ;*invokevirtual toString {reexecute=0 rethrow=0 return_oop=1}
                      ; - java.lang.NamedPackage::<init>@38
                      ; - java.lang.ClassLoader::getNamedPackage@22
                      ; - java.lang.ClassLoader::postDefineClass@9
                      ; - java.lang.ClassLoader::defineClass@37
                      ; - java.security.SecureClassLoader::defineClass@12
  0x0000013d2688d6e0: 9c17 83ff 

  0x0000013d2688d6e4: ;   {other}
  0x0000013d2688d6e4: 0f1f 8400 | d411 000d | 488b 5424 | 204c 8bc0 

  0x0000013d2688d6f4: ;   {optimized virtual_call}
  0x0000013d2688d6f4: c5f8 77e8 

  0x0000013d2688d6f8: ; ImmutableOopMap {[32]=Oop [40]=Oop [48]=Oop [56]=Oop [64]=NarrowOop [72]=Oop [80]=Oop }
                      ;*invokespecial <init> {reexecute=0 rethrow=0 return_oop=0}
                      ; - java.lang.NamedPackage::<init>@41
                      ; - java.lang.ClassLoader::getNamedPackage@22
                      ; - java.lang.ClassLoader::postDefineClass@9
                      ; - java.lang.ClassLoader::defineClass@37
                      ; - java.security.SecureClassLoader::defineClass@12
  0x0000013d2688d6f8: 8417 83ff 

  0x0000013d2688d6fc: ;   {other}
  0x0000013d2688d6fc: 0f1f 8400 | ec11 000e | 488b 5424 | 20c5 f877 | 4881 c4b0 | 0000 005d 

  0x0000013d2688d714: ;   {runtime_call _rethrow_Java}
  0x0000013d2688d714: e967 a487 | ff8b 4d08 | 488b fd4c | 3bdf 0f84 | c4fd ffff 

  0x0000013d2688d728: ;   {metadata('java/lang/String')}
  0x0000013d2688d728: 81f9 78e8 | 0000 0f85 | f200 0000 | 410f be5b | 100f be6f | 103b dd0f | 85b3 1300 | 008b 5f14 
  0x0000013d2688d748: 418b 5314 | 8b7b 0c8b | 4a0c 3bcf | 0f85 cc00 | 0000 488b | fb48 8d73 | 1048 8bda | 488d 7a10 
  0x0000013d2688d768: 85c9 0f84 | 9d00 0000 | 8bc1 83e0 | 1f83 e1e0 | 0f84 4b00 | 0000 488d | 3c0f 488d | 340e 48f7 
  0x0000013d2688d788: d9c5 fe6f | 040f c5fe | 6f0c 0ec5 | fdef c1c4 | e27d 17c0 | 0f85 7200 | 0000 4883 | c120 75e1 
  0x0000013d2688d7a8: 85c0 0f84 | 5d00 0000 | c5fe 6f44 | 07e0 c5fe | 6f4c 06e0 | c5fd efc1 | c4e2 7d17 | c075 4deb 
  0x0000013d2688d7c8: 448b c883 | e1fc 7419 | 488d 3c0f | 488d 340e | 48f7 d98b | 1c0f 3b1c | 0e75 3148 | 83c1 0475 
  0x0000013d2688d7e8: f2a8 0274 | 120f b71f | 0fb7 0e3b | d975 1d48 | 8d7f 0248 | 8d76 02a8 | 0174 0a0f | b61f 0fb6 
  0x0000013d2688d808: 0e3b d975 | 07b8 0100 | 0000 eb02 | 33c0 c5fd | efc0 c5f5 | efc9 85c0 | 0f85 c6fc 

  0x0000013d2688d824: ;   {no_reloc}
  0x0000013d2688d824: ffff 418b | 4818 85c9 | 0f84 c6fc | ffff 8b59 | 0c49 8b97 

  0x0000013d2688d838: ; ImmutableOopMap {r11=Oop r9=NarrowOop rcx=Oop r14=Oop [40]=Oop [72]=Oop }
                      ;*if_icmpne {reexecute=1 rethrow=0 return_oop=0}
                      ; - (reexecute) java.util.concurrent.ConcurrentHashMap::get@127
                      ; - java.lang.ClassLoader::getNamedPackage@5
                      ; - java.lang.ClassLoader::postDefineClass@9
                      ; - java.lang.ClassLoader::defineClass@37
                      ; - java.security.SecureClassLoader::defineClass@12
  0x0000013d2688d838: 5804 0000 

  0x0000013d2688d83c: ;   {poll}
  0x0000013d2688d83c: 8502 413b | da74 0d8b | 4918 85c9 | 0f84 aafc | ffff ebe2 | 8b69 104c | 8bc5 4d3b | c374 6085 
  0x0000013d2688d85c: ed0f 84d1 | 1200 0048 | 894c 2450 | 4489 5424 | 4444 894c | 2440 4c89 | 5c24 384c | 8974 2430 
  0x0000013d2688d87c: 4c89 6c24 | 204c 8bc5 | 498b d349 | 8beb 6690 

  0x0000013d2688d88c: ;   {optimized virtual_call}
  0x0000013d2688d88c: c5f8 77e8 

  0x0000013d2688d890: ; ImmutableOopMap {rbp=Oop [40]=Oop [48]=Oop [56]=Oop [64]=NarrowOop [72]=Oop [80]=Oop }
                      ;*invokevirtual equals {reexecute=0 rethrow=0 return_oop=0}
                      ; - java.util.concurrent.ConcurrentHashMap::get@149
                      ; - java.lang.ClassLoader::getNamedPackage@5
                      ; - java.lang.ClassLoader::postDefineClass@9
                      ; - java.lang.ClassLoader::defineClass@37
                      ; - java.security.SecureClassLoader::defineClass@12
  0x0000013d2688d890: 2c32 f7ff 

  0x0000013d2688d894: ;   {other}
  0x0000013d2688d894: 0f1f 8400 | 8413 0010 | 85c0 0f84 | c812 0000 | 4c8b 6c24 | 204c 8b74 | 2430 4c8b | dd44 8b4c 
  0x0000013d2688d8b4: 2440 488b | 4c24 508b | 6914 85ed | 0f84 32fc | ffff 448b | 5d08 49ba | 0000 0032 | 3d01 0000 
  0x0000013d2688d8d4: 4d03 d34d 

  0x0000013d2688d8d8: ;   {metadata('java/lang/NamedPackage')}
  0x0000013d2688d8d8: 8b52 3849 | bbe8 c001 | 323d 0100 | 004d 3bd3 | 0f85 ae0d | 0000 4c8b | 5424 4845 | 8b52 1041 
  0x0000013d2688d8f8: 8b6a 1485 | ed0f 8591 | 1100 0041 | 8b6a 1085 | ed0f 85a5 | 1100 0049 | 8bc6 c5f8 | 7748 81c4 
  0x0000013d2688d918: b000 0000 

  0x0000013d2688d91c: ;   {poll_return}
  0x0000013d2688d91c: 5d49 3ba7 | 5004 0000 | 0f87 6e16 | 0000 c344 | 0fb6 5311 | 4585 d20f | 855b 0500 | 0044 0fbe 
  0x0000013d2688d93c: 5310 4585 | d20f 858d | 1200 0044 | 894c 2444 | 4889 5c24 | 384c 8974 | 2430 4c89 | 6c24 2044 
  0x0000013d2688d95c: 8b53 1449 | 8be8 4489 | 4424 4049 | 8bd2 6690 

  0x0000013d2688d96c: ;   {static_call}
  0x0000013d2688d96c: c5f8 77e8 

  0x0000013d2688d970: ; ImmutableOopMap {rbp=Oop [40]=Oop [48]=Oop [56]=Oop [64]=NarrowOop [68]=NarrowOop [72]=Oop }
                      ;*invokestatic hashCode {reexecute=0 rethrow=0 return_oop=0}
                      ; - java.lang.String::hashCode@27
                      ; - java.util.concurrent.ConcurrentHashMap::get@1
                      ; - java.lang.ClassLoader::getNamedPackage@5
                      ; - java.lang.ClassLoader::postDefineClass@9
                      ; - java.lang.ClassLoader::defineClass@37
                      ; - java.security.SecureClassLoader::defineClass@12
  0x0000013d2688d970: 0c1f 83ff 

  0x0000013d2688d974: ;   {other}
  0x0000013d2688d974: 0f1f 8400 | 6414 0011 | 85c0 0f84 | e705 0000 | 4c8b 5c24 | 3841 8943 | 0c4c 8b6c | 2420 4c8b 
  0x0000013d2688d994: 7424 3044 | 8b44 2440 | 448b 4c24 | 44e9 aefa | ffff 4183 | fb04 0f86 | 2411 0000 | 4180 7a11 
  0x0000013d2688d9b4: 610f 85cb | f1ff ff41 | 807a 1276 | 0f85 c0f1 | ffff 4180 | 7a13 610f | 85b5 f1ff | ff41 807a 
  0x0000013d2688d9d4: 142e 0f85 | aaf1 ffff 

  0x0000013d2688d9dc: ;   {oop(a 'jdk/internal/loader/ClassLoaders$PlatformClassLoader'{0x00000000e16432a0})}
  0x0000013d2688d9dc: 48b9 a032 | 64e1 0000 | 0000 488b | 5c24 2848 | 3bd9 0f85 | 6c12 0000 

  0x0000013d2688d9f4: ;   {oop(a 'jdk/internal/loader/ClassLoaders$PlatformClassLoader'{0x00000000e16432a0})}
  0x0000013d2688d9f4: 48bb a032 | 64e1 0000 | 0000 e988 | f1ff ff4c | 8b6c 2430 | e907 f5ff | ff48 8944 | 2430 488b 
  0x0000013d2688da14: d066 6690 

  0x0000013d2688da18: ;   {optimized virtual_call}
  0x0000013d2688da18: c5f8 77e8 

  0x0000013d2688da1c: ; ImmutableOopMap {[40]=Oop [48]=Oop [72]=Oop [144]=Oop }
                      ;*invokevirtual initClassName {reexecute=0 rethrow=0 return_oop=1}
                      ; - java.lang.Class::getName@14
                      ; - java.lang.Class::getPackageName@40
                      ; - java.lang.ClassLoader::postDefineClass@2
                      ; - java.lang.ClassLoader::defineClass@37
                      ; - java.security.SecureClassLoader::defineClass@12
  0x0000013d2688da1c: c000 dcff 

  0x0000013d2688da20: ;   {other}
  0x0000013d2688da20: 0f1f 8400 | 1015 0012 | 4c8b d848 | 85c0 0f84 | 8811 0000 | 4c8b 7424 | 30e9 01f6 | ffff 4c89 
  0x0000013d2688da40: 6c24 4049 | 8bdb e97b | f9ff ff44 | 8b5c 2440 | 498b eb48 | 8b54 2438 

  0x0000013d2688da58: ;   {optimized virtual_call}
  0x0000013d2688da58: c5f8 77e8 

  0x0000013d2688da5c: ; ImmutableOopMap {rbp=Oop [40]=Oop [48]=Oop [56]=Oop [64]=NarrowOop [72]=Oop [80]=Oop }
                      ;*invokevirtual intern {reexecute=0 rethrow=0 return_oop=1}
                      ; - java.lang.NamedPackage::<init>@47
                      ; - java.lang.ClassLoader::getNamedPackage@22
                      ; - java.lang.ClassLoader::postDefineClass@9
                      ; - java.lang.ClassLoader::defineClass@37
                      ; - java.security.SecureClassLoader::defineClass@12
  0x0000013d2688da5c: 2014 83ff 

  0x0000013d2688da60: ;   {other}
  0x0000013d2688da60: 0f1f 8400 | 5015 0013 | 488b d841 | 807f 4000 | 0f85 a305 | 0000 4c8b | 5424 504c | 8954 2458 
  0x0000013d2688da80: 4c8b c34d | 8bd8 4c8b | 5424 5845 | 895a 0c4d | 8bd8 4d33 | da49 c1eb | 144d 85db | 741f 4d85 
  0x0000013d2688daa0: c074 1a49 | c1ea 0948 | b900 0087 | 2d3d 0100 | 0049 03ca | 8039 020f | 85f8 0500 | 0041 807f 
  0x0000013d2688dac0: 4000 0f85 | 1905 0000 | 448b 5424 | 4044 8954 | 2450 4c8b | 5424 5844 | 8b5c 2440 | 4589 5a10 
  0x0000013d2688dae0: 4c8b d54c | 8b5c 2458 | 4d33 d349 | c1ea 144d | 85d2 7420 | 448b 4424 | 4045 85c0 | 7416 49c1 
  0x0000013d2688db00: eb09 4c8b | 4424 204d | 03c3 4180 | 3802 0f85 | 4c05 0000 | 4c8b 5424 | 2845 8b5a | 3845 85db 
  0x0000013d2688db20: 0f84 6610 | 0000 498b | d34c 8b44 | 2438 4c8b | 4c24 5890 

  0x0000013d2688db34: ;   {optimized virtual_call}
  0x0000013d2688db34: c5f8 77e8 

  0x0000013d2688db38: ; ImmutableOopMap {[40]=Oop [48]=Oop [72]=Oop [80]=NarrowOop [88]=Oop }
                      ;*invokevirtual putIfAbsent {reexecute=0 rethrow=0 return_oop=1}
                      ; - java.lang.ClassLoader::getNamedPackage@32
                      ; - java.lang.ClassLoader::postDefineClass@9
                      ; - java.lang.ClassLoader::defineClass@37
                      ; - java.security.SecureClassLoader::defineClass@12
  0x0000013d2688db38: 4413 83ff 

  0x0000013d2688db3c: ;   {other}
  0x0000013d2688db3c: 0f1f 8400 | 2c16 0014 | 4885 c00f | 8409 0500 | 0044 8b58 | 0849 ba00 | 0000 323d | 0100 004d 
  0x0000013d2688db5c: 03d3 4d8b 

  0x0000013d2688db60: ;   {metadata('java/lang/NamedPackage')}
  0x0000013d2688db60: 5238 49bb | e8c0 0132 | 3d01 0000 | 4d3b d30f | 852f 1000 | 0048 8be8 | ba54 ffff | ff4c 8b54 
  0x0000013d2688db80: 2448 4c89 | 5424 3844 | 8b5c 2450 | 4489 5c24 | 4066 6690 

  0x0000013d2688db94: ;   {runtime_call UncommonTrapBlob}
  0x0000013d2688db94: c5f8 77e8 

  0x0000013d2688db98: ; ImmutableOopMap {rbp=Oop [40]=Oop [48]=Oop [56]=Oop [64]=NarrowOop [88]=Oop }
                      ;*ifnull {reexecute=1 rethrow=0 return_oop=0}
                      ; - (reexecute) java.lang.ClassLoader::getNamedPackage@42
                      ; - java.lang.ClassLoader::postDefineClass@9
                      ; - java.lang.ClassLoader::defineClass@37
                      ; - java.security.SecureClassLoader::defineClass@12
  0x0000013d2688db98: 649f 83ff 

  0x0000013d2688db9c: ;   {other}
  0x0000013d2688db9c: 0f1f 8400 | 8c16 0015 | 8bcf e9f6 | f0ff ff45 | 8bca e9d4 

  0x0000013d2688dbb0: ;   {oop(""{0x00000000e0a1bfd0})}
  0x0000013d2688dbb0: f5ff ff49 | bdd0 bfa1 | e000 0000 | 00e9 52f3 | ffff 33f6 | b9ff ffff | ffe9 d8f0 

  0x0000013d2688dbcc: ;   {oop(""{0x00000000e0a1bfd0})}
  0x0000013d2688dbcc: ffff 48bb | d0bf a1e0 | 0000 0000 | e9e4 f7ff 

  0x0000013d2688dbdc: ;   {oop(""{0x00000000e0a1bfd0})}
  0x0000013d2688dbdc: ff48 bbd0 | bfa1 e000 | 0000 0049 | bd00 0087 | 2d3d 0100 | 0041 b9ff | ffff ffe9 | 8bf5 ffff 
  0x0000013d2688dbfc: ;   {oop(""{0x00000000e0a1bfd0})}
  0x0000013d2688dbfc: 49bd d0bf | a1e0 0000 | 0000 e909 | f3ff ff45 | 8b55 1445 | 85d2 0f84 | c8f2 ffff | 4d8b 4728 
  0x0000013d2688dc1c: 498b ca4d | 85c0 0f84 | 580c 0000 | 4d8b 5738 | 4b89 4c02 | f849 83c0 | f84d 8947 | 28e9 a2f2 
  0x0000013d2688dc3c: ffff 4d8b | 5748 4d8b | 5f58 f083 | 4424 c000 | 8039 000f | 84bb f2ff | ff44 8821 | 4d85 d275 
  0x0000013d2688dc5c: 2049 8bd7 | c5f8 7749 | ba00 a427 | 0efc 7f00 | 0041 ffd2 

  0x0000013d2688dc70: ;   {other}
  0x0000013d2688dc70: 0f1f 8400 | 0000 0000 | e993 f2ff | ff4b 894c | 13f8 4983 | c2f8 4d89 | 5748 e981 | f2ff ff4c 
  0x0000013d2688dc90: 63c5 498d | 4810 488b | d148 83e2 | f849 8bfb | 4803 fa48 | c1e9 034c | 2bc9 498b | c948 33c0 
  0x0000013d2688dcb0: 4883 f908 | 7f10 48ff | c978 5648 | 8904 cf48 | ffc9 7df7 | eb4b c5fd | efc0 e90d | 0000 00c5 
  0x0000013d2688dcd0: fe7f 07c5 | fe7f 4720 | 4883 c740 | 4883 e908 | 7ded 4883 | c104 7c0c | c5fe 7f07 | 4883 c720 
  0x0000013d2688dcf0: 4883 e904 | 4883 c104 | 7e17 48c7 | c0ff ffff | ffc4 e2f0 | f5c0 c4e1 | fb92 f862 | f1fe 2f7f 
  0x0000013d2688dd10: 0749 83f8 | 2077 2d4c | 63c5 49b9 | ffff ffff | ffff ffff | c442 b8f5 | c9c4 c1fb | 92f9 4c8b 
  0x0000013d2688dd30: 4424 2062 | d17f af6f | 0062 d17f | 2f7f 02e9 | 91f1 ffff | 4d8b ca4c | 895c 2450 | 4c89 6c24 
  0x0000013d2688dd50: 4848 8beb | 448b ee48 | 8b4c 2420 | 498b d1c5 | f877 49ba | c020 0a26 | 3d01 0000 

  0x0000013d2688dd6c: ;   {other}
  0x0000013d2688dd6c: 41ff d20f | 1f84 0000 | 0000 0041 | 8bf5 488b | dd4c 8b6c | 2448 4c8b | 5c24 50e9 | 49f1 ffff 
  0x0000013d2688dd8c: 458b 563c | 4585 d20f | 845f f6ff | ff4d 8b5f | 2849 8bca | 4d85 db0f | 842f 0c00 | 004d 8b57 
  0x0000013d2688ddac: 384b 894c | 1af8 4983 | c3f8 4d89 | 5f28 e939 | f6ff ff4d | 8b57 584d | 8b5f 48f0 | 8344 24c0 
  0x0000013d2688ddcc: 0080 3900 | 0f84 5af6 | ffff 4488 | 214d 85db | 7520 498b | d7c5 f877 | 49ba 00a4 | 270e fc7f 
  0x0000013d2688ddec: 0000 41ff 

  0x0000013d2688ddf0: ;   {other}
  0x0000013d2688ddf0: d20f 1f84 | 0000 0000 | 00e9 32f6 | ffff 4b89 | 4c1a f849 | 83c3 f84d | 895f 48e9 | 20f6 ffff 
  0x0000013d2688de10: 448b 5314 | 4585 d20f | 846d f5ff | ff4d 8b5f | 2849 8bca | 4d85 db0f | 8447 0c00 | 004d 8b57 
  0x0000013d2688de30: 384b 894c | 1af8 4983 | c3f8 4d89 | 5f28 e947 | f5ff ff4d | 8b57 484d | 8b5f 58f0 | 8344 24c0 
  0x0000013d2688de50: 0080 3900 | 0f84 63f5 | ffff 4488 | 214d 85d2 | 7520 498b | d7c5 f877 | 49ba 00a4 | 270e fc7f 
  0x0000013d2688de70: 0000 41ff 

  0x0000013d2688de74: ;   {other}
  0x0000013d2688de74: d20f 1f84 | 0000 0000 | 00e9 3bf5 | ffff 4b89 | 4c13 f849 | 83c2 f84d | 8957 48e9 | 29f5 ffff 
  0x0000013d2688de94: 33c0 e9b9 | f5ff ff4c | 63c5 4d8d | 4810 498b | c948 83e1 | f848 8bfe | 4803 f949 | c1e9 034d 
  0x0000013d2688deb4: 2bd1 498b | ca48 33c0 | 4883 f908 | 7f10 48ff | c978 5648 | 8904 cf48 | ffc9 7df7 | eb4b c5fd 
  0x0000013d2688ded4: efc0 e90d | 0000 00c5 | fe7f 07c5 | fe7f 4720 | 4883 c740 | 4883 e908 | 7ded 4883 | c104 7c0c 
  0x0000013d2688def4: c5fe 7f07 | 4883 c720 | 4883 e904 | 4883 c104 | 7e17 48c7 | c0ff ffff | ffc4 e2f0 | f5c0 c4e1 
  0x0000013d2688df14: fb92 f862 | f1fe 2f7f | 0749 83f8 | 2077 284c | 63d5 49b8 | ffff ffff | ffff ffff | c442 a8f5 
  0x0000013d2688df34: c0c4 c1fb | 92f8 62d1 | 7faf 6f03 | 62f1 7f2f | 7f02 e934 | f4ff ff49 | 8bcb c5f8 | 7749 bac0 
  0x0000013d2688df54: 200a 263d | 0100 0041 

  0x0000013d2688df5c: ;   {other}
  0x0000013d2688df5c: ffd2 0f1f | 8400 0000 | 0000 e914 | f4ff ff4c | 8b5c 2438 | 41c6 4311 | 0133 c04c | 8b6c 2420 
  0x0000013d2688df7c: 4c8b 7424 | 3044 8b44 | 2440 448b | 4c24 44e9 | c4f4 ffff 

  0x0000013d2688df90: ;   {metadata('java/security/SecureClassLoader$CodeSourceKey')}
  0x0000013d2688df90: 48ba b8b4 | 1132 3d01 | 0000 6690 

  0x0000013d2688df9c: ;   {runtime_call _new_instance_Java}
  0x0000013d2688df9c: c5f8 77e8 

  0x0000013d2688dfa0: ; ImmutableOopMap {rbp=Oop [40]=Oop [48]=Oop [56]=Oop }
                      ;*new {reexecute=0 rethrow=0 return_oop=1}
                      ; - java.security.SecureClassLoader::getProtectionDomain@6
                      ; - java.security.SecureClassLoader::defineClass@9
  0x0000013d2688dfa0: dc3b 87ff 

  0x0000013d2688dfa4: ;   {other}
  0x0000013d2688dfa4: 0f1f 8400 | 941a 0016 | 4c8b c0e9 | 06ea ffff 

  0x0000013d2688dfb4: ;   {metadata('java/security/SecureClassLoader$1')}
  0x0000013d2688dfb4: 48ba 50ba | 1132 3d01 | 0000 4c89 | 4424 5090 

  0x0000013d2688dfc4: ;   {runtime_call _new_instance_Java}
  0x0000013d2688dfc4: c5f8 77e8 

  0x0000013d2688dfc8: ; ImmutableOopMap {rbp=NarrowOop [40]=Oop [48]=Oop [56]=Oop [80]=Oop }
                      ;*new {reexecute=0 rethrow=0 return_oop=1}
                      ; - java.security.SecureClassLoader::getProtectionDomain@20
                      ; - java.security.SecureClassLoader::defineClass@9
  0x0000013d2688dfc8: b43b 87ff 

  0x0000013d2688dfcc: ;   {other}
  0x0000013d2688dfcc: 0f1f 8400 | bc1a 0017 | 4c8b c84c | 8b44 2450 | e922 eaff | ff4c 8b54 | 2458 458b | 5a10 4585 
  0x0000013d2688dfec: db0f 84d5 | faff ff4d | 8b57 2849 | 8bcb 4d85 | d20f 841d | 0c00 004d | 8b5f 384b | 894c 13f8 
  0x0000013d2688e00c: 4983 c2f8 | 4d89 5728 | e9af faff | ff4c 8b54 | 2450 4c89 | 5424 5845 | 8b52 0c45 | 85d2 0f84 
  0x0000013d2688e02c: 50fa ffff | 4d8b 5f28 | 498b ca4d | 85db 0f84 | 000c 0000 | 4d8b 5738 | 4b89 4c1a | f849 83c3 
  0x0000013d2688e04c: f84d 895f | 28e9 2afa | ffff 4c8b | 7424 30e9 | 8ef8 ffff | 4d8b 5748 | 4d8b 5f58 | f083 4424 
  0x0000013d2688e06c: c000 4180 | 3800 0f84 | 9cfa ffff | 4588 204d | 85d2 7523 | 498b c849 | 8bd7 c5f8 | 7749 ba00 
  0x0000013d2688e08c: a427 0efc | 7f00 0041 

  0x0000013d2688e094: ;   {other}
  0x0000013d2688e094: ffd2 0f1f | 8400 0000 | 0000 e971 | faff ff4f | 8944 13f8 | 4983 c2f8 | 4d89 5748 | e95f faff 
  0x0000013d2688e0b4: ff4d 8b57 | 584d 8b5f | 48f0 8344 | 24c0 0080 | 3900 0f84 | f1f9 ffff | 4488 214d | 85db 7520 
  0x0000013d2688e0d4: 498b d7c5 | f877 49ba | 00a4 270e | fc7f 0000 

  0x0000013d2688e0e4: ;   {other}
  0x0000013d2688e0e4: 41ff d20f | 1f84 0000 | 0000 00e9 | c9f9 ffff | 4b89 4c1a | f849 83c3 | f84d 895f | 48e9 b7f9 
  0x0000013d2688e104: ffff 894c | 2478 4489 | 7424 5c48 | 895c 2470 | 4c89 4424 | 68c5 fb11 | 4424 6089 | 7424 5844 
  0x0000013d2688e124: 895c 2454 | 4489 5424 | 504c 8b94 | 2490 0000 | 004c 8954 | 2448 4c8b | 5424 304c | 8954 2420 
  0x0000013d2688e144: 488b 6c24 

  0x0000013d2688e148: ;   {metadata('java/lang/String')}
  0x0000013d2688e148: 2848 ba78 | e800 323d | 0100 0090 

  0x0000013d2688e154: ;   {runtime_call _new_instance_Java}
  0x0000013d2688e154: c5f8 77e8 

  0x0000013d2688e158: ; ImmutableOopMap {rbp=Oop [32]=Oop [56]=Oop [72]=Oop [80]=NarrowOop [92]=NarrowOop [96]=Oop [104]=Derived_oop_[96] [112]=Oop [144]=Oop }
                      ;*new {reexecute=0 rethrow=0 return_oop=1}
                      ; - java.lang.StringLatin1::newString@7
                      ; - java.lang.String::substring@41
                      ; - java.lang.ClassLoader::checkCerts@21
                      ; - java.lang.ClassLoader::preDefineClass@113
                      ; - java.lang.ClassLoader::defineClass@4
                      ; - java.security.SecureClassLoader::defineClass@12
  0x0000013d2688e158: 243a 87ff 

  0x0000013d2688e15c: ;   {other}
  0x0000013d2688e15c: 0f1f 8400 | 4c1c 0018 | 4889 6c24 | 284c 8b54 | 2420 4c89 | 5424 3044 | 8b54 2450 | 448b 5c24 
  0x0000013d2688e17c: 548b 7424 | 58c5 fb10 | 4424 604c | 8b4c 2468 | 4c89 4c24 | 2048 8b5c | 2470 448b | 7424 5c8b 
  0x0000013d2688e19c: 4c24 784c | 8be8 e97d | ebff ff4c | 8984 2488 | 0000 004c | 898c 2480 | 0000 004c | 896c 2478 
  0x0000013d2688e1bc: 894c 2470 | 4489 7424 | 5448 895c | 2468 4c8b | 5424 204c | 8954 2460 | c5fb 1144 | 2458 8974 
  0x0000013d2688e1dc: 2450 4c8b | 9424 9000 | 0000 4c89 | 5424 484c | 8b54 2428 | 4c89 5424 

  0x0000013d2688e1f4: ;   {metadata({type array byte})}
  0x0000013d2688e1f4: 2048 ba18 | 2300 323d | 0100 0044 | 8bc1 6690 

  0x0000013d2688e204: ;   {runtime_call _new_array_nozero_Java}
  0x0000013d2688e204: c5f8 77e8 

  0x0000013d2688e208: ; ImmutableOopMap {[32]=Oop [48]=Oop [56]=Oop [72]=Oop [84]=NarrowOop [88]=Oop [96]=Derived_oop_[88] [104]=Oop [120]=Oop }
                      ;*newarray {reexecute=0 rethrow=0 return_oop=1}
                      ; - java.util.Arrays::copyOfRangeByte@10
                      ; - java.util.Arrays::copyOfRange@13
                      ; - java.lang.StringLatin1::newString@16
                      ; - java.lang.String::substring@41
                      ; - java.lang.ClassLoader::checkCerts@21
                      ; - java.lang.ClassLoader::preDefineClass@113
                      ; - java.lang.ClassLoader::defineClass@4
                      ; - java.security.SecureClassLoader::defineClass@12
  0x0000013d2688e208: f432 87ff 

  0x0000013d2688e20c: ;   {other}
  0x0000013d2688e20c: 0f1f 8400 | fc1c 0019 | 4c8b 5c24 | 204c 895c | 2428 4c8b | 5c24 484c | 899c 2490 | 0000 008b 
  0x0000013d2688e22c: 7424 504c | 8b5c 2460 | 4c89 5c24 | 2048 8b5c | 2468 448b | 7424 548b | 4c24 704c | 8b6c 2478 
  0x0000013d2688e24c: 4c8b 8c24 | 8000 0000 | 4c8b 8424 | 8800 0000 | 4c8b d8e9 | 28ec ffff | 4489 4c24 | 3c44 8944 
  0x0000013d2688e26c: 2438 894c | 2424 4c89 | 7424 3049 

  0x0000013d2688e278: ;   {metadata('java/lang/String')}
  0x0000013d2688e278: 8bed 48ba | 78e8 0032 | 3d01 0000 

  0x0000013d2688e284: ;   {runtime_call _new_instance_Java}
  0x0000013d2688e284: c5f8 77e8 

  0x0000013d2688e288: ; ImmutableOopMap {[36]=NarrowOop [40]=Oop [48]=Oop [72]=Oop [136]=Oop }
                      ;*new {reexecute=0 rethrow=0 return_oop=1}
                      ; - java.lang.StringLatin1::newString@7
                      ; - java.lang.String::substring@41
                      ; - java.lang.Class::getPackageName@62
                      ; - java.lang.ClassLoader::postDefineClass@2
                      ; - java.lang.ClassLoader::defineClass@37
                      ; - java.security.SecureClassLoader::defineClass@12
  0x0000013d2688e288: f438 87ff 

  0x0000013d2688e28c: ;   {other}
  0x0000013d2688e28c: 0f1f 8400 | 7c1d 001a | 4c8b ed4c | 8b74 2430 | 8b4c 2424 | 448b 4424 | 3844 8b4c | 243c 488b 
  0x0000013d2688e2ac: d8e9 4eef | ffff 4489 | 4c24 404c | 895c 2438 | 4c89 7424 | 304c 896c 

  0x0000013d2688e2c4: ;   {metadata('java/lang/NamedPackage')}
  0x0000013d2688e2c4: 2420 48ba | e8c0 0132 | 3d01 0000 | 498b ee90 

  0x0000013d2688e2d4: ;   {runtime_call _new_instance_Java}
  0x0000013d2688e2d4: c5f8 77e8 

  0x0000013d2688e2d8: ; ImmutableOopMap {rbp=Oop [40]=Oop [48]=Oop [56]=Oop [64]=NarrowOop [72]=Oop }
                      ;*new {reexecute=0 rethrow=0 return_oop=1}
                      ; - java.lang.ClassLoader::getNamedPackage@16
                      ; - java.lang.ClassLoader::postDefineClass@9
                      ; - java.lang.ClassLoader::defineClass@37
                      ; - java.security.SecureClassLoader::defineClass@12
  0x0000013d2688e2d8: a438 87ff 

  0x0000013d2688e2dc: ;   {other}
  0x0000013d2688e2dc: 0f1f 8400 | cc1d 001b | e96f f2ff 

  0x0000013d2688e2e8: ;   {metadata('java/lang/StringBuilder')}
  0x0000013d2688e2e8: ff48 ba40 | 8000 323d | 0100 0090 

  0x0000013d2688e2f4: ;   {runtime_call _new_instance_Java}
  0x0000013d2688e2f4: c5f8 77e8 

  0x0000013d2688e2f8: ; ImmutableOopMap {[40]=Oop [48]=Oop [56]=Oop [64]=NarrowOop [72]=Oop [80]=Oop [88]=Oop [112]=Oop }
                      ;*new {reexecute=0 rethrow=0 return_oop=1}
                      ; - java.lang.NamedPackage::<init>@22
                      ; - java.lang.ClassLoader::getNamedPackage@22
                      ; - java.lang.ClassLoader::postDefineClass@9
                      ; - java.lang.ClassLoader::defineClass@37
                      ; - java.security.SecureClassLoader::defineClass@12
  0x0000013d2688e2f8: 8438 87ff 

  0x0000013d2688e2fc: ;   {other}
  0x0000013d2688e2fc: 0f1f 8400 | ec1d 001c | e950 f3ff 

  0x0000013d2688e308: ;   {metadata('java/lang/InternalError')}
  0x0000013d2688e308: ff48 ba38 | 0701 323d | 0100 0090 

  0x0000013d2688e314: ;   {runtime_call _new_instance_Java}
  0x0000013d2688e314: c5f8 77e8 

  0x0000013d2688e318: ; ImmutableOopMap {[40]=Oop [48]=Oop [56]=Oop [64]=NarrowOop [72]=Oop [80]=Oop [88]=Oop }
                      ;*new {reexecute=0 rethrow=0 return_oop=1}
                      ; - java.lang.NamedPackage::<init>@18
                      ; - java.lang.ClassLoader::getNamedPackage@22
                      ; - java.lang.ClassLoader::postDefineClass@9
                      ; - java.lang.ClassLoader::defineClass@37
                      ; - java.security.SecureClassLoader::defineClass@12
  0x0000013d2688e318: 6438 87ff 

  0x0000013d2688e31c: ;   {other}
  0x0000013d2688e31c: 0f1f 8400 | 0c1e 001d | e9df f2ff | ff48 897c | 2460 4c89 | 5424 584c | 895c 2450 | 4889 5c24 
  0x0000013d2688e33c: 4044 894c | 2424 4c89 | 7424 384c | 896c 2430 

  0x0000013d2688e34c: ;   {metadata({type array byte})}
  0x0000013d2688e34c: 48ba 1823 | 0032 3d01 | 0000 458b | c166 6690 

  0x0000013d2688e35c: ;   {runtime_call _new_array_nozero_Java}
  0x0000013d2688e35c: c5f8 77e8 

  0x0000013d2688e360: ; ImmutableOopMap {[40]=Oop [56]=Oop [64]=Oop [72]=Oop [136]=Oop [80]=Derived_oop_[136] }
                      ;*newarray {reexecute=0 rethrow=0 return_oop=1}
                      ; - java.util.Arrays::copyOfRangeByte@10
                      ; - java.util.Arrays::copyOfRange@13
                      ; - java.lang.StringLatin1::newString@16
                      ; - java.lang.String::substring@41
                      ; - java.lang.Class::getPackageName@62
                      ; - java.lang.ClassLoader::postDefineClass@2
                      ; - java.lang.ClassLoader::defineClass@37
                      ; - java.security.SecureClassLoader::defineClass@12
  0x0000013d2688e360: 9c31 87ff 

  0x0000013d2688e364: ;   {other}
  0x0000013d2688e364: 0f1f 8400 | 541e 001e | 4c8b 6c24 | 304c 8b74 | 2438 448b | 4c24 2448 | 8b5c 2440 | 4c8b 5c24 
  0x0000013d2688e384: 504c 8b54 | 2458 488b | 7c24 6048 | 8bf0 e9a6 | efff ff4c | 8944 2468 | 4c89 6c24 | 6044 8974 
  0x0000013d2688e3a4: 244c 4889 | 5c24 58c5 | fb11 4424 | 5089 7424 | 4841 8bea 

  0x0000013d2688e3b8: ;   {metadata({type array byte})}
  0x0000013d2688e3b8: 48ba 1823 | 0032 3d01 | 0000 458b | c366 6690 

  0x0000013d2688e3c8: ;   {runtime_call _new_array_nozero_Java}
  0x0000013d2688e3c8: c5f8 77e8 

  0x0000013d2688e3cc: ; ImmutableOopMap {rbp=NarrowOop [40]=Oop [48]=Oop [56]=Oop [76]=NarrowOop [80]=Oop [32]=Derived_oop_[80] [88]=Oop [96]=Oop [144]=Oop }
                      ;*invokevirtual clone {reexecute=1 rethrow=0 return_oop=1}
                      ; - (reexecute) java.util.Arrays::copyOfRange@18
                      ; - java.lang.StringLatin1::newString@16
                      ; - java.lang.String::substring@41
                      ; - java.lang.ClassLoader::checkCerts@21
                      ; - java.lang.ClassLoader::preDefineClass@113
                      ; - java.lang.ClassLoader::defineClass@4
                      ; - java.security.SecureClassLoader::defineClass@12
  0x0000013d2688e3cc: 3031 87ff 

  0x0000013d2688e3d0: ;   {other}
  0x0000013d2688e3d0: 0f1f 8400 | c01e 001f | 488b f8e9 | cce9 ffff | 4c89 4c24 | 504c 895c | 2440 4889 | 5c24 3889 
  0x0000013d2688e3f0: 4c24 244c | 8974 2430 

  0x0000013d2688e3f8: ;   {metadata({type array byte})}
  0x0000013d2688e3f8: 498b ed48 | ba18 2300 | 323d 0100 | 0066 6690 

  0x0000013d2688e408: ;   {runtime_call _new_array_nozero_Java}
  0x0000013d2688e408: c5f8 77e8 

  0x0000013d2688e40c: ; ImmutableOopMap {[36]=NarrowOop [40]=Oop [48]=Oop [56]=Oop [72]=Oop [136]=Oop [64]=Derived_oop_[136] }
                      ;*invokevirtual clone {reexecute=1 rethrow=0 return_oop=1}
                      ; - (reexecute) java.util.Arrays::copyOfRange@18
                      ; - java.lang.StringLatin1::newString@16
                      ; - java.lang.String::substring@41
                      ; - java.lang.Class::getPackageName@62
                      ; - java.lang.ClassLoader::postDefineClass@2
                      ; - java.lang.ClassLoader::defineClass@37
                      ; - java.security.SecureClassLoader::defineClass@12
  0x0000013d2688e40c: f030 87ff 

  0x0000013d2688e410: ;   {other}
  0x0000013d2688e410: 0f1f 8400 | 001f 0020 | 4c8b ed4c | 8b74 2430 | 488b 5c24 | 384c 8b5c | 2440 4c8b | 4c24 5048 
  0x0000013d2688e430: 8bf0 e93d | eeff ff8b | cfe9 63e8 | ffff baf6 | ffff ff49 | 8bed 6690 

  0x0000013d2688e448: ;   {runtime_call UncommonTrapBlob}
  0x0000013d2688e448: c5f8 77e8 

  0x0000013d2688e44c: ; ImmutableOopMap {rbp=Oop }
                      ;*invokevirtual putIfAbsent {reexecute=0 rethrow=0 return_oop=0}
                      ; - java.lang.ClassLoader::checkCerts@62
                      ; - java.lang.ClassLoader::preDefineClass@113
                      ; - java.lang.ClassLoader::defineClass@4
                      ; - java.security.SecureClassLoader::defineClass@12
  0x0000013d2688e44c: b096 83ff 

  0x0000013d2688e450: ;   {other}
  0x0000013d2688e450: 0f1f 8400 | 401f 0021 | baf6 ffff | ff66 6690 

  0x0000013d2688e460: ;   {runtime_call UncommonTrapBlob}
  0x0000013d2688e460: c5f8 77e8 

  0x0000013d2688e464: ; ImmutableOopMap {rbp=NarrowOop }
                      ;*invokevirtual toExternalForm {reexecute=0 rethrow=0 return_oop=0}
                      ; - java.net.URL::toExternalForm@5
                      ; - java.net.URL::toString@1
                      ; - java.lang.ClassLoader::defineClassSourceLocation@22
                      ; - java.lang.ClassLoader::defineClass@12
                      ; - java.security.SecureClassLoader::defineClass@12
  0x0000013d2688e464: 9896 83ff 

  0x0000013d2688e468: ;   {other}
  0x0000013d2688e468: 0f1f 8400 | 581f 0022 | baf6 ffff | ff48 8beb 

  0x0000013d2688e478: ;   {runtime_call UncommonTrapBlob}
  0x0000013d2688e478: c5f8 77e8 

  0x0000013d2688e47c: ; ImmutableOopMap {rbp=Oop }
                      ;*invokevirtual get {reexecute=0 rethrow=0 return_oop=0}
                      ; - java.lang.ClassLoader::getNamedPackage@5
                      ; - java.lang.ClassLoader::postDefineClass@9
                      ; - java.lang.ClassLoader::defineClass@37
                      ; - java.security.SecureClassLoader::defineClass@12
  0x0000013d2688e47c: 8096 83ff 

  0x0000013d2688e480: ;   {other}
  0x0000013d2688e480: 0f1f 8400 | 701f 0023 | ba76 ffff | ff41 8bea | 897c 2424 | 4889 5c24 | 5044 8974 | 2460 6690 
  0x0000013d2688e4a0: ;   {runtime_call UncommonTrapBlob}
  0x0000013d2688e4a0: c5f8 77e8 

  0x0000013d2688e4a4: ; ImmutableOopMap {rbp=NarrowOop [40]=Oop [48]=Oop [56]=Oop [80]=Oop [96]=NarrowOop [144]=Oop }
                      ;*iflt {reexecute=1 rethrow=0 return_oop=0}
                      ; - (reexecute) java.lang.StringLatin1::lastIndexOf@19
                      ; - java.lang.String::lastIndexOf@13
                      ; - java.lang.String::lastIndexOf@8
                      ; - java.lang.ClassLoader::checkCerts@3
                      ; - java.lang.ClassLoader::preDefineClass@113
                      ; - java.lang.ClassLoader::defineClass@4
                      ; - java.security.SecureClassLoader::defineClass@12
  0x0000013d2688e4a4: 5896 83ff 

  0x0000013d2688e4a8: ;   {other}
  0x0000013d2688e4a8: 0f1f 8400 | 981f 0024 | bade ffff | ff4c 8b54 | 2428 4c89 | 5424 204c | 8b54 2430 | 4c89 5424 
  0x0000013d2688e4c8: 284c 8b54 | 2438 4c89 | 5424 3044 | 8b54 2440 | 4489 5424 | 3844 8b54 | 2444 4489 | 5424 3c4c 
  0x0000013d2688e4e8: 8944 2440 | 4c89 4c24 | 4866 6690 

  0x0000013d2688e4f4: ;   {runtime_call UncommonTrapBlob}
  0x0000013d2688e4f4: c5f8 77e8 

  0x0000013d2688e4f8: ; ImmutableOopMap {rbp=NarrowOop [32]=Oop [40]=Oop [48]=Oop [64]=Oop [72]=Oop }
                      ;*invokeinterface computeIfAbsent {reexecute=0 rethrow=0 return_oop=0}
                      ; - java.security.SecureClassLoader::getProtectionDomain@28
                      ; - java.security.SecureClassLoader::defineClass@9
  0x0000013d2688e4f8: 0496 83ff 

  0x0000013d2688e4fc: ;   {other}
  0x0000013d2688e4fc: 0f1f 8400 | ec1f 0025 | 458b d345 | 33db 4585 | d241 0f96 | c3ba 45ff | ffff 488b | 6c24 2844 
  0x0000013d2688e51c: 895c 2450 

  0x0000013d2688e520: ;   {runtime_call UncommonTrapBlob}
  0x0000013d2688e520: c5f8 77e8 

  0x0000013d2688e524: ; ImmutableOopMap {rbp=Oop [48]=Oop [56]=Oop [144]=Oop }
                      ;*ifeq {reexecute=1 rethrow=0 return_oop=0}
                      ; - (reexecute) java.lang.ClassLoader::checkName@8
                      ; - java.lang.ClassLoader::preDefineClass@1
                      ; - java.lang.ClassLoader::defineClass@4
                      ; - java.security.SecureClassLoader::defineClass@12
  0x0000013d2688e524: d895 83ff 

  0x0000013d2688e528: ;   {other}
  0x0000013d2688e528: 0f1f 8400 | 1820 0026 | ba6e ffff | ff41 8bea | 897c 2424 | 4889 5c24 | 5044 8974 | 2460 6690 
  0x0000013d2688e548: ;   {runtime_call UncommonTrapBlob}
  0x0000013d2688e548: c5f8 77e8 

  0x0000013d2688e54c: ; ImmutableOopMap {rbp=NarrowOop [40]=Oop [48]=Oop [56]=Oop [80]=Oop [96]=NarrowOop [144]=Oop }
                      ;*iflt {reexecute=1 rethrow=0 return_oop=0}
                      ; - (reexecute) java.lang.StringLatin1::lastIndexOf@19
                      ; - java.lang.String::lastIndexOf@13
                      ; - java.lang.String::lastIndexOf@8
                      ; - java.lang.ClassLoader::checkCerts@3
                      ; - java.lang.ClassLoader::preDefineClass@113
                      ; - java.lang.ClassLoader::defineClass@4
                      ; - java.security.SecureClassLoader::defineClass@12
  0x0000013d2688e54c: b095 83ff 

  0x0000013d2688e550: ;   {other}
  0x0000013d2688e550: 0f1f 8400 | 4020 0027 | bace ffff | ff41 8bea | 895c 2460 

  0x0000013d2688e564: ;   {runtime_call UncommonTrapBlob}
  0x0000013d2688e564: c5f8 77e8 

  0x0000013d2688e568: ; ImmutableOopMap {rbp=NarrowOop [40]=Oop [48]=Oop [56]=Oop [144]=Oop }
                      ;*invokestatic indexOfChar {reexecute=0 rethrow=0 return_oop=0}
                      ; - java.lang.StringLatin1::indexOf@33
                      ; - java.lang.String::indexOf@17
                      ; - java.lang.String::indexOf@3
                      ; - java.lang.ClassLoader::checkName@16
                      ; - java.lang.ClassLoader::preDefineClass@1
                      ; - java.lang.ClassLoader::defineClass@4
                      ; - java.security.SecureClassLoader::defineClass@12
  0x0000013d2688e568: 9495 83ff 

  0x0000013d2688e56c: ;   {other}
  0x0000013d2688e56c: 0f1f 8400 | 5c20 0028 | 458b cae9 | 0bec ffff | 4c63 c9e9 | 83e8 ffff | 4983 c1fe | 498b c949 
  0x0000013d2688e58c: 8bfa 4833 | c048 83f9 | 087f 1048 | ffc9 7856 | 4889 04cf | 48ff c97d | f7eb 4bc5 | fdef c0e9 
  0x0000013d2688e5ac: 0d00 0000 | c5fe 7f07 | c5fe 7f47 | 2048 83c7 | 4048 83e9 | 087d ed48 | 83c1 047c | 0cc5 fe7f 
  0x0000013d2688e5cc: 0748 83c7 | 2048 83e9 | 0448 83c1 | 047e 1748 | c7c0 ffff | ffff c4e2 | f0f5 c0c4 | e1fb 92f8 
  0x0000013d2688e5ec: 62f1 fe2f | 7f07 e9de | e8ff ffba | ccff ffff | 418b ea89 | 4c24 2448 | 895c 2450 | 4489 7424 
  0x0000013d2688e60c: 604c 896c | 2470 6690 

  0x0000013d2688e614: ;   {runtime_call UncommonTrapBlob}
  0x0000013d2688e614: c5f8 77e8 

  0x0000013d2688e618: ; ImmutableOopMap {rbp=NarrowOop [40]=Oop [48]=Oop [56]=Oop [80]=Oop [96]=NarrowOop [112]=Oop [144]=Oop }
                      ;*newarray {reexecute=1 rethrow=0 return_oop=0}
                      ; - (reexecute) java.util.Arrays::copyOfRangeByte@10
                      ; - java.util.Arrays::copyOfRange@13
                      ; - java.lang.StringLatin1::newString@16
                      ; - java.lang.String::substring@41
                      ; - java.lang.ClassLoader::checkCerts@21
                      ; - java.lang.ClassLoader::preDefineClass@113
                      ; - java.lang.ClassLoader::defineClass@4
                      ; - java.security.SecureClassLoader::defineClass@12
  0x0000013d2688e618: e494 83ff 

  0x0000013d2688e61c: ;   {other}
  0x0000013d2688e61c: 0f1f 8400 | 0c21 0029 | ba76 ffff | ff8b e944 | 8954 2424 | 4c89 7424 | 384c 8974 | 2450 4c89 
  0x0000013d2688e63c: 5c24 5890 

  0x0000013d2688e640: ;   {runtime_call UncommonTrapBlob}
  0x0000013d2688e640: c5f8 77e8 

  0x0000013d2688e644: ; ImmutableOopMap {rbp=NarrowOop [40]=Oop [56]=Oop [80]=Oop [88]=Oop [144]=Oop }
                      ;*iflt {reexecute=1 rethrow=0 return_oop=0}
                      ; - (reexecute) java.lang.StringLatin1::lastIndexOf@19
                      ; - java.lang.String::lastIndexOf@13
                      ; - java.lang.String::lastIndexOf@8
                      ; - java.lang.Class::getPackageName@47
                      ; - java.lang.ClassLoader::postDefineClass@2
                      ; - java.lang.ClassLoader::defineClass@37
                      ; - java.security.SecureClassLoader::defineClass@12
  0x0000013d2688e644: b894 83ff 

  0x0000013d2688e648: ;   {other}
  0x0000013d2688e648: 0f1f 8400 | 3821 002a | ba45 ffff | ff48 8944 | 2430 4889 | 4424 4090 

  0x0000013d2688e660: ;   {runtime_call UncommonTrapBlob}
  0x0000013d2688e660: c5f8 77e8 

  0x0000013d2688e664: ; ImmutableOopMap {[40]=Oop [48]=Oop [64]=Oop [144]=Oop }
                      ;*ifeq {reexecute=1 rethrow=0 return_oop=0}
                      ; - (reexecute) java.lang.Class::getPackageName@13
                      ; - java.lang.ClassLoader::postDefineClass@2
                      ; - java.lang.ClassLoader::defineClass@37
                      ; - java.security.SecureClassLoader::defineClass@12
  0x0000013d2688e664: 9894 83ff 

  0x0000013d2688e668: ;   {other}
  0x0000013d2688e668: 0f1f 8400 | 5821 002b | ba6e ffff | ff8b e944 | 8954 2424 | 4c89 7424 | 384c 8974 | 2450 4c89 
  0x0000013d2688e688: 5c24 5890 

  0x0000013d2688e68c: ;   {runtime_call UncommonTrapBlob}
  0x0000013d2688e68c: c5f8 77e8 

  0x0000013d2688e690: ; ImmutableOopMap {rbp=NarrowOop [40]=Oop [56]=Oop [80]=Oop [88]=Oop [144]=Oop }
                      ;*iflt {reexecute=1 rethrow=0 return_oop=0}
                      ; - (reexecute) java.lang.StringLatin1::lastIndexOf@19
                      ; - java.lang.String::lastIndexOf@13
                      ; - java.lang.String::lastIndexOf@8
                      ; - java.lang.Class::getPackageName@47
                      ; - java.lang.ClassLoader::postDefineClass@2
                      ; - java.lang.ClassLoader::defineClass@37
                      ; - java.security.SecureClassLoader::defineClass@12
  0x0000013d2688e690: 6c94 83ff 

  0x0000013d2688e694: ;   {other}
  0x0000013d2688e694: 0f1f 8400 | 8421 002c | bade ffff | ff66 6690 

  0x0000013d2688e6a4: ;   {runtime_call UncommonTrapBlob}
  0x0000013d2688e6a4: c5f8 77e8 

  0x0000013d2688e6a8: ; ImmutableOopMap {rbp=NarrowOop }
                      ;*checkcast {reexecute=0 rethrow=0 return_oop=0}
                      ; - java.lang.ClassLoader::getNamedPackage@8
                      ; - java.lang.ClassLoader::postDefineClass@9
                      ; - java.lang.ClassLoader::defineClass@37
                      ; - java.security.SecureClassLoader::defineClass@12
  0x0000013d2688e6a8: 5494 83ff 

  0x0000013d2688e6ac: ;   {other}
  0x0000013d2688e6ac: 0f1f 8400 | 9c21 002d | 4533 db45 | 85c0 410f | 94c3 ba45 | ffff ff48 | 8b6c 2428 | 4c8b 5424 
  0x0000013d2688e6cc: 304c 8954 | 2420 4489 | 5c24 6090 

  0x0000013d2688e6d8: ;   {runtime_call UncommonTrapBlob}
  0x0000013d2688e6d8: c5f8 77e8 

  0x0000013d2688e6dc: ; ImmutableOopMap {rbp=Oop [32]=Oop [56]=Oop [144]=Oop }
                      ;*ifeq {reexecute=1 rethrow=0 return_oop=0}
                      ; - (reexecute) java.lang.String::indexOf@4
                      ; - java.lang.String::indexOf@3
                      ; - java.lang.ClassLoader::checkName@16
                      ; - java.lang.ClassLoader::preDefineClass@1
                      ; - java.lang.ClassLoader::defineClass@4
                      ; - java.security.SecureClassLoader::defineClass@12
  0x0000013d2688e6dc: 2094 83ff 

  0x0000013d2688e6e0: ;   {other}
  0x0000013d2688e6e0: 0f1f 8400 | d021 002e | ba45 ffff | ff89 4c24 | 2089 4c24 | 2448 895c | 2450 4489 | 7424 6044 
  0x0000013d2688e700: 894c 2470 

  0x0000013d2688e704: ;   {runtime_call UncommonTrapBlob}
  0x0000013d2688e704: c5f8 77e8 

  0x0000013d2688e708: ; ImmutableOopMap {[40]=Oop [48]=Oop [56]=Oop [80]=Oop [96]=NarrowOop [144]=Oop }
                      ;*if_icmpgt {reexecute=1 rethrow=0 return_oop=0}
                      ; - (reexecute) jdk.internal.util.Preconditions::checkFromToIndex@6
                      ; - java.lang.String::checkBoundsBeginEnd@6
                      ; - java.lang.String::substring@8
                      ; - java.lang.ClassLoader::checkCerts@21
                      ; - java.lang.ClassLoader::preDefineClass@113
                      ; - java.lang.ClassLoader::defineClass@4
                      ; - java.security.SecureClassLoader::defineClass@12
  0x0000013d2688e708: f493 83ff 

  0x0000013d2688e70c: ;   {other}
  0x0000013d2688e70c: 0f1f 8400 | fc21 002f | ba45 ffff | ff48 8b6c | 2428 895c | 2450 6690 

  0x0000013d2688e724: ;   {runtime_call UncommonTrapBlob}
  0x0000013d2688e724: c5f8 77e8 

  0x0000013d2688e728: ; ImmutableOopMap {rbp=Oop [48]=Oop [56]=Oop [144]=Oop }
                      ;*if_icmpne {reexecute=1 rethrow=0 return_oop=0}
                      ; - (reexecute) java.lang.ClassLoader::checkName@20
                      ; - java.lang.ClassLoader::preDefineClass@1
                      ; - java.lang.ClassLoader::defineClass@4
                      ; - java.security.SecureClassLoader::defineClass@12
  0x0000013d2688e728: d493 83ff 

  0x0000013d2688e72c: ;   {other}
  0x0000013d2688e72c: 0f1f 8400 | 1c22 0030 | ba45 ffff | ff4c 8974 | 2430 4c8b | 5424 484c | 8954 2438 | 4c89 5c24 
  0x0000013d2688e74c: 4044 894c | 2448 4489 | 4424 4c90 

  0x0000013d2688e758: ;   {runtime_call UncommonTrapBlob}
  0x0000013d2688e758: c5f8 77e8 

  0x0000013d2688e75c: ; ImmutableOopMap {[40]=Oop [48]=Oop [56]=Oop [64]=Oop [72]=NarrowOop }
                      ;*ifle {reexecute=1 rethrow=0 return_oop=0}
                      ; - (reexecute) java.util.concurrent.ConcurrentHashMap::get@23
                      ; - java.lang.ClassLoader::getNamedPackage@5
                      ; - java.lang.ClassLoader::postDefineClass@9
                      ; - java.lang.ClassLoader::defineClass@37
                      ; - java.security.SecureClassLoader::defineClass@12
  0x0000013d2688e75c: a093 83ff 

  0x0000013d2688e760: ;   {other}
  0x0000013d2688e760: 0f1f 8400 | 5022 0031 | ba45 ffff | ff4c 8b54 | 2428 4c89 | 5424 204c | 8944 2428 | 4c89 4c24 
  0x0000013d2688e780: 3089 7c24 | 3889 7424 | 3c66 6690 

  0x0000013d2688e78c: ;   {runtime_call UncommonTrapBlob}
  0x0000013d2688e78c: c5f8 77e8 

  0x0000013d2688e790: ; ImmutableOopMap {rbp=Oop [32]=Oop [40]=Oop [48]=Oop }
                      ;*ifnonnull {reexecute=1 rethrow=0 return_oop=0}
                      ; - (reexecute) java.security.SecureClassLoader::getProtectionDomain@1
                      ; - java.security.SecureClassLoader::defineClass@9
  0x0000013d2688e790: 6c93 83ff 

  0x0000013d2688e794: ;   {other}
  0x0000013d2688e794: 0f1f 8400 | 8422 0032 | ba45 ffff | ff66 6690 

  0x0000013d2688e7a4: ;   {runtime_call UncommonTrapBlob}
  0x0000013d2688e7a4: c5f8 77e8 

  0x0000013d2688e7a8: ; ImmutableOopMap {[40]=Oop [48]=Oop [56]=Oop [144]=Oop }
                      ;*if_icmpne {reexecute=1 rethrow=0 return_oop=0}
                      ; - (reexecute) java.lang.ClassLoader::checkName@30
                      ; - java.lang.ClassLoader::preDefineClass@1
                      ; - java.lang.ClassLoader::defineClass@4
                      ; - java.security.SecureClassLoader::defineClass@12
  0x0000013d2688e7a8: 5493 83ff 

  0x0000013d2688e7ac: ;   {other}
  0x0000013d2688e7ac: 0f1f 8400 | 9c22 0033 | ba45 ffff | ff4c 8b54 | 2428 4c89 | 5424 2048 | 895c 2450 | 4c89 6c24 
  0x0000013d2688e7cc: 5844 8974 | 2460 6690 

  0x0000013d2688e7d4: ;   {runtime_call UncommonTrapBlob}
  0x0000013d2688e7d4: c5f8 77e8 

  0x0000013d2688e7d8: ; ImmutableOopMap {rbp=NarrowOop [32]=Oop [48]=Oop [56]=Oop [80]=Oop [88]=Oop [96]=NarrowOop [144]=Oop }
                      ;*ifnull {reexecute=1 rethrow=0 return_oop=0}
                      ; - (reexecute) java.security.CodeSource::getCertificates@4
                      ; - java.lang.ClassLoader::checkCerts@34
                      ; - java.lang.ClassLoader::preDefineClass@113
                      ; - java.lang.ClassLoader::defineClass@4
                      ; - java.security.SecureClassLoader::defineClass@12
  0x0000013d2688e7d8: 2493 83ff 

  0x0000013d2688e7dc: ;   {other}
  0x0000013d2688e7dc: 0f1f 8400 | cc22 0034 | ba45 ffff | ff4c 8b54 | 2428 4c89 | 5424 2048 | 895c 2450 | 4c89 6c24 
  0x0000013d2688e7fc: 5844 8974 | 2460 6690 

  0x0000013d2688e804: ;   {runtime_call UncommonTrapBlob}
  0x0000013d2688e804: c5f8 77e8 

  0x0000013d2688e808: ; ImmutableOopMap {rbp=NarrowOop [32]=Oop [48]=Oop [56]=Oop [80]=Oop [88]=Oop [96]=NarrowOop [144]=Oop }
                      ;*ifnull {reexecute=1 rethrow=0 return_oop=0}
                      ; - (reexecute) java.security.CodeSource::getCertificates@22
                      ; - java.lang.ClassLoader::checkCerts@34
                      ; - java.lang.ClassLoader::preDefineClass@113
                      ; - java.lang.ClassLoader::defineClass@4
                      ; - java.security.SecureClassLoader::defineClass@12
  0x0000013d2688e808: f492 83ff 

  0x0000013d2688e80c: ;   {other}
  0x0000013d2688e80c: 0f1f 8400 | fc22 0035 | ba45 ffff | ff4c 8b54 | 2428 4c89 | 5424 2090 

  0x0000013d2688e824: ;   {runtime_call UncommonTrapBlob}
  0x0000013d2688e824: c5f8 77e8 

  0x0000013d2688e828: ; ImmutableOopMap {[32]=Oop [48]=Oop [56]=Oop [144]=Oop }
                      ;*ifne {reexecute=1 rethrow=0 return_oop=0}
                      ; - (reexecute) java.lang.ClassLoader::compareCerts@7
                      ; - java.lang.ClassLoader::checkCerts@80
                      ; - java.lang.ClassLoader::preDefineClass@113
                      ; - java.lang.ClassLoader::defineClass@4
                      ; - java.security.SecureClassLoader::defineClass@12
  0x0000013d2688e828: d492 83ff 

  0x0000013d2688e82c: ;   {other}
  0x0000013d2688e82c: 0f1f 8400 | 1c23 0036 | ba45 ffff | ff89 4c24 | 2089 4c24 | 2448 895c | 2450 4489 | 7424 6044 
  0x0000013d2688e84c: 894c 2470 | 4489 4c24 | 7466 6690 

  0x0000013d2688e858: ;   {runtime_call UncommonTrapBlob}
  0x0000013d2688e858: c5f8 77e8 

  0x0000013d2688e85c: ; ImmutableOopMap {[40]=Oop [48]=Oop [56]=Oop [80]=Oop [96]=NarrowOop [144]=Oop }
                      ;*if_icmple {reexecute=1 rethrow=0 return_oop=0}
                      ; - (reexecute) jdk.internal.util.Preconditions::checkFromToIndex@11
                      ; - java.lang.String::checkBoundsBeginEnd@6
                      ; - java.lang.String::substring@8
                      ; - java.lang.ClassLoader::checkCerts@21
                      ; - java.lang.ClassLoader::preDefineClass@113
                      ; - java.lang.ClassLoader::defineClass@4
                      ; - java.security.SecureClassLoader::defineClass@12
  0x0000013d2688e85c: a092 83ff 

  0x0000013d2688e860: ;   {other}
  0x0000013d2688e860: 0f1f 8400 | 5023 0037 | baf6 ffff | ff66 6690 

  0x0000013d2688e870: ;   {runtime_call UncommonTrapBlob}
  0x0000013d2688e870: c5f8 77e8 

  0x0000013d2688e874: ; ImmutableOopMap {}
                      ;*invokevirtual isNamed {reexecute=0 rethrow=0 return_oop=0}
                      ; - java.lang.NamedPackage::<init>@12
                      ; - java.lang.ClassLoader::getNamedPackage@22
                      ; - java.lang.ClassLoader::postDefineClass@9
                      ; - java.lang.ClassLoader::defineClass@37
                      ; - java.security.SecureClassLoader::defineClass@12
  0x0000013d2688e874: 8892 83ff 

  0x0000013d2688e878: ;   {other}
  0x0000013d2688e878: 0f1f 8400 | 6823 0038 | 4c89 5c24 | 484c 896c | 2420 4c8b | eb8b ee49 | 8bd7 c5f8 | 7749 ba20 
  0x0000013d2688e898: a427 0efc | 7f00 0041 

  0x0000013d2688e8a0: ;   {other}
  0x0000013d2688e8a0: ffd2 0f1f | 8400 0000 | 0000 8bf5 | 498b dd4c | 8b6c 2420 | 4c8b 5c24 | 48e9 22e6 | ffff baf6 
  0x0000013d2688e8c0: ffff ff90 

  0x0000013d2688e8c4: ;   {runtime_call UncommonTrapBlob}
  0x0000013d2688e8c4: c5f8 77e8 

  0x0000013d2688e8c8: ; ImmutableOopMap {[64]=NarrowOop }
                      ;*invokevirtual append {reexecute=0 rethrow=0 return_oop=0}
                      ; - java.lang.NamedPackage::<init>@35
                      ; - java.lang.ClassLoader::getNamedPackage@22
                      ; - java.lang.ClassLoader::postDefineClass@9
                      ; - java.lang.ClassLoader::defineClass@37
                      ; - java.security.SecureClassLoader::defineClass@12
  0x0000013d2688e8c8: 3492 83ff 

  0x0000013d2688e8cc: ;   {other}
  0x0000013d2688e8cc: 0f1f 8400 | bc23 0039 | baf6 ffff | ff66 6690 

  0x0000013d2688e8dc: ;   {runtime_call UncommonTrapBlob}
  0x0000013d2688e8dc: c5f8 77e8 

  0x0000013d2688e8e0: ; ImmutableOopMap {}
                      ;*invokevirtual toString {reexecute=0 rethrow=0 return_oop=0}
                      ; - java.lang.NamedPackage::<init>@38
                      ; - java.lang.ClassLoader::getNamedPackage@22
                      ; - java.lang.ClassLoader::postDefineClass@9
                      ; - java.lang.ClassLoader::defineClass@37
                      ; - java.security.SecureClassLoader::defineClass@12
  0x0000013d2688e8e0: 1c92 83ff 

  0x0000013d2688e8e4: ;   {other}
  0x0000013d2688e8e4: 0f1f 8400 | d423 003a | 4d63 d1e9 | c2e9 ffff | 4983 c2fe | 498b ca48 | 8bfa 4833 | c048 83f9 
  0x0000013d2688e904: 087f 1048 | ffc9 7856 | 4889 04cf | 48ff c97d | f7eb 4bc5 | fdef c0e9 | 0d00 0000 | c5fe 7f07 
  0x0000013d2688e924: c5fe 7f47 | 2048 83c7 | 4048 83e9 | 087d ed48 | 83c1 047c | 0cc5 fe7f | 0748 83c7 | 2048 83e9 
  0x0000013d2688e944: 0448 83c1 | 047e 1748 | c7c0 ffff | ffff c4e2 | f0f5 c0c4 | e1fb 92f8 | 62f1 fe2f | 7f07 e918 
  0x0000013d2688e964: eaff ffba | ccff ffff | 8be9 4489 | 4c24 244c | 8974 2438 | 4c8b 5424 | 484c 8954 | 2440 4c89 
  0x0000013d2688e984: 7424 5048 | 895c 2460 

  0x0000013d2688e98c: ;   {runtime_call UncommonTrapBlob}
  0x0000013d2688e98c: c5f8 77e8 

  0x0000013d2688e990: ; ImmutableOopMap {rbp=NarrowOop [40]=Oop [56]=Oop [64]=Oop [80]=Oop [96]=Oop }
                      ;*newarray {reexecute=1 rethrow=0 return_oop=0}
                      ; - (reexecute) java.util.Arrays::copyOfRangeByte@10
                      ; - java.util.Arrays::copyOfRange@13
                      ; - java.lang.StringLatin1::newString@16
                      ; - java.lang.String::substring@41
                      ; - java.lang.Class::getPackageName@62
                      ; - java.lang.ClassLoader::postDefineClass@2
                      ; - java.lang.ClassLoader::defineClass@37
                      ; - java.security.SecureClassLoader::defineClass@12
  0x0000013d2688e990: 6c91 83ff 

  0x0000013d2688e994: ;   {other}
  0x0000013d2688e994: 0f1f 8400 | 8424 003b | 4585 d244 | 8b54 2420 | 410f 94c2 | ba45 ffff | ff4c 8974 | 2430 4c89 
  0x0000013d2688e9b4: 7424 404c | 895c 2450 | 895c 2458 | 4489 5424 | 5c66 6690 

  0x0000013d2688e9c8: ;   {runtime_call UncommonTrapBlob}
  0x0000013d2688e9c8: c5f8 77e8 

  0x0000013d2688e9cc: ; ImmutableOopMap {[40]=Oop [48]=Oop [64]=Oop [80]=Oop [144]=Oop }
                      ;*ifeq {reexecute=1 rethrow=0 return_oop=0}
                      ; - (reexecute) java.lang.String::lastIndexOf@4
                      ; - java.lang.String::lastIndexOf@8
                      ; - java.lang.Class::getPackageName@47
                      ; - java.lang.ClassLoader::postDefineClass@2
                      ; - java.lang.ClassLoader::defineClass@37
                      ; - java.security.SecureClassLoader::defineClass@12
  0x0000013d2688e9cc: 3091 83ff 

  0x0000013d2688e9d0: ;   {other}
  0x0000013d2688e9d0: 0f1f 8400 | c024 003c | 498b d7c5 | f877 49ba | 20a4 270e | fc7f 0000 

  0x0000013d2688e9e8: ;   {other}
  0x0000013d2688e9e8: 41ff d20f | 1f84 0000 | 0000 00e9 | 00ea ffff | ba45 ffff | ff44 894c | 2420 4489 | 4c24 244c 
  0x0000013d2688ea08: 8974 2438 | 4c8b 5424 | 484c 8954 | 2440 4c89 | 7424 504c | 895c 2458 | 897c 2464 

  0x0000013d2688ea24: ;   {runtime_call UncommonTrapBlob}
  0x0000013d2688ea24: c5f8 77e8 

  0x0000013d2688ea28: ; ImmutableOopMap {[40]=Oop [56]=Oop [64]=Oop [80]=Oop [88]=Oop }
                      ;*if_icmpgt {reexecute=1 rethrow=0 return_oop=0}
                      ; - (reexecute) jdk.internal.util.Preconditions::checkFromToIndex@6
                      ; - java.lang.String::checkBoundsBeginEnd@6
                      ; - java.lang.String::substring@8
                      ; - java.lang.Class::getPackageName@62
                      ; - java.lang.ClassLoader::postDefineClass@2
                      ; - java.lang.ClassLoader::defineClass@37
                      ; - java.security.SecureClassLoader::defineClass@12
  0x0000013d2688ea28: d490 83ff 

  0x0000013d2688ea2c: ;   {other}
  0x0000013d2688ea2c: 0f1f 8400 | 1c25 003d | ba45 ffff | ff44 894c | 2420 4489 | 4c24 244c | 8974 2438 | 4c8b 5424 
  0x0000013d2688ea4c: 484c 8954 | 2440 4c89 | 7424 504c | 895c 2458 | 897c 2464 | 897c 2468 

  0x0000013d2688ea64: ;   {runtime_call UncommonTrapBlob}
  0x0000013d2688ea64: c5f8 77e8 

  0x0000013d2688ea68: ; ImmutableOopMap {[40]=Oop [56]=Oop [64]=Oop [80]=Oop [88]=Oop }
                      ;*if_icmple {reexecute=1 rethrow=0 return_oop=0}
                      ; - (reexecute) jdk.internal.util.Preconditions::checkFromToIndex@11
                      ; - java.lang.String::checkBoundsBeginEnd@6
                      ; - java.lang.String::substring@8
                      ; - java.lang.Class::getPackageName@62
                      ; - java.lang.ClassLoader::postDefineClass@2
                      ; - java.lang.ClassLoader::defineClass@37
                      ; - java.security.SecureClassLoader::defineClass@12
  0x0000013d2688ea68: 9490 83ff 

  0x0000013d2688ea6c: ;   {other}
  0x0000013d2688ea6c: 0f1f 8400 | 5c25 003e | 498b d7c5 | f877 49ba | 20a4 270e | fc7f 0000 

  0x0000013d2688ea84: ;   {other}
  0x0000013d2688ea84: 41ff d20f | 1f84 0000 | 0000 00e9 | f6e8 ffff | ba45 ffff | ff4c 8974 | 2430 4489 | 5424 3890 
  0x0000013d2688eaa4: ;   {runtime_call UncommonTrapBlob}
  0x0000013d2688eaa4: c5f8 77e8 

  0x0000013d2688eaa8: ; ImmutableOopMap {rbp=NarrowOop [40]=Oop [48]=Oop [56]=NarrowOop }
                      ;*ifnull {reexecute=1 rethrow=0 return_oop=0}
                      ; - (reexecute) java.security.CodeSource::getCertificates@4
                      ; - java.lang.ClassLoader::postDefineClass@24
                      ; - java.lang.ClassLoader::defineClass@37
                      ; - java.security.SecureClassLoader::defineClass@12
  0x0000013d2688eaa8: 5490 83ff 

  0x0000013d2688eaac: ;   {other}
  0x0000013d2688eaac: 0f1f 8400 | 9c25 003f | ba45 ffff | ff4c 8974 | 2430 4489 | 5424 3890 

  0x0000013d2688eac4: ;   {runtime_call UncommonTrapBlob}
  0x0000013d2688eac4: c5f8 77e8 

  0x0000013d2688eac8: ; ImmutableOopMap {rbp=NarrowOop [40]=Oop [48]=Oop [56]=NarrowOop }
                      ;*ifnull {reexecute=1 rethrow=0 return_oop=0}
                      ; - (reexecute) java.security.CodeSource::getCertificates@22
                      ; - java.lang.ClassLoader::postDefineClass@24
                      ; - java.lang.ClassLoader::defineClass@37
                      ; - java.security.SecureClassLoader::defineClass@12
  0x0000013d2688eac8: 3490 83ff 

  0x0000013d2688eacc: ;   {other}
  0x0000013d2688eacc: 0f1f 8400 | bc25 0040 | bae4 ffff | ff44 8954 | 2420 448b | 5c24 4044 | 895c 2424 

  0x0000013d2688eae8: ;   {runtime_call UncommonTrapBlob}
  0x0000013d2688eae8: c5f8 77e8 

  0x0000013d2688eaec: ; ImmutableOopMap {[32]=NarrowOop [40]=Oop [48]=Oop [56]=Oop [144]=Oop }
                      ;*baload {reexecute=0 rethrow=0 return_oop=0}
                      ; - jdk.internal.util.ArraysSupport::mismatch@82
                      ; - java.lang.String::startsWith@70
                      ; - java.lang.String::startsWith@3
                      ; - java.lang.ClassLoader::preDefineClass@43
                      ; - java.lang.ClassLoader::defineClass@4
                      ; - java.security.SecureClassLoader::defineClass@12
  0x0000013d2688eaec: 1090 83ff 

  0x0000013d2688eaf0: ;   {other}
  0x0000013d2688eaf0: 0f1f 8400 | e025 0041 | ba45 ffff | ff4c 8974 | 2430 488b | 4c24 4848 | 894c 2438 | 4489 4c24 
  0x0000013d2688eb10: 504c 895c | 2458 4489 | 4424 5444 | 8954 2460 | 895c 2464 

  0x0000013d2688eb24: ;   {runtime_call UncommonTrapBlob}
  0x0000013d2688eb24: c5f8 77e8 

  0x0000013d2688eb28: ; ImmutableOopMap {[40]=Oop [48]=Oop [56]=Oop [80]=NarrowOop [84]=NarrowOop [88]=Oop }
                      ;*if_icmpne {reexecute=1 rethrow=0 return_oop=0}
                      ; - (reexecute) java.lang.String::equals@33
                      ; - java.util.concurrent.ConcurrentHashMap::get@73
                      ; - java.lang.ClassLoader::getNamedPackage@5
                      ; - java.lang.ClassLoader::postDefineClass@9
                      ; - java.lang.ClassLoader::defineClass@37
                      ; - java.security.SecureClassLoader::defineClass@12
  0x0000013d2688eb28: d48f 83ff 

  0x0000013d2688eb2c: ;   {other}
  0x0000013d2688eb2c: 0f1f 8400 | 1c26 0042 | ba45 ffff | ff4c 8974 | 2430 4c8b | 4424 484c | 8944 2438 | 4489 4c24 
  0x0000013d2688eb4c: 504c 895c | 2458 4889 | 4c24 6044 | 8954 2454 

  0x0000013d2688eb5c: ;   {runtime_call UncommonTrapBlob}
  0x0000013d2688eb5c: c5f8 77e8 

  0x0000013d2688eb60: ; ImmutableOopMap {rbp=NarrowOop [40]=Oop [48]=Oop [56]=Oop [80]=NarrowOop [88]=Oop [96]=Oop }
                      ;*ifnull {reexecute=1 rethrow=0 return_oop=0}
                      ; - (reexecute) java.util.concurrent.ConcurrentHashMap::get@143
                      ; - java.lang.ClassLoader::getNamedPackage@5
                      ; - java.lang.ClassLoader::postDefineClass@9
                      ; - java.lang.ClassLoader::defineClass@37
                      ; - java.security.SecureClassLoader::defineClass@12
  0x0000013d2688eb60: 9c8f 83ff 

  0x0000013d2688eb64: ;   {other}
  0x0000013d2688eb64: 0f1f 8400 | 5426 0043 | ba45 ffff | ff48 8b6c | 2430 8944 | 2460 6690 

  0x0000013d2688eb7c: ;   {runtime_call UncommonTrapBlob}
  0x0000013d2688eb7c: c5f8 77e8 

  0x0000013d2688eb80: ; ImmutableOopMap {rbp=Oop [40]=Oop [56]=Oop [64]=NarrowOop [72]=Oop [80]=Oop }
                      ;*ifeq {reexecute=1 rethrow=0 return_oop=0}
                      ; - (reexecute) java.util.concurrent.ConcurrentHashMap::get@152
                      ; - java.lang.ClassLoader::getNamedPackage@5
                      ; - java.lang.ClassLoader::postDefineClass@9
                      ; - java.lang.ClassLoader::defineClass@37
                      ; - java.security.SecureClassLoader::defineClass@12
  0x0000013d2688eb80: 7c8f 83ff 

  0x0000013d2688eb84: ;   {other}
  0x0000013d2688eb84: 0f1f 8400 | 7426 0044 | baf6 ffff | ff66 6690 

  0x0000013d2688eb94: ;   {runtime_call UncommonTrapBlob}
  0x0000013d2688eb94: c5f8 77e8 

  0x0000013d2688eb98: ; ImmutableOopMap {[56]=Oop [88]=Oop }
                      ;*invokevirtual putIfAbsent {reexecute=0 rethrow=0 return_oop=0}
                      ; - java.lang.ClassLoader::getNamedPackage@32
                      ; - java.lang.ClassLoader::postDefineClass@9
                      ; - java.lang.ClassLoader::defineClass@37
                      ; - java.security.SecureClassLoader::defineClass@12
  0x0000013d2688eb98: 648f 83ff 

  0x0000013d2688eb9c: ;   {other}
  0x0000013d2688eb9c: 0f1f 8400 | 8c26 0045 | bade ffff | ff48 8be8 

  0x0000013d2688ebac: ;   {runtime_call UncommonTrapBlob}
  0x0000013d2688ebac: c5f8 77e8 

  0x0000013d2688ebb0: ; ImmutableOopMap {rbp=Oop }
                      ;*checkcast {reexecute=0 rethrow=0 return_oop=0}
                      ; - java.lang.ClassLoader::getNamedPackage@35
                      ; - java.lang.ClassLoader::postDefineClass@9
                      ; - java.lang.ClassLoader::defineClass@37
                      ; - java.security.SecureClassLoader::defineClass@12
  0x0000013d2688ebb0: 4c8f 83ff 

  0x0000013d2688ebb4: ;   {other}
  0x0000013d2688ebb4: 0f1f 8400 | a426 0046 | baf6 ffff | ff66 6690 

  0x0000013d2688ebc4: ;   {runtime_call UncommonTrapBlob}
  0x0000013d2688ebc4: c5f8 77e8 

  0x0000013d2688ebc8: ; ImmutableOopMap {}
                      ;*invokevirtual lastIndexOf {reexecute=0 rethrow=0 return_oop=0}
                      ; - java.lang.Class::getPackageName@47
                      ; - java.lang.ClassLoader::postDefineClass@2
                      ; - java.lang.ClassLoader::defineClass@37
                      ; - java.security.SecureClassLoader::defineClass@12
  0x0000013d2688ebc8: 348f 83ff 

  0x0000013d2688ebcc: ;   {other}
  0x0000013d2688ebcc: 0f1f 8400 | bc26 0047 | 4585 d244 | 8b54 2420 | 410f 94c2 | ba45 ffff | ff4c 8974 | 2430 488b 
  0x0000013d2688ebec: 4c24 4848 | 894c 2438 | 4489 4c24 | 4844 8944 | 244c 4889 | 5c24 5048 | 895c 2458 | 4489 5424 
  0x0000013d2688ec0c: 6066 6690 

  0x0000013d2688ec10: ;   {runtime_call UncommonTrapBlob}
  0x0000013d2688ec10: c5f8 77e8 

  0x0000013d2688ec14: ; ImmutableOopMap {[40]=Oop [48]=Oop [56]=Oop [72]=NarrowOop [76]=NarrowOop [80]=Oop [88]=Oop }
                      ;*ifeq {reexecute=1 rethrow=0 return_oop=0}
                      ; - (reexecute) java.lang.String::hashCode@20
                      ; - java.util.concurrent.ConcurrentHashMap::get@1
                      ; - java.lang.ClassLoader::getNamedPackage@5
                      ; - java.lang.ClassLoader::postDefineClass@9
                      ; - java.lang.ClassLoader::defineClass@37
                      ; - java.security.SecureClassLoader::defineClass@12
  0x0000013d2688ec14: e88e 83ff 

  0x0000013d2688ec18: ;   {other}
  0x0000013d2688ec18: 0f1f 8400 | 0827 0048 | 498b d7c5 | f877 49ba | 20a4 270e | fc7f 0000 

  0x0000013d2688ec30: ;   {other}
  0x0000013d2688ec30: 41ff d20f | 1f84 0000 | 0000 00e9 | 88ee ffff | 498b d7c5 | f877 49ba | 20a4 270e | fc7f 0000 
  0x0000013d2688ec50: ;   {other}
  0x0000013d2688ec50: 41ff d20f | 1f84 0000 | 0000 00e9 | 20ee ffff | ba37 0100 | 0048 8beb | 4c8b 5424 | 384c 8954 
  0x0000013d2688ec70: 2428 6690 

  0x0000013d2688ec74: ;   {runtime_call UncommonTrapBlob}
  0x0000013d2688ec74: c5f8 77e8 

  0x0000013d2688ec78: ; ImmutableOopMap {rbp=Oop [40]=Oop [48]=Oop }
                      ;*new {reexecute=0 rethrow=0 return_oop=0}
                      ; - java.lang.ClassLoader::preDefineClass@56
                      ; - java.lang.ClassLoader::defineClass@4
                      ; - java.security.SecureClassLoader::defineClass@12
  0x0000013d2688ec78: 848e 83ff 

  0x0000013d2688ec7c: ;   {other}
  0x0000013d2688ec7c: 0f1f 8400 | 6c27 0049 | bade ffff | ff48 8b6c | 2428 4c8b | 5424 304c | 8954 2420 | 4c8b 5424 
  0x0000013d2688ec9c: 384c 8954 | 2428 4889 | 4424 3890 

  0x0000013d2688eca8: ;   {runtime_call UncommonTrapBlob}
  0x0000013d2688eca8: c5f8 77e8 

  0x0000013d2688ecac: ; ImmutableOopMap {rbp=Oop [32]=Oop [40]=Oop [56]=Oop }
                      ;*checkcast {reexecute=0 rethrow=0 return_oop=0}
                      ; - java.security.SecureClassLoader::getProtectionDomain@33
                      ; - java.security.SecureClassLoader::defineClass@9
  0x0000013d2688ecac: 508e 83ff 

  0x0000013d2688ecb0: ;   {other}
  0x0000013d2688ecb0: 0f1f 8400 | a027 004a | bade ffff | ff48 8b6c | 2428 4c8b | 5424 384c | 8954 2428 | 448b 5424 
  0x0000013d2688ecd0: 4044 8954 | 2438 448b | 5c24 4444 | 895c 243c | 4889 4424 | 5066 6690 

  0x0000013d2688ece8: ;   {runtime_call UncommonTrapBlob}
  0x0000013d2688ece8: c5f8 77e8 

  0x0000013d2688ecec: ; ImmutableOopMap {rbp=Oop [40]=Oop [48]=Oop [72]=Oop [80]=Oop [144]=Oop }
                      ;*checkcast {reexecute=0 rethrow=0 return_oop=0}
                      ; - java.lang.ClassLoader::checkCerts@65
                      ; - java.lang.ClassLoader::preDefineClass@113
                      ; - java.lang.ClassLoader::defineClass@4
                      ; - java.security.SecureClassLoader::defineClass@12
  0x0000013d2688ecec: 108e 83ff 

  0x0000013d2688ecf0: ;   {other}
  0x0000013d2688ecf0: 0f1f 8400 | e027 004b | baf6 ffff | ff49 8be8 | 4c89 4c24 | 2066 6690 

  0x0000013d2688ed08: ;   {runtime_call UncommonTrapBlob}
  0x0000013d2688ed08: c5f8 77e8 

  0x0000013d2688ed0c: ; ImmutableOopMap {rbp=Oop [32]=Oop }
                      ;*invokeinterface computeIfAbsent {reexecute=0 rethrow=0 return_oop=0}
                      ; - java.security.SecureClassLoader::getProtectionDomain@28
                      ; - java.security.SecureClassLoader::defineClass@9
  0x0000013d2688ed0c: f08d 83ff 

  0x0000013d2688ed10: ;   {other}
  0x0000013d2688ed10: 0f1f 8400 | 0028 004c | baf4 ffff | ff48 8b6c | 2428 4c8b | 5424 304c | 8954 2420 

  0x0000013d2688ed2c: ;   {runtime_call UncommonTrapBlob}
  0x0000013d2688ed2c: c5f8 77e8 

  0x0000013d2688ed30: ; ImmutableOopMap {rbp=Oop [32]=Oop [56]=Oop }
                      ;*checkcast {reexecute=0 rethrow=0 return_oop=0}
                      ; - java.security.SecureClassLoader::getProtectionDomain@33
                      ; - java.security.SecureClassLoader::defineClass@9
  0x0000013d2688ed30: cc8d 83ff 

  0x0000013d2688ed34: ;   {other}
  0x0000013d2688ed34: 0f1f 8400 | 2428 004d | baf6 ffff | ff66 6690 

  0x0000013d2688ed44: ;   {runtime_call UncommonTrapBlob}
  0x0000013d2688ed44: c5f8 77e8 

  0x0000013d2688ed48: ; ImmutableOopMap {}
                      ;*arraylength {reexecute=0 rethrow=0 return_oop=0}
                      ; - java.lang.String::isEmpty@4
                      ; - java.lang.ClassLoader::checkName@5
                      ; - java.lang.ClassLoader::preDefineClass@1
                      ; - java.lang.ClassLoader::defineClass@4
                      ; - java.security.SecureClassLoader::defineClass@12
  0x0000013d2688ed48: b48d 83ff 

  0x0000013d2688ed4c: ;   {other}
  0x0000013d2688ed4c: 0f1f 8400 | 3c28 004e | baf6 ffff | ff66 6690 

  0x0000013d2688ed5c: ;   {runtime_call UncommonTrapBlob}
  0x0000013d2688ed5c: c5f8 77e8 

  0x0000013d2688ed60: ; ImmutableOopMap {}
                      ;*invokevirtual getPackageName {reexecute=0 rethrow=0 return_oop=0}
                      ; - java.lang.ClassLoader::postDefineClass@2
                      ; - java.lang.ClassLoader::defineClass@37
                      ; - java.security.SecureClassLoader::defineClass@12
  0x0000013d2688ed60: 9c8d 83ff 

  0x0000013d2688ed64: ;   {other}
  0x0000013d2688ed64: 0f1f 8400 | 5428 004f | baf6 ffff | ff66 6690 

  0x0000013d2688ed74: ;   {runtime_call UncommonTrapBlob}
  0x0000013d2688ed74: c5f8 77e8 

  0x0000013d2688ed78: ; ImmutableOopMap {}
                      ;*invokevirtual hashCode {reexecute=0 rethrow=0 return_oop=0}
                      ; - java.util.concurrent.ConcurrentHashMap::get@1
                      ; - java.lang.ClassLoader::getNamedPackage@5
                      ; - java.lang.ClassLoader::postDefineClass@9
                      ; - java.lang.ClassLoader::defineClass@37
                      ; - java.security.SecureClassLoader::defineClass@12
  0x0000013d2688ed78: 848d 83ff 

  0x0000013d2688ed7c: ;   {other}
  0x0000013d2688ed7c: 0f1f 8400 | 6c28 0050 | 4d85 d244 | 8b5c 2420 | 410f 94c3 | ba45 ffff | ff48 8944 | 2430 4889 
  0x0000013d2688ed9c: 4424 4044 | 895c 2448 

  0x0000013d2688eda4: ;   {runtime_call UncommonTrapBlob}
  0x0000013d2688eda4: c5f8 77e8 

  0x0000013d2688eda8: ; ImmutableOopMap {[40]=Oop [48]=Oop [64]=Oop [144]=Oop }
                      ;*ifeq {reexecute=1 rethrow=0 return_oop=0}
                      ; - (reexecute) java.lang.Class::getPackageName@29
                      ; - java.lang.ClassLoader::postDefineClass@2
                      ; - java.lang.ClassLoader::defineClass@37
                      ; - java.security.SecureClassLoader::defineClass@12
  0x0000013d2688eda8: 548d 83ff 

  0x0000013d2688edac: ;   {other}
  0x0000013d2688edac: 0f1f 8400 | 9c28 0051 | baf6 ffff | ff66 6690 

  0x0000013d2688edbc: ;   {runtime_call UncommonTrapBlob}
  0x0000013d2688edbc: c5f8 77e8 

  0x0000013d2688edc0: ; ImmutableOopMap {}
                      ;*arraylength {reexecute=0 rethrow=0 return_oop=0}
                      ; - java.lang.String::length@4
                      ; - java.lang.String::lastIndexOf@3
                      ; - java.lang.Class::getPackageName@47
                      ; - java.lang.ClassLoader::postDefineClass@2
                      ; - java.lang.ClassLoader::defineClass@37
                      ; - java.security.SecureClassLoader::defineClass@12
  0x0000013d2688edc0: 3c8d 83ff 

  0x0000013d2688edc4: ;   {other}
  0x0000013d2688edc4: 0f1f 8400 | b428 0052 | ba45 ffff | ff48 8b6c | 2428 4c8b | 5424 304c | 8954 2420 

  0x0000013d2688ede0: ;   {runtime_call UncommonTrapBlob}
  0x0000013d2688ede0: c5f8 77e8 

  0x0000013d2688ede4: ; ImmutableOopMap {rbp=Oop [32]=Oop [56]=Oop [144]=Oop }
                      ;*ifnull {reexecute=1 rethrow=0 return_oop=0}
                      ; - (reexecute) java.lang.ClassLoader::checkName@1
                      ; - java.lang.ClassLoader::preDefineClass@1
                      ; - java.lang.ClassLoader::defineClass@4
                      ; - java.security.SecureClassLoader::defineClass@12
  0x0000013d2688ede4: 188d 83ff 

  0x0000013d2688ede8: ;   {other}
  0x0000013d2688ede8: 0f1f 8400 | d828 0053 | ba45 ffff | ff48 8b6c | 2428 4c8b | 5424 384c | 8954 2428 | 448b 5424 
  0x0000013d2688ee08: 4044 8954 | 2438 448b | 5424 4444 | 8954 243c | 4889 5c24 | 484c 896c | 2458 4489 | 7424 5490 
  0x0000013d2688ee28: ;   {runtime_call UncommonTrapBlob}
  0x0000013d2688ee28: c5f8 77e8 

  0x0000013d2688ee2c: ; ImmutableOopMap {rbp=Oop [40]=Oop [48]=Oop [72]=Oop [84]=NarrowOop [88]=Oop [144]=Oop }
                      ;*ifnull {reexecute=1 rethrow=0 return_oop=0}
                      ; - (reexecute) java.lang.ClassLoader::checkCerts@30
                      ; - java.lang.ClassLoader::preDefineClass@113
                      ; - java.lang.ClassLoader::defineClass@4
                      ; - java.security.SecureClassLoader::defineClass@12
  0x0000013d2688ee2c: d08c 83ff 

  0x0000013d2688ee30: ;   {other}
  0x0000013d2688ee30: 0f1f 8400 | 2029 0054 | ba45 ffff | ff48 8b6c | 2428 4c8b | 5c24 304c | 895c 2420 | 4c8b 5c24 
  0x0000013d2688ee50: 384c 895c | 2428 448b | 5c24 4044 | 895c 2430 | 448b 4424 | 4444 8944 | 2434 4489 | 5424 4490 
  0x0000013d2688ee70: ;   {runtime_call UncommonTrapBlob}
  0x0000013d2688ee70: c5f8 77e8 

  0x0000013d2688ee74: ; ImmutableOopMap {rbp=Oop [32]=Oop [40]=Oop [68]=NarrowOop [144]=Oop }
                      ;*ifnull {reexecute=1 rethrow=0 return_oop=0}
                      ; - (reexecute) java.lang.ClassLoader::defineClassSourceLocation@8
                      ; - java.lang.ClassLoader::defineClass@12
                      ; - java.security.SecureClassLoader::defineClass@12
  0x0000013d2688ee74: 888c 83ff 

  0x0000013d2688ee78: ;   {other}
  0x0000013d2688ee78: 0f1f 8400 | 6829 0055 | ba45 ffff | ff4c 8b54 | 2428 4c89 | 5424 204c | 8b54 2430 | 4c89 5424 
  0x0000013d2688ee98: 284c 8b54 | 2438 4c89 | 5424 3044 | 8b5c 2440 | 4489 5c24 | 3844 8b54 | 2444 4489 | 5424 3c90 
  0x0000013d2688eeb8: ;   {runtime_call UncommonTrapBlob}
  0x0000013d2688eeb8: c5f8 77e8 

  0x0000013d2688eebc: ; ImmutableOopMap {rbp=NarrowOop [32]=Oop [40]=Oop [48]=Oop [144]=Oop }
                      ;*ifnull {reexecute=1 rethrow=0 return_oop=0}
                      ; - (reexecute) java.lang.ClassLoader::defineClassSourceLocation@15
                      ; - java.lang.ClassLoader::defineClass@12
                      ; - java.security.SecureClassLoader::defineClass@12
  0x0000013d2688eebc: 408c 83ff 

  0x0000013d2688eec0: ;   {other}
  0x0000013d2688eec0: 0f1f 8400 | b029 0056 | ba45 ffff | ff49 8bee | 4489 5424 | 2066 6690 

  0x0000013d2688eed8: ;   {runtime_call UncommonTrapBlob}
  0x0000013d2688eed8: c5f8 77e8 

  0x0000013d2688eedc: ; ImmutableOopMap {rbp=Oop [32]=NarrowOop }
                      ;*ifnull {reexecute=1 rethrow=0 return_oop=0}
                      ; - (reexecute) java.lang.ClassLoader::postDefineClass@17
                      ; - java.lang.ClassLoader::defineClass@37
                      ; - java.security.SecureClassLoader::defineClass@12
  0x0000013d2688eedc: 208c 83ff 

  0x0000013d2688eee0: ;   {other}
  0x0000013d2688eee0: 0f1f 8400 | d029 0057 | ba45 ffff | ff4c 8974 | 2430 488b | 4c24 4848 | 894c 2438 | 4489 4c24 
  0x0000013d2688ef00: 504c 895c | 2458 4489 | 4424 5444 | 8954 2460 

  0x0000013d2688ef10: ;   {runtime_call UncommonTrapBlob}
  0x0000013d2688ef10: c5f8 77e8 

  0x0000013d2688ef14: ; ImmutableOopMap {rbp=NarrowOop [40]=Oop [48]=Oop [56]=Oop [80]=NarrowOop [84]=NarrowOop [88]=Oop }
                      ;*ifnull {reexecute=1 rethrow=0 return_oop=0}
                      ; - (reexecute) java.util.concurrent.ConcurrentHashMap::get@67
                      ; - java.lang.ClassLoader::getNamedPackage@5
                      ; - java.lang.ClassLoader::postDefineClass@9
                      ; - java.lang.ClassLoader::defineClass@37
                      ; - java.security.SecureClassLoader::defineClass@12
  0x0000013d2688ef14: e88b 83ff 

  0x0000013d2688ef18: ;   {other}
  0x0000013d2688ef18: 0f1f 8400 | 082a 0058 | eb30 eb2e | eb2c eb2a | eb28 eb26 | eb24 eb22 | eb20 eb1e | eb1c eb1a 
  0x0000013d2688ef38: eb18 eb16 | eb14 eb12 | eb10 eb0e | eb0c eb0a | eb08 eb06 | eb04 eb02 | eb00 488b | d0e9 afe7 
  0x0000013d2688ef58: ffff ba97 | ffff ff4c | 8b54 2428 | 4c89 5424 | 2066 6690 

  0x0000013d2688ef6c: ;   {runtime_call UncommonTrapBlob}
  0x0000013d2688ef6c: c5f8 77e8 

  0x0000013d2688ef70: ; ImmutableOopMap {rbp=NarrowOop [32]=Oop [48]=Oop [56]=Oop [76]=NarrowOop [88]=Oop [96]=Oop [144]=Oop }
                      ;*invokevirtual clone {reexecute=1 rethrow=0 return_oop=0}
                      ; - (reexecute) java.util.Arrays::copyOfRange@18
                      ; - java.lang.StringLatin1::newString@16
                      ; - java.lang.String::substring@41
                      ; - java.lang.ClassLoader::checkCerts@21
                      ; - java.lang.ClassLoader::preDefineClass@113
                      ; - java.lang.ClassLoader::defineClass@4
                      ; - java.security.SecureClassLoader::defineClass@12
  0x0000013d2688ef70: 8c8b 83ff 

  0x0000013d2688ef74: ;   {other}
  0x0000013d2688ef74: 0f1f 8400 | 642a 0059 | ba97 ffff | ff8b 6c24 | 2466 6690 

  0x0000013d2688ef88: ;   {runtime_call UncommonTrapBlob}
  0x0000013d2688ef88: c5f8 77e8 

  0x0000013d2688ef8c: ; ImmutableOopMap {rbp=NarrowOop [40]=Oop [48]=Oop [56]=Oop [72]=Oop }
                      ;*invokevirtual clone {reexecute=1 rethrow=0 return_oop=0}
                      ; - (reexecute) java.util.Arrays::copyOfRange@18
                      ; - java.lang.StringLatin1::newString@16
                      ; - java.lang.String::substring@41
                      ; - java.lang.Class::getPackageName@62
                      ; - java.lang.ClassLoader::postDefineClass@2
                      ; - java.lang.ClassLoader::defineClass@37
                      ; - java.security.SecureClassLoader::defineClass@12
  0x0000013d2688ef8c: 708b 83ff 

  0x0000013d2688ef90: ;   {other}
  0x0000013d2688ef90: 0f1f 8400 | 802a 005a 

  0x0000013d2688ef98: ;   {internal_word}
  0x0000013d2688ef98: 49ba 1dd9 | 8826 3d01 | 0000 4d89 | 9768 0400 

  0x0000013d2688efa8: ;   {runtime_call SafepointBlob}
  0x0000013d2688efa8: 00e9 d279 

  0x0000013d2688efac: ;   {runtime_call StubRoutines (final stubs)}
  0x0000013d2688efac: 83ff e8ed | 9281 ffe9 | a6d9 ffff 
[Stub Code]
  0x0000013d2688efb8: ;   {no_reloc}
  0x0000013d2688efb8: 48bb 0000 | 0000 0000 

  0x0000013d2688efc0: ;   {runtime_call nmethod}
  0x0000013d2688efc0: 0000 e9fb 

  0x0000013d2688efc4: ;   {static_stub}
  0x0000013d2688efc4: ffff ff48 | bb00 0000 | 0000 0000 

  0x0000013d2688efd0: ;   {runtime_call nmethod}
  0x0000013d2688efd0: 00e9 fbff 

  0x0000013d2688efd4: ;   {static_stub}
  0x0000013d2688efd4: ffff 48bb | 0000 0000 | 0000 0000 

  0x0000013d2688efe0: ;   {runtime_call nmethod}
  0x0000013d2688efe0: e9fb ffff 

  0x0000013d2688efe4: ;   {static_stub}
  0x0000013d2688efe4: ff48 bb00 | 0000 0000 

  0x0000013d2688efec: ;   {runtime_call nmethod}
  0x0000013d2688efec: 0000 00e9 | fbff ffff 

  0x0000013d2688eff4: ;   {static_stub}
  0x0000013d2688eff4: 48bb 0000 | 0000 0000 

  0x0000013d2688effc: ;   {runtime_call nmethod}
  0x0000013d2688effc: 0000 e9fb 

  0x0000013d2688f000: ;   {static_stub}
  0x0000013d2688f000: ffff ff48 | bb00 0000 | 0000 0000 

  0x0000013d2688f00c: ;   {runtime_call nmethod}
  0x0000013d2688f00c: 00e9 fbff 

  0x0000013d2688f010: ;   {static_stub}
  0x0000013d2688f010: ffff 48bb | 0000 0000 | 0000 0000 

  0x0000013d2688f01c: ;   {runtime_call nmethod}
  0x0000013d2688f01c: e9fb ffff 

  0x0000013d2688f020: ;   {static_stub}
  0x0000013d2688f020: ff48 bb00 | 0000 0000 

  0x0000013d2688f028: ;   {runtime_call nmethod}
  0x0000013d2688f028: 0000 00e9 | fbff ffff 

  0x0000013d2688f030: ;   {static_stub}
  0x0000013d2688f030: 48bb 0000 | 0000 0000 

  0x0000013d2688f038: ;   {runtime_call nmethod}
  0x0000013d2688f038: 0000 e9fb 

  0x0000013d2688f03c: ;   {static_stub}
  0x0000013d2688f03c: ffff ff48 | bb00 0000 | 0000 0000 

  0x0000013d2688f048: ;   {runtime_call nmethod}
  0x0000013d2688f048: 00e9 fbff 

  0x0000013d2688f04c: ;   {static_stub}
  0x0000013d2688f04c: ffff 48bb | 0000 0000 | 0000 0000 

  0x0000013d2688f058: ;   {runtime_call nmethod}
  0x0000013d2688f058: e9fb ffff 

  0x0000013d2688f05c: ;   {static_stub}
  0x0000013d2688f05c: ff48 bb00 | 0000 0000 

  0x0000013d2688f064: ;   {runtime_call nmethod}
  0x0000013d2688f064: 0000 00e9 | fbff ffff 

  0x0000013d2688f06c: ;   {static_stub}
  0x0000013d2688f06c: 48bb 0000 | 0000 0000 

  0x0000013d2688f074: ;   {runtime_call nmethod}
  0x0000013d2688f074: 0000 e9fb 

  0x0000013d2688f078: ;   {static_stub}
  0x0000013d2688f078: ffff ff48 | bb00 0000 | 0000 0000 

  0x0000013d2688f084: ;   {runtime_call nmethod}
  0x0000013d2688f084: 00e9 fbff 

  0x0000013d2688f088: ;   {static_stub}
  0x0000013d2688f088: ffff 48bb | 0000 0000 | 0000 0000 

  0x0000013d2688f094: ;   {runtime_call nmethod}
  0x0000013d2688f094: e9fb ffff 

  0x0000013d2688f098: ;   {static_stub}
  0x0000013d2688f098: ff48 bb00 | 0000 0000 

  0x0000013d2688f0a0: ;   {runtime_call nmethod}
  0x0000013d2688f0a0: 0000 00e9 | fbff ffff 
[Exception Handler]
  0x0000013d2688f0a8: ;   {runtime_call ExceptionBlob}
  0x0000013d2688f0a8: e9d3 2d87 | ffe8 0000 | 0000 4883 

  0x0000013d2688f0b4: ;   {runtime_call DeoptimizationBlob}
  0x0000013d2688f0b4: 2c24 05e9 | 648d 83ff | f4f4 f4f4 
[/MachCode]


Compiled method (c1) 368911 4248   !   3       java.net.URLClassLoader::defineClass (224 bytes)
 total in heap  [0x0000013d1f364290,0x0000013d1f366bf8] = 10600
 relocation     [0x0000013d1f3643f0,0x0000013d1f3646b0] = 704
 main code      [0x0000013d1f3646c0,0x0000013d1f3660e8] = 6696
 stub code      [0x0000013d1f3660e8,0x0000013d1f366288] = 416
 oops           [0x0000013d1f366288,0x0000013d1f366290] = 8
 metadata       [0x0000013d1f366290,0x0000013d1f366320] = 144
 scopes data    [0x0000013d1f366320,0x0000013d1f3667e8] = 1224
 scopes pcs     [0x0000013d1f3667e8,0x0000013d1f366b68] = 896
 dependencies   [0x0000013d1f366b68,0x0000013d1f366b78] = 16
 handler table  [0x0000013d1f366b78,0x0000013d1f366bc0] = 72
 nul chk table  [0x0000013d1f366bc0,0x0000013d1f366bf8] = 56

[Constant Pool (empty)]

[MachCode]
[Entry Point]
  # {method} {0x0000013d47064118} 'defineClass' '(Ljava/lang/String;Ljdk/internal/loader/Resource;)Ljava/lang/Class;' in 'java/net/URLClassLoader'
  # this:     rdx:rdx   = 'java/net/URLClassLoader'
  # parm0:    r8:r8     = 'java/lang/String'
  # parm1:    r9:r9     = 'jdk/internal/loader/Resource'
  #           [sp+0x150]  (sp of caller)
  0x0000013d1f3646c0: 448b 5208 | 49bb 0000 | 0032 3d01 | 0000 4d03 | d34c 3bd0 

  0x0000013d1f3646d4: ;   {runtime_call ic_miss_stub}
  0x0000013d1f3646d4: 0f85 a6a2 | d506 660f | 1f44 0000 
[Verified Entry Point]
  0x0000013d1f3646e0: 8984 2400 | 80ff ff55 | 4881 ec40 | 0100 0090 | 4181 7f20 | 0500 0000 

  0x0000013d1f3646f8: ;   {runtime_call StubRoutines (final stubs)}
  0x0000013d1f3646f8: 7405 e8a1 | 3bd4 0648 | 8994 24b8 | 0000 004c | 8984 24a8 | 0000 004c | 898c 24b0 

  0x0000013d1f364714: ;   {metadata(method data for {method} {0x0000013d47064118} 'defineClass' '(Ljava/lang/String;Ljdk/internal/loader/Resource;)Ljava/lang/Class;' in 'java/net/URLClassLoader')}
  0x0000013d1f364714: 0000 0048 | be78 1c14 | 473d 0100 | 008b becc | 0000 0083 | c702 89be | cc00 0000 | 81e7 fe07 
  0x0000013d1f364734: 0000 85ff | 0f84 6b16 

  0x0000013d1f36473c: ;   {metadata(method data for {method} {0x0000013d47064118} 'defineClass' '(Ljava/lang/String;Ljdk/internal/loader/Resource;)Ljava/lang/Class;' in 'java/net/URLClassLoader')}
  0x0000013d1f36473c: 0000 48be | 781c 1447 | 3d01 0000 | 4883 8610 | 0100 0001 

  0x0000013d1f364750: ;   {runtime_call}
  0x0000013d1f364750: 48b8 d030 | 620e fc7f | 0000 ffd0 

  0x0000013d1f36475c: ;   {other}
  0x0000013d1f36475c: 0f1f 8400 | 0000 0000 | 4889 8424 | c000 0000 | 4c8b 8424 | a800 0000 

  0x0000013d1f364774: ; implicit exception: dispatches to 0x0000013d1f365dca
  0x0000013d1f364774: 493b 0049 

  0x0000013d1f364778: ;   {metadata(method data for {method} {0x0000013d47064118} 'defineClass' '(Ljava/lang/String;Ljdk/internal/loader/Resource;)Ljava/lang/Class;' in 'java/net/URLClassLoader')}
  0x0000013d1f364778: 8bc8 48ba | 781c 1447 | 3d01 0000 | 4883 8220 | 0100 0001 

  0x0000013d1f36478c: ;   {metadata(method data for {method} {0x0000013d32453a10} 'lastIndexOf' '(I)I' in 'java/lang/String')}
  0x0000013d1f36478c: 48b9 58c4 | 0647 3d01 | 0000 8b91 | cc00 0000 | 83c2 0289 | 91cc 0000 | 0081 e2fe | ff1f 0085 
  0x0000013d1f3647ac: d20f 841c | 1600 0049 

  0x0000013d1f3647b4: ;   {metadata(method data for {method} {0x0000013d32453a10} 'lastIndexOf' '(I)I' in 'java/lang/String')}
  0x0000013d1f3647b4: 8bc8 48ba | 58c4 0647 | 3d01 0000 | 4883 8210 | 0100 0001 

  0x0000013d1f3647c8: ;   {metadata(method data for {method} {0x0000013d3200ee90} 'length' '()I' in 'java/lang/String')}
  0x0000013d1f3647c8: 48b9 4842 | 0147 3d01 | 0000 8b91 | cc00 0000 | 83c2 0289 | 91cc 0000 | 0081 e2fe | ff1f 0085 
  0x0000013d1f3647e8: d20f 8401 | 1600 0041 | 8b70 148b | 560c 498b 

  0x0000013d1f3647f8: ;   {metadata(method data for {method} {0x0000013d3200ee90} 'length' '()I' in 'java/lang/String')}
  0x0000013d1f3647f8: c849 b948 | 4201 473d | 0100 0049 | 8381 1001 

  0x0000013d1f364808: ;   {metadata(method data for {method} {0x0000013d32454cf8} 'coder' '()B' in 'java/lang/String')}
  0x0000013d1f364808: 0000 0148 | b9f0 3e01 | 473d 0100 | 0044 8b89 | cc00 0000 | 4183 c102 | 4489 89cc | 0000 0041 
  0x0000013d1f364828: 81e1 feff | 1f00 4585 | c90f 84df 

  0x0000013d1f364834: ;   {metadata(method data for {method} {0x0000013d32454cf8} 'coder' '()B' in 'java/lang/String')}
  0x0000013d1f364834: 1500 0048 | b9f0 3e01 | 473d 0100 | 00ff 8120 | 0100 0045 | 0fbe 4810 

  0x0000013d1f36484c: ;   {metadata(method data for {method} {0x0000013d32454cf8} 'coder' '()B' in 'java/lang/String')}
  0x0000013d1f36484c: 48b9 f03e | 0147 3d01 | 0000 ff81 | 3001 0000 | 498b c9c1 | e118 c1f9 | 18d3 fa48 | 8bfa ffcf 
  0x0000013d1f36486c: ;   {metadata(method data for {method} {0x0000013d32453a10} 'lastIndexOf' '(I)I' in 'java/lang/String')}
  0x0000013d1f36486c: 498b d048 | bb58 c406 | 473d 0100 | 0048 8383 | 4801 0000 

  0x0000013d1f364880: ;   {metadata(method data for {method} {0x0000013d32453960} 'lastIndexOf' '(II)I' in 'java/lang/String')}
  0x0000013d1f364880: 0148 ba68 | bd06 473d | 0100 008b | 9acc 0000 | 0083 c302 | 899a cc00 | 0000 81e3 | feff 1f00 
  0x0000013d1f3648a0: 85db 0f84 | 8f15 0000 

  0x0000013d1f3648a8: ;   {metadata(method data for {method} {0x0000013d32453960} 'lastIndexOf' '(II)I' in 'java/lang/String')}
  0x0000013d1f3648a8: 498b d048 | bb68 bd06 | 473d 0100 | 0048 8383 | 1001 0000 

  0x0000013d1f3648bc: ;   {metadata(method data for {method} {0x0000013d324540f0} 'isLatin1' '()Z' in 'java/lang/String')}
  0x0000013d1f3648bc: 0148 baa0 | ce00 473d | 0100 008b | 9acc 0000 | 0083 c302 | 899a cc00 | 0000 81e3 | feff 1f00 
  0x0000013d1f3648dc: 85db 0f84 | 7415 0000 

  0x0000013d1f3648e4: ;   {metadata(method data for {method} {0x0000013d324540f0} 'isLatin1' '()Z' in 'java/lang/String')}
  0x0000013d1f3648e4: 48ba a0ce | 0047 3d01 | 0000 ff82 | 2001 0000 

  0x0000013d1f3648f4: ;   {metadata(method data for {method} {0x0000013d324540f0} 'isLatin1' '()Z' in 'java/lang/String')}
  0x0000013d1f3648f4: 4585 c948 | baa0 ce00 | 473d 0100 | 0049 c7c1 | 3001 0000 | 7507 49c7 | c140 0100 | 004a 8b1c 
  0x0000013d1f364914: 0a48 8d5b | 014a 891c | 0a0f 851a 

  0x0000013d1f364920: ;   {metadata(method data for {method} {0x0000013d324540f0} 'isLatin1' '()Z' in 'java/lang/String')}
  0x0000013d1f364920: 0000 0048 | baa0 ce00 | 473d 0100 | 00ff 8250 | 0100 00ba | 0100 0000 | e905 0000 | 00ba 0000 
  0x0000013d1f364940: 0000 83e2 

  0x0000013d1f364944: ;   {metadata(method data for {method} {0x0000013d32453960} 'lastIndexOf' '(II)I' in 'java/lang/String')}
  0x0000013d1f364944: 0185 d248 | ba68 bd06 | 473d 0100 | 0049 c7c1 | 4801 0000 | 7407 49c7 | c158 0100 | 004a 8b1c 
  0x0000013d1f364964: 0a48 8d5b | 014a 891c | 0a0f 8446 

  0x0000013d1f364970: ;   {metadata(method data for {method} {0x0000013d32453960} 'lastIndexOf' '(II)I' in 'java/lang/String')}
  0x0000013d1f364970: 0000 0048 | ba68 bd06 | 473d 0100 | 0048 8382 | 6801 0000 | 0148 8bd6 | 41b8 2e00 | 0000 4c8b 
  0x0000013d1f364990: cf66 0f1f 

  0x0000013d1f364994: ;   {static_call}
  0x0000013d1f364994: 4400 00e8 

  0x0000013d1f364998: ; ImmutableOopMap {[168]=Oop [176]=Oop [184]=Oop }
                      ;*invokestatic lastIndexOf {reexecute=0 rethrow=0 return_oop=0}
                      ; - java.lang.String::lastIndexOf@13
                      ; - java.lang.String::lastIndexOf@8
                      ; - java.net.URLClassLoader::defineClass@7
  0x0000013d1f364998: 0426 2e07 

  0x0000013d1f36499c: ;   {other}
  0x0000013d1f36499c: 0f1f 8400 | 0c07 0000 

  0x0000013d1f3649a4: ;   {metadata(method data for {method} {0x0000013d32453960} 'lastIndexOf' '(II)I' in 'java/lang/String')}
  0x0000013d1f3649a4: 48ba 68bd | 0647 3d01 | 0000 ff82 | 7801 0000 | e92b 0000 

  0x0000013d1f3649b8: ;   {metadata(method data for {method} {0x0000013d32453960} 'lastIndexOf' '(II)I' in 'java/lang/String')}
  0x0000013d1f3649b8: 0048 ba68 | bd06 473d | 0100 0048 | 8382 9001 | 0000 0148 | 8bd6 41b8 | 2e00 0000 

  0x0000013d1f3649d4: ;   {static_call}
  0x0000013d1f3649d4: 4c8b cfe8 

  0x0000013d1f3649d8: ; ImmutableOopMap {[168]=Oop [176]=Oop [184]=Oop }
                      ;*invokestatic lastIndexOf {reexecute=0 rethrow=0 return_oop=0}
                      ; - java.lang.String::lastIndexOf@25
                      ; - java.lang.String::lastIndexOf@8
                      ; - java.net.URLClassLoader::defineClass@7
  0x0000013d1f3649d8: a4ae d506 

  0x0000013d1f3649dc: ;   {other}
  0x0000013d1f3649dc: 0f1f 8400 | 4c07 0001 | 8984 24c8 | 0000 004c | 8b8c 24b0 | 0000 0049 | 3b01 498b 

  0x0000013d1f3649f8: ;   {metadata(method data for {method} {0x0000013d47064118} 'defineClass' '(Ljava/lang/String;Ljdk/internal/loader/Resource;)Ljava/lang/Class;' in 'java/net/URLClassLoader')}
  0x0000013d1f3649f8: d148 be78 | 1c14 473d | 0100 008b | 5208 49ba | 0000 0032 | 3d01 0000 | 4903 d248 | 3b96 6801 
  0x0000013d1f364a18: 0000 750d | 4883 8670 | 0100 0001 | e960 0000 | 0048 3b96 | 7801 0000 | 750d 4883 | 8680 0100 
  0x0000013d1f364a38: 0001 e94a | 0000 0048 | 83be 6801 | 0000 0075 | 1748 8996 | 6801 0000 | 48c7 8670 | 0100 0001 
  0x0000013d1f364a58: 0000 00e9 | 2900 0000 | 4883 be78 | 0100 0000 | 7517 4889 | 9678 0100 | 0048 c786 | 8001 0000 
  0x0000013d1f364a78: 0100 0000 | e908 0000 | 0048 8386 | 5801 0000 | 0149 8bd1 | 9048 b830 | 2421 323d 

  0x0000013d1f364a94: ;   {virtual_call}
  0x0000013d1f364a94: 0100 00e8 

  0x0000013d1f364a98: ; ImmutableOopMap {[168]=Oop [176]=Oop [184]=Oop }
                      ;*invokevirtual getCodeSourceURL {reexecute=0 rethrow=0 return_oop=0}
                      ; - java.net.URLClassLoader::defineClass@13
  0x0000013d1f364a98: 0423 0000 

  0x0000013d1f364a9c: ;   {other}
  0x0000013d1f364a9c: 0f1f 8400 | 0c08 0002 | 4889 8424 | d000 0000 | 448b 8c24 | c800 0000 | 4183 f9ff 

  0x0000013d1f364ab8: ;   {metadata(method data for {method} {0x0000013d47064118} 'defineClass' '(Ljava/lang/String;Ljdk/internal/loader/Resource;)Ljava/lang/Class;' in 'java/net/URLClassLoader')}
  0x0000013d1f364ab8: 49b8 781c | 1447 3d01 | 0000 48c7 | c290 0100 | 0074 0748 | c7c2 a001 | 0000 498b | 3410 488d 
  0x0000013d1f364ad8: 7601 4989 | 3410 0f84 | 1f04 0000 | 4c8b 8424 | a800 0000 

  0x0000013d1f364aec: ;   {metadata(method data for {method} {0x0000013d47064118} 'defineClass' '(Ljava/lang/String;Ljdk/internal/loader/Resource;)Ljava/lang/Class;' in 'java/net/URLClassLoader')}
  0x0000013d1f364aec: 48ba 781c | 1447 3d01 | 0000 4883 | 82b0 0100 | 0001 41b8 | 0000 0000 | 488b 9424 | a800 0000 
  0x0000013d1f364b0c: ;   {optimized virtual_call}
  0x0000013d1f364b0c: 6666 90e8 

  0x0000013d1f364b10: ; ImmutableOopMap {[168]=Oop [176]=Oop [184]=Oop [208]=Oop }
                      ;*invokevirtual substring {reexecute=0 rethrow=0 return_oop=0}
                      ; - java.net.URLClassLoader::defineClass@28
  0x0000013d1f364b10: 6cae 3007 

  0x0000013d1f364b14: ;   {other}
  0x0000013d1f364b14: 0f1f 8400 | 8408 0003 | 4889 8424 | d800 0000 | 4c8b 8c24 | b000 0000 

  0x0000013d1f364b2c: ;   {metadata(method data for {method} {0x0000013d47064118} 'defineClass' '(Ljava/lang/String;Ljdk/internal/loader/Resource;)Ljava/lang/Class;' in 'java/net/URLClassLoader')}
  0x0000013d1f364b2c: 48ba 781c | 1447 3d01 | 0000 458b | 4908 49ba | 0000 0032 | 3d01 0000 | 4d03 ca4c | 3b8a f801 
  0x0000013d1f364b4c: 0000 750d | 4883 8200 | 0200 0001 | e960 0000 | 004c 3b8a | 0802 0000 | 750d 4883 | 8210 0200 
  0x0000013d1f364b6c: 0001 e94a | 0000 0048 | 83ba f801 | 0000 0075 | 174c 898a | f801 0000 | 48c7 8200 | 0200 0001 
  0x0000013d1f364b8c: 0000 00e9 | 2900 0000 | 4883 ba08 | 0200 0000 | 7517 4c89 | 8a08 0200 | 0048 c782 | 1002 0000 
  0x0000013d1f364bac: 0100 0000 | e908 0000 | 0048 8382 | e801 0000 | 0148 8b94 | 24b0 0000 | 0048 b830 | 2421 323d 
  0x0000013d1f364bcc: ;   {virtual_call}
  0x0000013d1f364bcc: 0100 00e8 

  0x0000013d1f364bd0: ; ImmutableOopMap {[168]=Oop [176]=Oop [184]=Oop [208]=Oop [216]=Oop }
                      ;*invokevirtual getManifest {reexecute=0 rethrow=0 return_oop=0}
                      ; - java.net.URLClassLoader::defineClass@34
  0x0000013d1f364bd0: 0c26 0000 

  0x0000013d1f364bd4: ;   {other}
  0x0000013d1f364bd4: 0f1f 8400 | 4409 0004 | 4889 8424 | e000 0000 | 488b 9424 | b800 0000 

  0x0000013d1f364bec: ;   {metadata(method data for {method} {0x0000013d47064118} 'defineClass' '(Ljava/lang/String;Ljdk/internal/loader/Resource;)Ljava/lang/Class;' in 'java/net/URLClassLoader')}
  0x0000013d1f364bec: 49b8 781c | 1447 3d01 | 0000 4983 | 8020 0200 | 0001 4c8b | 8424 d800 | 0000 4c8b | c848 8bbc 
  0x0000013d1f364c0c: 24d0 0000 | 0048 8b94 | 24b8 0000 | 0066 0f1f 

  0x0000013d1f364c1c: ;   {optimized virtual_call}
  0x0000013d1f364c1c: 4400 00e8 

  0x0000013d1f364c20: ; ImmutableOopMap {[168]=Oop [176]=Oop [184]=Oop [208]=Oop [216]=Oop [224]=Oop }
                      ;*invokevirtual getAndVerifyPackage {reexecute=0 rethrow=0 return_oop=0}
                      ; - java.net.URLClassLoader::defineClass@46
  0x0000013d1f364c20: fc7f 95ff 

  0x0000013d1f364c24: ;   {other}
  0x0000013d1f364c24: 0f1f 8400 | 9409 0005 

  0x0000013d1f364c2c: ;   {metadata(method data for {method} {0x0000013d47064118} 'defineClass' '(Ljava/lang/String;Ljdk/internal/loader/Resource;)Ljava/lang/Class;' in 'java/net/URLClassLoader')}
  0x0000013d1f364c2c: 4885 c049 | b878 1c14 | 473d 0100 | 0049 c7c1 | 5802 0000 | 7507 49c7 | c168 0200 | 004b 8b3c 
  0x0000013d1f364c4c: 0848 8d7f | 014b 893c | 080f 85a8 | 0200 0048 | 8b84 24e0 | 0000 0048 

  0x0000013d1f364c64: ;   {metadata(method data for {method} {0x0000013d47064118} 'defineClass' '(Ljava/lang/String;Ljdk/internal/loader/Resource;)Ljava/lang/Class;' in 'java/net/URLClassLoader')}
  0x0000013d1f364c64: 85c0 49b8 | 781c 1447 | 3d01 0000 | 49c7 c178 | 0200 0074 | 0749 c7c1 | 8802 0000 | 4b8b 3c08 
  0x0000013d1f364c84: 488d 7f01 | 4b89 3c08 | 488b 9424 | b800 0000 | 0f84 d000 

  0x0000013d1f364c98: ;   {metadata(method data for {method} {0x0000013d47064118} 'defineClass' '(Ljava/lang/String;Ljdk/internal/loader/Resource;)Ljava/lang/Class;' in 'java/net/URLClassLoader')}
  0x0000013d1f364c98: 0000 49b8 | 781c 1447 | 3d01 0000 | 8b52 0849 | ba00 0000 | 323d 0100 | 0049 03d2 | 493b 90a8 
  0x0000013d1f364cb8: 0200 0075 | 0d49 8380 | b002 0000 | 01e9 6000 | 0000 493b | 90b8 0200 | 0075 0d49 | 8380 c002 
  0x0000013d1f364cd8: 0000 01e9 | 4a00 0000 | 4983 b8a8 | 0200 0000 | 7517 4989 | 90a8 0200 | 0049 c780 | b002 0000 
  0x0000013d1f364cf8: 0100 0000 | e929 0000 | 0049 83b8 | b802 0000 | 0075 1749 | 8990 b802 | 0000 49c7 | 80c0 0200 
  0x0000013d1f364d18: 0001 0000 | 00e9 0800 | 0000 4983 | 8098 0200 | 0001 4c8b | 8424 d800 | 0000 4c8b | c848 8bbc 
  0x0000013d1f364d38: 24d0 0000 | 0048 8b94 | 24b8 0000 

  0x0000013d1f364d44: ;   {optimized virtual_call}
  0x0000013d1f364d44: 0066 90e8 

  0x0000013d1f364d48: ; ImmutableOopMap {[168]=Oop [176]=Oop [184]=Oop [208]=Oop [216]=Oop [224]=Oop }
                      ;*invokevirtual definePackage {reexecute=0 rethrow=0 return_oop=0}
                      ; - java.net.URLClassLoader::defineClass@64
  0x0000013d1f364d48: 5497 ceff 

  0x0000013d1f364d4c: ;   {other}
  0x0000013d1f364d4c: 0f1f 8400 | bc0a 0006 

  0x0000013d1f364d54: ;   {metadata(method data for {method} {0x0000013d47064118} 'defineClass' '(Ljava/lang/String;Ljdk/internal/loader/Resource;)Ljava/lang/Class;' in 'java/net/URLClassLoader')}
  0x0000013d1f364d54: 49b8 781c | 1447 3d01 | 0000 41ff | 80d0 0200 | 00e9 f200 

  0x0000013d1f364d68: ;   {metadata(method data for {method} {0x0000013d47064118} 'defineClass' '(Ljava/lang/String;Ljdk/internal/loader/Resource;)Ljava/lang/Class;' in 'java/net/URLClassLoader')}
  0x0000013d1f364d68: 0000 49b8 | 781c 1447 | 3d01 0000 | 8b52 0849 | ba00 0000 | 323d 0100 | 0049 03d2 | 493b 90f8 
  0x0000013d1f364d88: 0200 0075 | 0d49 8380 | 0003 0000 | 01e9 6000 | 0000 493b | 9008 0300 | 0075 0d49 | 8380 1003 
  0x0000013d1f364da8: 0000 01e9 | 4a00 0000 | 4983 b8f8 | 0200 0000 | 7517 4989 | 90f8 0200 | 0049 c780 | 0003 0000 
  0x0000013d1f364dc8: 0100 0000 | e929 0000 | 0049 83b8 | 0803 0000 | 0075 1749 | 8990 0803 | 0000 49c7 | 8010 0300 
  0x0000013d1f364de8: 0001 0000 | 00e9 0800 | 0000 4983 | 80e8 0200 | 0001 4c8b | 8424 d800 

  0x0000013d1f364e00: ;   {oop(nullptr)}
  0x0000013d1f364e00: 0000 49b9 | 0000 0000 | 0000 0000 

  0x0000013d1f364e0c: ;   {oop(nullptr)}
  0x0000013d1f364e0c: 48bf 0000 | 0000 0000 

  0x0000013d1f364e14: ;   {oop(nullptr)}
  0x0000013d1f364e14: 0000 48be | 0000 0000 | 0000 0000 

  0x0000013d1f364e20: ;   {oop(nullptr)}
  0x0000013d1f364e20: 48b9 0000 | 0000 0000 | 0000 4d33 | d24c 8914 | 244d 33d2 | 4c89 5424 | 084d 33d2 | 4c89 5424 
  0x0000013d1f364e40: 1048 8b94 | 24b8 0000 | 0066 0f1f 

  0x0000013d1f364e4c: ;   {optimized virtual_call}
  0x0000013d1f364e4c: 4400 00e8 

  0x0000013d1f364e50: ; ImmutableOopMap {[168]=Oop [176]=Oop [184]=Oop [208]=Oop [216]=Oop [224]=Oop }
                      ;*invokevirtual definePackage {reexecute=0 rethrow=0 return_oop=0}
                      ; - java.net.URLClassLoader::defineClass@81
  0x0000013d1f364e50: 2ca0 d506 

  0x0000013d1f364e54: ;   {other}
  0x0000013d1f364e54: 0f1f 8400 | c40b 0007 

  0x0000013d1f364e5c: ;   {metadata(method data for {method} {0x0000013d47064118} 'defineClass' '(Ljava/lang/String;Ljdk/internal/loader/Resource;)Ljava/lang/Class;' in 'java/net/URLClassLoader')}
  0x0000013d1f364e5c: 48b8 781c | 1447 3d01 | 0000 ff80 | 2003 0000 | e992 0000 | 004c 8b8c | 24e0 0000 | 0049 8b87 
  0x0000013d1f364e7c: 0005 0000 | 4d33 d24d | 8997 0005 | 0000 4d33 | d24d 8997 | 0805 0000 | 488b 9424 | b800 0000 
  0x0000013d1f364e9c: ;   {metadata(method data for {method} {0x0000013d47064118} 'defineClass' '(Ljava/lang/String;Ljdk/internal/loader/Resource;)Ljava/lang/Class;' in 'java/net/URLClassLoader')}
  0x0000013d1f364e9c: 49b8 781c | 1447 3d01 | 0000 4983 | 8038 0300 | 0001 4c8b | 8424 d800 | 0000 488b | bc24 d000 
  0x0000013d1f364ebc: 0000 488b | 9424 b800 

  0x0000013d1f364ec4: ;   {optimized virtual_call}
  0x0000013d1f364ec4: 0000 90e8 

  0x0000013d1f364ec8: ; ImmutableOopMap {[168]=Oop [176]=Oop [184]=Oop [208]=Oop [216]=Oop }
                      ;*invokevirtual getAndVerifyPackage {reexecute=0 rethrow=0 return_oop=0}
                      ; - java.net.URLClassLoader::defineClass@97
  0x0000013d1f364ec8: b49f d506 

  0x0000013d1f364ecc: ;   {other}
  0x0000013d1f364ecc: 0f1f 8400 | 3c0c 0008 

  0x0000013d1f364ed4: ;   {metadata(method data for {method} {0x0000013d47064118} 'defineClass' '(Ljava/lang/String;Ljdk/internal/loader/Resource;)Ljava/lang/Class;' in 'java/net/URLClassLoader')}
  0x0000013d1f364ed4: 4885 c048 | b878 1c14 | 473d 0100 | 0048 c7c2 | 8003 0000 | 7407 48c7 | c270 0300 | 0048 8b34 
  0x0000013d1f364ef4: 1048 8d76 | 0148 8934 | 100f 84bf | 0a00 004c | 8b8c 24b0 | 0000 0049 

  0x0000013d1f364f0c: ;   {metadata(method data for {method} {0x0000013d47064118} 'defineClass' '(Ljava/lang/String;Ljdk/internal/loader/Resource;)Ljava/lang/Class;' in 'java/net/URLClassLoader')}
  0x0000013d1f364f0c: 8bc1 48ba | 781c 1447 | 3d01 0000 | 8b40 0849 | ba00 0000 | 323d 0100 | 0049 03c2 | 483b 8268 
  0x0000013d1f364f2c: 0400 0075 | 0d48 8382 | 7004 0000 | 01e9 6000 | 0000 483b | 8278 0400 | 0075 0d48 | 8382 8004 
  0x0000013d1f364f4c: 0000 01e9 | 4a00 0000 | 4883 ba68 | 0400 0000 | 7517 4889 | 8268 0400 | 0048 c782 | 7004 0000 
  0x0000013d1f364f6c: 0100 0000 | e929 0000 | 0048 83ba | 7804 0000 | 0075 1748 | 8982 7804 | 0000 48c7 | 8280 0400 
  0x0000013d1f364f8c: 0001 0000 | 00e9 0800 | 0000 4883 | 8258 0400 

  0x0000013d1f364f9c: ;   {metadata(method data for {method} {0x0000013d321700b0} 'getByteBuffer' '()Ljava/nio/ByteBuffer;' in 'jdk/internal/loader/Resource')}
  0x0000013d1f364f9c: 0001 48b8 | 1812 1847 | 3d01 0000 | 8b90 cc00 | 0000 83c2 | 0289 90cc | 0000 0081 | e2fe ff1f 
  0x0000013d1f364fbc: 0085 d20f | 84b9 0e00 | 0049 8bc1 

  0x0000013d1f364fc8: ;   {metadata(method data for {method} {0x0000013d321700b0} 'getByteBuffer' '()Ljava/nio/ByteBuffer;' in 'jdk/internal/loader/Resource')}
  0x0000013d1f364fc8: 48ba 1812 | 1847 3d01 | 0000 4883 | 8210 0100 | 0001 488d | 9424 2001 | 0000 4c89 | 4a08 498b 
  0x0000013d1f364fe8: 0148 83c8 | 0148 8902 | f049 0fb1 | 110f 8412 | 0000 0048 | 2bc4 4825 | 07f0 ffff | 4889 020f 
  0x0000013d1f365008: 8592 0e00 | 0049 ff87 | 5005 0000 

  0x0000013d1f365014: ;   {metadata(method data for {method} {0x0000013d32170370} 'cachedInputStream' '()Ljava/io/InputStream;' in 'jdk/internal/loader/Resource')}
  0x0000013d1f365014: 48ba b810 | 0f47 3d01 | 0000 8bb2 | cc00 0000 | 83c6 0289 | b2cc 0000 | 0081 e6fe | ff1f 0085 
  0x0000013d1f365034: f60f 8477 | 0e00 0041 | 8b51 0c48 

  0x0000013d1f365040: ;   {metadata(method data for {method} {0x0000013d32170370} 'cachedInputStream' '()Ljava/io/InputStream;' in 'jdk/internal/loader/Resource')}
  0x0000013d1f365040: 85d2 48ba | b810 0f47 | 3d01 0000 | 48c7 c610 | 0100 0075 | 0748 c7c6 | 2001 0000 | 488b 3c32 
  0x0000013d1f365060: 488d 7f01 | 4889 3c32 | 0f85 de00 | 0000 498b 

  0x0000013d1f365070: ;   {metadata(method data for {method} {0x0000013d32170370} 'cachedInputStream' '()Ljava/io/InputStream;' in 'jdk/internal/loader/Resource')}
  0x0000013d1f365070: d148 beb8 | 100f 473d | 0100 008b | 5208 49ba | 0000 0032 | 3d01 0000 | 4903 d248 | 3b96 4001 
  0x0000013d1f365090: 0000 750d | 4883 8648 | 0100 0001 | e960 0000 | 0048 3b96 | 5001 0000 | 750d 4883 | 8658 0100 
  0x0000013d1f3650b0: 0001 e94a | 0000 0048 | 83be 4001 | 0000 0075 | 1748 8996 | 4001 0000 | 48c7 8648 | 0100 0001 
  0x0000013d1f3650d0: 0000 00e9 | 2900 0000 | 4883 be50 | 0100 0000 | 7517 4889 | 9650 0100 | 0048 c786 | 5801 0000 
  0x0000013d1f3650f0: 0100 0000 | e908 0000 | 0048 8386 | 3001 0000 | 0149 8bd1 | 9048 b830 | 2421 323d 

  0x0000013d1f36510c: ;   {virtual_call}
  0x0000013d1f36510c: 0100 00e8 

  0x0000013d1f365110: ; ImmutableOopMap {[168]=Oop [176]=Oop [184]=Oop [208]=Oop [296]=Oop }
                      ;*invokevirtual getInputStream {reexecute=0 rethrow=0 return_oop=0}
                      ; - jdk.internal.loader.Resource::cachedInputStream@9
                      ; - jdk.internal.loader.Resource::getByteBuffer@1
                      ; - java.net.URLClassLoader::defineClass@132
  0x0000013d1f365110: acee ffff 

  0x0000013d1f365114: ;   {other}
  0x0000013d1f365114: 0f1f 8400 | 840e 0009 | 410f be57 | 4085 d24c | 8b8c 24b0 | 0000 000f | 85a2 0d00 | 004c 8bd0 
  0x0000013d1f365134: 4589 510c | 498b d148 | 33d0 48c1 | ea14 4883 | fa00 0f85 | a30d 0000 | 418b 510c | 488d 8424 
  0x0000013d1f365154: 2001 0000 | 488b 3048 | 85f6 0f84 | 0f00 0000 | 488b 7808 | f048 0fb1 | 370f 8594 | 0d00 0049 
  0x0000013d1f365174: ff8f 5005 | 0000 4885 

  0x0000013d1f36517c: ;   {metadata(method data for {method} {0x0000013d321700b0} 'getByteBuffer' '()Ljava/nio/ByteBuffer;' in 'jdk/internal/loader/Resource')}
  0x0000013d1f36517c: d275 1648 | bb18 1218 | 473d 0100 | 0080 8b41 | 0100 0001 | e9e7 0000 

  0x0000013d1f365194: ;   {metadata('sun/nio/ByteBuffered')}
  0x0000013d1f365194: 0048 b878 | 3336 323d | 0100 008b | 5a08 49ba | 0000 0032 | 3d01 0000 | 4903 da48 | 3b43 200f 
  0x0000013d1f3651b4: 841a 0000 | 0048 3bd8 | 0f84 1100 | 0000 5350 

  0x0000013d1f3651c4: ;   {runtime_call slow_subtype_check Runtime1 stub}
  0x0000013d1f3651c4: e837 10e3 | 065b 5b85 | db0f 848d 

  0x0000013d1f3651d0: ;   {metadata(method data for {method} {0x0000013d321700b0} 'getByteBuffer' '()Ljava/nio/ByteBuffer;' in 'jdk/internal/loader/Resource')}
  0x0000013d1f3651d0: 0000 0048 | bb18 1218 | 473d 0100 | 008b 4208 | 49ba 0000 | 0032 3d01 | 0000 4903 | c248 3b83 
  0x0000013d1f3651f0: 5801 0000 | 750d 4883 | 8360 0100 | 0001 e97e | 0000 0048 | 3b83 6801 | 0000 750d | 4883 8370 
  0x0000013d1f365210: 0100 0001 | e968 0000 | 0048 83bb | 5801 0000 | 0075 1748 | 8983 5801 | 0000 48c7 | 8360 0100 
  0x0000013d1f365230: 0001 0000 | 00e9 4700 | 0000 4883 | bb68 0100 | 0000 7517 | 4889 8368 | 0100 0048 | c783 7001 
  0x0000013d1f365250: 0000 0100 | 0000 e926 | 0000 00e9 | 2100 0000 

  0x0000013d1f365260: ;   {metadata(method data for {method} {0x0000013d321700b0} 'getByteBuffer' '()Ljava/nio/ByteBuffer;' in 'jdk/internal/loader/Resource')}
  0x0000013d1f365260: 48bb 1812 | 1847 3d01 | 0000 4883 | ab48 0100 | 0001 e905 | 0000 00e9 | 0500 0000 | 4833 f6eb 
  0x0000013d1f365280: 0748 c7c6 | 0100 0000 

  0x0000013d1f365288: ;   {metadata(method data for {method} {0x0000013d321700b0} 'getByteBuffer' '()Ljava/nio/ByteBuffer;' in 'jdk/internal/loader/Resource')}
  0x0000013d1f365288: 85f6 48be | 1812 1847 | 3d01 0000 | 48c7 c780 | 0100 0074 | 0748 c7c7 | 9001 0000 | 488b 1c3e 
  0x0000013d1f3652a8: 488d 5b01 | 4889 1c3e | 0f84 bb01 | 0000 4885 

  0x0000013d1f3652b8: ;   {metadata(method data for {method} {0x0000013d321700b0} 'getByteBuffer' '()Ljava/nio/ByteBuffer;' in 'jdk/internal/loader/Resource')}
  0x0000013d1f3652b8: d275 1648 | bf18 1218 | 473d 0100 | 0080 8f99 | 0100 0001 | e9e7 0000 

  0x0000013d1f3652d0: ;   {metadata('sun/nio/ByteBuffered')}
  0x0000013d1f3652d0: 0048 bb78 | 3336 323d | 0100 008b | 7a08 49ba | 0000 0032 | 3d01 0000 | 4903 fa48 | 3b5f 200f 
  0x0000013d1f3652f0: 841a 0000 | 0048 3bfb | 0f84 1100 | 0000 5753 

  0x0000013d1f365300: ;   {runtime_call slow_subtype_check Runtime1 stub}
  0x0000013d1f365300: e8fb 0ee3 | 065f 5f85 | ff0f 848d 

  0x0000013d1f36530c: ;   {metadata(method data for {method} {0x0000013d321700b0} 'getByteBuffer' '()Ljava/nio/ByteBuffer;' in 'jdk/internal/loader/Resource')}
  0x0000013d1f36530c: 0000 0048 | bf18 1218 | 473d 0100 | 008b 5a08 | 49ba 0000 | 0032 3d01 | 0000 4903 | da48 3b9f 
  0x0000013d1f36532c: b001 0000 | 750d 4883 | 87b8 0100 | 0001 e979 | 0000 0048 | 3b9f c001 | 0000 750d | 4883 87c8 
  0x0000013d1f36534c: 0100 0001 | e963 0000 | 0048 83bf | b001 0000 | 0075 1748 | 899f b001 | 0000 48c7 | 87b8 0100 
  0x0000013d1f36536c: 0001 0000 | 00e9 4200 | 0000 4883 | bfc0 0100 | 0000 7517 | 4889 9fc0 | 0100 0048 | c787 c801 
  0x0000013d1f36538c: 0000 0100 | 0000 e921 | 0000 00e9 | 1c00 0000 

  0x0000013d1f36539c: ;   {metadata(method data for {method} {0x0000013d321700b0} 'getByteBuffer' '()Ljava/nio/ByteBuffer;' in 'jdk/internal/loader/Resource')}
  0x0000013d1f36539c: 48bf 1812 | 1847 3d01 | 0000 4883 | afa0 0100 | 0001 e96a | 0b00 00e9 | 0000 0000 

  0x0000013d1f3653b8: ; implicit exception: dispatches to 0x0000013d1f365f26
  0x0000013d1f3653b8: 483b 0248 

  0x0000013d1f3653bc: ;   {metadata(method data for {method} {0x0000013d321700b0} 'getByteBuffer' '()Ljava/nio/ByteBuffer;' in 'jdk/internal/loader/Resource')}
  0x0000013d1f3653bc: 8bf2 48bf | 1812 1847 | 3d01 0000 | 8b76 0849 | ba00 0000 | 323d 0100 | 0049 03f2 | 483b b7e8 
  0x0000013d1f3653dc: 0100 0075 | 0d48 8387 | f001 0000 | 01e9 6000 | 0000 483b | b7f8 0100 | 0075 0d48 | 8387 0002 
  0x0000013d1f3653fc: 0000 01e9 | 4a00 0000 | 4883 bfe8 | 0100 0000 | 7517 4889 | b7e8 0100 | 0048 c787 | f001 0000 
  0x0000013d1f36541c: 0100 0000 | e929 0000 | 0048 83bf | f801 0000 | 0075 1748 | 89b7 f801 | 0000 48c7 | 8700 0200 
  0x0000013d1f36543c: 0001 0000 | 00e9 0800 | 0000 4883 | 87d8 0100 | 0001 0f1f | 8000 0000 | 0048 b8ff | ffff ffff 
  0x0000013d1f36545c: ;   {virtual_call}
  0x0000013d1f36545c: ffff ffe8 

  0x0000013d1f365460: ; ImmutableOopMap {[168]=Oop [176]=Oop [184]=Oop [208]=Oop }
                      ;*invokeinterface getByteBuffer {reexecute=0 rethrow=0 return_oop=0}
                      ; - jdk.internal.loader.Resource::getByteBuffer@16
                      ; - java.net.URLClassLoader::defineClass@132
  0x0000013d1f365460: 1c9f d506 

  0x0000013d1f365464: ;   {other}
  0x0000013d1f365464: 0f1f 8400 | d411 000a | e90a 0000 

  0x0000013d1f365470: ;   {oop(nullptr)}
  0x0000013d1f365470: 0048 b800 | 0000 0000 | 0000 0048 

  0x0000013d1f36547c: ;   {metadata(method data for {method} {0x0000013d47064118} 'defineClass' '(Ljava/lang/String;Ljdk/internal/loader/Resource;)Ljava/lang/Class;' in 'java/net/URLClassLoader')}
  0x0000013d1f36547c: 85c0 48ba | 781c 1447 | 3d01 0000 | 48c7 c690 | 0400 0074 | 0748 c7c6 | a004 0000 | 488b 3c32 
  0x0000013d1f36549c: 488d 7f01 | 4889 3c32 | 0f84 3002 | 0000 4889 | 8424 e800 | 0000 4c8b | 8c24 b000 

  0x0000013d1f3654b8: ;   {metadata(method data for {method} {0x0000013d47064118} 'defineClass' '(Ljava/lang/String;Ljdk/internal/loader/Resource;)Ljava/lang/Class;' in 'java/net/URLClassLoader')}
  0x0000013d1f3654b8: 0000 48ba | 781c 1447 | 3d01 0000 | 458b 4908 | 49ba 0000 | 0032 3d01 | 0000 4d03 | ca4c 3b8a 
  0x0000013d1f3654d8: c004 0000 | 750d 4883 | 82c8 0400 | 0001 e960 | 0000 004c | 3b8a d004 | 0000 750d | 4883 82d8 
  0x0000013d1f3654f8: 0400 0001 | e94a 0000 | 0048 83ba | c004 0000 | 0075 174c | 898a c004 | 0000 48c7 | 82c8 0400 
  0x0000013d1f365518: 0001 0000 | 00e9 2900 | 0000 4883 | bad0 0400 | 0000 7517 | 4c89 8ad0 | 0400 0048 | c782 d804 
  0x0000013d1f365538: 0000 0100 | 0000 e908 | 0000 0048 | 8382 b004 | 0000 0148 | 8b94 24b0 | 0000 0066 | 9048 b8ff 
  0x0000013d1f365558: ffff ffff 

  0x0000013d1f36555c: ;   {virtual_call}
  0x0000013d1f36555c: ffff ffe8 

  0x0000013d1f365560: ; ImmutableOopMap {[168]=Oop [184]=Oop [208]=Oop [232]=Oop }
                      ;*invokevirtual getCodeSigners {reexecute=0 rethrow=0 return_oop=0}
                      ; - java.net.URLClassLoader::defineClass@143
  0x0000013d1f365560: 1c9e d506 

  0x0000013d1f365564: ;   {other}
  0x0000013d1f365564: 0f1f 8400 | d412 000b 

  0x0000013d1f36556c: ;   {metadata('java/security/CodeSource')}
  0x0000013d1f36556c: 4c8b c848 | ba28 5c00 | 323d 0100 | 0049 8b87 | b801 0000 | 488d 7828 | 493b bfc8 | 0100 000f 
  0x0000013d1f36558c: 879a 0900 | 0049 89bf | b801 0000 | 48c7 0001 | 0000 0048 | 8bca 49ba | 0000 0032 | 3d01 0000 
  0x0000013d1f3655ac: 492b ca89 | 4808 4833 | c989 480c | 4833 c948 | 8948 1048 | 8948 1848 | 8948 204c 

  0x0000013d1f3655c8: ;   {metadata(method data for {method} {0x0000013d47064118} 'defineClass' '(Ljava/lang/String;Ljdk/internal/loader/Resource;)Ljava/lang/Class;' in 'java/net/URLClassLoader')}
  0x0000013d1f3655c8: 8bc0 48ba | 781c 1447 | 3d01 0000 | 4883 82e8 | 0400 0001 | 4c8b 8424 | d000 0000 | 488b d048 
  0x0000013d1f3655e8: 8984 24f0 

  0x0000013d1f3655ec: ;   {optimized virtual_call}
  0x0000013d1f3655ec: 0000 00e8 

  0x0000013d1f3655f0: ; ImmutableOopMap {[168]=Oop [184]=Oop [232]=Oop [240]=Oop }
                      ;*invokespecial <init> {reexecute=0 rethrow=0 return_oop=0}
                      ; - java.net.URLClassLoader::defineClass@156
  0x0000013d1f3655f0: 8c98 d506 

  0x0000013d1f3655f4: ;   {other}
  0x0000013d1f3655f4: 0f1f 8400 | 6413 000c 

  0x0000013d1f3655fc: ;   {metadata(method data for {method} {0x0000013d47064118} 'defineClass' '(Ljava/lang/String;Ljdk/internal/loader/Resource;)Ljava/lang/Class;' in 'java/net/URLClassLoader')}
  0x0000013d1f3655fc: 49b8 781c | 1447 3d01 | 0000 4983 | 80f8 0400 

  0x0000013d1f36560c: ;   {metadata(method data for {method} {0x0000013d321042a8} 'getReadClassBytesTime' '()Ljdk/internal/perf/PerfCounter;' in 'jdk/internal/perf/PerfCounter')}
  0x0000013d1f36560c: 0001 49b8 | d898 1647 | 3d01 0000 | 418b 90cc | 0000 0083 | c202 4189 | 90cc 0000 | 0081 e2fe 
  0x0000013d1f36562c: ff1f 0085 | d20f 8401 

  0x0000013d1f365634: ;   {oop(a 'jdk/internal/perf/PerfCounter'{0x00000000e161ec50})}
  0x0000013d1f365634: 0900 0048 | ba50 ec61 | e100 0000 | 004c 8bc2 

  0x0000013d1f365644: ;   {metadata(method data for {method} {0x0000013d47064118} 'defineClass' '(Ljava/lang/String;Ljdk/internal/loader/Resource;)Ljava/lang/Class;' in 'java/net/URLClassLoader')}
  0x0000013d1f365644: 48be 781c | 1447 3d01 

  0x0000013d1f36564c: ;   {metadata('jdk/internal/perf/PerfCounter')}
  0x0000013d1f36564c: 0000 49ba | 6036 1032 | 3d01 0000 | 4c89 9618 | 0500 0048 | 8386 2005 | 0000 014c | 8b84 24c0 
  0x0000013d1f36566c: ;   {optimized virtual_call}
  0x0000013d1f36566c: 0000 00e8 

  0x0000013d1f365670: ; ImmutableOopMap {[168]=Oop [184]=Oop [232]=Oop [240]=Oop }
                      ;*invokevirtual addElapsedTimeFrom {reexecute=0 rethrow=0 return_oop=0}
                      ; - java.net.URLClassLoader::defineClass@165
  0x0000013d1f365670: 0c98 d506 

  0x0000013d1f365674: ;   {other}
  0x0000013d1f365674: 0f1f 8400 | e413 000d | 488b 9424 | b800 0000 

  0x0000013d1f365684: ;   {metadata(method data for {method} {0x0000013d47064118} 'defineClass' '(Ljava/lang/String;Ljdk/internal/loader/Resource;)Ljava/lang/Class;' in 'java/net/URLClassLoader')}
  0x0000013d1f365684: 49b8 781c | 1447 3d01 | 0000 4983 | 8040 0500 | 0001 4c8b | 8424 a800 | 0000 4c8b | 8c24 e800 
  0x0000013d1f3656a4: 0000 488b | bc24 f000 | 0000 488b | 9424 b800 

  0x0000013d1f3656b4: ;   {optimized virtual_call}
  0x0000013d1f3656b4: 0000 90e8 

  0x0000013d1f3656b8: ; ImmutableOopMap {}
                      ;*invokevirtual defineClass {reexecute=0 rethrow=0 return_oop=0}
                      ; - java.net.URLClassLoader::defineClass@174
  0x0000013d1f3656b8: c497 d506 

  0x0000013d1f3656bc: ;   {other}
  0x0000013d1f3656bc: 0f1f 8400 | 2c14 000e | 4881 c440 | 0100 005d 

  0x0000013d1f3656cc: ;   {poll_return}
  0x0000013d1f3656cc: 493b a750 | 0400 000f | 8780 0800 | 00c3 4c8b | 8c24 b000 | 0000 498b 

  0x0000013d1f3656e4: ;   {metadata(method data for {method} {0x0000013d47064118} 'defineClass' '(Ljava/lang/String;Ljdk/internal/loader/Resource;)Ljava/lang/Class;' in 'java/net/URLClassLoader')}
  0x0000013d1f3656e4: f948 bb78 | 1c14 473d | 0100 008b | 7f08 49ba | 0000 0032 | 3d01 0000 | 4903 fa48 | 3bbb 8805 
  0x0000013d1f365704: 0000 750d | 4883 8390 | 0500 0001 | e960 0000 | 0048 3bbb | 9805 0000 | 750d 4883 | 83a0 0500 
  0x0000013d1f365724: 0001 e94a | 0000 0048 | 83bb 8805 | 0000 0075 | 1748 89bb | 8805 0000 | 48c7 8390 | 0500 0001 
  0x0000013d1f365744: 0000 00e9 | 2900 0000 | 4883 bb98 | 0500 0000 | 7517 4889 | bb98 0500 | 0048 c783 | a005 0000 
  0x0000013d1f365764: 0100 0000 | e908 0000 | 0048 8383 | 7805 0000 | 0149 8bd1 | 0f1f 4400 | 0048 b830 | 2421 323d 
  0x0000013d1f365784: ;   {virtual_call}
  0x0000013d1f365784: 0100 00e8 

  0x0000013d1f365788: ; ImmutableOopMap {[168]=Oop [176]=Oop [184]=Oop [208]=Oop }
                      ;*invokevirtual getBytes {reexecute=0 rethrow=0 return_oop=0}
                      ; - java.net.URLClassLoader::defineClass@179
  0x0000013d1f365788: 5460 d506 

  0x0000013d1f36578c: ;   {other}
  0x0000013d1f36578c: 0f1f 8400 | fc14 000f | 4c8b 8c24 | b000 0000 

  0x0000013d1f36579c: ;   {metadata(method data for {method} {0x0000013d47064118} 'defineClass' '(Ljava/lang/String;Ljdk/internal/loader/Resource;)Ljava/lang/Class;' in 'java/net/URLClassLoader')}
  0x0000013d1f36579c: 48ba 781c | 1447 3d01 | 0000 458b | 4908 49ba | 0000 0032 | 3d01 0000 | 4d03 ca4c | 3b8a c005 
  0x0000013d1f3657bc: 0000 750d | 4883 82c8 | 0500 0001 | e960 0000 | 004c 3b8a | d005 0000 | 750d 4883 | 82d8 0500 
  0x0000013d1f3657dc: 0001 e94a | 0000 0048 | 83ba c005 | 0000 0075 | 174c 898a | c005 0000 | 48c7 82c8 | 0500 0001 
  0x0000013d1f3657fc: 0000 00e9 | 2900 0000 | 4883 bad0 | 0500 0000 | 7517 4c89 | 8ad0 0500 | 0048 c782 | d805 0000 
  0x0000013d1f36581c: 0100 0000 | e908 0000 | 0048 8382 | b005 0000 | 0148 8b94 | 24b0 0000 | 0048 8984 | 24f8 0000 
  0x0000013d1f36583c: 0048 b830 | 2421 323d 

  0x0000013d1f365844: ;   {virtual_call}
  0x0000013d1f365844: 0100 00e8 

  0x0000013d1f365848: ; ImmutableOopMap {[168]=Oop [184]=Oop [208]=Oop [248]=Oop }
                      ;*invokevirtual getCodeSigners {reexecute=0 rethrow=0 return_oop=0}
                      ; - java.net.URLClassLoader::defineClass@185
  0x0000013d1f365848: d45f d506 

  0x0000013d1f36584c: ;   {other}
  0x0000013d1f36584c: 0f1f 8400 | bc15 0010 

  0x0000013d1f365854: ;   {metadata('java/security/CodeSource')}
  0x0000013d1f365854: 4c8b c848 | ba28 5c00 | 323d 0100 | 0049 8b87 | b801 0000 | 488d 7828 | 493b bfc8 | 0100 000f 
  0x0000013d1f365874: 87f6 0600 | 0049 89bf | b801 0000 | 48c7 0001 | 0000 0048 | 8bca 49ba | 0000 0032 | 3d01 0000 
  0x0000013d1f365894: 492b ca89 | 4808 4833 | c989 480c | 4833 c948 | 8948 1048 | 8948 1848 | 8948 204c 

  0x0000013d1f3658b0: ;   {metadata(method data for {method} {0x0000013d47064118} 'defineClass' '(Ljava/lang/String;Ljdk/internal/loader/Resource;)Ljava/lang/Class;' in 'java/net/URLClassLoader')}
  0x0000013d1f3658b0: 8bc0 48ba | 781c 1447 | 3d01 0000 | 4883 82e8 | 0500 0001 | 4c8b 8424 | d000 0000 | 488b d048 
  0x0000013d1f3658d0: 8984 2400 

  0x0000013d1f3658d4: ;   {optimized virtual_call}
  0x0000013d1f3658d4: 0100 00e8 

  0x0000013d1f3658d8: ; ImmutableOopMap {[168]=Oop [184]=Oop [248]=Oop [256]=Oop }
                      ;*invokespecial <init> {reexecute=0 rethrow=0 return_oop=0}
                      ; - java.net.URLClassLoader::defineClass@198
  0x0000013d1f3658d8: 0481 5107 

  0x0000013d1f3658dc: ;   {other}
  0x0000013d1f3658dc: 0f1f 8400 | 4c16 0011 

  0x0000013d1f3658e4: ;   {metadata(method data for {method} {0x0000013d47064118} 'defineClass' '(Ljava/lang/String;Ljdk/internal/loader/Resource;)Ljava/lang/Class;' in 'java/net/URLClassLoader')}
  0x0000013d1f3658e4: 49b8 781c | 1447 3d01 | 0000 4983 | 80f8 0500 

  0x0000013d1f3658f4: ;   {metadata(method data for {method} {0x0000013d321042a8} 'getReadClassBytesTime' '()Ljdk/internal/perf/PerfCounter;' in 'jdk/internal/perf/PerfCounter')}
  0x0000013d1f3658f4: 0001 49b8 | d898 1647 | 3d01 0000 | 418b 90cc | 0000 0083 | c202 4189 | 90cc 0000 | 0081 e2fe 
  0x0000013d1f365914: ff1f 0085 | d20f 845d 

  0x0000013d1f36591c: ;   {oop(a 'jdk/internal/perf/PerfCounter'{0x00000000e161ec50})}
  0x0000013d1f36591c: 0600 0048 | ba50 ec61 | e100 0000 | 004c 8bc2 

  0x0000013d1f36592c: ;   {metadata(method data for {method} {0x0000013d47064118} 'defineClass' '(Ljava/lang/String;Ljdk/internal/loader/Resource;)Ljava/lang/Class;' in 'java/net/URLClassLoader')}
  0x0000013d1f36592c: 48be 781c | 1447 3d01 | 0000 4883 | 8620 0600 | 0001 4c8b | 8424 c000 

  0x0000013d1f365944: ;   {optimized virtual_call}
  0x0000013d1f365944: 0000 90e8 

  0x0000013d1f365948: ; ImmutableOopMap {[168]=Oop [184]=Oop [248]=Oop [256]=Oop }
                      ;*invokevirtual addElapsedTimeFrom {reexecute=0 rethrow=0 return_oop=0}
                      ; - java.net.URLClassLoader::defineClass@207
  0x0000013d1f365948: 74f6 3f07 

  0x0000013d1f36594c: ;   {other}
  0x0000013d1f36594c: 0f1f 8400 | bc16 0012 | 488b 8424 | f800 0000 

  0x0000013d1f36595c: ; implicit exception: dispatches to 0x0000013d1f365f9d
  0x0000013d1f36595c: 8b70 0c48 | 8b94 24b8 

  0x0000013d1f365964: ;   {metadata(method data for {method} {0x0000013d47064118} 'defineClass' '(Ljava/lang/String;Ljdk/internal/loader/Resource;)Ljava/lang/Class;' in 'java/net/URLClassLoader')}
  0x0000013d1f365964: 0000 0049 | b878 1c14 | 473d 0100 | 0049 8380 | 4006 0000 | 014c 8b84 | 24a8 0000 | 004c 8bc8 
  0x0000013d1f365984: bf00 0000 | 0048 8b8c | 2400 0100 | 0048 8b94 | 24b8 0000 | 0066 0f1f 

  0x0000013d1f36599c: ;   {optimized virtual_call}
  0x0000013d1f36599c: 4400 00e8 

  0x0000013d1f3659a0: ; ImmutableOopMap {}
                      ;*invokevirtual defineClass {reexecute=0 rethrow=0 return_oop=0}
                      ; - java.net.URLClassLoader::defineClass@220
  0x0000013d1f3659a0: 9c6f 5207 

  0x0000013d1f3659a4: ;   {other}
  0x0000013d1f3659a4: 0f1f 8400 | 1417 0013 | 4881 c440 | 0100 005d 

  0x0000013d1f3659b4: ;   {poll_return}
  0x0000013d1f3659b4: 493b a750 | 0400 000f | 87e1 0500 | 00c3 660f | 1f44 0000 

  0x0000013d1f3659c8: ;   {no_reloc}
  0x0000013d1f3659c8: e9fa 0500 | 0000 0000 | 0000 80ba | 3101 0000 | 040f 85f7 | 0500 0049 | 8b87 b801 | 0000 488d 
  0x0000013d1f3659e8: 7828 493b | bfc8 0100 | 000f 87df | 0500 0049 | 89bf b801 | 0000 48c7 | 0001 0000 | 0048 8bca 
  0x0000013d1f365a08: 49ba 0000 | 0032 3d01 | 0000 492b | ca89 4808 | 4833 c989 | 480c 4833 | c948 8948 | 1048 8948 
  0x0000013d1f365a28: 1848 8948 

  0x0000013d1f365a2c: ;   {metadata('java/lang/StringBuilder')}
  0x0000013d1f365a2c: 2048 ba40 | 8000 323d | 0100 0048 | 8984 2410 | 0100 0049 | 8b87 b801 | 0000 488d | 7818 493b 
  0x0000013d1f365a4c: bfc8 0100 | 000f 878c | 0500 0049 | 89bf b801 | 0000 48c7 | 0001 0000 | 0048 8bca | 49ba 0000 
  0x0000013d1f365a6c: 0032 3d01 | 0000 492b | ca89 4808 | 4833 c989 | 480c 4833 | c948 8948 | 104c 8bc0 

  0x0000013d1f365a88: ;   {metadata(method data for {method} {0x0000013d47064118} 'defineClass' '(Ljava/lang/String;Ljdk/internal/loader/Resource;)Ljava/lang/Class;' in 'java/net/URLClassLoader')}
  0x0000013d1f365a88: 48ba 781c | 1447 3d01 | 0000 4883 | 8290 0300 

  0x0000013d1f365a98: ;   {metadata(method data for {method} {0x0000013d324619d8} '<init>' '()V' in 'java/lang/StringBuilder')}
  0x0000013d1f365a98: 0001 49b8 | 7868 0147 | 3d01 0000 | 418b 90cc | 0000 0083 | c202 4189 | 90cc 0000 | 0081 e2fe 
  0x0000013d1f365ab8: ff1f 0085 | d20f 842d | 0500 004c 

  0x0000013d1f365ac4: ;   {metadata(method data for {method} {0x0000013d324619d8} '<init>' '()V' in 'java/lang/StringBuilder')}
  0x0000013d1f365ac4: 8bc0 48ba | 7868 0147 | 3d01 0000 | 4883 8210 | 0100 0001 | 41b8 1000 | 0000 488b | d048 8984 
  0x0000013d1f365ae4: 2408 0100 | 0066 0f1f 

  0x0000013d1f365aec: ;   {optimized virtual_call}
  0x0000013d1f365aec: 4400 00e8 

  0x0000013d1f365af0: ; ImmutableOopMap {[216]=Oop [264]=Oop [272]=Oop }
                      ;*invokespecial <init> {reexecute=0 rethrow=0 return_oop=0}
                      ; - java.lang.StringBuilder::<init>@3
                      ; - java.net.URLClassLoader::defineClass@111
  0x0000013d1f365af0: 8c93 d506 

  0x0000013d1f365af4: ;   {other}
  0x0000013d1f365af4: 0f1f 8400 | 6418 0014 | 488b 8424 | 0801 0000 

  0x0000013d1f365b04: ;   {metadata(method data for {method} {0x0000013d47064118} 'defineClass' '(Ljava/lang/String;Ljdk/internal/loader/Resource;)Ljava/lang/Class;' in 'java/net/URLClassLoader')}
  0x0000013d1f365b04: 49b8 781c | 1447 3d01 | 0000 4983 | 80a0 0300 

  0x0000013d1f365b14: ;   {metadata(method data for {method} {0x0000013d324617c8} 'append' '(Ljava/lang/String;)Ljava/lang/StringBuilder;' in 'java/lang/StringBuilder')}
  0x0000013d1f365b14: 0001 49b8 | 686b 0147 | 3d01 0000 | 418b 90cc | 0000 0083 | c202 4189 | 90cc 0000 | 0081 e2fe 
  0x0000013d1f365b34: ff1f 0085 | d20f 84d2 | 0400 0048 | 8b84 2408 

  0x0000013d1f365b44: ;   {metadata(method data for {method} {0x0000013d324617c8} 'append' '(Ljava/lang/String;)Ljava/lang/StringBuilder;' in 'java/lang/StringBuilder')}
  0x0000013d1f365b44: 0100 0049 | b868 6b01 | 473d 0100 | 0049 8380 | 1001 0000 

  0x0000013d1f365b58: ;   {oop("Cannot find package "{0x00000000e0902d68})}
  0x0000013d1f365b58: 0149 b868 | 2d90 e000 | 0000 0048 | 8b94 2408 | 0100 000f 

  0x0000013d1f365b6c: ;   {optimized virtual_call}
  0x0000013d1f365b6c: 1f40 00e8 

  0x0000013d1f365b70: ; ImmutableOopMap {[216]=Oop [264]=Oop [272]=Oop }
                      ;*invokespecial append {reexecute=0 rethrow=0 return_oop=0}
                      ; - java.lang.StringBuilder::append@2
                      ; - java.net.URLClassLoader::defineClass@116
  0x0000013d1f365b70: 0c93 d506 

  0x0000013d1f365b74: ;   {other}
  0x0000013d1f365b74: 0f1f 8400 | e418 0015 | 488b 8424 | 0801 0000 

  0x0000013d1f365b84: ;   {metadata(method data for {method} {0x0000013d47064118} 'defineClass' '(Ljava/lang/String;Ljdk/internal/loader/Resource;)Ljava/lang/Class;' in 'java/net/URLClassLoader')}
  0x0000013d1f365b84: 49b8 781c | 1447 3d01 | 0000 4983 | 80d8 0300 

  0x0000013d1f365b94: ;   {metadata(method data for {method} {0x0000013d324617c8} 'append' '(Ljava/lang/String;)Ljava/lang/StringBuilder;' in 'java/lang/StringBuilder')}
  0x0000013d1f365b94: 0001 49b8 | 686b 0147 | 3d01 0000 | 418b 90cc | 0000 0083 | c202 4189 | 90cc 0000 | 0081 e2fe 
  0x0000013d1f365bb4: ff1f 0085 | d20f 8473 | 0400 0048 | 8b84 2408 

  0x0000013d1f365bc4: ;   {metadata(method data for {method} {0x0000013d324617c8} 'append' '(Ljava/lang/String;)Ljava/lang/StringBuilder;' in 'java/lang/StringBuilder')}
  0x0000013d1f365bc4: 0100 0049 | b868 6b01 | 473d 0100 | 0049 8380 | 1001 0000 | 014c 8b84 | 24d8 0000 | 0048 8b94 
  0x0000013d1f365be4: 2408 0100 | 0066 0f1f 

  0x0000013d1f365bec: ;   {optimized virtual_call}
  0x0000013d1f365bec: 4400 00e8 

  0x0000013d1f365bf0: ; ImmutableOopMap {[264]=Oop [272]=Oop }
                      ;*invokespecial append {reexecute=0 rethrow=0 return_oop=0}
                      ; - java.lang.StringBuilder::append@2
                      ; - java.net.URLClassLoader::defineClass@121
  0x0000013d1f365bf0: 8c92 d506 

  0x0000013d1f365bf4: ;   {other}
  0x0000013d1f365bf4: 0f1f 8400 | 6419 0016 | 488b 8424 | 0801 0000 

  0x0000013d1f365c04: ;   {metadata(method data for {method} {0x0000013d47064118} 'defineClass' '(Ljava/lang/String;Ljdk/internal/loader/Resource;)Ljava/lang/Class;' in 'java/net/URLClassLoader')}
  0x0000013d1f365c04: 48ba 781c | 1447 3d01 | 0000 4883 | 8210 0400 

  0x0000013d1f365c14: ;   {metadata(method data for {method} {0x0000013d32008958} 'toString' '()Ljava/lang/String;' in 'java/lang/StringBuilder')}
  0x0000013d1f365c14: 0001 48ba | 9072 0147 | 3d01 0000 | 8bb2 cc00 | 0000 83c6 | 0289 b2cc | 0000 0081 | e6fe ff1f 
  0x0000013d1f365c34: 0085 f60f | 8416 0400 

  0x0000013d1f365c3c: ;   {metadata('java/lang/String')}
  0x0000013d1f365c3c: 0048 ba78 | e800 323d | 0100 0049 | 8b87 b801 | 0000 488d | 7818 493b | bfc8 0100 | 000f 8715 
  0x0000013d1f365c5c: 0400 0049 | 89bf b801 | 0000 48c7 | 0001 0000 | 0048 8bca | 49ba 0000 | 0032 3d01 | 0000 492b 
  0x0000013d1f365c7c: ca89 4808 | 4833 c989 | 480c 4833 | c948 8948 | 104c 8bc0 

  0x0000013d1f365c90: ;   {metadata(method data for {method} {0x0000013d32008958} 'toString' '()Ljava/lang/String;' in 'java/lang/StringBuilder')}
  0x0000013d1f365c90: 49b9 9072 | 0147 3d01 | 0000 4983 | 8110 0100 

  0x0000013d1f365ca0: ;   {metadata(method data for {method} {0x0000013d32455ab8} '<init>' '(Ljava/lang/StringBuilder;)V' in 'java/lang/String')}
  0x0000013d1f365ca0: 0001 49b8 | d873 0147 | 3d01 0000 | 458b 88cc | 0000 0041 | 83c1 0245 | 8988 cc00 | 0000 4181 
  0x0000013d1f365cc0: e1fe ff1f | 0045 85c9 | 0f84 b303 | 0000 4c8b 

  0x0000013d1f365cd0: ;   {metadata(method data for {method} {0x0000013d32455ab8} '<init>' '(Ljava/lang/StringBuilder;)V' in 'java/lang/String')}
  0x0000013d1f365cd0: c049 b9d8 | 7301 473d | 0100 0049 | 8381 1001 | 0000 014c | 8b84 2408 

  0x0000013d1f365ce8: ;   {oop(nullptr)}
  0x0000013d1f365ce8: 0100 0049 | b900 0000 | 0000 0000 | 0048 8bd0 | 4889 8424 | 1801 0000 | 0f1f 8000 

  0x0000013d1f365d04: ;   {optimized virtual_call}
  0x0000013d1f365d04: 0000 00e8 

  0x0000013d1f365d08: ; ImmutableOopMap {[272]=Oop [280]=Oop }
                      ;*invokespecial <init> {reexecute=0 rethrow=0 return_oop=0}
                      ; - java.lang.String::<init>@3
                      ; - java.lang.StringBuilder::toString@5
                      ; - java.net.URLClassLoader::defineClass@124
  0x0000013d1f365d08: 7491 d506 

  0x0000013d1f365d0c: ;   {other}
  0x0000013d1f365d0c: 0f1f 8400 | 7c1a 0017 | 488b 8424 | 1001 0000 

  0x0000013d1f365d1c: ;   {metadata(method data for {method} {0x0000013d47064118} 'defineClass' '(Ljava/lang/String;Ljdk/internal/loader/Resource;)Ljava/lang/Class;' in 'java/net/URLClassLoader')}
  0x0000013d1f365d1c: 49b8 781c | 1447 3d01 | 0000 4983 | 8048 0400 | 0001 4c8b | 8424 1801 | 0000 488b | 9424 1001 
  0x0000013d1f365d3c: ;   {optimized virtual_call}
  0x0000013d1f365d3c: 0000 90e8 

  0x0000013d1f365d40: ; ImmutableOopMap {[272]=Oop }
                      ;*invokespecial <init> {reexecute=0 rethrow=0 return_oop=0}
                      ; - java.net.URLClassLoader::defineClass@127
  0x0000013d1f365d40: 3c91 d506 

  0x0000013d1f365d44: ;   {other}
  0x0000013d1f365d44: 0f1f 8400 | b41a 0018 | 488b 8424 | 1001 0000 | e97c 0300 | 0049 8b87 | 0005 0000 | 4d33 d24d 
  0x0000013d1f365d64: 8997 0005 | 0000 4d33 | d24d 8997 | 0805 0000 | 488b f048 | 8d84 2420 | 0100 0048 | 8b38 4885 
  0x0000013d1f365d84: ff0f 840f | 0000 0048 | 8b58 08f0 | 480f b13b | 0f85 0803 | 0000 49ff | 8f50 0500 | 0048 8bc6 
  0x0000013d1f365da4: e92c 0300 

  0x0000013d1f365da8: ;   {metadata({method} {0x0000013d47064118} 'defineClass' '(Ljava/lang/String;Ljdk/internal/loader/Resource;)Ljava/lang/Class;' in 'java/net/URLClassLoader')}
  0x0000013d1f365da8: 0049 ba10 | 4106 473d | 0100 004c | 8954 2408 | 48c7 0424 | ffff ffff 

  0x0000013d1f365dc0: ;   {runtime_call counter_overflow Runtime1 stub}
  0x0000013d1f365dc0: e8bb 34e3 

  0x0000013d1f365dc4: ; ImmutableOopMap {rdx=Oop r8=Oop r9=Oop [168]=Oop [176]=Oop [184]=Oop }
                      ;*synchronization entry
                      ; - java.net.URLClassLoader::defineClass@-1
  0x0000013d1f365dc4: 06e9 74e9 

  0x0000013d1f365dc8: ;   {runtime_call throw_null_pointer_exception Runtime1 stub}
  0x0000013d1f365dc8: ffff e851 

  0x0000013d1f365dcc: ; ImmutableOopMap {r8=Oop [168]=Oop [176]=Oop [184]=Oop }
                      ;*invokevirtual lastIndexOf {reexecute=0 rethrow=0 return_oop=0}
                      ; - java.net.URLClassLoader::defineClass@7
                      ;   {metadata({method} {0x0000013d32453a10} 'lastIndexOf' '(I)I' in 'java/lang/String')}
  0x0000013d1f365dcc: e4d9 0649 | ba08 3a45 | 323d 0100 | 004c 8954 | 2408 48c7 | 0424 ffff 

  0x0000013d1f365de4: ;   {runtime_call counter_overflow Runtime1 stub}
  0x0000013d1f365de4: ffff e895 

  0x0000013d1f365de8: ; ImmutableOopMap {r8=Oop [168]=Oop [176]=Oop [184]=Oop }
                      ;*synchronization entry
                      ; - java.lang.String::lastIndexOf@-1
                      ; - java.net.URLClassLoader::defineClass@7
  0x0000013d1f365de8: 34e3 06e9 | c3e9 ffff 

  0x0000013d1f365df0: ;   {metadata({method} {0x0000013d3200ee90} 'length' '()I' in 'java/lang/String')}
  0x0000013d1f365df0: 49ba 88ee | 0032 3d01 | 0000 4c89 | 5424 0848 | c704 24ff 

  0x0000013d1f365e04: ;   {runtime_call counter_overflow Runtime1 stub}
  0x0000013d1f365e04: ffff ffe8 

  0x0000013d1f365e08: ; ImmutableOopMap {r8=Oop [168]=Oop [176]=Oop [184]=Oop }
                      ;*synchronization entry
                      ; - java.lang.String::length@-1
                      ; - java.lang.String::lastIndexOf@3
                      ; - java.net.URLClassLoader::defineClass@7
  0x0000013d1f365e08: 7434 e306 | e9de e9ff 

  0x0000013d1f365e10: ;   {runtime_call throw_null_pointer_exception Runtime1 stub}
  0x0000013d1f365e10: ffe8 0ae4 

  0x0000013d1f365e14: ; ImmutableOopMap {r8=Oop rsi=Oop [168]=Oop [176]=Oop [184]=Oop }
                      ;*arraylength {reexecute=0 rethrow=0 return_oop=0}
                      ; - java.lang.String::length@4
                      ; - java.lang.String::lastIndexOf@3
                      ; - java.net.URLClassLoader::defineClass@7
                      ;   {metadata({method} {0x0000013d32454cf8} 'coder' '()B' in 'java/lang/String')}
  0x0000013d1f365e14: d906 49ba | f04c 4532 | 3d01 0000 | 4c89 5424 | 0848 c704 | 24ff ffff 

  0x0000013d1f365e2c: ;   {runtime_call counter_overflow Runtime1 stub}
  0x0000013d1f365e2c: ffe8 4e34 

  0x0000013d1f365e30: ; ImmutableOopMap {r8=Oop rsi=Oop [168]=Oop [176]=Oop [184]=Oop }
                      ;*synchronization entry
                      ; - java.lang.String::coder@-1
                      ; - java.lang.String::length@6
                      ; - java.lang.String::lastIndexOf@3
                      ; - java.net.URLClassLoader::defineClass@7
  0x0000013d1f365e30: e306 e900 

  0x0000013d1f365e34: ;   {metadata({method} {0x0000013d32453960} 'lastIndexOf' '(II)I' in 'java/lang/String')}
  0x0000013d1f365e34: eaff ff49 | ba58 3945 | 323d 0100 | 004c 8954 | 2408 48c7 | 0424 ffff 

  0x0000013d1f365e4c: ;   {runtime_call counter_overflow Runtime1 stub}
  0x0000013d1f365e4c: ffff e82d 

  0x0000013d1f365e50: ; ImmutableOopMap {r8=Oop rsi=Oop [168]=Oop [176]=Oop [184]=Oop }
                      ;*synchronization entry
                      ; - java.lang.String::lastIndexOf@-1
                      ; - java.lang.String::lastIndexOf@8
                      ; - java.net.URLClassLoader::defineClass@7
  0x0000013d1f365e50: 34e3 06e9 | 50ea ffff 

  0x0000013d1f365e58: ;   {metadata({method} {0x0000013d324540f0} 'isLatin1' '()Z' in 'java/lang/String')}
  0x0000013d1f365e58: 49ba e840 | 4532 3d01 | 0000 4c89 | 5424 0848 | c704 24ff 

  0x0000013d1f365e6c: ;   {runtime_call counter_overflow Runtime1 stub}
  0x0000013d1f365e6c: ffff ffe8 

  0x0000013d1f365e70: ; ImmutableOopMap {r8=Oop rsi=Oop [168]=Oop [176]=Oop [184]=Oop }
                      ;*synchronization entry
                      ; - java.lang.String::isLatin1@-1
                      ; - java.lang.String::lastIndexOf@1
                      ; - java.lang.String::lastIndexOf@8
                      ; - java.net.URLClassLoader::defineClass@7
  0x0000013d1f365e70: 0c34 e306 | e96b eaff 

  0x0000013d1f365e78: ;   {runtime_call throw_null_pointer_exception Runtime1 stub}
  0x0000013d1f365e78: ffe8 a2e3 

  0x0000013d1f365e7c: ; ImmutableOopMap {r9=Oop [168]=Oop [176]=Oop [184]=Oop }
                      ;*invokevirtual getCodeSourceURL {reexecute=0 rethrow=0 return_oop=0}
                      ; - java.net.URLClassLoader::defineClass@13
                      ;   {metadata({method} {0x0000013d321700b0} 'getByteBuffer' '()Ljava/nio/ByteBuffer;' in 'jdk/internal/loader/Resource')}
  0x0000013d1f365e7c: d906 49ba | a800 1732 | 3d01 0000 | 4c89 5424 | 0848 c704 | 24ff ffff 

  0x0000013d1f365e94: ;   {runtime_call counter_overflow Runtime1 stub}
  0x0000013d1f365e94: ffe8 e633 

  0x0000013d1f365e98: ; ImmutableOopMap {r9=Oop [168]=Oop [176]=Oop [184]=Oop [208]=Oop }
                      ;*synchronization entry
                      ; - jdk.internal.loader.Resource::getByteBuffer@-1
                      ; - java.net.URLClassLoader::defineClass@132
  0x0000013d1f365e98: e306 e926 | f1ff ff4c | 894c 2408 | 4889 1424 

  0x0000013d1f365ea8: ;   {runtime_call monitorenter_nofpu Runtime1 stub}
  0x0000013d1f365ea8: e8d3 09e3 

  0x0000013d1f365eac: ; ImmutableOopMap {r9=Oop [168]=Oop [176]=Oop [184]=Oop [208]=Oop [296]=Oop }
                      ;*synchronization entry
                      ; - jdk.internal.loader.Resource::cachedInputStream@-1
                      ; - jdk.internal.loader.Resource::getByteBuffer@1
                      ; - java.net.URLClassLoader::defineClass@132
  0x0000013d1f365eac: 06e9 62f1 

  0x0000013d1f365eb0: ;   {metadata({method} {0x0000013d32170370} 'cachedInputStream' '()Ljava/io/InputStream;' in 'jdk/internal/loader/Resource')}
  0x0000013d1f365eb0: ffff 49ba | 6803 1732 | 3d01 0000 | 4c89 5424 | 0848 c704 | 24ff ffff 

  0x0000013d1f365ec8: ;   {runtime_call counter_overflow Runtime1 stub}
  0x0000013d1f365ec8: ffe8 b233 

  0x0000013d1f365ecc: ; ImmutableOopMap {r9=Oop [168]=Oop [176]=Oop [184]=Oop [208]=Oop [296]=Oop }
                      ;*synchronization entry
                      ; - jdk.internal.loader.Resource::cachedInputStream@-1
                      ; - jdk.internal.loader.Resource::getByteBuffer@1
                      ; - java.net.URLClassLoader::defineClass@132
  0x0000013d1f365ecc: e306 e968 | f1ff ff41 | 8b51 0c48 | 83fa 000f | 8450 f2ff | ff48 8914 

  0x0000013d1f365ee4: ;   {runtime_call g1_pre_barrier_slow}
  0x0000013d1f365ee4: 24e8 963a | e306 e942 | f2ff ff48 | 83f8 000f | 8453 f2ff | ff4c 890c 

  0x0000013d1f365efc: ;   {runtime_call g1_post_barrier_slow}
  0x0000013d1f365efc: 24e8 7e3d | e306 e945 | f2ff ff48 | 8d84 2420 | 0100 0048 

  0x0000013d1f365f10: ;   {runtime_call monitorexit_nofpu Runtime1 stub}
  0x0000013d1f365f10: 8904 24e8 | e80f e306 | e95d f2ff | ff48 8914 

  0x0000013d1f365f20: ;   {runtime_call throw_class_cast_exception Runtime1 stub}
  0x0000013d1f365f20: 24e8 fafc 

  0x0000013d1f365f24: ; ImmutableOopMap {[168]=Oop [176]=Oop [184]=Oop [208]=Oop }
                      ;*checkcast {reexecute=0 rethrow=0 return_oop=0}
                      ; - jdk.internal.loader.Resource::getByteBuffer@13
                      ; - java.net.URLClassLoader::defineClass@132
                      ;   {runtime_call throw_null_pointer_exception Runtime1 stub}
  0x0000013d1f365f24: e206 e8f5 

  0x0000013d1f365f28: ; ImmutableOopMap {rdx=Oop [168]=Oop [176]=Oop [184]=Oop [208]=Oop }
                      ;*invokeinterface getByteBuffer {reexecute=0 rethrow=0 return_oop=0}
                      ; - jdk.internal.loader.Resource::getByteBuffer@16
                      ; - java.net.URLClassLoader::defineClass@132
  0x0000013d1f365f28: e2d9 0648 

  0x0000013d1f365f2c: ;   {runtime_call fast_new_instance Runtime1 stub}
  0x0000013d1f365f2c: 8bd2 e8cd 

  0x0000013d1f365f30: ; ImmutableOopMap {r9=Oop [168]=Oop [184]=Oop [208]=Oop [232]=Oop }
                      ;*new {reexecute=0 rethrow=0 return_oop=0}
                      ; - java.net.URLClassLoader::defineClass@148
  0x0000013d1f365f30: d6d9 06e9 | 8ff6 ffff 

  0x0000013d1f365f38: ;   {metadata({method} {0x0000013d321042a8} 'getReadClassBytesTime' '()Ljdk/internal/perf/PerfCounter;' in 'jdk/internal/perf/PerfCounter')}
  0x0000013d1f365f38: 49ba a042 | 1032 3d01 | 0000 4c89 | 5424 0848 | c704 24ff 

  0x0000013d1f365f4c: ;   {runtime_call counter_overflow Runtime1 stub}
  0x0000013d1f365f4c: ffff ffe8 

  0x0000013d1f365f50: ; ImmutableOopMap {[168]=Oop [184]=Oop [232]=Oop [240]=Oop }
                      ;*synchronization entry
                      ; - jdk.internal.perf.PerfCounter::getReadClassBytesTime@-1
                      ; - java.net.URLClassLoader::defineClass@161
  0x0000013d1f365f50: 2c33 e306 | e9de f6ff 

  0x0000013d1f365f58: ;   {internal_word}
  0x0000013d1f365f58: ff49 bacc | 5636 1f3d | 0100 004d | 8997 6804 

  0x0000013d1f365f68: ;   {runtime_call SafepointBlob}
  0x0000013d1f365f68: 0000 e911 | 0ad6 0648 

  0x0000013d1f365f70: ;   {runtime_call fast_new_instance Runtime1 stub}
  0x0000013d1f365f70: 8bd2 e889 

  0x0000013d1f365f74: ; ImmutableOopMap {r9=Oop [168]=Oop [184]=Oop [208]=Oop [248]=Oop }
                      ;*new {reexecute=0 rethrow=0 return_oop=0}
                      ; - java.net.URLClassLoader::defineClass@190
  0x0000013d1f365f74: d6d9 06e9 | 33f9 ffff 

  0x0000013d1f365f7c: ;   {metadata({method} {0x0000013d321042a8} 'getReadClassBytesTime' '()Ljdk/internal/perf/PerfCounter;' in 'jdk/internal/perf/PerfCounter')}
  0x0000013d1f365f7c: 49ba a042 | 1032 3d01 | 0000 4c89 | 5424 0848 | c704 24ff 

  0x0000013d1f365f90: ;   {runtime_call counter_overflow Runtime1 stub}
  0x0000013d1f365f90: ffff ffe8 

  0x0000013d1f365f94: ; ImmutableOopMap {[168]=Oop [184]=Oop [248]=Oop [256]=Oop }
                      ;*synchronization entry
                      ; - jdk.internal.perf.PerfCounter::getReadClassBytesTime@-1
                      ; - java.net.URLClassLoader::defineClass@203
  0x0000013d1f365f94: e832 e306 | e982 f9ff 

  0x0000013d1f365f9c: ;   {runtime_call throw_null_pointer_exception Runtime1 stub}
  0x0000013d1f365f9c: ffe8 7ee2 

  0x0000013d1f365fa0: ; ImmutableOopMap {rax=Oop [168]=Oop [184]=Oop [256]=Oop }
                      ;*arraylength {reexecute=0 rethrow=0 return_oop=0}
                      ; - java.net.URLClassLoader::defineClass@217
                      ;   {internal_word}
  0x0000013d1f365fa0: d906 49ba | b459 361f | 3d01 0000 | 4d89 9768 

  0x0000013d1f365fb0: ;   {runtime_call SafepointBlob}
  0x0000013d1f365fb0: 0400 00e9 | c809 d606 

  0x0000013d1f365fb8: ;   {metadata(nullptr)}
  0x0000013d1f365fb8: 48ba 0000 | 0000 0000 | 0000 b800 

  0x0000013d1f365fc4: ;   {runtime_call load_klass_patching Runtime1 stub}
  0x0000013d1f365fc4: 0f05 0ae8 

  0x0000013d1f365fc8: ; ImmutableOopMap {[216]=Oop }
                      ;*new {reexecute=1 rethrow=0 return_oop=0}
                      ; - (reexecute) java.net.URLClassLoader::defineClass@103
  0x0000013d1f365fc8: 341c e306 | e9f7 f9ff 

  0x0000013d1f365fd0: ;   {runtime_call throw_null_pointer_exception Runtime1 stub}
  0x0000013d1f365fd0: ffe8 4ae2 

  0x0000013d1f365fd4: ; ImmutableOopMap {[216]=Oop }
                      ;*new {reexecute=0 rethrow=0 return_oop=0}
                      ; - java.net.URLClassLoader::defineClass@103
  0x0000013d1f365fd4: d906 488b 

  0x0000013d1f365fd8: ;   {runtime_call fast_new_instance_init_check Runtime1 stub}
  0x0000013d1f365fd8: d2e8 22d2 

  0x0000013d1f365fdc: ; ImmutableOopMap {[216]=Oop }
                      ;*new {reexecute=0 rethrow=0 return_oop=0}
                      ; - java.net.URLClassLoader::defineClass@103
  0x0000013d1f365fdc: d906 e94a | faff ff48 

  0x0000013d1f365fe4: ;   {runtime_call fast_new_instance Runtime1 stub}
  0x0000013d1f365fe4: 8bd2 e815 

  0x0000013d1f365fe8: ; ImmutableOopMap {[216]=Oop [272]=Oop }
                      ;*new {reexecute=0 rethrow=0 return_oop=0}
                      ; - java.net.URLClassLoader::defineClass@107
  0x0000013d1f365fe8: d6d9 06e9 | 95fa ffff 

  0x0000013d1f365ff0: ;   {metadata({method} {0x0000013d324619d8} '<init>' '()V' in 'java/lang/StringBuilder')}
  0x0000013d1f365ff0: 49ba d019 | 4632 3d01 | 0000 4c89 | 5424 0848 | c704 24ff 

  0x0000013d1f366004: ;   {runtime_call counter_overflow Runtime1 stub}
  0x0000013d1f366004: ffff ffe8 

  0x0000013d1f366008: ; ImmutableOopMap {rax=Oop [216]=Oop [272]=Oop }
                      ;*synchronization entry
                      ; - java.lang.StringBuilder::<init>@-1
                      ; - java.net.URLClassLoader::defineClass@111
  0x0000013d1f366008: 7432 e306 | e9b2 faff 

  0x0000013d1f366010: ;   {metadata({method} {0x0000013d324617c8} 'append' '(Ljava/lang/String;)Ljava/lang/StringBuilder;' in 'java/lang/StringBuilder')}
  0x0000013d1f366010: ff49 bac0 | 1746 323d | 0100 004c | 8954 2408 | 48c7 0424 | ffff ffff 

  0x0000013d1f366028: ;   {runtime_call counter_overflow Runtime1 stub}
  0x0000013d1f366028: e853 32e3 

  0x0000013d1f36602c: ; ImmutableOopMap {[216]=Oop [264]=Oop [272]=Oop }
                      ;*synchronization entry
                      ; - java.lang.StringBuilder::append@-1
                      ; - java.net.URLClassLoader::defineClass@116
  0x0000013d1f36602c: 06e9 0dfb 

  0x0000013d1f366030: ;   {metadata({method} {0x0000013d324617c8} 'append' '(Ljava/lang/String;)Ljava/lang/StringBuilder;' in 'java/lang/StringBuilder')}
  0x0000013d1f366030: ffff 49ba | c017 4632 | 3d01 0000 | 4c89 5424 | 0848 c704 | 24ff ffff 

  0x0000013d1f366048: ;   {runtime_call counter_overflow Runtime1 stub}
  0x0000013d1f366048: ffe8 3232 

  0x0000013d1f36604c: ; ImmutableOopMap {[216]=Oop [264]=Oop [272]=Oop }
                      ;*synchronization entry
                      ; - java.lang.StringBuilder::append@-1
                      ; - java.net.URLClassLoader::defineClass@121
  0x0000013d1f36604c: e306 e96c 

  0x0000013d1f366050: ;   {metadata({method} {0x0000013d32008958} 'toString' '()Ljava/lang/String;' in 'java/lang/StringBuilder')}
  0x0000013d1f366050: fbff ff49 | ba50 8900 | 323d 0100 | 004c 8954 | 2408 48c7 | 0424 ffff 

  0x0000013d1f366068: ;   {runtime_call counter_overflow Runtime1 stub}
  0x0000013d1f366068: ffff e811 

  0x0000013d1f36606c: ; ImmutableOopMap {[264]=Oop [272]=Oop }
                      ;*synchronization entry
                      ; - java.lang.StringBuilder::toString@-1
                      ; - java.net.URLClassLoader::defineClass@124
  0x0000013d1f36606c: 32e3 06e9 | c9fb ffff 

  0x0000013d1f366074: ;   {runtime_call fast_new_instance Runtime1 stub}
  0x0000013d1f366074: 488b d2e8 

  0x0000013d1f366078: ; ImmutableOopMap {[264]=Oop [272]=Oop }
                      ;*new {reexecute=0 rethrow=0 return_oop=0}
                      ; - java.lang.StringBuilder::toString@0
                      ; - java.net.URLClassLoader::defineClass@124
  0x0000013d1f366078: 84d5 d906 | e90c fcff 

  0x0000013d1f366080: ;   {metadata({method} {0x0000013d32455ab8} '<init>' '(Ljava/lang/StringBuilder;)V' in 'java/lang/String')}
  0x0000013d1f366080: ff49 bab0 | 5a45 323d | 0100 004c | 8954 2408 | 48c7 0424 | ffff ffff 

  0x0000013d1f366098: ;   {runtime_call counter_overflow Runtime1 stub}
  0x0000013d1f366098: e8e3 31e3 

  0x0000013d1f36609c: ; ImmutableOopMap {rax=Oop [264]=Oop [272]=Oop }
                      ;*synchronization entry
                      ; - java.lang.String::<init>@-1
                      ; - java.lang.StringBuilder::toString@5
                      ; - java.net.URLClassLoader::defineClass@124
  0x0000013d1f36609c: 06e9 2cfc | ffff 488d | 8424 2001 | 0000 4889 

  0x0000013d1f3660ac: ;   {runtime_call monitorexit_nofpu Runtime1 stub}
  0x0000013d1f3660ac: 0424 e84d | 0ee3 06e9 | e9fc ffff | 498b 8700 | 0500 0049 | c787 0005 | 0000 0000 | 0000 49c7 
  0x0000013d1f3660cc: 8708 0500 | 0000 0000 | 0048 81c4 | 4001 0000 

  0x0000013d1f3660dc: ;   {runtime_call unwind_exception Runtime1 stub}
  0x0000013d1f3660dc: 5de9 1ef0 | d906 f4f4 | f4f4 f4f4 
[Stub Code]
  0x0000013d1f3660e8: ;   {no_reloc}
  0x0000013d1f3660e8: 0f1f 4400 

  0x0000013d1f3660ec: ;   {static_stub}
  0x0000013d1f3660ec: 0048 bb00 | 0000 0000 

  0x0000013d1f3660f4: ;   {runtime_call nmethod}
  0x0000013d1f3660f4: 0000 00e9 | fbff ffff 

  0x0000013d1f3660fc: ;   {static_stub}
  0x0000013d1f3660fc: 9048 bb00 | 0000 0000 

  0x0000013d1f366104: ;   {runtime_call nmethod}
  0x0000013d1f366104: 0000 00e9 | fbff ffff 

  0x0000013d1f36610c: ;   {static_stub}
  0x0000013d1f36610c: 9048 bb00 | 0000 0000 

  0x0000013d1f366114: ;   {runtime_call nmethod}
  0x0000013d1f366114: 0000 00e9 | fbff ffff 

  0x0000013d1f36611c: ;   {static_stub}
  0x0000013d1f36611c: 9048 bb00 | 0000 0000 

  0x0000013d1f366124: ;   {runtime_call nmethod}
  0x0000013d1f366124: 0000 00e9 | fbff ffff 

  0x0000013d1f36612c: ;   {static_stub}
  0x0000013d1f36612c: 9048 bb00 | 0000 0000 

  0x0000013d1f366134: ;   {runtime_call nmethod}
  0x0000013d1f366134: 0000 00e9 | fbff ffff 

  0x0000013d1f36613c: ;   {static_stub}
  0x0000013d1f36613c: 9048 bb00 | 0000 0000 

  0x0000013d1f366144: ;   {runtime_call nmethod}
  0x0000013d1f366144: 0000 00e9 | fbff ffff 

  0x0000013d1f36614c: ;   {static_stub}
  0x0000013d1f36614c: 9048 bb00 | 0000 0000 

  0x0000013d1f366154: ;   {runtime_call nmethod}
  0x0000013d1f366154: 0000 00e9 | fbff ffff 

  0x0000013d1f36615c: ;   {static_stub}
  0x0000013d1f36615c: 9048 bb00 | 0000 0000 

  0x0000013d1f366164: ;   {runtime_call nmethod}
  0x0000013d1f366164: 0000 00e9 | fbff ffff 

  0x0000013d1f36616c: ;   {static_stub}
  0x0000013d1f36616c: 9048 bb00 | 0000 0000 

  0x0000013d1f366174: ;   {runtime_call nmethod}
  0x0000013d1f366174: 0000 00e9 | fbff ffff 

  0x0000013d1f36617c: ;   {static_stub}
  0x0000013d1f36617c: 9048 bb00 | 0000 0000 

  0x0000013d1f366184: ;   {runtime_call nmethod}
  0x0000013d1f366184: 0000 00e9 | fbff ffff 

  0x0000013d1f36618c: ;   {static_stub}
  0x0000013d1f36618c: 9048 bb00 | 0000 0000 

  0x0000013d1f366194: ;   {runtime_call nmethod}
  0x0000013d1f366194: 0000 00e9 | fbff ffff 

  0x0000013d1f36619c: ;   {static_stub}
  0x0000013d1f36619c: 9048 bb00 | 0000 0000 

  0x0000013d1f3661a4: ;   {runtime_call nmethod}
  0x0000013d1f3661a4: 0000 00e9 | fbff ffff 

  0x0000013d1f3661ac: ;   {static_stub}
  0x0000013d1f3661ac: 9048 bb00 | 0000 0000 

  0x0000013d1f3661b4: ;   {runtime_call nmethod}
  0x0000013d1f3661b4: 0000 00e9 | fbff ffff 

  0x0000013d1f3661bc: ;   {static_stub}
  0x0000013d1f3661bc: 9048 bb00 | 0000 0000 

  0x0000013d1f3661c4: ;   {runtime_call nmethod}
  0x0000013d1f3661c4: 0000 00e9 | fbff ffff 

  0x0000013d1f3661cc: ;   {static_stub}
  0x0000013d1f3661cc: 48bb 0000 | 0000 0000 

  0x0000013d1f3661d4: ;   {runtime_call nmethod}
  0x0000013d1f3661d4: 0000 e9fb 

  0x0000013d1f3661d8: ;   {static_stub}
  0x0000013d1f3661d8: ffff ff48 | bb00 0000 | 0000 0000 

  0x0000013d1f3661e4: ;   {runtime_call nmethod}
  0x0000013d1f3661e4: 00e9 fbff 

  0x0000013d1f3661e8: ;   {static_stub}
  0x0000013d1f3661e8: ffff 48bb | 0000 0000 | 0000 0000 

  0x0000013d1f3661f4: ;   {runtime_call nmethod}
  0x0000013d1f3661f4: e9fb ffff 

  0x0000013d1f3661f8: ;   {static_stub}
  0x0000013d1f3661f8: ff48 bb00 | 0000 0000 

  0x0000013d1f366200: ;   {runtime_call nmethod}
  0x0000013d1f366200: 0000 00e9 | fbff ffff 

  0x0000013d1f366208: ;   {static_stub}
  0x0000013d1f366208: 48bb 0000 | 0000 0000 

  0x0000013d1f366210: ;   {runtime_call nmethod}
  0x0000013d1f366210: 0000 e9fb 

  0x0000013d1f366214: ;   {static_stub}
  0x0000013d1f366214: ffff ff48 | bb00 0000 | 0000 0000 

  0x0000013d1f366220: ;   {runtime_call nmethod}
  0x0000013d1f366220: 00e9 fbff 

  0x0000013d1f366224: ;   {static_stub}
  0x0000013d1f366224: ffff 48bb | 0000 0000 | 0000 0000 

  0x0000013d1f366230: ;   {runtime_call nmethod}
  0x0000013d1f366230: e9fb ffff 

  0x0000013d1f366234: ;   {static_stub}
  0x0000013d1f366234: ff48 bb00 | 0000 0000 

  0x0000013d1f36623c: ;   {runtime_call nmethod}
  0x0000013d1f36623c: 0000 00e9 | fbff ffff 

  0x0000013d1f366244: ;   {static_stub}
  0x0000013d1f366244: 48bb 0000 | 0000 0000 

  0x0000013d1f36624c: ;   {runtime_call nmethod}
  0x0000013d1f36624c: 0000 e9fb 

  0x0000013d1f366250: ;   {runtime_call handle_exception_from_callee Runtime1 stub}
  0x0000013d1f366250: ffff ffe8 | a8f3 e206 

  0x0000013d1f366258: ;   {external_word}
  0x0000013d1f366258: 48b9 5063 | 950e fc7f | 0000 4883 

  0x0000013d1f366264: ;   {runtime_call}
  0x0000013d1f366264: e4f0 48b8 | c0c9 570e | fc7f 0000 

  0x0000013d1f366270: ;   {section_word}
  0x0000013d1f366270: ffd0 f449 | ba73 6236 | 1f3d 0100 

  0x0000013d1f36627c: ;   {runtime_call DeoptimizationBlob}
  0x0000013d1f36627c: 0041 52e9 | 9c1b d606 | f4f4 f4f4 
[/MachCode]


---------------  P R O C E S S  ---------------

Threads class SMR info:
_java_thread_list=0x0000013d316e8040, length=38, elements={
0x0000013d1b93fb40, 0x0000013d312f4d00, 0x0000013d312f6480, 0x0000013d312f9d10,
0x0000013d312fe790, 0x0000013d31300470, 0x0000013d31300ed0, 0x0000013d313027d0,
0x0000013d3130ee50, 0x0000013d31597e20, 0x0000013d31570e20, 0x0000013d4b125080,
0x0000013d4c16ddf0, 0x0000013d4bda6a40, 0x0000013d4c434380, 0x0000013d4b7c5870,
0x0000013d4c0cdf40, 0x0000013d4c337830, 0x0000013d4c167050, 0x0000013d4c1648f0,
0x0000013d4c1676e0, 0x0000013d4c164f80, 0x0000013d4c165610, 0x0000013d4c164260,
0x0000013d4c165ca0, 0x0000013d4cdd77a0, 0x0000013d4cdd84c0, 0x0000013d4cdd7e30,
0x0000013d4cdd9f00, 0x0000013d4cdda590, 0x0000013d4cddac20, 0x0000013d4cdd8b50,
0x0000013d4cdd91e0, 0x0000013d4cdd9870, 0x0000013d4c907d60, 0x0000013d4c9076d0,
0x0000013d4c90b870, 0x0000013d4c909e30
}

Java Threads: ( => current thread )
  0x0000013d1b93fb40 JavaThread "main"                              [_thread_blocked, id=34612, stack(0x000000386e700000,0x000000386e800000) (1024K)]
  0x0000013d312f4d00 JavaThread "Reference Handler"          daemon [_thread_blocked, id=8464, stack(0x000000386ef00000,0x000000386f000000) (1024K)]
  0x0000013d312f6480 JavaThread "Finalizer"                  daemon [_thread_blocked, id=30088, stack(0x000000386f000000,0x000000386f100000) (1024K)]
  0x0000013d312f9d10 JavaThread "Signal Dispatcher"          daemon [_thread_blocked, id=6428, stack(0x000000386f100000,0x000000386f200000) (1024K)]
  0x0000013d312fe790 JavaThread "Attach Listener"            daemon [_thread_blocked, id=31044, stack(0x000000386f200000,0x000000386f300000) (1024K)]
  0x0000013d31300470 JavaThread "Service Thread"             daemon [_thread_blocked, id=10256, stack(0x000000386f300000,0x000000386f400000) (1024K)]
  0x0000013d31300ed0 JavaThread "Monitor Deflation Thread"   daemon [_thread_blocked, id=28144, stack(0x000000386f400000,0x000000386f500000) (1024K)]
  0x0000013d313027d0 JavaThread "C2 CompilerThread0"         daemon [_thread_in_native, id=26104, stack(0x000000386f500000,0x000000386f600000) (1024K)]
  0x0000013d3130ee50 JavaThread "C1 CompilerThread0"         daemon [_thread_blocked, id=34708, stack(0x000000386f600000,0x000000386f700000) (1024K)]
  0x0000013d31597e20 JavaThread "Common-Cleaner"             daemon [_thread_blocked, id=31400, stack(0x000000386f700000,0x000000386f800000) (1024K)]
  0x0000013d31570e20 JavaThread "Notification Thread"        daemon [_thread_blocked, id=26168, stack(0x000000386f800000,0x000000386f900000) (1024K)]
  0x0000013d4b125080 JavaThread "Daemon health stats"               [_thread_blocked, id=22228, stack(0x000000386fe00000,0x000000386ff00000) (1024K)]
  0x0000013d4c16ddf0 JavaThread "Incoming local TCP Connector on port 53522"        [_thread_in_native, id=30896, stack(0x000000386e500000,0x000000386e600000) (1024K)]
  0x0000013d4bda6a40 JavaThread "Daemon periodic checks"            [_thread_blocked, id=27476, stack(0x000000386ff00000,0x0000003870000000) (1024K)]
  0x0000013d4c434380 JavaThread "Daemon"                            [_thread_blocked, id=5128, stack(0x0000003870000000,0x0000003870100000) (1024K)]
  0x0000013d4b7c5870 JavaThread "Handler for socket connection from /127.0.0.1:53522 to /127.0.0.1:53590"        [_thread_blocked, id=28512, stack(0x0000003870100000,0x0000003870200000) (1024K)]
  0x0000013d4c0cdf40 JavaThread "Cancel handler"                    [_thread_blocked, id=35068, stack(0x0000003870200000,0x0000003870300000) (1024K)]
=>0x0000013d4c337830 JavaThread "Daemon worker"                     [_thread_in_vm, id=33760, stack(0x0000003870300000,0x0000003870400000) (1024K)]
  0x0000013d4c167050 JavaThread "Asynchronous log dispatcher for DefaultDaemonConnection: socket connection from /127.0.0.1:53522 to /127.0.0.1:53590"        [_thread_blocked, id=31516, stack(0x0000003870400000,0x0000003870500000) (1024K)]
  0x0000013d4c1648f0 JavaThread "Stdin handler"                     [_thread_blocked, id=22844, stack(0x0000003870500000,0x0000003870600000) (1024K)]
  0x0000013d4c1676e0 JavaThread "Daemon client event forwarder"        [_thread_blocked, id=29604, stack(0x0000003870600000,0x0000003870700000) (1024K)]
  0x0000013d4c164f80 JavaThread "Cache worker for journal cache (C:\Users\user\.gradle\caches\journal-1)"        [_thread_blocked, id=33412, stack(0x0000003870700000,0x0000003870800000) (1024K)]
  0x0000013d4c165610 JavaThread "File lock request listener"        [_thread_in_native, id=35220, stack(0x0000003870800000,0x0000003870900000) (1024K)]
  0x0000013d4c164260 JavaThread "File lock release action executor"        [_thread_blocked, id=31116, stack(0x0000003870900000,0x0000003870a00000) (1024K)]
  0x0000013d4c165ca0 JavaThread "Cache worker for file hash cache (C:\Users\user\.gradle\caches\9.5.1\fileHashes)"        [_thread_blocked, id=29712, stack(0x0000003870a00000,0x0000003870b00000) (1024K)]
  0x0000013d4cdd77a0 JavaThread "Cache worker for file hash cache (C:\2026_spring\.gradle\9.5.1\fileHashes)"        [_thread_blocked, id=25128, stack(0x0000003870e00000,0x0000003870f00000) (1024K)]
  0x0000013d4cdd84c0 JavaThread "Cache worker for Build Output Cleanup Cache (C:\2026_spring\.gradle\buildOutputCleanup)"        [_thread_blocked, id=23300, stack(0x0000003870f00000,0x0000003871000000) (1024K)]
  0x0000013d4cdd7e30 JavaThread "File watcher server"        daemon [_thread_in_native, id=27224, stack(0x0000003871000000,0x0000003871100000) (1024K)]
  0x0000013d4cdd9f00 JavaThread "File watcher consumer"      daemon [_thread_blocked, id=29036, stack(0x0000003871100000,0x0000003871200000) (1024K)]
  0x0000013d4cdda590 JavaThread "Cache worker for file content cache (C:\Users\user\.gradle\caches\9.5.1\fileContent)"        [_thread_blocked, id=27916, stack(0x0000003871200000,0x0000003871300000) (1024K)]
  0x0000013d4cddac20 JavaThread "Cache worker for checksums cache (C:\2026_spring\.gradle\9.5.1\checksums)"        [_thread_blocked, id=33364, stack(0x0000003871300000,0x0000003871400000) (1024K)]
  0x0000013d4cdd8b50 JavaThread "Cache worker for cache directory md-supplier (C:\Users\user\.gradle\caches\9.5.1\md-supplier)"        [_thread_blocked, id=15608, stack(0x0000003871400000,0x0000003871500000) (1024K)]
  0x0000013d4cdd91e0 JavaThread "Cache worker for cache directory md-rule (C:\Users\user\.gradle\caches\9.5.1\md-rule)"        [_thread_blocked, id=6776, stack(0x0000003871500000,0x0000003871600000) (1024K)]
  0x0000013d4cdd9870 JavaThread "jar transforms"                    [_thread_blocked, id=29272, stack(0x0000003871600000,0x0000003871700000) (1024K)]
  0x0000013d4c907d60 JavaThread "jar transforms Thread 2"           [_thread_blocked, id=37712, stack(0x000000386e400000,0x000000386e500000) (1024K)]
  0x0000013d4c9076d0 JavaThread "jar transforms Thread 3"           [_thread_blocked, id=35788, stack(0x000000386e600000,0x000000386e700000) (1024K)]
  0x0000013d4c90b870 JavaThread "jar transforms Thread 4"           [_thread_blocked, id=11156, stack(0x0000003871700000,0x0000003871800000) (1024K)]
  0x0000013d4c909e30 JavaThread "jar transforms Thread 5"           [_thread_blocked, id=9620, stack(0x0000003871800000,0x0000003871900000) (1024K)]
Total: 38

Other Threads:
  0x0000013d312d66f0 VMThread "VM Thread"                           [id=31120, stack(0x000000386ee00000,0x000000386ef00000) (1024K)] _threads_hazard_ptr=0x0000013d316e8040
  0x0000013d312c70b0 WatcherThread "VM Periodic Task Thread"        [id=6220, stack(0x000000386ed00000,0x000000386ee00000) (1024K)]
  0x0000013d1b96a470 WorkerThread "GC Thread#0"                     [id=30228, stack(0x000000386e800000,0x000000386e900000) (1024K)]
  0x0000013d4b13e020 WorkerThread "GC Thread#1"                     [id=13852, stack(0x000000386f900000,0x000000386fa00000) (1024K)]
  0x0000013d4b13e3d0 WorkerThread "GC Thread#2"                     [id=10644, stack(0x000000386fa00000,0x000000386fb00000) (1024K)]
  0x0000013d31529210 WorkerThread "GC Thread#3"                     [id=24180, stack(0x000000386fb00000,0x000000386fc00000) (1024K)]
  0x0000013d315295c0 WorkerThread "GC Thread#4"                     [id=27072, stack(0x000000386fc00000,0x000000386fd00000) (1024K)]
  0x0000013d31529970 WorkerThread "GC Thread#5"                     [id=3772, stack(0x000000386fd00000,0x000000386fe00000) (1024K)]
  0x0000013d4b04bad0 WorkerThread "GC Thread#6"                     [id=29616, stack(0x0000003870b00000,0x0000003870c00000) (1024K)]
  0x0000013d4b04c990 WorkerThread "GC Thread#7"                     [id=14420, stack(0x0000003870c00000,0x0000003870d00000) (1024K)]
  0x0000013d1b96fb80 ConcurrentGCThread "G1 Main Marker"            [id=33196, stack(0x000000386e900000,0x000000386ea00000) (1024K)]
  0x0000013d1b9705a0 WorkerThread "G1 Conc#0"                       [id=22728, stack(0x000000386ea00000,0x000000386eb00000) (1024K)]
  0x0000013d4e001470 WorkerThread "G1 Conc#1"                       [id=2516, stack(0x0000003870d00000,0x0000003870e00000) (1024K)]
  0x0000013d311951f0 ConcurrentGCThread "G1 Refine#0"               [id=33276, stack(0x000000386eb00000,0x000000386ec00000) (1024K)]
  0x0000013d31195b80 ConcurrentGCThread "G1 Service"                [id=33520, stack(0x000000386ec00000,0x000000386ed00000) (1024K)]
Total: 15

Threads with active compile tasks:
C2 CompilerThread0  372448 5626   !   4       java.util.concurrent.ConcurrentHashMap::computeIfAbsent (576 bytes)
Total: 1

VM state: synchronizing (normal execution)

VM Mutex/Monitor currently owned by a thread:  ([mutex/lock_event])
[0x00007ffc0ec0d530] Metaspace_lock - owner thread: 0x0000013d4c337830
[0x00007ffc0ec0f5b0] Threads_lock - owner thread: 0x0000013d312d66f0

Heap address: 0x00000000e0000000, size: 512 MB, Compressed Oops mode: 32-bit

CDS archive(s) mapped at: [0x0000013d32000000-0x0000013d32ba0000-0x0000013d32ba0000), size 12189696, SharedBaseAddress: 0x0000013d32000000, ArchiveRelocationMode: 1.
Compressed class space mapped at: 0x0000013d33000000-0x0000013d47000000, reserved size: 335544320
Narrow klass base: 0x0000013d32000000, Narrow klass shift: 0, Narrow klass range: 0x100000000

GC Precious Log:
 CardTable entry size: 512
 Card Set container configuration: InlinePtr #cards 5 size 8 Array Of Cards #cards 12 size 40 Howl #buckets 4 coarsen threshold 1843 Howl Bitmap #cards 512 size 80 coarsen threshold 460 Card regions per heap region 1 cards per card region 2048
 CPUs: 8 total, 8 available
 Memory: 16107M
 Large Page Support: Disabled
 NUMA Support: Disabled
 Compressed Oops: Enabled (32-bit)
 Heap Region Size: 1M
 Heap Min Capacity: 256M
 Heap Initial Capacity: 256M
 Heap Max Capacity: 512M
 Pre-touch: Disabled
 Parallel Workers: 8
 Concurrent Workers: 2
 Concurrent Refinement Workers: 8
 Periodic GC: Disabled

Heap:
 garbage-first heap   total 262144K, used 136418K [0x00000000e0000000, 0x0000000100000000)
  region size 1024K, 113 young (115712K), 10 survivors (10240K)
 Metaspace       used 46349K, committed 48128K, reserved 393216K
  class space    used 7014K, committed 7872K, reserved 327680K

Heap Regions: E=young(eden), S=young(survivor), O=old, HS=humongous(starts), HC=humongous(continues), CS=collection set, F=free, TAMS=top-at-mark-start, PB=parsable bottom
|   0|0x00000000e0000000, 0x00000000e0100000, 0x00000000e0100000|100%|HS|  |TAMS 0x00000000e0000000| PB 0x00000000e0000000| Complete 
|   1|0x00000000e0100000, 0x00000000e0200000, 0x00000000e0200000|100%|HC|  |TAMS 0x00000000e0100000| PB 0x00000000e0100000| Complete 
|   2|0x00000000e0200000, 0x00000000e0300000, 0x00000000e0300000|100%|HC|  |TAMS 0x00000000e0200000| PB 0x00000000e0200000| Complete 
|   3|0x00000000e0300000, 0x00000000e0400000, 0x00000000e0400000|100%|HC|  |TAMS 0x00000000e0300000| PB 0x00000000e0300000| Complete 
|   4|0x00000000e0400000, 0x00000000e0500000, 0x00000000e0500000|100%| O|  |TAMS 0x00000000e0400000| PB 0x00000000e0400000| Untracked 
|   5|0x00000000e0500000, 0x00000000e0600000, 0x00000000e0600000|100%| O|  |TAMS 0x00000000e0500000| PB 0x00000000e0500000| Untracked 
|   6|0x00000000e0600000, 0x00000000e0700000, 0x00000000e0700000|100%| O|  |TAMS 0x00000000e0600000| PB 0x00000000e0600000| Untracked 
|   7|0x00000000e0700000, 0x00000000e0700000, 0x00000000e0800000|  0%| F|  |TAMS 0x00000000e0700000| PB 0x00000000e0700000| Untracked 
|   8|0x00000000e0800000, 0x00000000e0900000, 0x00000000e0900000|100%|HS|  |TAMS 0x00000000e0800000| PB 0x00000000e0800000| Complete 
|   9|0x00000000e0900000, 0x00000000e0a00000, 0x00000000e0a00000|100%| O|  |TAMS 0x00000000e0900000| PB 0x00000000e0900000| Untracked 
|  10|0x00000000e0a00000, 0x00000000e0b00000, 0x00000000e0b00000|100%| O|  |TAMS 0x00000000e0a00000| PB 0x00000000e0a00000| Untracked 
|  11|0x00000000e0b00000, 0x00000000e0c00000, 0x00000000e0c00000|100%| O|  |TAMS 0x00000000e0b00000| PB 0x00000000e0b00000| Untracked 
|  12|0x00000000e0c00000, 0x00000000e0d00000, 0x00000000e0d00000|100%| O|  |TAMS 0x00000000e0c00000| PB 0x00000000e0c00000| Untracked 
|  13|0x00000000e0d00000, 0x00000000e0e00000, 0x00000000e0e00000|100%| O|  |TAMS 0x00000000e0d00000| PB 0x00000000e0d00000| Untracked 
|  14|0x00000000e0e00000, 0x00000000e0f00000, 0x00000000e0f00000|100%| O|  |TAMS 0x00000000e0e00000| PB 0x00000000e0e00000| Untracked 
|  15|0x00000000e0f00000, 0x00000000e1000000, 0x00000000e1000000|100%| O|  |TAMS 0x00000000e0f00000| PB 0x00000000e0f00000| Untracked 
|  16|0x00000000e1000000, 0x00000000e1100000, 0x00000000e1100000|100%| O|  |TAMS 0x00000000e1000000| PB 0x00000000e1000000| Untracked 
|  17|0x00000000e1100000, 0x00000000e1200000, 0x00000000e1200000|100%| O|  |TAMS 0x00000000e1100000| PB 0x00000000e1100000| Untracked 
|  18|0x00000000e1200000, 0x00000000e1300000, 0x00000000e1300000|100%| O|  |TAMS 0x00000000e1200000| PB 0x00000000e1200000| Untracked 
|  19|0x00000000e1300000, 0x00000000e1400000, 0x00000000e1400000|100%| O|  |TAMS 0x00000000e1300000| PB 0x00000000e1300000| Untracked 
|  20|0x00000000e1400000, 0x00000000e1500000, 0x00000000e1500000|100%| O|  |TAMS 0x00000000e1400000| PB 0x00000000e1400000| Untracked 
|  21|0x00000000e1500000, 0x00000000e1600000, 0x00000000e1600000|100%| O|Cm|TAMS 0x00000000e1500000| PB 0x00000000e1500000| Complete 
|  22|0x00000000e1600000, 0x00000000e1700000, 0x00000000e1700000|100%| O|  |TAMS 0x00000000e1600000| PB 0x00000000e1600000| Untracked 
|  23|0x00000000e1700000, 0x00000000e17092e0, 0x00000000e1800000|  3%| O|  |TAMS 0x00000000e1700000| PB 0x00000000e1700000| Untracked 
|  24|0x00000000e1800000, 0x00000000e1800000, 0x00000000e1900000|  0%| F|  |TAMS 0x00000000e1800000| PB 0x00000000e1800000| Untracked 
|  25|0x00000000e1900000, 0x00000000e1900000, 0x00000000e1a00000|  0%| F|  |TAMS 0x00000000e1900000| PB 0x00000000e1900000| Untracked 
|  26|0x00000000e1a00000, 0x00000000e1a00000, 0x00000000e1b00000|  0%| F|  |TAMS 0x00000000e1a00000| PB 0x00000000e1a00000| Untracked 
|  27|0x00000000e1b00000, 0x00000000e1b00000, 0x00000000e1c00000|  0%| F|  |TAMS 0x00000000e1b00000| PB 0x00000000e1b00000| Untracked 
|  28|0x00000000e1c00000, 0x00000000e1c00000, 0x00000000e1d00000|  0%| F|  |TAMS 0x00000000e1c00000| PB 0x00000000e1c00000| Untracked 
|  29|0x00000000e1d00000, 0x00000000e1d00000, 0x00000000e1e00000|  0%| F|  |TAMS 0x00000000e1d00000| PB 0x00000000e1d00000| Untracked 
|  30|0x00000000e1e00000, 0x00000000e1e00000, 0x00000000e1f00000|  0%| F|  |TAMS 0x00000000e1e00000| PB 0x00000000e1e00000| Untracked 
|  31|0x00000000e1f00000, 0x00000000e1f00000, 0x00000000e2000000|  0%| F|  |TAMS 0x00000000e1f00000| PB 0x00000000e1f00000| Untracked 
|  32|0x00000000e2000000, 0x00000000e2000000, 0x00000000e2100000|  0%| F|  |TAMS 0x00000000e2000000| PB 0x00000000e2000000| Untracked 
|  33|0x00000000e2100000, 0x00000000e2100000, 0x00000000e2200000|  0%| F|  |TAMS 0x00000000e2100000| PB 0x00000000e2100000| Untracked 
|  34|0x00000000e2200000, 0x00000000e2200000, 0x00000000e2300000|  0%| F|  |TAMS 0x00000000e2200000| PB 0x00000000e2200000| Untracked 
|  35|0x00000000e2300000, 0x00000000e2300000, 0x00000000e2400000|  0%| F|  |TAMS 0x00000000e2300000| PB 0x00000000e2300000| Untracked 
|  36|0x00000000e2400000, 0x00000000e2400000, 0x00000000e2500000|  0%| F|  |TAMS 0x00000000e2400000| PB 0x00000000e2400000| Untracked 
|  37|0x00000000e2500000, 0x00000000e2500000, 0x00000000e2600000|  0%| F|  |TAMS 0x00000000e2500000| PB 0x00000000e2500000| Untracked 
|  38|0x00000000e2600000, 0x00000000e2600000, 0x00000000e2700000|  0%| F|  |TAMS 0x00000000e2600000| PB 0x00000000e2600000| Untracked 
|  39|0x00000000e2700000, 0x00000000e2700000, 0x00000000e2800000|  0%| F|  |TAMS 0x00000000e2700000| PB 0x00000000e2700000| Untracked 
|  40|0x00000000e2800000, 0x00000000e2800000, 0x00000000e2900000|  0%| F|  |TAMS 0x00000000e2800000| PB 0x00000000e2800000| Untracked 
|  41|0x00000000e2900000, 0x00000000e2900000, 0x00000000e2a00000|  0%| F|  |TAMS 0x00000000e2900000| PB 0x00000000e2900000| Untracked 
|  42|0x00000000e2a00000, 0x00000000e2a00000, 0x00000000e2b00000|  0%| F|  |TAMS 0x00000000e2a00000| PB 0x00000000e2a00000| Untracked 
|  43|0x00000000e2b00000, 0x00000000e2b00000, 0x00000000e2c00000|  0%| F|  |TAMS 0x00000000e2b00000| PB 0x00000000e2b00000| Untracked 
|  44|0x00000000e2c00000, 0x00000000e2c00000, 0x00000000e2d00000|  0%| F|  |TAMS 0x00000000e2c00000| PB 0x00000000e2c00000| Untracked 
|  45|0x00000000e2d00000, 0x00000000e2d00000, 0x00000000e2e00000|  0%| F|  |TAMS 0x00000000e2d00000| PB 0x00000000e2d00000| Untracked 
|  46|0x00000000e2e00000, 0x00000000e2e00000, 0x00000000e2f00000|  0%| F|  |TAMS 0x00000000e2e00000| PB 0x00000000e2e00000| Untracked 
|  47|0x00000000e2f00000, 0x00000000e2f00000, 0x00000000e3000000|  0%| F|  |TAMS 0x00000000e2f00000| PB 0x00000000e2f00000| Untracked 
|  48|0x00000000e3000000, 0x00000000e3000000, 0x00000000e3100000|  0%| F|  |TAMS 0x00000000e3000000| PB 0x00000000e3000000| Untracked 
|  49|0x00000000e3100000, 0x00000000e3100000, 0x00000000e3200000|  0%| F|  |TAMS 0x00000000e3100000| PB 0x00000000e3100000| Untracked 
|  50|0x00000000e3200000, 0x00000000e3200000, 0x00000000e3300000|  0%| F|  |TAMS 0x00000000e3200000| PB 0x00000000e3200000| Untracked 
|  51|0x00000000e3300000, 0x00000000e3300000, 0x00000000e3400000|  0%| F|  |TAMS 0x00000000e3300000| PB 0x00000000e3300000| Untracked 
|  52|0x00000000e3400000, 0x00000000e3400000, 0x00000000e3500000|  0%| F|  |TAMS 0x00000000e3400000| PB 0x00000000e3400000| Untracked 
|  53|0x00000000e3500000, 0x00000000e3500000, 0x00000000e3600000|  0%| F|  |TAMS 0x00000000e3500000| PB 0x00000000e3500000| Untracked 
|  54|0x00000000e3600000, 0x00000000e3600000, 0x00000000e3700000|  0%| F|  |TAMS 0x00000000e3600000| PB 0x00000000e3600000| Untracked 
|  55|0x00000000e3700000, 0x00000000e3700000, 0x00000000e3800000|  0%| F|  |TAMS 0x00000000e3700000| PB 0x00000000e3700000| Untracked 
|  56|0x00000000e3800000, 0x00000000e3800000, 0x00000000e3900000|  0%| F|  |TAMS 0x00000000e3800000| PB 0x00000000e3800000| Untracked 
|  57|0x00000000e3900000, 0x00000000e3900000, 0x00000000e3a00000|  0%| F|  |TAMS 0x00000000e3900000| PB 0x00000000e3900000| Untracked 
|  58|0x00000000e3a00000, 0x00000000e3a00000, 0x00000000e3b00000|  0%| F|  |TAMS 0x00000000e3a00000| PB 0x00000000e3a00000| Untracked 
|  59|0x00000000e3b00000, 0x00000000e3b00000, 0x00000000e3c00000|  0%| F|  |TAMS 0x00000000e3b00000| PB 0x00000000e3b00000| Untracked 
|  60|0x00000000e3c00000, 0x00000000e3c00000, 0x00000000e3d00000|  0%| F|  |TAMS 0x00000000e3c00000| PB 0x00000000e3c00000| Untracked 
|  61|0x00000000e3d00000, 0x00000000e3d00000, 0x00000000e3e00000|  0%| F|  |TAMS 0x00000000e3d00000| PB 0x00000000e3d00000| Untracked 
|  62|0x00000000e3e00000, 0x00000000e3e00000, 0x00000000e3f00000|  0%| F|  |TAMS 0x00000000e3e00000| PB 0x00000000e3e00000| Untracked 
|  63|0x00000000e3f00000, 0x00000000e3f00000, 0x00000000e4000000|  0%| F|  |TAMS 0x00000000e3f00000| PB 0x00000000e3f00000| Untracked 
|  64|0x00000000e4000000, 0x00000000e4000000, 0x00000000e4100000|  0%| F|  |TAMS 0x00000000e4000000| PB 0x00000000e4000000| Untracked 
|  65|0x00000000e4100000, 0x00000000e4100000, 0x00000000e4200000|  0%| F|  |TAMS 0x00000000e4100000| PB 0x00000000e4100000| Untracked 
|  66|0x00000000e4200000, 0x00000000e4200000, 0x00000000e4300000|  0%| F|  |TAMS 0x00000000e4200000| PB 0x00000000e4200000| Untracked 
|  67|0x00000000e4300000, 0x00000000e4300000, 0x00000000e4400000|  0%| F|  |TAMS 0x00000000e4300000| PB 0x00000000e4300000| Untracked 
|  68|0x00000000e4400000, 0x00000000e4400000, 0x00000000e4500000|  0%| F|  |TAMS 0x00000000e4400000| PB 0x00000000e4400000| Untracked 
|  69|0x00000000e4500000, 0x00000000e4500000, 0x00000000e4600000|  0%| F|  |TAMS 0x00000000e4500000| PB 0x00000000e4500000| Untracked 
|  70|0x00000000e4600000, 0x00000000e4600000, 0x00000000e4700000|  0%| F|  |TAMS 0x00000000e4600000| PB 0x00000000e4600000| Untracked 
|  71|0x00000000e4700000, 0x00000000e4700000, 0x00000000e4800000|  0%| F|  |TAMS 0x00000000e4700000| PB 0x00000000e4700000| Untracked 
|  72|0x00000000e4800000, 0x00000000e4800000, 0x00000000e4900000|  0%| F|  |TAMS 0x00000000e4800000| PB 0x00000000e4800000| Untracked 
|  73|0x00000000e4900000, 0x00000000e4900000, 0x00000000e4a00000|  0%| F|  |TAMS 0x00000000e4900000| PB 0x00000000e4900000| Untracked 
|  74|0x00000000e4a00000, 0x00000000e4a00000, 0x00000000e4b00000|  0%| F|  |TAMS 0x00000000e4a00000| PB 0x00000000e4a00000| Untracked 
|  75|0x00000000e4b00000, 0x00000000e4b00000, 0x00000000e4c00000|  0%| F|  |TAMS 0x00000000e4b00000| PB 0x00000000e4b00000| Untracked 
|  76|0x00000000e4c00000, 0x00000000e4c00000, 0x00000000e4d00000|  0%| F|  |TAMS 0x00000000e4c00000| PB 0x00000000e4c00000| Untracked 
|  77|0x00000000e4d00000, 0x00000000e4d00000, 0x00000000e4e00000|  0%| F|  |TAMS 0x00000000e4d00000| PB 0x00000000e4d00000| Untracked 
|  78|0x00000000e4e00000, 0x00000000e4e00000, 0x00000000e4f00000|  0%| F|  |TAMS 0x00000000e4e00000| PB 0x00000000e4e00000| Untracked 
|  79|0x00000000e4f00000, 0x00000000e4f00000, 0x00000000e5000000|  0%| F|  |TAMS 0x00000000e4f00000| PB 0x00000000e4f00000| Untracked 
|  80|0x00000000e5000000, 0x00000000e5000000, 0x00000000e5100000|  0%| F|  |TAMS 0x00000000e5000000| PB 0x00000000e5000000| Untracked 
|  81|0x00000000e5100000, 0x00000000e5100000, 0x00000000e5200000|  0%| F|  |TAMS 0x00000000e5100000| PB 0x00000000e5100000| Untracked 
|  82|0x00000000e5200000, 0x00000000e5200000, 0x00000000e5300000|  0%| F|  |TAMS 0x00000000e5200000| PB 0x00000000e5200000| Untracked 
|  83|0x00000000e5300000, 0x00000000e5300000, 0x00000000e5400000|  0%| F|  |TAMS 0x00000000e5300000| PB 0x00000000e5300000| Untracked 
|  84|0x00000000e5400000, 0x00000000e5400000, 0x00000000e5500000|  0%| F|  |TAMS 0x00000000e5400000| PB 0x00000000e5400000| Untracked 
|  85|0x00000000e5500000, 0x00000000e5500000, 0x00000000e5600000|  0%| F|  |TAMS 0x00000000e5500000| PB 0x00000000e5500000| Untracked 
|  86|0x00000000e5600000, 0x00000000e5600000, 0x00000000e5700000|  0%| F|  |TAMS 0x00000000e5600000| PB 0x00000000e5600000| Untracked 
|  87|0x00000000e5700000, 0x00000000e5700000, 0x00000000e5800000|  0%| F|  |TAMS 0x00000000e5700000| PB 0x00000000e5700000| Untracked 
|  88|0x00000000e5800000, 0x00000000e5800000, 0x00000000e5900000|  0%| F|  |TAMS 0x00000000e5800000| PB 0x00000000e5800000| Untracked 
|  89|0x00000000e5900000, 0x00000000e5900000, 0x00000000e5a00000|  0%| F|  |TAMS 0x00000000e5900000| PB 0x00000000e5900000| Untracked 
|  90|0x00000000e5a00000, 0x00000000e5a00000, 0x00000000e5b00000|  0%| F|  |TAMS 0x00000000e5a00000| PB 0x00000000e5a00000| Untracked 
|  91|0x00000000e5b00000, 0x00000000e5b00000, 0x00000000e5c00000|  0%| F|  |TAMS 0x00000000e5b00000| PB 0x00000000e5b00000| Untracked 
|  92|0x00000000e5c00000, 0x00000000e5c00000, 0x00000000e5d00000|  0%| F|  |TAMS 0x00000000e5c00000| PB 0x00000000e5c00000| Untracked 
|  93|0x00000000e5d00000, 0x00000000e5d00000, 0x00000000e5e00000|  0%| F|  |TAMS 0x00000000e5d00000| PB 0x00000000e5d00000| Untracked 
|  94|0x00000000e5e00000, 0x00000000e5e00000, 0x00000000e5f00000|  0%| F|  |TAMS 0x00000000e5e00000| PB 0x00000000e5e00000| Untracked 
|  95|0x00000000e5f00000, 0x00000000e5f00000, 0x00000000e6000000|  0%| F|  |TAMS 0x00000000e5f00000| PB 0x00000000e5f00000| Untracked 
|  96|0x00000000e6000000, 0x00000000e6000000, 0x00000000e6100000|  0%| F|  |TAMS 0x00000000e6000000| PB 0x00000000e6000000| Untracked 
|  97|0x00000000e6100000, 0x00000000e6100000, 0x00000000e6200000|  0%| F|  |TAMS 0x00000000e6100000| PB 0x00000000e6100000| Untracked 
|  98|0x00000000e6200000, 0x00000000e6200000, 0x00000000e6300000|  0%| F|  |TAMS 0x00000000e6200000| PB 0x00000000e6200000| Untracked 
|  99|0x00000000e6300000, 0x00000000e6300000, 0x00000000e6400000|  0%| F|  |TAMS 0x00000000e6300000| PB 0x00000000e6300000| Untracked 
| 100|0x00000000e6400000, 0x00000000e6400000, 0x00000000e6500000|  0%| F|  |TAMS 0x00000000e6400000| PB 0x00000000e6400000| Untracked 
| 101|0x00000000e6500000, 0x00000000e6500000, 0x00000000e6600000|  0%| F|  |TAMS 0x00000000e6500000| PB 0x00000000e6500000| Untracked 
| 102|0x00000000e6600000, 0x00000000e6600000, 0x00000000e6700000|  0%| F|  |TAMS 0x00000000e6600000| PB 0x00000000e6600000| Untracked 
| 103|0x00000000e6700000, 0x00000000e6700000, 0x00000000e6800000|  0%| F|  |TAMS 0x00000000e6700000| PB 0x00000000e6700000| Untracked 
| 104|0x00000000e6800000, 0x00000000e6800000, 0x00000000e6900000|  0%| F|  |TAMS 0x00000000e6800000| PB 0x00000000e6800000| Untracked 
| 105|0x00000000e6900000, 0x00000000e6900000, 0x00000000e6a00000|  0%| F|  |TAMS 0x00000000e6900000| PB 0x00000000e6900000| Untracked 
| 106|0x00000000e6a00000, 0x00000000e6a00000, 0x00000000e6b00000|  0%| F|  |TAMS 0x00000000e6a00000| PB 0x00000000e6a00000| Untracked 
| 107|0x00000000e6b00000, 0x00000000e6b00000, 0x00000000e6c00000|  0%| F|  |TAMS 0x00000000e6b00000| PB 0x00000000e6b00000| Untracked 
| 108|0x00000000e6c00000, 0x00000000e6c00000, 0x00000000e6d00000|  0%| F|  |TAMS 0x00000000e6c00000| PB 0x00000000e6c00000| Untracked 
| 109|0x00000000e6d00000, 0x00000000e6d00000, 0x00000000e6e00000|  0%| F|  |TAMS 0x00000000e6d00000| PB 0x00000000e6d00000| Untracked 
| 110|0x00000000e6e00000, 0x00000000e6e00000, 0x00000000e6f00000|  0%| F|  |TAMS 0x00000000e6e00000| PB 0x00000000e6e00000| Untracked 
| 111|0x00000000e6f00000, 0x00000000e6f00000, 0x00000000e7000000|  0%| F|  |TAMS 0x00000000e6f00000| PB 0x00000000e6f00000| Untracked 
| 112|0x00000000e7000000, 0x00000000e7000000, 0x00000000e7100000|  0%| F|  |TAMS 0x00000000e7000000| PB 0x00000000e7000000| Untracked 
| 113|0x00000000e7100000, 0x00000000e7100000, 0x00000000e7200000|  0%| F|  |TAMS 0x00000000e7100000| PB 0x00000000e7100000| Untracked 
| 114|0x00000000e7200000, 0x00000000e7200000, 0x00000000e7300000|  0%| F|  |TAMS 0x00000000e7200000| PB 0x00000000e7200000| Untracked 
| 115|0x00000000e7300000, 0x00000000e7300000, 0x00000000e7400000|  0%| F|  |TAMS 0x00000000e7300000| PB 0x00000000e7300000| Untracked 
| 116|0x00000000e7400000, 0x00000000e7400000, 0x00000000e7500000|  0%| F|  |TAMS 0x00000000e7400000| PB 0x00000000e7400000| Untracked 
| 117|0x00000000e7500000, 0x00000000e7500000, 0x00000000e7600000|  0%| F|  |TAMS 0x00000000e7500000| PB 0x00000000e7500000| Untracked 
| 118|0x00000000e7600000, 0x00000000e7600000, 0x00000000e7700000|  0%| F|  |TAMS 0x00000000e7600000| PB 0x00000000e7600000| Untracked 
| 119|0x00000000e7700000, 0x00000000e7700000, 0x00000000e7800000|  0%| F|  |TAMS 0x00000000e7700000| PB 0x00000000e7700000| Untracked 
| 120|0x00000000e7800000, 0x00000000e7800000, 0x00000000e7900000|  0%| F|  |TAMS 0x00000000e7800000| PB 0x00000000e7800000| Untracked 
| 121|0x00000000e7900000, 0x00000000e7900000, 0x00000000e7a00000|  0%| F|  |TAMS 0x00000000e7900000| PB 0x00000000e7900000| Untracked 
| 122|0x00000000e7a00000, 0x00000000e7a00000, 0x00000000e7b00000|  0%| F|  |TAMS 0x00000000e7a00000| PB 0x00000000e7a00000| Untracked 
| 123|0x00000000e7b00000, 0x00000000e7b00000, 0x00000000e7c00000|  0%| F|  |TAMS 0x00000000e7b00000| PB 0x00000000e7b00000| Untracked 
| 124|0x00000000e7c00000, 0x00000000e7c00000, 0x00000000e7d00000|  0%| F|  |TAMS 0x00000000e7c00000| PB 0x00000000e7c00000| Untracked 
| 125|0x00000000e7d00000, 0x00000000e7d00000, 0x00000000e7e00000|  0%| F|  |TAMS 0x00000000e7d00000| PB 0x00000000e7d00000| Untracked 
| 126|0x00000000e7e00000, 0x00000000e7e00000, 0x00000000e7f00000|  0%| F|  |TAMS 0x00000000e7e00000| PB 0x00000000e7e00000| Untracked 
| 127|0x00000000e7f00000, 0x00000000e7f00000, 0x00000000e8000000|  0%| F|  |TAMS 0x00000000e7f00000| PB 0x00000000e7f00000| Untracked 
| 128|0x00000000e8000000, 0x00000000e8000000, 0x00000000e8100000|  0%| F|  |TAMS 0x00000000e8000000| PB 0x00000000e8000000| Untracked 
| 129|0x00000000e8100000, 0x00000000e8100000, 0x00000000e8200000|  0%| F|  |TAMS 0x00000000e8100000| PB 0x00000000e8100000| Untracked 
| 130|0x00000000e8200000, 0x00000000e8200000, 0x00000000e8300000|  0%| F|  |TAMS 0x00000000e8200000| PB 0x00000000e8200000| Untracked 
| 131|0x00000000e8300000, 0x00000000e8300000, 0x00000000e8400000|  0%| F|  |TAMS 0x00000000e8300000| PB 0x00000000e8300000| Untracked 
| 132|0x00000000e8400000, 0x00000000e8400000, 0x00000000e8500000|  0%| F|  |TAMS 0x00000000e8400000| PB 0x00000000e8400000| Untracked 
| 133|0x00000000e8500000, 0x00000000e8500000, 0x00000000e8600000|  0%| F|  |TAMS 0x00000000e8500000| PB 0x00000000e8500000| Untracked 
| 134|0x00000000e8600000, 0x00000000e8600000, 0x00000000e8700000|  0%| F|  |TAMS 0x00000000e8600000| PB 0x00000000e8600000| Untracked 
| 135|0x00000000e8700000, 0x00000000e8700000, 0x00000000e8800000|  0%| F|  |TAMS 0x00000000e8700000| PB 0x00000000e8700000| Untracked 
| 136|0x00000000e8800000, 0x00000000e8800000, 0x00000000e8900000|  0%| F|  |TAMS 0x00000000e8800000| PB 0x00000000e8800000| Untracked 
| 137|0x00000000e8900000, 0x00000000e8900000, 0x00000000e8a00000|  0%| F|  |TAMS 0x00000000e8900000| PB 0x00000000e8900000| Untracked 
| 138|0x00000000e8a00000, 0x00000000e8a00000, 0x00000000e8b00000|  0%| F|  |TAMS 0x00000000e8a00000| PB 0x00000000e8a00000| Untracked 
| 139|0x00000000e8b00000, 0x00000000e8b00000, 0x00000000e8c00000|  0%| F|  |TAMS 0x00000000e8b00000| PB 0x00000000e8b00000| Untracked 
| 140|0x00000000e8c00000, 0x00000000e8c00000, 0x00000000e8d00000|  0%| F|  |TAMS 0x00000000e8c00000| PB 0x00000000e8c00000| Untracked 
| 141|0x00000000e8d00000, 0x00000000e8d00000, 0x00000000e8e00000|  0%| F|  |TAMS 0x00000000e8d00000| PB 0x00000000e8d00000| Untracked 
| 142|0x00000000e8e00000, 0x00000000e8e00000, 0x00000000e8f00000|  0%| F|  |TAMS 0x00000000e8e00000| PB 0x00000000e8e00000| Untracked 
| 143|0x00000000e8f00000, 0x00000000e8f80000, 0x00000000e9000000| 50%| E|  |TAMS 0x00000000e8f00000| PB 0x00000000e8f00000| Complete 
| 144|0x00000000e9000000, 0x00000000e9100000, 0x00000000e9100000|100%| E|CS|TAMS 0x00000000e9000000| PB 0x00000000e9000000| Complete 
| 145|0x00000000e9100000, 0x00000000e9200000, 0x00000000e9200000|100%| E|CS|TAMS 0x00000000e9100000| PB 0x00000000e9100000| Complete 
| 146|0x00000000e9200000, 0x00000000e9300000, 0x00000000e9300000|100%| E|CS|TAMS 0x00000000e9200000| PB 0x00000000e9200000| Complete 
| 147|0x00000000e9300000, 0x00000000e9400000, 0x00000000e9400000|100%| E|CS|TAMS 0x00000000e9300000| PB 0x00000000e9300000| Complete 
| 148|0x00000000e9400000, 0x00000000e9500000, 0x00000000e9500000|100%| E|CS|TAMS 0x00000000e9400000| PB 0x00000000e9400000| Complete 
| 149|0x00000000e9500000, 0x00000000e9600000, 0x00000000e9600000|100%| E|CS|TAMS 0x00000000e9500000| PB 0x00000000e9500000| Complete 
| 150|0x00000000e9600000, 0x00000000e9700000, 0x00000000e9700000|100%| E|CS|TAMS 0x00000000e9600000| PB 0x00000000e9600000| Complete 
| 151|0x00000000e9700000, 0x00000000e9800000, 0x00000000e9800000|100%| E|CS|TAMS 0x00000000e9700000| PB 0x00000000e9700000| Complete 
| 152|0x00000000e9800000, 0x00000000e9900000, 0x00000000e9900000|100%| E|CS|TAMS 0x00000000e9800000| PB 0x00000000e9800000| Complete 
| 153|0x00000000e9900000, 0x00000000e9a00000, 0x00000000e9a00000|100%| E|CS|TAMS 0x00000000e9900000| PB 0x00000000e9900000| Complete 
| 154|0x00000000e9a00000, 0x00000000e9b00000, 0x00000000e9b00000|100%| E|CS|TAMS 0x00000000e9a00000| PB 0x00000000e9a00000| Complete 
| 155|0x00000000e9b00000, 0x00000000e9c00000, 0x00000000e9c00000|100%| E|CS|TAMS 0x00000000e9b00000| PB 0x00000000e9b00000| Complete 
| 156|0x00000000e9c00000, 0x00000000e9d00000, 0x00000000e9d00000|100%| E|CS|TAMS 0x00000000e9c00000| PB 0x00000000e9c00000| Complete 
| 157|0x00000000e9d00000, 0x00000000e9e00000, 0x00000000e9e00000|100%| E|CS|TAMS 0x00000000e9d00000| PB 0x00000000e9d00000| Complete 
| 158|0x00000000e9e00000, 0x00000000e9f00000, 0x00000000e9f00000|100%| E|CS|TAMS 0x00000000e9e00000| PB 0x00000000e9e00000| Complete 
| 159|0x00000000e9f00000, 0x00000000ea000000, 0x00000000ea000000|100%| E|CS|TAMS 0x00000000e9f00000| PB 0x00000000e9f00000| Complete 
| 160|0x00000000ea000000, 0x00000000ea100000, 0x00000000ea100000|100%| E|CS|TAMS 0x00000000ea000000| PB 0x00000000ea000000| Complete 
| 161|0x00000000ea100000, 0x00000000ea200000, 0x00000000ea200000|100%| E|CS|TAMS 0x00000000ea100000| PB 0x00000000ea100000| Complete 
| 162|0x00000000ea200000, 0x00000000ea300000, 0x00000000ea300000|100%| E|CS|TAMS 0x00000000ea200000| PB 0x00000000ea200000| Complete 
| 163|0x00000000ea300000, 0x00000000ea400000, 0x00000000ea400000|100%| E|CS|TAMS 0x00000000ea300000| PB 0x00000000ea300000| Complete 
| 164|0x00000000ea400000, 0x00000000ea500000, 0x00000000ea500000|100%| E|CS|TAMS 0x00000000ea400000| PB 0x00000000ea400000| Complete 
| 165|0x00000000ea500000, 0x00000000ea600000, 0x00000000ea600000|100%| E|CS|TAMS 0x00000000ea500000| PB 0x00000000ea500000| Complete 
| 166|0x00000000ea600000, 0x00000000ea700000, 0x00000000ea700000|100%| E|CS|TAMS 0x00000000ea600000| PB 0x00000000ea600000| Complete 
| 167|0x00000000ea700000, 0x00000000ea800000, 0x00000000ea800000|100%| E|CS|TAMS 0x00000000ea700000| PB 0x00000000ea700000| Complete 
| 168|0x00000000ea800000, 0x00000000ea900000, 0x00000000ea900000|100%| E|CS|TAMS 0x00000000ea800000| PB 0x00000000ea800000| Complete 
| 169|0x00000000ea900000, 0x00000000eaa00000, 0x00000000eaa00000|100%| E|CS|TAMS 0x00000000ea900000| PB 0x00000000ea900000| Complete 
| 170|0x00000000eaa00000, 0x00000000eab00000, 0x00000000eab00000|100%| E|CS|TAMS 0x00000000eaa00000| PB 0x00000000eaa00000| Complete 
| 171|0x00000000eab00000, 0x00000000eac00000, 0x00000000eac00000|100%| E|CS|TAMS 0x00000000eab00000| PB 0x00000000eab00000| Complete 
| 172|0x00000000eac00000, 0x00000000ead00000, 0x00000000ead00000|100%| E|CS|TAMS 0x00000000eac00000| PB 0x00000000eac00000| Complete 
| 173|0x00000000ead00000, 0x00000000eae00000, 0x00000000eae00000|100%| E|CS|TAMS 0x00000000ead00000| PB 0x00000000ead00000| Complete 
| 174|0x00000000eae00000, 0x00000000eaf00000, 0x00000000eaf00000|100%| E|CS|TAMS 0x00000000eae00000| PB 0x00000000eae00000| Complete 
| 175|0x00000000eaf00000, 0x00000000eb000000, 0x00000000eb000000|100%| E|CS|TAMS 0x00000000eaf00000| PB 0x00000000eaf00000| Complete 
| 176|0x00000000eb000000, 0x00000000eb100000, 0x00000000eb100000|100%| E|CS|TAMS 0x00000000eb000000| PB 0x00000000eb000000| Complete 
| 177|0x00000000eb100000, 0x00000000eb200000, 0x00000000eb200000|100%| E|CS|TAMS 0x00000000eb100000| PB 0x00000000eb100000| Complete 
| 178|0x00000000eb200000, 0x00000000eb300000, 0x00000000eb300000|100%| E|CS|TAMS 0x00000000eb200000| PB 0x00000000eb200000| Complete 
| 179|0x00000000eb300000, 0x00000000eb400000, 0x00000000eb400000|100%| E|CS|TAMS 0x00000000eb300000| PB 0x00000000eb300000| Complete 
| 180|0x00000000eb400000, 0x00000000eb500000, 0x00000000eb500000|100%| E|CS|TAMS 0x00000000eb400000| PB 0x00000000eb400000| Complete 
| 181|0x00000000eb500000, 0x00000000eb600000, 0x00000000eb600000|100%| E|CS|TAMS 0x00000000eb500000| PB 0x00000000eb500000| Complete 
| 182|0x00000000eb600000, 0x00000000eb700000, 0x00000000eb700000|100%| E|CS|TAMS 0x00000000eb600000| PB 0x00000000eb600000| Complete 
| 183|0x00000000eb700000, 0x00000000eb800000, 0x00000000eb800000|100%| E|CS|TAMS 0x00000000eb700000| PB 0x00000000eb700000| Complete 
| 184|0x00000000eb800000, 0x00000000eb900000, 0x00000000eb900000|100%| E|CS|TAMS 0x00000000eb800000| PB 0x00000000eb800000| Complete 
| 185|0x00000000eb900000, 0x00000000eba00000, 0x00000000eba00000|100%| E|CS|TAMS 0x00000000eb900000| PB 0x00000000eb900000| Complete 
| 186|0x00000000eba00000, 0x00000000ebb00000, 0x00000000ebb00000|100%| E|CS|TAMS 0x00000000eba00000| PB 0x00000000eba00000| Complete 
| 187|0x00000000ebb00000, 0x00000000ebc00000, 0x00000000ebc00000|100%| E|CS|TAMS 0x00000000ebb00000| PB 0x00000000ebb00000| Complete 
| 188|0x00000000ebc00000, 0x00000000ebd00000, 0x00000000ebd00000|100%| E|CS|TAMS 0x00000000ebc00000| PB 0x00000000ebc00000| Complete 
| 189|0x00000000ebd00000, 0x00000000ebe00000, 0x00000000ebe00000|100%| E|CS|TAMS 0x00000000ebd00000| PB 0x00000000ebd00000| Complete 
| 190|0x00000000ebe00000, 0x00000000ebf00000, 0x00000000ebf00000|100%| E|CS|TAMS 0x00000000ebe00000| PB 0x00000000ebe00000| Complete 
| 191|0x00000000ebf00000, 0x00000000ec000000, 0x00000000ec000000|100%| E|CS|TAMS 0x00000000ebf00000| PB 0x00000000ebf00000| Complete 
| 192|0x00000000ec000000, 0x00000000ec100000, 0x00000000ec100000|100%| E|CS|TAMS 0x00000000ec000000| PB 0x00000000ec000000| Complete 
| 193|0x00000000ec100000, 0x00000000ec200000, 0x00000000ec200000|100%| E|CS|TAMS 0x00000000ec100000| PB 0x00000000ec100000| Complete 
| 194|0x00000000ec200000, 0x00000000ec300000, 0x00000000ec300000|100%| E|CS|TAMS 0x00000000ec200000| PB 0x00000000ec200000| Complete 
| 195|0x00000000ec300000, 0x00000000ec400000, 0x00000000ec400000|100%| E|CS|TAMS 0x00000000ec300000| PB 0x00000000ec300000| Complete 
| 196|0x00000000ec400000, 0x00000000ec500000, 0x00000000ec500000|100%| E|CS|TAMS 0x00000000ec400000| PB 0x00000000ec400000| Complete 
| 197|0x00000000ec500000, 0x00000000ec600000, 0x00000000ec600000|100%| E|CS|TAMS 0x00000000ec500000| PB 0x00000000ec500000| Complete 
| 198|0x00000000ec600000, 0x00000000ec700000, 0x00000000ec700000|100%| E|CS|TAMS 0x00000000ec600000| PB 0x00000000ec600000| Complete 
| 199|0x00000000ec700000, 0x00000000ec800000, 0x00000000ec800000|100%| E|CS|TAMS 0x00000000ec700000| PB 0x00000000ec700000| Complete 
| 200|0x00000000ec800000, 0x00000000ec900000, 0x00000000ec900000|100%| E|CS|TAMS 0x00000000ec800000| PB 0x00000000ec800000| Complete 
| 201|0x00000000ec900000, 0x00000000eca00000, 0x00000000eca00000|100%| E|CS|TAMS 0x00000000ec900000| PB 0x00000000ec900000| Complete 
| 202|0x00000000eca00000, 0x00000000ecb00000, 0x00000000ecb00000|100%| E|CS|TAMS 0x00000000eca00000| PB 0x00000000eca00000| Complete 
| 203|0x00000000ecb00000, 0x00000000ecc00000, 0x00000000ecc00000|100%| E|CS|TAMS 0x00000000ecb00000| PB 0x00000000ecb00000| Complete 
| 204|0x00000000ecc00000, 0x00000000ecd00000, 0x00000000ecd00000|100%| E|CS|TAMS 0x00000000ecc00000| PB 0x00000000ecc00000| Complete 
| 205|0x00000000ecd00000, 0x00000000ece00000, 0x00000000ece00000|100%| E|CS|TAMS 0x00000000ecd00000| PB 0x00000000ecd00000| Complete 
| 206|0x00000000ece00000, 0x00000000ecf00000, 0x00000000ecf00000|100%| E|CS|TAMS 0x00000000ece00000| PB 0x00000000ece00000| Complete 
| 207|0x00000000ecf00000, 0x00000000ed000000, 0x00000000ed000000|100%| E|CS|TAMS 0x00000000ecf00000| PB 0x00000000ecf00000| Complete 
| 208|0x00000000ed000000, 0x00000000ed100000, 0x00000000ed100000|100%| E|CS|TAMS 0x00000000ed000000| PB 0x00000000ed000000| Complete 
| 209|0x00000000ed100000, 0x00000000ed200000, 0x00000000ed200000|100%| E|CS|TAMS 0x00000000ed100000| PB 0x00000000ed100000| Complete 
| 210|0x00000000ed200000, 0x00000000ed300000, 0x00000000ed300000|100%| E|CS|TAMS 0x00000000ed200000| PB 0x00000000ed200000| Complete 
| 211|0x00000000ed300000, 0x00000000ed400000, 0x00000000ed400000|100%| E|CS|TAMS 0x00000000ed300000| PB 0x00000000ed300000| Complete 
| 212|0x00000000ed400000, 0x00000000ed500000, 0x00000000ed500000|100%| E|CS|TAMS 0x00000000ed400000| PB 0x00000000ed400000| Complete 
| 213|0x00000000ed500000, 0x00000000ed600000, 0x00000000ed600000|100%| E|CS|TAMS 0x00000000ed500000| PB 0x00000000ed500000| Complete 
| 214|0x00000000ed600000, 0x00000000ed700000, 0x00000000ed700000|100%| E|CS|TAMS 0x00000000ed600000| PB 0x00000000ed600000| Complete 
| 215|0x00000000ed700000, 0x00000000ed800000, 0x00000000ed800000|100%| E|CS|TAMS 0x00000000ed700000| PB 0x00000000ed700000| Complete 
| 216|0x00000000ed800000, 0x00000000ed900000, 0x00000000ed900000|100%| E|CS|TAMS 0x00000000ed800000| PB 0x00000000ed800000| Complete 
| 217|0x00000000ed900000, 0x00000000eda00000, 0x00000000eda00000|100%| E|CS|TAMS 0x00000000ed900000| PB 0x00000000ed900000| Complete 
| 218|0x00000000eda00000, 0x00000000edb00000, 0x00000000edb00000|100%| E|CS|TAMS 0x00000000eda00000| PB 0x00000000eda00000| Complete 
| 219|0x00000000edb00000, 0x00000000edc00000, 0x00000000edc00000|100%| E|CS|TAMS 0x00000000edb00000| PB 0x00000000edb00000| Complete 
| 220|0x00000000edc00000, 0x00000000edd00000, 0x00000000edd00000|100%| E|CS|TAMS 0x00000000edc00000| PB 0x00000000edc00000| Complete 
| 221|0x00000000edd00000, 0x00000000ede00000, 0x00000000ede00000|100%| E|CS|TAMS 0x00000000edd00000| PB 0x00000000edd00000| Complete 
| 222|0x00000000ede00000, 0x00000000edf00000, 0x00000000edf00000|100%| E|CS|TAMS 0x00000000ede00000| PB 0x00000000ede00000| Complete 
| 223|0x00000000edf00000, 0x00000000ee000000, 0x00000000ee000000|100%| E|CS|TAMS 0x00000000edf00000| PB 0x00000000edf00000| Complete 
| 224|0x00000000ee000000, 0x00000000ee100000, 0x00000000ee100000|100%| E|CS|TAMS 0x00000000ee000000| PB 0x00000000ee000000| Complete 
| 225|0x00000000ee100000, 0x00000000ee200000, 0x00000000ee200000|100%| E|CS|TAMS 0x00000000ee100000| PB 0x00000000ee100000| Complete 
| 226|0x00000000ee200000, 0x00000000ee300000, 0x00000000ee300000|100%| E|CS|TAMS 0x00000000ee200000| PB 0x00000000ee200000| Complete 
| 227|0x00000000ee300000, 0x00000000ee400000, 0x00000000ee400000|100%| E|CS|TAMS 0x00000000ee300000| PB 0x00000000ee300000| Complete 
| 228|0x00000000ee400000, 0x00000000ee500000, 0x00000000ee500000|100%| E|CS|TAMS 0x00000000ee400000| PB 0x00000000ee400000| Complete 
| 229|0x00000000ee500000, 0x00000000ee600000, 0x00000000ee600000|100%| E|CS|TAMS 0x00000000ee500000| PB 0x00000000ee500000| Complete 
| 230|0x00000000ee600000, 0x00000000ee700000, 0x00000000ee700000|100%| E|CS|TAMS 0x00000000ee600000| PB 0x00000000ee600000| Complete 
| 231|0x00000000ee700000, 0x00000000ee800000, 0x00000000ee800000|100%| E|CS|TAMS 0x00000000ee700000| PB 0x00000000ee700000| Complete 
| 232|0x00000000ee800000, 0x00000000ee82f828, 0x00000000ee900000| 18%| S|CS|TAMS 0x00000000ee800000| PB 0x00000000ee800000| Complete 
| 233|0x00000000ee900000, 0x00000000eea00000, 0x00000000eea00000|100%| S|CS|TAMS 0x00000000ee900000| PB 0x00000000ee900000| Complete 
| 234|0x00000000eea00000, 0x00000000eeb00000, 0x00000000eeb00000|100%| S|CS|TAMS 0x00000000eea00000| PB 0x00000000eea00000| Complete 
| 235|0x00000000eeb00000, 0x00000000eec00000, 0x00000000eec00000|100%| S|CS|TAMS 0x00000000eeb00000| PB 0x00000000eeb00000| Complete 
| 236|0x00000000eec00000, 0x00000000eed00000, 0x00000000eed00000|100%| S|CS|TAMS 0x00000000eec00000| PB 0x00000000eec00000| Complete 
| 237|0x00000000eed00000, 0x00000000eee00000, 0x00000000eee00000|100%| S|CS|TAMS 0x00000000eed00000| PB 0x00000000eed00000| Complete 
| 238|0x00000000eee00000, 0x00000000eef00000, 0x00000000eef00000|100%| S|CS|TAMS 0x00000000eee00000| PB 0x00000000eee00000| Complete 
| 239|0x00000000eef00000, 0x00000000ef000000, 0x00000000ef000000|100%| S|CS|TAMS 0x00000000eef00000| PB 0x00000000eef00000| Complete 
| 240|0x00000000ef000000, 0x00000000ef100000, 0x00000000ef100000|100%| S|CS|TAMS 0x00000000ef000000| PB 0x00000000ef000000| Complete 
| 241|0x00000000ef100000, 0x00000000ef200000, 0x00000000ef200000|100%| S|CS|TAMS 0x00000000ef100000| PB 0x00000000ef100000| Complete 
| 242|0x00000000ef200000, 0x00000000ef300000, 0x00000000ef300000|100%| E|CS|TAMS 0x00000000ef200000| PB 0x00000000ef200000| Complete 
| 243|0x00000000ef300000, 0x00000000ef400000, 0x00000000ef400000|100%| E|CS|TAMS 0x00000000ef300000| PB 0x00000000ef300000| Complete 
| 244|0x00000000ef400000, 0x00000000ef500000, 0x00000000ef500000|100%| E|CS|TAMS 0x00000000ef400000| PB 0x00000000ef400000| Complete 
| 245|0x00000000ef500000, 0x00000000ef600000, 0x00000000ef600000|100%| E|CS|TAMS 0x00000000ef500000| PB 0x00000000ef500000| Complete 
| 246|0x00000000ef600000, 0x00000000ef700000, 0x00000000ef700000|100%| E|CS|TAMS 0x00000000ef600000| PB 0x00000000ef600000| Complete 
| 247|0x00000000ef700000, 0x00000000ef800000, 0x00000000ef800000|100%| E|CS|TAMS 0x00000000ef700000| PB 0x00000000ef700000| Complete 
| 248|0x00000000ef800000, 0x00000000ef900000, 0x00000000ef900000|100%| E|CS|TAMS 0x00000000ef800000| PB 0x00000000ef800000| Complete 
| 249|0x00000000ef900000, 0x00000000efa00000, 0x00000000efa00000|100%| E|CS|TAMS 0x00000000ef900000| PB 0x00000000ef900000| Complete 
| 250|0x00000000efa00000, 0x00000000efb00000, 0x00000000efb00000|100%| E|CS|TAMS 0x00000000efa00000| PB 0x00000000efa00000| Complete 
| 251|0x00000000efb00000, 0x00000000efc00000, 0x00000000efc00000|100%| E|CS|TAMS 0x00000000efb00000| PB 0x00000000efb00000| Complete 
| 252|0x00000000efc00000, 0x00000000efd00000, 0x00000000efd00000|100%| E|CS|TAMS 0x00000000efc00000| PB 0x00000000efc00000| Complete 
| 253|0x00000000efd00000, 0x00000000efe00000, 0x00000000efe00000|100%| E|CS|TAMS 0x00000000efd00000| PB 0x00000000efd00000| Complete 
| 254|0x00000000efe00000, 0x00000000eff00000, 0x00000000eff00000|100%| E|CS|TAMS 0x00000000efe00000| PB 0x00000000efe00000| Complete 
| 255|0x00000000eff00000, 0x00000000f0000000, 0x00000000f0000000|100%| E|CS|TAMS 0x00000000eff00000| PB 0x00000000eff00000| Complete 

Card table byte_map: [0x0000013d2df70000,0x0000013d2e070000] _byte_map_base: 0x0000013d2d870000

Marking Bits: (CMBitMap*) 0x0000013d1b96aa90
 Bits: [0x0000013d2e070000, 0x0000013d2e870000)

Polling page: 0x0000013d19a70000

Metaspace:

Usage:
  Non-class:     38.41 MB used.
      Class:      6.85 MB used.
       Both:     45.26 MB used.

Virtual space:
  Non-class space:       64.00 MB reserved,      39.31 MB ( 61%) committed,  1 nodes.
      Class space:      320.00 MB reserved,       7.69 MB (  2%) committed,  1 nodes.
             Both:      384.00 MB reserved,      47.00 MB ( 12%) committed. 

Chunk freelists:
   Non-Class:  8.67 MB
       Class:  8.13 MB
        Both:  16.80 MB

MaxMetaspaceSize: 384.00 MB
CompressedClassSpaceSize: 320.00 MB
Initial GC threshold: 21.00 MB
Current GC threshold: 60.44 MB
CDS: on
 - commit_granule_bytes: 65536.
 - commit_granule_words: 8192.
 - virtual_space_node_default_size: 8388608.
 - enlarge_chunks_in_place: 1.
 - use_allocation_guard: 0.


Internal statistics:

num_allocs_failed_limit: 12.
num_arena_births: 3338.
num_arena_deaths: 0.
num_vsnodes_births: 2.
num_vsnodes_deaths: 0.
num_space_committed: 752.
num_space_uncommitted: 0.
num_chunks_returned_to_freelist: 12.
num_chunks_taken_from_freelist: 5639.
num_chunk_merges: 6.
num_chunk_splits: 3663.
num_chunks_enlarged: 2234.
num_inconsistent_stats: 0.

CodeHeap 'non-profiled nmethods': size=120000Kb used=3020Kb max_used=3020Kb free=116979Kb
 bounds [0x0000013d26610000, 0x0000013d26910000, 0x0000013d2db40000]
CodeHeap 'profiled nmethods': size=120000Kb used=9910Kb max_used=9910Kb free=110089Kb
 bounds [0x0000013d1eb40000, 0x0000013d1f4f0000, 0x0000013d26070000]
CodeHeap 'non-nmethods': size=5760Kb used=2070Kb max_used=2112Kb free=3689Kb
 bounds [0x0000013d26070000, 0x0000013d262e0000, 0x0000013d26610000]
CodeCache: size=245760Kb, used=15000Kb, max_used=15042Kb, free=230757Kb
 total_blobs=5930, nmethods=5174, adapters=660, full_count=0
Compilation: enabled, stopped_count=0, restarted_count=0

Compilation events (20 events):
Event: 268.111 Thread 0x0000013d3130ee50 nmethod 5615 0x0000013d1f4eae10 code [0x0000013d1f4eafe0, 0x0000013d1f4eb320]
Event: 268.461 Thread 0x0000013d3130ee50 5616       1       org.gradle.internal.logging.progress.DefaultProgressLoggerFactory::access$200 (5 bytes)
Event: 268.461 Thread 0x0000013d3130ee50 nmethod 5616 0x0000013d268fe810 code [0x0000013d268fe9a0, 0x0000013d268fea50]
Event: 268.461 Thread 0x0000013d3130ee50 5617       1       org.gradle.internal.operations.BuildOperationDescriptor::getMetadata (5 bytes)
Event: 268.461 Thread 0x0000013d3130ee50 nmethod 5617 0x0000013d268feb10 code [0x0000013d268feca0, 0x0000013d268fed68]
Event: 268.474 Thread 0x0000013d3130ee50 5619       3       org.gradle.internal.logging.sink.OutputEventRenderer::onOutput (82 bytes)
Event: 268.474 Thread 0x0000013d3130ee50 nmethod 5619 0x0000013d1f4eb490 code [0x0000013d1f4eb6e0, 0x0000013d1f4ec320]
Event: 268.474 Thread 0x0000013d3130ee50 5620       3       org.gradle.internal.logging.sink.OutputEventTransformer::onOutput (369 bytes)
Event: 268.494 Thread 0x0000013d3130ee50 nmethod 5620 0x0000013d268ff110 code [0x0000013d268ff5e0, 0x0000013d26902358]
Event: 268.495 Thread 0x0000013d3130ee50 5621       3       org.gradle.internal.logging.sink.OutputEventListenerManager$1::onOutput (33 bytes)
Event: 268.495 Thread 0x0000013d3130ee50 nmethod 5621 0x0000013d1f4ec590 code [0x0000013d1f4ec760, 0x0000013d1f4eca80]
Event: 268.505 Thread 0x0000013d3130ee50 5622       3       jdk.internal.misc.VM::isModuleSystemInited (13 bytes)
Event: 268.505 Thread 0x0000013d3130ee50 nmethod 5622 0x0000013d1f4ecc10 code [0x0000013d1f4ecda0, 0x0000013d1f4ecef0]
Event: 268.505 Thread 0x0000013d3130ee50 5623       3       java.util.HashSet::<init> (29 bytes)
Event: 268.506 Thread 0x0000013d3130ee50 nmethod 5623 0x0000013d1f4ecf90 code [0x0000013d1f4ed180, 0x0000013d1f4ed670]
Event: 268.551 Thread 0x0000013d3130ee50 5624       3       java.lang.StringBuilder::append (8 bytes)
Event: 268.552 Thread 0x0000013d3130ee50 nmethod 5624 0x0000013d1f4ed810 code [0x0000013d1f4ed9c0, 0x0000013d1f4edb10]
Event: 268.597 Thread 0x0000013d3130ee50 5625       1       java.util.stream.Collectors$CollectorImpl::finisher (5 bytes)
Event: 268.597 Thread 0x0000013d3130ee50 nmethod 5625 0x0000013d26902d90 code [0x0000013d26902f20, 0x0000013d26902fe8]
Event: 268.637 Thread 0x0000013d313027d0 5626   !   4       java.util.concurrent.ConcurrentHashMap::computeIfAbsent (576 bytes)

GC Heap History (14 events):
Event: 16.826 GC heap before
{Heap before GC invocations=0 (full 0):
 garbage-first heap   total 262144K, used 26624K [0x00000000e0000000, 0x0000000100000000)
  region size 1024K, 23 young (23552K), 0 survivors (0K)
 Metaspace       used 2923K, committed 3072K, reserved 393216K
  class space    used 347K, committed 384K, reserved 327680K
}
Event: 17.627 GC heap after
{Heap after GC invocations=1 (full 0):
 garbage-first heap   total 262144K, used 11093K [0x00000000e0000000, 0x0000000100000000)
  region size 1024K, 3 young (3072K), 3 survivors (3072K)
 Metaspace       used 2923K, committed 3072K, reserved 393216K
  class space    used 347K, committed 384K, reserved 327680K
}
Event: 36.996 GC heap before
{Heap before GC invocations=1 (full 0):
 garbage-first heap   total 262144K, used 40789K [0x00000000e0000000, 0x0000000100000000)
  region size 1024K, 31 young (31744K), 3 survivors (3072K)
 Metaspace       used 4698K, committed 4928K, reserved 393216K
  class space    used 595K, committed 704K, reserved 327680K
}
Event: 36.999 GC heap after
{Heap after GC invocations=2 (full 0):
 garbage-first heap   total 262144K, used 14904K [0x00000000e0000000, 0x0000000100000000)
  region size 1024K, 3 young (3072K), 3 survivors (3072K)
 Metaspace       used 4698K, committed 4928K, reserved 393216K
  class space    used 595K, committed 704K, reserved 327680K
}
Event: 104.215 GC heap before
{Heap before GC invocations=2 (full 0):
 garbage-first heap   total 262144K, used 100920K [0x00000000e0000000, 0x0000000100000000)
  region size 1024K, 87 young (89088K), 3 survivors (3072K)
 Metaspace       used 17533K, committed 18112K, reserved 393216K
  class space    used 2431K, committed 2688K, reserved 327680K
}
Event: 104.258 GC heap after
{Heap after GC invocations=3 (full 0):
 garbage-first heap   total 262144K, used 22898K [0x00000000e0000000, 0x0000000100000000)
  region size 1024K, 11 young (11264K), 11 survivors (11264K)
 Metaspace       used 17533K, committed 18112K, reserved 393216K
  class space    used 2431K, committed 2688K, reserved 327680K
}
Event: 105.956 GC heap before
{Heap before GC invocations=3 (full 0):
 garbage-first heap   total 262144K, used 48498K [0x00000000e0000000, 0x0000000100000000)
  region size 1024K, 37 young (37888K), 11 survivors (11264K)
 Metaspace       used 20873K, committed 21504K, reserved 393216K
  class space    used 2981K, committed 3328K, reserved 327680K
}
Event: 105.992 GC heap after
{Heap after GC invocations=4 (full 0):
 garbage-first heap   total 262144K, used 24855K [0x00000000e0000000, 0x0000000100000000)
  region size 1024K, 3 young (3072K), 3 survivors (3072K)
 Metaspace       used 20873K, committed 21504K, reserved 393216K
  class space    used 2981K, committed 3328K, reserved 327680K
}
Event: 170.865 GC heap before
{Heap before GC invocations=5 (full 0):
 garbage-first heap   total 262144K, used 132375K [0x00000000e0000000, 0x0000000100000000)
  region size 1024K, 110 young (112640K), 3 survivors (3072K)
 Metaspace       used 35057K, committed 36416K, reserved 393216K
  class space    used 5159K, committed 5824K, reserved 327680K
}
Event: 170.874 GC heap after
{Heap after GC invocations=6 (full 0):
 garbage-first heap   total 262144K, used 31123K [0x00000000e0000000, 0x0000000100000000)
  region size 1024K, 9 young (9216K), 9 survivors (9216K)
 Metaspace       used 35057K, committed 36416K, reserved 393216K
  class space    used 5159K, committed 5824K, reserved 327680K
}
Event: 170.986 GC heap before
{Heap before GC invocations=6 (full 0):
 garbage-first heap   total 262144K, used 32147K [0x00000000e0000000, 0x0000000100000000)
  region size 1024K, 11 young (11264K), 9 survivors (9216K)
 Metaspace       used 35356K, committed 36736K, reserved 393216K
  class space    used 5205K, committed 5888K, reserved 327680K
}
Event: 170.994 GC heap after
{Heap after GC invocations=7 (full 0):
 garbage-first heap   total 262144K, used 31568K [0x00000000e0000000, 0x0000000100000000)
  region size 1024K, 9 young (9216K), 9 survivors (9216K)
 Metaspace       used 35356K, committed 36736K, reserved 393216K
  class space    used 5205K, committed 5888K, reserved 327680K
}
Event: 171.410 GC heap before
{Heap before GC invocations=7 (full 0):
 garbage-first heap   total 262144K, used 35664K [0x00000000e0000000, 0x0000000100000000)
  region size 1024K, 14 young (14336K), 9 survivors (9216K)
 Metaspace       used 35684K, committed 37056K, reserved 393216K
  class space    used 5244K, committed 5952K, reserved 327680K
}
Event: 171.417 GC heap after
{Heap after GC invocations=8 (full 0):
 garbage-first heap   total 262144K, used 31970K [0x00000000e0000000, 0x0000000100000000)
  region size 1024K, 10 young (10240K), 10 survivors (10240K)
 Metaspace       used 35684K, committed 37056K, reserved 393216K
  class space    used 5244K, committed 5952K, reserved 327680K
}

Dll operation events (20 events):
Event: 2.655 Attempting to load shared library C:\Users\user\.vscode\extensions\redhat.java-1.56.0-win32-x64\jre\21.0.12.1-win32-x86_64\bin\nio.dll
Event: 2.669 Loaded shared library C:\Users\user\.vscode\extensions\redhat.java-1.56.0-win32-x64\jre\21.0.12.1-win32-x86_64\bin\nio.dll
Event: 2.692 Attempting to load shared library C:\Users\user\.vscode\extensions\redhat.java-1.56.0-win32-x64\jre\21.0.12.1-win32-x86_64\bin\zip.dll
Event: 2.692 Loaded shared library C:\Users\user\.vscode\extensions\redhat.java-1.56.0-win32-x64\jre\21.0.12.1-win32-x86_64\bin\zip.dll
Event: 7.965 Attempting to load shared library C:\Users\user\.vscode\extensions\redhat.java-1.56.0-win32-x64\jre\21.0.12.1-win32-x86_64\bin\jimage.dll
Event: 7.965 Loaded shared library C:\Users\user\.vscode\extensions\redhat.java-1.56.0-win32-x64\jre\21.0.12.1-win32-x86_64\bin\jimage.dll
Event: 13.300 Attempting to load shared library C:\Users\user\.vscode\extensions\redhat.java-1.56.0-win32-x64\jre\21.0.12.1-win32-x86_64\bin\verify.dll
Event: 13.323 Loaded shared library C:\Users\user\.vscode\extensions\redhat.java-1.56.0-win32-x64\jre\21.0.12.1-win32-x86_64\bin\verify.dll
Event: 14.778 Attempting to load shared library C:\Users\user\.gradle\native\660c5614fbf4a5f2a75b1949f50a0caf5cd603558e7d8a26e50b933a0cfb79d1\windows-amd64\native-platform.dll
Event: 14.788 Loaded shared library C:\Users\user\.gradle\native\660c5614fbf4a5f2a75b1949f50a0caf5cd603558e7d8a26e50b933a0cfb79d1\windows-amd64\native-platform.dll
Event: 15.627 Attempting to load shared library C:\Users\user\.gradle\native\0.2.8\x86_64-windows-gnu\gradle-fileevents.dll
Event: 15.635 Loaded shared library C:\Users\user\.gradle\native\0.2.8\x86_64-windows-gnu\gradle-fileevents.dll
Event: 54.067 Attempting to load shared library C:\Users\user\.vscode\extensions\redhat.java-1.56.0-win32-x64\jre\21.0.12.1-win32-x86_64\bin\management.dll
Event: 54.118 Loaded shared library C:\Users\user\.vscode\extensions\redhat.java-1.56.0-win32-x64\jre\21.0.12.1-win32-x86_64\bin\management.dll
Event: 54.165 Attempting to load shared library C:\Users\user\.vscode\extensions\redhat.java-1.56.0-win32-x64\jre\21.0.12.1-win32-x86_64\bin\management_ext.dll
Event: 54.218 Loaded shared library C:\Users\user\.vscode\extensions\redhat.java-1.56.0-win32-x64\jre\21.0.12.1-win32-x86_64\bin\management_ext.dll
Event: 80.779 Attempting to load shared library C:\Users\user\.vscode\extensions\redhat.java-1.56.0-win32-x64\jre\21.0.12.1-win32-x86_64\bin\extnet.dll
Event: 80.802 Loaded shared library C:\Users\user\.vscode\extensions\redhat.java-1.56.0-win32-x64\jre\21.0.12.1-win32-x86_64\bin\extnet.dll
Event: 90.096 Attempting to load shared library C:\Users\user\.vscode\extensions\redhat.java-1.56.0-win32-x64\jre\21.0.12.1-win32-x86_64\bin\sunmscapi.dll
Event: 90.130 Loaded shared library C:\Users\user\.vscode\extensions\redhat.java-1.56.0-win32-x64\jre\21.0.12.1-win32-x86_64\bin\sunmscapi.dll

Deoptimization events (20 events):
Event: 268.471 Thread 0x0000013d4c337830 Uncommon trap: trap_request=0x0000002f fr.pc=0x0000013d26852a60 relative=0x0000000000007c20
Event: 268.471 Thread 0x0000013d4c337830 Uncommon trap: reason=unloaded action=reinterpret pc=0x0000013d26852a60 method=java.net.URLClassLoader$1.run()Ljava/lang/Class; @ 48 c2
Event: 268.471 Thread 0x0000013d4c337830 DEOPT PACKING pc=0x0000013d26852a60 sp=0x00000038703f8770
Event: 268.471 Thread 0x0000013d4c337830 DEOPT UNPACKING pc=0x0000013d260c7ba2 sp=0x00000038703f8610 mode 2
Event: 268.472 Thread 0x0000013d4c337830 Uncommon trap: trap_request=0xffffffc6 fr.pc=0x0000013d2686dc3c relative=0x000000000000025c
Event: 268.472 Thread 0x0000013d4c337830 Uncommon trap: reason=bimorphic_or_optimized_type_check action=maybe_recompile pc=0x0000013d2686dc3c method=java.util.regex.Pattern$BmpCharProperty.match(Ljava/util/regex/Matcher;ILjava/lang/CharSequence;)Z @ 19 c2
Event: 268.472 Thread 0x0000013d4c337830 DEOPT PACKING pc=0x0000013d2686dc3c sp=0x00000038703f9650
Event: 268.472 Thread 0x0000013d4c337830 DEOPT UNPACKING pc=0x0000013d260c7ba2 sp=0x00000038703f95e8 mode 2
Event: 268.472 Thread 0x0000013d4c337830 Uncommon trap: trap_request=0xffffffc6 fr.pc=0x0000013d2686dc3c relative=0x000000000000025c
Event: 268.472 Thread 0x0000013d4c337830 Uncommon trap: reason=bimorphic_or_optimized_type_check action=maybe_recompile pc=0x0000013d2686dc3c method=java.util.regex.Pattern$BmpCharProperty.match(Ljava/util/regex/Matcher;ILjava/lang/CharSequence;)Z @ 19 c2
Event: 268.472 Thread 0x0000013d4c337830 DEOPT PACKING pc=0x0000013d2686dc3c sp=0x00000038703f9650
Event: 268.472 Thread 0x0000013d4c337830 DEOPT UNPACKING pc=0x0000013d260c7ba2 sp=0x00000038703f95e8 mode 2
Event: 268.472 Thread 0x0000013d4c337830 Uncommon trap: trap_request=0xffffffc6 fr.pc=0x0000013d2686dc3c relative=0x000000000000025c
Event: 268.472 Thread 0x0000013d4c337830 Uncommon trap: reason=bimorphic_or_optimized_type_check action=maybe_recompile pc=0x0000013d2686dc3c method=java.util.regex.Pattern$BmpCharProperty.match(Ljava/util/regex/Matcher;ILjava/lang/CharSequence;)Z @ 19 c2
Event: 268.472 Thread 0x0000013d4c337830 DEOPT PACKING pc=0x0000013d2686dc3c sp=0x00000038703f9650
Event: 268.472 Thread 0x0000013d4c337830 DEOPT UNPACKING pc=0x0000013d260c7ba2 sp=0x00000038703f95e8 mode 2
Event: 268.472 Thread 0x0000013d4c337830 Uncommon trap: trap_request=0xffffffc6 fr.pc=0x0000013d2686dc3c relative=0x000000000000025c
Event: 268.472 Thread 0x0000013d4c337830 Uncommon trap: reason=bimorphic_or_optimized_type_check action=maybe_recompile pc=0x0000013d2686dc3c method=java.util.regex.Pattern$BmpCharProperty.match(Ljava/util/regex/Matcher;ILjava/lang/CharSequence;)Z @ 19 c2
Event: 268.472 Thread 0x0000013d4c337830 DEOPT PACKING pc=0x0000013d2686dc3c sp=0x00000038703f9650
Event: 268.472 Thread 0x0000013d4c337830 DEOPT UNPACKING pc=0x0000013d260c7ba2 sp=0x00000038703f95e8 mode 2

Classes loaded (20 events):
Event: 238.123 Loading class java/nio/file/Path$1
Event: 238.123 Loading class java/nio/file/Path$1 done
Event: 246.207 Loading class java/util/ArrayList$SubList$1
Event: 246.207 Loading class java/util/ArrayList$SubList$1 done
Event: 246.225 Loading class java/util/ArrayList$ListItr
Event: 246.225 Loading class java/util/ArrayList$ListItr done
Event: 246.257 Loading class java/util/regex/Pattern$Pos
Event: 246.257 Loading class java/util/regex/Pattern$Pos done
Event: 268.467 Loading class java/util/AbstractList$RandomAccessSubList
Event: 268.467 Loading class java/util/AbstractList$SubList
Event: 268.468 Loading class java/util/AbstractList$SubList done
Event: 268.468 Loading class java/util/AbstractList$RandomAccessSubList done
Event: 268.468 Loading class java/util/AbstractList$SubList$1
Event: 268.468 Loading class java/util/AbstractList$SubList$1 done
Event: 268.468 Loading class java/util/AbstractList$ListItr
Event: 268.468 Loading class java/util/AbstractList$ListItr done
Event: 268.471 Loading class java/util/zip/DataFormatException
Event: 268.471 Loading class java/util/zip/DataFormatException done
Event: 268.505 Loading class java/lang/StackTraceElement$HashedModules
Event: 268.505 Loading class java/lang/StackTraceElement$HashedModules done

Classes unloaded (0 events):
No events

Classes redefined (0 events):
No events

Internal exceptions (20 events):
Event: 238.118 Thread 0x0000013d4c337830 Exception <a 'java/lang/NoSuchMethodError'{0x00000000ea7047f8}: 'int java.lang.invoke.DirectMethodHandle$Holder.invokeSpecialIFC(java.lang.Object, java.lang.Object, java.lang.Object)'> (0x00000000ea7047f8) 
thrown [s\src\hotspot\share\interpreter\linkResolver.cpp, line 773]
Event: 239.227 Thread 0x0000013d4c337830 Exception <a 'java/lang/NoSuchMethodError'{0x00000000ea3d9908}: 'void java.lang.invoke.DirectMethodHandle$Holder.invokeStatic(java.lang.Object, java.lang.Object, java.lang.Object, int, java.lang.Object)'> (0x00000000ea3d9908) 
thrown [s\src\hotspot\share\interpreter\linkResolver.cpp, line 773]
Event: 239.595 Thread 0x0000013d4c337830 Exception <a 'java/lang/NoSuchMethodError'{0x00000000ea172d18}: 'int java.lang.invoke.DirectMethodHandle$Holder.invokeInterface(java.lang.Object, java.lang.Object, java.lang.Object, java.lang.Object, java.lang.Object)'> (0x00000000ea172d18) 
thrown [s\src\hotspot\share\interpreter\linkResolver.cpp, line 773]
Event: 246.236 Thread 0x0000013d4c337830 Exception <a 'java/lang/NoSuchMethodError'{0x00000000e9971828}: 'int java.lang.invoke.DirectMethodHandle$Holder.invokeInterface(java.lang.Object, java.lang.Object, java.lang.Object, java.lang.Object)'> (0x00000000e9971828) 
thrown [s\src\hotspot\share\interpreter\linkResolver.cpp, line 773]
Event: 246.294 Thread 0x0000013d4c337830 Exception <a 'java/lang/NoSuchMethodError'{0x00000000e9745e78}: 'java.lang.Object java.lang.invoke.DirectMethodHandle$Holder.invokeStatic(java.lang.Object, long, java.lang.Object)'> (0x00000000e9745e78) 
thrown [s\src\hotspot\share\interpreter\linkResolver.cpp, line 773]
Event: 246.295 Thread 0x0000013d4c337830 Exception <a 'java/lang/NoSuchMethodError'{0x00000000e974d2e8}: 'java.lang.Object java.lang.invoke.DirectMethodHandle$Holder.newInvokeSpecial(java.lang.Object, long)'> (0x00000000e974d2e8) 
thrown [s\src\hotspot\share\interpreter\linkResolver.cpp, line 773]
Event: 246.305 Thread 0x0000013d4c337830 Exception <a 'java/lang/NoSuchMethodError'{0x00000000e97ac1b0}: 'java.lang.Object java.lang.invoke.DirectMethodHandle$Holder.newInvokeSpecial(java.lang.Object, java.lang.Object, java.lang.Object, java.lang.Object, java.lang.Object, long, java.lang.Object)'> (0x00000000e97ac1b0) 
thrown [s\src\hotspot\share\interpreter\linkResolver.cpp, line 773]
Event: 246.306 Thread 0x0000013d4c337830 Exception <a 'java/lang/NoSuchMethodError'{0x00000000e97b4b88}: 'java.lang.Object java.lang.invoke.Invokers$Holder.linkToTargetMethod(java.lang.Object, java.lang.Object, java.lang.Object, java.lang.Object, long, java.lang.Object, java.lang.Object)'> (0x00000000e97b4b88) 
thrown [s\src\hotspot\share\interpreter\linkResolver.cpp, line 773]
Event: 246.310 Thread 0x0000013d4c337830 Exception <a 'java/lang/NoSuchMethodError'{0x00000000e97f4c70}: 'java.lang.Object java.lang.invoke.DirectMethodHandle$Holder.newInvokeSpecial(java.lang.Object, java.lang.Object, java.lang.Object, long, java.lang.Object)'> (0x00000000e97f4c70) 
thrown [s\src\hotspot\share\interpreter\linkResolver.cpp, line 773]
Event: 246.310 Thread 0x0000013d4c337830 Exception <a 'java/lang/NoSuchMethodError'{0x00000000e97f9ae8}: 'java.lang.Object java.lang.invoke.DirectMethodHandle$Holder.invokeSpecial(java.lang.Object, java.lang.Object, java.lang.Object, java.lang.Object, long, java.lang.Object)'> (0x00000000e97f9ae8) 
thrown [s\src\hotspot\share\interpreter\linkResolver.cpp, line 773]
Event: 246.311 Thread 0x0000013d4c337830 Exception <a 'java/lang/NoSuchMethodError'{0x00000000e97fe030}: 'java.lang.Object java.lang.invoke.Invokers$Holder.linkToTargetMethod(java.lang.Object, java.lang.Object, long, java.lang.Object, java.lang.Object)'> (0x00000000e97fe030) 
thrown [s\src\hotspot\share\interpreter\linkResolver.cpp, line 773]
Event: 246.399 Thread 0x0000013d4c337830 Implicit null exception at 0x0000013d267fec7c to 0x0000013d267fed34
Event: 246.442 Thread 0x0000013d4c337830 Exception <a 'java/lang/NoSuchMethodError'{0x00000000e9461330}: 'java.lang.Object java.lang.invoke.DirectMethodHandle$Holder.invokeSpecial(java.lang.Object, java.lang.Object, long, java.lang.Object, java.lang.Object)'> (0x00000000e9461330) 
thrown [s\src\hotspot\share\interpreter\linkResolver.cpp, line 773]
Event: 268.441 Thread 0x0000013d4c337830 Exception <a 'java/io/IOException'{0x00000000e905fd90}> (0x00000000e905fd90) 
thrown [s\src\hotspot\share\prims\jni.cpp, line 520]
Event: 268.467 Thread 0x0000013d4c337830 Exception <a 'java/lang/NoSuchMethodError'{0x00000000e907e0a8}: 'void java.lang.invoke.DirectMethodHandle$Holder.invokeInterface(java.lang.Object, java.lang.Object, java.lang.Object, java.lang.Object)'> (0x00000000e907e0a8) 
thrown [s\src\hotspot\share\interpreter\linkResolver.cpp, line 773]
Event: 268.470 Thread 0x0000013d4c337830 Exception <a 'java/io/IOException'{0x00000000e90d1a80}> (0x00000000e90d1a80) 
thrown [s\src\hotspot\share\prims\jni.cpp, line 520]
Event: 268.472 Thread 0x0000013d4c337830 Exception <a 'java/lang/NoClassDefFoundError'{0x00000000e90d5110}: groovy/lang/MetaClassImpl$InvokeMethodResult> (0x00000000e90d5110) 
thrown [s\src\hotspot\share\classfile\systemDictionary.cpp, line 302]
Event: 268.509 Thread 0x0000013d4c337830 Exception <a 'java/io/IOException'{0x00000000e8f06998}> (0x00000000e8f06998) 
thrown [s\src\hotspot\share\prims\jni.cpp, line 520]
Event: 268.509 Thread 0x0000013d4c337830 Exception <a 'java/lang/NoClassDefFoundError'{0x00000000e8f08ab8}: org/gradle/internal/problems/failure/DefaultFailureFactory$Job> (0x00000000e8f08ab8) 
thrown [s\src\hotspot\share\classfile\systemDictionary.cpp, line 302]
Event: 268.557 Thread 0x0000013d4c337830 Exception <a 'sun/nio/fs/WindowsException'{0x00000000e8f0fdc8}> (0x00000000e8f0fdc8) 
thrown [s\src\hotspot\share\prims\jni.cpp, line 520]

ZGC Phase Switch (0 events):
No events

VM Operations (20 events):
Event: 245.291 Executing safepoint VM operation: Cleanup
Event: 245.291 Executing safepoint VM operation: Cleanup done
Event: 246.227 Executing non-safepoint VM operation: HandshakeAllThreads (Deoptimize)
Event: 246.227 Executing non-safepoint VM operation: HandshakeAllThreads (Deoptimize) done
Event: 246.234 Executing non-safepoint VM operation: HandshakeAllThreads (Deoptimize)
Event: 246.234 Executing non-safepoint VM operation: HandshakeAllThreads (Deoptimize) done
Event: 247.238 Executing safepoint VM operation: Cleanup
Event: 247.238 Executing safepoint VM operation: Cleanup done
Event: 250.271 Executing safepoint VM operation: Cleanup
Event: 250.271 Executing safepoint VM operation: Cleanup done
Event: 252.293 Executing safepoint VM operation: Cleanup
Event: 252.293 Executing safepoint VM operation: Cleanup done
Event: 256.334 Executing safepoint VM operation: Cleanup
Event: 256.334 Executing safepoint VM operation: Cleanup done
Event: 259.361 Executing safepoint VM operation: Cleanup
Event: 259.361 Executing safepoint VM operation: Cleanup done
Event: 266.425 Executing safepoint VM operation: Cleanup
Event: 266.425 Executing safepoint VM operation: Cleanup done
Event: 268.459 Executing non-safepoint VM operation: HandshakeAllThreads (Deoptimize)
Event: 268.459 Executing non-safepoint VM operation: HandshakeAllThreads (Deoptimize) done

Memory protections (0 events):
No events

Nmethod flushes (20 events):
Event: 171.462 Thread 0x0000013d312d66f0 flushing  nmethod 0x0000013d1ee23590
Event: 171.462 Thread 0x0000013d312d66f0 flushing  nmethod 0x0000013d1ee46e90
Event: 171.462 Thread 0x0000013d312d66f0 flushing  nmethod 0x0000013d1ee68290
Event: 171.462 Thread 0x0000013d312d66f0 flushing  nmethod 0x0000013d1ee69890
Event: 171.462 Thread 0x0000013d312d66f0 flushing  nmethod 0x0000013d1ee6b890
Event: 171.462 Thread 0x0000013d312d66f0 flushing  nmethod 0x0000013d1eeb7410
Event: 171.462 Thread 0x0000013d312d66f0 flushing  nmethod 0x0000013d1eeb9610
Event: 171.462 Thread 0x0000013d312d66f0 flushing  nmethod 0x0000013d1eebd590
Event: 171.462 Thread 0x0000013d312d66f0 flushing  nmethod 0x0000013d1eed3e10
Event: 171.462 Thread 0x0000013d312d66f0 flushing  nmethod 0x0000013d1eee3490
Event: 171.462 Thread 0x0000013d312d66f0 flushing  nmethod 0x0000013d1ee72f10
Event: 171.462 Thread 0x0000013d312d66f0 flushing  nmethod 0x0000013d1ee75d90
Event: 171.462 Thread 0x0000013d312d66f0 flushing  nmethod 0x0000013d1eeb1910
Event: 171.462 Thread 0x0000013d312d66f0 flushing  nmethod 0x0000013d1eeb2490
Event: 171.462 Thread 0x0000013d312d66f0 flushing  nmethod 0x0000013d1eeb2e10
Event: 171.462 Thread 0x0000013d312d66f0 flushing  nmethod 0x0000013d1eeb3e90
Event: 171.462 Thread 0x0000013d312d66f0 flushing  nmethod 0x0000013d1eeb5c90
Event: 171.462 Thread 0x0000013d312d66f0 flushing  nmethod 0x0000013d1eec0910
Event: 171.462 Thread 0x0000013d312d66f0 flushing  nmethod 0x0000013d1eec6790
Event: 171.462 Thread 0x0000013d312d66f0 flushing  nmethod 0x0000013d1eee2310

Events (20 events):
Event: 102.299 Thread 0x0000013d4c337830 Thread added: 0x0000013d4c165ca0
Event: 107.448 Thread 0x0000013d4c337830 Thread added: 0x0000013d4cdd77a0
Event: 107.707 Thread 0x0000013d4c337830 Thread added: 0x0000013d4cdd84c0
Event: 108.500 Thread 0x0000013d4c337830 Thread added: 0x0000013d4cdd7e30
Event: 108.790 Thread 0x0000013d4c337830 Thread added: 0x0000013d4cdd9f00
Event: 109.195 Thread 0x0000013d4c337830 Thread added: 0x0000013d4cdda590
Event: 109.456 Thread 0x0000013d4c337830 Thread added: 0x0000013d4cddac20
Event: 110.450 Thread 0x0000013d4c337830 Thread added: 0x0000013d4cdd8b50
Event: 111.217 Thread 0x0000013d4c337830 Thread added: 0x0000013d4cdd91e0
Event: 145.577 Thread 0x0000013d4c337830 Thread added: 0x0000013d4cdd9870
Event: 168.151 Thread 0x0000013d4c337830 Thread added: 0x0000013d4c907d60
Event: 174.672 Thread 0x0000013d4c337830 Thread added: 0x0000013d4c9076d0
Event: 195.170 Thread 0x0000013d4c337830 Thread added: 0x0000013d4c90b870
Event: 199.058 Thread 0x0000013d3130ee50 Thread added: 0x0000013d4df615e0
Event: 199.288 Thread 0x0000013d4df615e0 Thread exited: 0x0000013d4df615e0
Event: 220.023 Thread 0x0000013d4c337830 Thread added: 0x0000013d4c909e30
Event: 225.712 Thread 0x0000013d313027d0 Thread added: 0x0000013d4df5e630
Event: 225.962 Thread 0x0000013d4df5e630 Thread exited: 0x0000013d4df5e630
Event: 246.397 Thread 0x0000013d3130ee50 Thread added: 0x0000013d4c6c6b60
Event: 246.720 Thread 0x0000013d4c6c6b60 Thread exited: 0x0000013d4c6c6b60


Dynamic libraries:
0x00007ff6187a0000 - 0x00007ff6187ae000 	C:\Users\user\.vscode\extensions\redhat.java-1.56.0-win32-x64\jre\21.0.12.1-win32-x86_64\bin\java.exe
0x00007ffcbcde0000 - 0x00007ffcbd047000 	C:\WINDOWS\SYSTEM32\ntdll.dll
0x00007ffcbb7a0000 - 0x00007ffcbb86b000 	C:\WINDOWS\System32\KERNEL32.DLL
0x00007ffcba6f0000 - 0x00007ffcbaaf2000 	C:\WINDOWS\System32\KERNELBASE.dll
0x00007ffcba460000 - 0x00007ffcba5ac000 	C:\WINDOWS\System32\ucrtbase.dll
0x00007ffca6300000 - 0x00007ffca631e000 	C:\Users\user\.vscode\extensions\redhat.java-1.56.0-win32-x64\jre\21.0.12.1-win32-x86_64\bin\VCRUNTIME140.dll
0x00007ffca62c0000 - 0x00007ffca62d8000 	C:\Users\user\.vscode\extensions\redhat.java-1.56.0-win32-x64\jre\21.0.12.1-win32-x86_64\bin\jli.dll
0x00007ffcbad00000 - 0x00007ffcbaecf000 	C:\WINDOWS\System32\USER32.dll
0x00007ffcba090000 - 0x00007ffcba0b7000 	C:\WINDOWS\System32\win32u.dll
0x00007ffcbc7f0000 - 0x00007ffcbc81b000 	C:\WINDOWS\System32\GDI32.dll
0x00007ffcba5c0000 - 0x00007ffcba6e9000 	C:\WINDOWS\System32\gdi32full.dll
0x00007ffcb9fe0000 - 0x00007ffcba083000 	C:\WINDOWS\System32\msvcp_win.dll
0x00007ffca3f40000 - 0x00007ffca41d0000 	C:\WINDOWS\WinSxS\amd64_microsoft.windows.common-controls_6595b64144ccf1df_6.0.26100.9278_none_3e0d1ba8e3303201\COMCTL32.dll
0x00007ffcbc740000 - 0x00007ffcbc7e9000 	C:\WINDOWS\System32\msvcrt.dll
0x00007ffcbaca0000 - 0x00007ffcbacd1000 	C:\WINDOWS\System32\IMM32.DLL
0x00007ffcb4270000 - 0x00007ffcb427c000 	C:\Users\user\.vscode\extensions\redhat.java-1.56.0-win32-x64\jre\21.0.12.1-win32-x86_64\bin\vcruntime140_1.dll
0x00007ffc90d80000 - 0x00007ffc90e0d000 	C:\Users\user\.vscode\extensions\redhat.java-1.56.0-win32-x64\jre\21.0.12.1-win32-x86_64\bin\msvcp140.dll
0x00007ffc0df50000 - 0x00007ffc0ecf2000 	C:\Users\user\.vscode\extensions\redhat.java-1.56.0-win32-x64\jre\21.0.12.1-win32-x86_64\bin\server\jvm.dll
0x00007ffcbc670000 - 0x00007ffcbc72c000 	C:\WINDOWS\System32\ADVAPI32.dll
0x00007ffcbc550000 - 0x00007ffcbc5f9000 	C:\WINDOWS\System32\sechost.dll
0x00007ffcbc430000 - 0x00007ffcbc548000 	C:\WINDOWS\System32\RPCRT4.dll
0x00007ffcbac10000 - 0x00007ffcbac90000 	C:\WINDOWS\System32\WS2_32.dll
0x00007ffcb9e40000 - 0x00007ffcb9e9e000 	C:\WINDOWS\SYSTEM32\POWRPROF.dll
0x00007ffca4200000 - 0x00007ffca4236000 	C:\WINDOWS\SYSTEM32\WINMM.dll
0x00007ffca7c00000 - 0x00007ffca7c0b000 	C:\WINDOWS\SYSTEM32\VERSION.dll
0x00007ffcb9e20000 - 0x00007ffcb9e35000 	C:\WINDOWS\SYSTEM32\UMPDC.dll
0x00007ffcb8ca0000 - 0x00007ffcb8cbb000 	C:\WINDOWS\SYSTEM32\kernel.appcore.dll
0x00007ffca71e0000 - 0x00007ffca71ea000 	C:\Users\user\.vscode\extensions\redhat.java-1.56.0-win32-x64\jre\21.0.12.1-win32-x86_64\bin\jimage.dll
0x00007ffcb7500000 - 0x00007ffcb774c000 	C:\WINDOWS\SYSTEM32\DBGHELP.DLL
0x00007ffcbc900000 - 0x00007ffcbcc85000 	C:\WINDOWS\System32\combase.dll
0x00007ffcbb870000 - 0x00007ffcbb949000 	C:\WINDOWS\System32\OLEAUT32.dll
0x00007ffc9dc80000 - 0x00007ffc9dcbb000 	C:\WINDOWS\SYSTEM32\dbgcore.DLL
0x00007ffcba310000 - 0x00007ffcba3bc000 	C:\WINDOWS\System32\bcryptPrimitives.dll
0x00007ffc9f6e0000 - 0x00007ffc9f6ef000 	C:\Users\user\.vscode\extensions\redhat.java-1.56.0-win32-x64\jre\21.0.12.1-win32-x86_64\bin\instrument.dll
0x00007ffc9e860000 - 0x00007ffc9e880000 	C:\Users\user\.vscode\extensions\redhat.java-1.56.0-win32-x64\jre\21.0.12.1-win32-x86_64\bin\java.dll
0x00007ffcbb950000 - 0x00007ffcbc0e8000 	C:\WINDOWS\System32\SHELL32.dll
0x00007ffcb78e0000 - 0x00007ffcb818e000 	C:\WINDOWS\SYSTEM32\windows.storage.dll
0x00007ffcbafa0000 - 0x00007ffcbb09b000 	C:\WINDOWS\System32\SHCORE.dll
0x00007ffcbb0a0000 - 0x00007ffcbb106000 	C:\WINDOWS\System32\shlwapi.dll
0x00007ffcb9f00000 - 0x00007ffcb9f29000 	C:\WINDOWS\SYSTEM32\profapi.dll
0x00007ffc9ba10000 - 0x00007ffc9ba28000 	C:\Users\user\.vscode\extensions\redhat.java-1.56.0-win32-x64\jre\21.0.12.1-win32-x86_64\bin\zip.dll
0x00007ffca70b0000 - 0x00007ffca70c0000 	C:\Users\user\.vscode\extensions\redhat.java-1.56.0-win32-x64\jre\21.0.12.1-win32-x86_64\bin\net.dll
0x00007ffcaf7d0000 - 0x00007ffcaf8fa000 	C:\WINDOWS\SYSTEM32\WINHTTP.dll
0x00007ffcb9260000 - 0x00007ffcb92cc000 	C:\WINDOWS\system32\mswsock.dll
0x00007ffc9b980000 - 0x00007ffc9b996000 	C:\Users\user\.vscode\extensions\redhat.java-1.56.0-win32-x64\jre\21.0.12.1-win32-x86_64\bin\nio.dll
0x00007ffc9e710000 - 0x00007ffc9e720000 	C:\Users\user\.vscode\extensions\redhat.java-1.56.0-win32-x64\jre\21.0.12.1-win32-x86_64\bin\verify.dll
0x00007ffc910f0000 - 0x00007ffc91117000 	C:\Users\user\.gradle\native\660c5614fbf4a5f2a75b1949f50a0caf5cd603558e7d8a26e50b933a0cfb79d1\windows-amd64\native-platform.dll
0x00007ffc86e30000 - 0x00007ffc86ea7000 	C:\Users\user\.gradle\native\0.2.8\x86_64-windows-gnu\gradle-fileevents.dll
0x00007ffc96b90000 - 0x00007ffc96b9a000 	C:\Users\user\.vscode\extensions\redhat.java-1.56.0-win32-x64\jre\21.0.12.1-win32-x86_64\bin\management.dll
0x00007ffc96b80000 - 0x00007ffc96b8c000 	C:\Users\user\.vscode\extensions\redhat.java-1.56.0-win32-x64\jre\21.0.12.1-win32-x86_64\bin\management_ext.dll
0x00007ffcbcc90000 - 0x00007ffcbcc98000 	C:\WINDOWS\System32\PSAPI.DLL
0x00007ffcb8730000 - 0x00007ffcb8763000 	C:\WINDOWS\SYSTEM32\IPHLPAPI.DLL
0x00007ffcbc420000 - 0x00007ffcbc42a000 	C:\WINDOWS\System32\NSI.dll
0x00007ffc918b0000 - 0x00007ffc918b9000 	C:\Users\user\.vscode\extensions\redhat.java-1.56.0-win32-x64\jre\21.0.12.1-win32-x86_64\bin\extnet.dll
0x00007ffcb9550000 - 0x00007ffcb956b000 	C:\WINDOWS\SYSTEM32\CRYPTSP.dll
0x00007ffcb8c00000 - 0x00007ffcb8c39000 	C:\WINDOWS\system32\rsaenh.dll
0x00007ffcb9310000 - 0x00007ffcb9344000 	C:\WINDOWS\SYSTEM32\USERENV.dll
0x00007ffcb9ed0000 - 0x00007ffcb9efa000 	C:\WINDOWS\SYSTEM32\bcrypt.dll
0x00007ffcb9570000 - 0x00007ffcb957c000 	C:\WINDOWS\SYSTEM32\CRYPTBASE.dll
0x00007ffc910e0000 - 0x00007ffc910ee000 	C:\Users\user\.vscode\extensions\redhat.java-1.56.0-win32-x64\jre\21.0.12.1-win32-x86_64\bin\sunmscapi.dll
0x00007ffcba0c0000 - 0x00007ffcba23e000 	C:\WINDOWS\System32\CRYPT32.dll
0x00007ffcb9790000 - 0x00007ffcb97c0000 	C:\WINDOWS\SYSTEM32\ncrypt.dll
0x00007ffcb9740000 - 0x00007ffcb977f000 	C:\WINDOWS\SYSTEM32\NTASN1.dll
0x00007ffc4d6a0000 - 0x00007ffc4d6a8000 	C:\WINDOWS\system32\wshunix.dll

JVMTI agents:
C:\Users\user\.gradle\wrapper\dists\gradle-9.5.1-bin\iq79hdu3mqx29lgffhp8bfmx\gradle-9.5.1\lib\agents\gradle-instrumentation-agent-9.5.1.jar path:C:\Users\user\.vscode\extensions\redhat.java-1.56.0-win32-x64\jre\21.0.12.1-win32-x86_64\bin\instrument.dll, loaded, initialized, instrumentlib options:none

dbghelp: loaded successfully - version: 4.0.5 - missing functions: none
symbol engine: initialized successfully - sym options: 0x614 - pdb path: .;C:\Users\user\.vscode\extensions\redhat.java-1.56.0-win32-x64\jre\21.0.12.1-win32-x86_64\bin;C:\WINDOWS\SYSTEM32;C:\WINDOWS\WinSxS\amd64_microsoft.windows.common-controls_6595b64144ccf1df_6.0.26100.9278_none_3e0d1ba8e3303201;C:\Users\user\.vscode\extensions\redhat.java-1.56.0-win32-x64\jre\21.0.12.1-win32-x86_64\bin\server;C:\Users\user\.gradle\native\660c5614fbf4a5f2a75b1949f50a0caf5cd603558e7d8a26e50b933a0cfb79d1\windows-amd64;C:\Users\user\.gradle\native\0.2.8\x86_64-windows-gnu

VM Arguments:
jvm_args: --add-opens=java.base/java.lang=ALL-UNNAMED --add-opens=java.base/java.lang.invoke=ALL-UNNAMED --add-opens=java.base/java.util=ALL-UNNAMED --add-opens=java.prefs/java.util.prefs=ALL-UNNAMED --add-exports=jdk.compiler/com.sun.tools.javac.api=ALL-UNNAMED --add-exports=jdk.compiler/com.sun.tools.javac.util=ALL-UNNAMED --add-opens=java.base/java.nio.charset=ALL-UNNAMED --add-opens=java.base/java.net=ALL-UNNAMED --add-opens=java.base/java.util.concurrent=ALL-UNNAMED --add-opens=java.base/java.util.concurrent.atomic=ALL-UNNAMED --add-opens=java.xml/javax.xml.namespace=ALL-UNNAMED --add-opens=java.base/java.time=ALL-UNNAMED -XX:MaxMetaspaceSize=384m -XX:+HeapDumpOnOutOfMemoryError -Xms256m -Xmx512m -Dfile.encoding=UTF-8 -Duser.country=KR -Duser.language=ko -Duser.variant -javaagent:C:\Users\user\.gradle\wrapper\dists\gradle-9.5.1-bin\iq79hdu3mqx29lgffhp8bfmx\gradle-9.5.1\lib\agents\gradle-instrumentation-agent-9.5.1.jar 
java_command: org.gradle.launcher.daemon.bootstrap.GradleDaemon 9.5.1
java_class_path (initial): C:\Users\user\.gradle\wrapper\dists\gradle-9.5.1-bin\iq79hdu3mqx29lgffhp8bfmx\gradle-9.5.1\lib\gradle-daemon-main-9.5.1.jar
Launcher Type: SUN_STANDARD

[Global flags]
     intx CICompilerCount                          = 4                                         {product} {ergonomic}
   size_t CompressedClassSpaceSize                 = 335544320                                 {product} {ergonomic}
     uint ConcGCThreads                            = 2                                         {product} {ergonomic}
     uint G1ConcRefinementThreads                  = 8                                         {product} {ergonomic}
   size_t G1HeapRegionSize                         = 1048576                                   {product} {ergonomic}
    uintx GCDrainStackTargetSize                   = 64                                        {product} {ergonomic}
     bool HeapDumpOnOutOfMemoryError               = true                                   {manageable} {command line}
   size_t InitialHeapSize                          = 268435456                                 {product} {command line}
   size_t MarkStackSize                            = 4194304                                   {product} {ergonomic}
   size_t MaxHeapSize                              = 536870912                                 {product} {command line}
   size_t MaxMetaspaceSize                         = 402653184                                 {product} {command line}
   size_t MaxNewSize                               = 321912832                                 {product} {ergonomic}
   size_t MinHeapDeltaBytes                        = 1048576                                   {product} {ergonomic}
   size_t MinHeapSize                              = 268435456                                 {product} {command line}
    uintx NonNMethodCodeHeapSize                   = 5839372                                {pd product} {ergonomic}
    uintx NonProfiledCodeHeapSize                  = 122909434                              {pd product} {ergonomic}
    uintx ProfiledCodeHeapSize                     = 122909434                              {pd product} {ergonomic}
    uintx ReservedCodeCacheSize                    = 251658240                              {pd product} {ergonomic}
     bool SegmentedCodeCache                       = true                                      {product} {ergonomic}
   size_t SoftMaxHeapSize                          = 536870912                              {manageable} {ergonomic}
     bool UseCompressedOops                        = true                           {product lp64_product} {ergonomic}
     bool UseG1GC                                  = true                                      {product} {ergonomic}
     bool UseLargePagesIndividualAllocation        = false                                  {pd product} {ergonomic}

Logging:
Log output configuration:
 #0: stdout all=warning uptime,level,tags foldmultilines=false
 #1: stderr all=off uptime,level,tags foldmultilines=false

Release file:
JAVA_VERSION="21.0.12.1" 
MODULES="java.base java.compiler java.datatransfer java.xml java.prefs java.desktop java.instrument java.logging java.management java.security.sasl java.naming java.rmi java.management.rmi java.net.http java.scripting java.security.jgss java.transaction.xa java.sql java.sql.rowset java.xml.crypto java.se java.smartcardio jdk.accessibility jdk.internal.jvmstat jdk.attach jdk.charsets jdk.internal.opt jdk.zipfs jdk.compiler jdk.crypto.ec jdk.crypto.cryptoki jdk.crypto.mscapi jdk.dynalink jdk.internal.ed jdk.editpad jdk.hotspot.agent jdk.httpserver jdk.internal.le jdk.internal.vm.ci jdk.internal.vm.compiler jdk.internal.vm.compiler.management jdk.jartool jdk.javadoc jdk.jcmd jdk.management jdk.management.agent jdk.jconsole jdk.jdeps jdk.jdwp.agent jdk.jdi jdk.jfr jdk.jshell jdk.jsobject jdk.jstatd jdk.localedata jdk.management.jfr jdk.naming.dns jdk.naming.rmi jdk.net jdk.nio.mapmode jdk.random jdk.sctp jdk.security.auth jdk.security.jgss jdk.unsupported jdk.unsupported.desktop jdk.xml.dom" 

Environment Variables:
PATH=C:\Program Files\Common Files\Oracle\Java\javapath;C:\Program Files\Python313\Scripts\;C:\Program Files\Python313\;C:\WINDOWS\system32;C:\WINDOWS;C:\WINDOWS\System32\Wbem;C:\WINDOWS\System32\WindowsPowerShell\v1.0\;C:\WINDOWS\System32\OpenSSH\;C:\Program Files\Git\cmd;C:\Program Files (x86)\cloudflared\;C:\Program Files\nodejs\;C:\Users\user\Desktop\Scripts\;C:\Users\user\Desktop\;C:\Users\user\AppData\Local\Microsoft\WindowsApps;C:\Users\user\AppData\Local\Programs\Microsoft VS Code\bin;C:\Program Files\Multipass\bin;C:\intelFPGA_lite\18.1\modelsim_ase\win32aloem;C:\Users\user\Desktop\opencv\build\x64\vc15\bin;C:\Users\user\AppData\Roaming\npm
USERNAME=user
OS=Windows_NT
PROCESSOR_IDENTIFIER=Intel64 Family 6 Model 140 Stepping 1, GenuineIntel
TMP=C:\Users\user\AppData\Local\Temp
TEMP=C:\Users\user\AppData\Local\Temp




Periodic native trim disabled

---------------  S Y S T E M  ---------------

OS:
 Windows 11 , 64 bit Build 26100 (10.0.26100.9444)
OS uptime: 0 days 6:47 hours

CPU: total 8 (initial active 8) (4 cores per cpu, 2 threads per core) family 6 model 140 stepping 1 microcode 0x8a, cx8, cmov, fxsr, ht, mmx, 3dnowpref, sse, sse2, sse3, ssse3, sse4.1, sse4.2, popcnt, lzcnt, tsc, tscinvbit, avx, avx2, aes, erms, clmul, bmi1, bmi2, adx, avx512f, avx512dq, avx512cd, avx512bw, avx512vl, sha, fma, vzeroupper, avx512_vpopcntdq, avx512_vpclmulqdq, avx512_vaes, avx512_vnni, clflush, clflushopt, clwb, avx512_vbmi2, avx512_vbmi, rdtscp, rdpid, fsrm, gfni, avx512_bitalg, f16c, pku, cet_ibt, cet_ss, avx512_ifma
Processor Information for the first 8 processors :
  Max Mhz: 2419, Current Mhz: 2419, Mhz Limit: 2419

Memory: 4k page, system-wide physical 16107M (3710M free)
TotalPageFile size 34521M (AvailPageFile size 7511M)
current process WorkingSet (physical memory assigned to process): 205M, peak: 305M
current process commit charge ("private bytes"): 460M, peak: 473M

vm_info: OpenJDK 64-Bit Server VM (21.0.12.1+1-LTS) for windows-amd64 JRE (21.0.12.1+1-LTS), built on 2026-08-18T00:00:00Z by "admin" with MS VC++ 17.12 (VS2022)

END.
