#
# There is insufficient memory for the Java Runtime Environment to continue.
# Native memory allocation (mmap) failed to map 65536 bytes. Error detail: Failed to commit metaspace.
# Possible reasons:
#   The system is out of physical RAM or swap space
#   This process is running with CompressedOops enabled, and the Java Heap may be blocking the growth of the native heap
# Possible solutions:
#   Reduce memory load on the system
#   Increase physical memory or swap space
#   Check if swap backing store is full
#   Decrease Java heap size (-Xmx/-Xms)
#   Decrease number of Java threads
#   Decrease Java thread stack sizes (-Xss)
#   Set larger code cache with -XX:ReservedCodeCacheSize=
#   JVM is running with Unscaled Compressed Oops mode in which the Java heap is
#     placed in the first 4GB address space. The Java Heap base address is the
#     maximum limit for the native heap growth. Please use -XX:HeapBaseMinAddress
#     to set the Java Heap base and to place the Java Heap above 4GB virtual address.
# This output file may be truncated or incomplete.
#
#  Out of Memory Error (virtualSpaceNode.cpp:113), pid=4392, tid=25796
#
# JRE version: OpenJDK Runtime Environment Temurin-21.0.12.1+1 (21.0.12.1+1) (build 21.0.12.1+1-LTS)
# Java VM: OpenJDK 64-Bit Server VM Temurin-21.0.12.1+1 (21.0.12.1+1-LTS, mixed mode, sharing, tiered, compressed oops, compressed class ptrs, g1 gc, windows-amd64)
# No core dump will be written. Minidumps are not enabled by default on client versions of Windows
#

---------------  S U M M A R Y ------------

Command Line: --add-opens=java.base/java.lang=ALL-UNNAMED --add-opens=java.base/java.lang.invoke=ALL-UNNAMED --add-opens=java.base/java.util=ALL-UNNAMED --add-opens=java.prefs/java.util.prefs=ALL-UNNAMED --add-exports=jdk.compiler/com.sun.tools.javac.api=ALL-UNNAMED --add-exports=jdk.compiler/com.sun.tools.javac.util=ALL-UNNAMED --add-opens=java.base/java.nio.charset=ALL-UNNAMED --add-opens=java.base/java.net=ALL-UNNAMED --add-opens=java.base/java.util.concurrent=ALL-UNNAMED --add-opens=java.base/java.util.concurrent.atomic=ALL-UNNAMED --add-opens=java.xml/javax.xml.namespace=ALL-UNNAMED --add-opens=java.base/java.time=ALL-UNNAMED -XX:MaxMetaspaceSize=384m -XX:+HeapDumpOnOutOfMemoryError -Xms256m -Xmx512m -Dfile.encoding=UTF-8 -Duser.country=KR -Duser.language=ko -Duser.variant -javaagent:C:\Users\user\.gradle\wrapper\dists\gradle-9.5.1-bin\iq79hdu3mqx29lgffhp8bfmx\gradle-9.5.1\lib\agents\gradle-instrumentation-agent-9.5.1.jar org.gradle.launcher.daemon.bootstrap.GradleDaemon 9.5.1

Host: 11th Gen Intel(R) Core(TM) i5-1135G7 @ 2.40GHz, 8 cores, 15G,  Windows 11 , 64 bit Build 26100 (10.0.26100.9444)
Time: Thu Sep 10 10:08:42 2026 elapsed time: 138.414915 seconds (0d 0h 2m 18s)

---------------  T H R E A D  ---------------

Current thread (0x00000243eeb99f70):  JavaThread "Daemon worker"        [_thread_in_vm, id=25796, stack(0x00000051b7e00000,0x00000051b7f00000) (1024K)]

Stack: [0x00000051b7e00000,0x00000051b7f00000]
Native frames: (J=compiled Java code, j=interpreted, Vv=VM code, C=native code)
V  [jvm.dll+0x6d83e9]
V  [jvm.dll+0x8b5736]
V  [jvm.dll+0x8b7cee]
V  [jvm.dll+0x8b83d3]
V  [jvm.dll+0x284596]
V  [jvm.dll+0x8b147e]
V  [jvm.dll+0x679ad4]
V  [jvm.dll+0x1e849b]
V  [jvm.dll+0x1e825e]
V  [jvm.dll+0x67c3d2]
V  [jvm.dll+0x67c202]
V  [jvm.dll+0x67a4ae]
V  [jvm.dll+0x26f864]
V  [jvm.dll+0x21a11f]
V  [jvm.dll+0x20f80e]
V  [jvm.dll+0x5b6a7f]
V  [jvm.dll+0x82f606]
V  [jvm.dll+0x4792f8]
V  [jvm.dll+0x47f128]
C  [java.dll+0x17ec]

Java frames: (J=compiled Java code, j=interpreted, Vv=VM code)
J 742  java.lang.ClassLoader.defineClass1(Ljava/lang/ClassLoader;Ljava/lang/String;[BIILjava/security/ProtectionDomain;Ljava/lang/String;)Ljava/lang/Class; java.base@21.0.12.1 (0 bytes) @ 0x00000243c89eca11 [0x00000243c89ec940+0x00000000000000d1]
J 1169 c1 java.lang.ClassLoader.defineClass(Ljava/lang/String;[BIILjava/security/ProtectionDomain;)Ljava/lang/Class; java.base@21.0.12.1 (43 bytes) @ 0x00000243c10cc674 [0x00000243c10cc320+0x0000000000000354]
J 1035 c1 java.security.SecureClassLoader.defineClass(Ljava/lang/String;[BIILjava/security/CodeSource;)Ljava/lang/Class; java.base@21.0.12.1 (16 bytes) @ 0x00000243c109349c [0x00000243c10933c0+0x00000000000000dc]
J 989 c1 java.net.URLClassLoader.defineClass(Ljava/lang/String;Ljdk/internal/loader/Resource;)Ljava/lang/Class; java.base@21.0.12.1 (224 bytes) @ 0x00000243c1073b54 [0x00000243c1072400+0x0000000000001754]
J 851 c1 java.net.URLClassLoader$1.run()Ljava/lang/Class; java.base@21.0.12.1 (81 bytes) @ 0x00000243c102fd7c [0x00000243c102f140+0x0000000000000c3c]
J 850 c1 java.net.URLClassLoader$1.run()Ljava/lang/Object; java.base@21.0.12.1 (5 bytes) @ 0x00000243c102ebd4 [0x00000243c102eb40+0x0000000000000094]
J 2981 c2 java.security.AccessController.doPrivileged(Ljava/security/PrivilegedExceptionAction;Ljava/security/AccessControlContext;)Ljava/lang/Object; java.base@21.0.12.1 (26 bytes) @ 0x00000243c8ae09a0 [0x00000243c8ae0940+0x0000000000000060]
J 848 c1 java.net.URLClassLoader.findClass(Ljava/lang/String;)Ljava/lang/Class; java.base@21.0.12.1 (47 bytes) @ 0x00000243c102dacc [0x00000243c102d920+0x00000000000001ac]
J 2992 c2 java.lang.ClassLoader.loadClass(Ljava/lang/String;Z)Ljava/lang/Class; java.base@21.0.12.1 (121 bytes) @ 0x00000243c8aead4c [0x00000243c8ae7b20+0x000000000000322c]
J 757 c1 java.lang.ClassLoader.loadClass(Ljava/lang/String;)Ljava/lang/Class; java.base@21.0.12.1 (7 bytes) @ 0x00000243c100a4d4 [0x00000243c100a3c0+0x0000000000000114]
v  ~StubRoutines::call_stub 0x00000243c84010e7
J 742  java.lang.ClassLoader.defineClass1(Ljava/lang/ClassLoader;Ljava/lang/String;[BIILjava/security/ProtectionDomain;Ljava/lang/String;)Ljava/lang/Class; java.base@21.0.12.1 (0 bytes) @ 0x00000243c89eca11 [0x00000243c89ec940+0x00000000000000d1]
J 1169 c1 java.lang.ClassLoader.defineClass(Ljava/lang/String;[BIILjava/security/ProtectionDomain;)Ljava/lang/Class; java.base@21.0.12.1 (43 bytes) @ 0x00000243c10cc674 [0x00000243c10cc320+0x0000000000000354]
J 1035 c1 java.security.SecureClassLoader.defineClass(Ljava/lang/String;[BIILjava/security/CodeSource;)Ljava/lang/Class; java.base@21.0.12.1 (16 bytes) @ 0x00000243c109349c [0x00000243c10933c0+0x00000000000000dc]
J 989 c1 java.net.URLClassLoader.defineClass(Ljava/lang/String;Ljdk/internal/loader/Resource;)Ljava/lang/Class; java.base@21.0.12.1 (224 bytes) @ 0x00000243c1073b54 [0x00000243c1072400+0x0000000000001754]
J 851 c1 java.net.URLClassLoader$1.run()Ljava/lang/Class; java.base@21.0.12.1 (81 bytes) @ 0x00000243c102fd7c [0x00000243c102f140+0x0000000000000c3c]
J 850 c1 java.net.URLClassLoader$1.run()Ljava/lang/Object; java.base@21.0.12.1 (5 bytes) @ 0x00000243c102ebd4 [0x00000243c102eb40+0x0000000000000094]
J 2981 c2 java.security.AccessController.doPrivileged(Ljava/security/PrivilegedExceptionAction;Ljava/security/AccessControlContext;)Ljava/lang/Object; java.base@21.0.12.1 (26 bytes) @ 0x00000243c8ae09a0 [0x00000243c8ae0940+0x0000000000000060]
J 848 c1 java.net.URLClassLoader.findClass(Ljava/lang/String;)Ljava/lang/Class; java.base@21.0.12.1 (47 bytes) @ 0x00000243c102dacc [0x00000243c102d920+0x00000000000001ac]
J 2992 c2 java.lang.ClassLoader.loadClass(Ljava/lang/String;Z)Ljava/lang/Class; java.base@21.0.12.1 (121 bytes) @ 0x00000243c8aead4c [0x00000243c8ae7b20+0x000000000000322c]
J 757 c1 java.lang.ClassLoader.loadClass(Ljava/lang/String;)Ljava/lang/Class; java.base@21.0.12.1 (7 bytes) @ 0x00000243c100a4d4 [0x00000243c100a3c0+0x0000000000000114]
v  ~StubRoutines::call_stub 0x00000243c84010e7
j  org.gradle.internal.id.UniqueId.<clinit>()V+0
v  ~StubRoutines::call_stub 0x00000243c84010e7
j  org.gradle.launcher.exec.BuildTreeLifecycleBuildActionExecutor.runRootBuildAction(Lorg/gradle/internal/invocation/BuildAction;Lorg/gradle/internal/service/ServiceRegistry;Lorg/gradle/internal/buildtree/BuildActionModelRequirements;Lorg/gradle/internal/buildtree/BuildModelParameters;)Lorg/gradle/internal/buildtree/BuildActionRunner$Result;+4
j  org.gradle.launcher.exec.BuildTreeLifecycleBuildActionExecutor.execute(Lorg/gradle/internal/invocation/BuildAction;Lorg/gradle/internal/session/BuildSessionContext;)Lorg/gradle/internal/buildtree/BuildActionRunner$Result;+50
j  org.gradle.launcher.exec.RunAsBuildOperationBuildActionExecutor$2.call(Lorg/gradle/internal/operations/BuildOperationContext;)Lorg/gradle/internal/buildtree/BuildActionRunner$Result;+25
j  org.gradle.launcher.exec.RunAsBuildOperationBuildActionExecutor$2.call(Lorg/gradle/internal/operations/BuildOperationContext;)Ljava/lang/Object;+2
j  org.gradle.internal.operations.DefaultBuildOperationRunner$CallableBuildOperationWorker.execute(Lorg/gradle/internal/operations/CallableBuildOperation;Lorg/gradle/internal/operations/BuildOperationContext;)V+3
j  org.gradle.internal.operations.DefaultBuildOperationRunner$CallableBuildOperationWorker.execute(Lorg/gradle/internal/operations/BuildOperation;Lorg/gradle/internal/operations/BuildOperationContext;)V+6
j  org.gradle.internal.operations.DefaultBuildOperationRunner$2.execute(Lorg/gradle/internal/operations/BuildOperationDescriptor;Lorg/gradle/internal/operations/BuildOperationState;Lorg/gradle/internal/operations/BuildOperationState;Lorg/gradle/internal/operations/DefaultBuildOperationRunner$ReadableBuildOperationContext;Lorg/gradle/internal/operations/DefaultBuildOperationRunner$BuildOperationExecutionListener;)Lorg/gradle/internal/operations/BuildOperation;+22
j  org.gradle.internal.operations.DefaultBuildOperationRunner$2.execute(Lorg/gradle/internal/operations/BuildOperationDescriptor;Lorg/gradle/internal/operations/BuildOperationState;Lorg/gradle/internal/operations/BuildOperationState;Lorg/gradle/internal/operations/DefaultBuildOperationRunner$ReadableBuildOperationContext;Lorg/gradle/internal/operations/DefaultBuildOperationRunner$BuildOperationExecutionListener;)Ljava/lang/Object;+8
j  org.gradle.internal.operations.DefaultBuildOperationRunner.execute(Lorg/gradle/internal/operations/BuildOperationDescriptor$Builder;Lorg/gradle/internal/operations/DefaultBuildOperationRunner$BuildOperationExecution;)Ljava/lang/Object;+141
j  org.gradle.internal.operations.DefaultBuildOperationRunner.execute(Lorg/gradle/internal/operations/BuildOperation;Lorg/gradle/internal/operations/BuildOperationWorker;)V+17
j  org.gradle.internal.operations.DefaultBuildOperationRunner.call(Lorg/gradle/internal/operations/CallableBuildOperation;)Ljava/lang/Object;+12
j  org.gradle.launcher.exec.RunAsBuildOperationBuildActionExecutor.execute(Lorg/gradle/internal/invocation/BuildAction;Lorg/gradle/internal/session/BuildSessionContext;)Lorg/gradle/internal/buildtree/BuildActionRunner$Result;+23
j  org.gradle.launcher.exec.RunAsWorkerThreadBuildActionExecutor.lambda$execute$0(Lorg/gradle/internal/invocation/BuildAction;Lorg/gradle/internal/session/BuildSessionContext;)Lorg/gradle/internal/buildtree/BuildActionRunner$Result;+6
j  org.gradle.launcher.exec.RunAsWorkerThreadBuildActionExecutor$$Lambda+0x00000243d5295468.create()Ljava/lang/Object;+12
j  org.gradle.internal.work.DefaultWorkerLeaseService.lambda$runAndReleaseLocks$0(Lorg/gradle/internal/Factory;Ljava/util/Collection;)Ljava/lang/Object;+1
j  org.gradle.internal.work.DefaultWorkerLeaseService$$Lambda+0x00000243d5297048.create()Ljava/lang/Object;+12
j  org.gradle.internal.work.ResourceLockStatistics$1.measure(Ljava/lang/String;Ljava/lang/Iterable;Lorg/gradle/internal/Factory;)Ljava/lang/Object;+1
j  org.gradle.internal.work.DefaultWorkerLeaseService.runAndReleaseLocks(Ljava/util/Collection;Lorg/gradle/internal/Factory;)Ljava/lang/Object;+16
j  org.gradle.internal.work.DefaultWorkerLeaseService.withLocksAcquired(Ljava/util/Collection;Lorg/gradle/internal/Factory;)Ljava/lang/Object;+8
j  org.gradle.internal.work.DefaultWorkerLeaseService.withLocks(Ljava/util/Collection;Lorg/gradle/internal/Factory;)Ljava/lang/Object;+25
j  org.gradle.internal.work.DefaultWorkerLeaseService.runAsWorkerThread(Lorg/gradle/internal/Factory;)Ljava/lang/Object;+33
j  org.gradle.launcher.exec.RunAsWorkerThreadBuildActionExecutor.execute(Lorg/gradle/internal/invocation/BuildAction;Lorg/gradle/internal/session/BuildSessionContext;)Lorg/gradle/internal/buildtree/BuildActionRunner$Result;+12
j  org.gradle.tooling.internal.provider.continuous.ContinuousBuildActionExecutor.execute(Lorg/gradle/internal/invocation/BuildAction;Lorg/gradle/internal/session/BuildSessionContext;)Lorg/gradle/internal/buildtree/BuildActionRunner$Result;+58
j  org.gradle.tooling.internal.provider.SubscribableBuildActionExecutor.execute(Lorg/gradle/internal/invocation/BuildAction;Lorg/gradle/internal/session/BuildSessionContext;)Lorg/gradle/internal/buildtree/BuildActionRunner$Result;+30
j  org.gradle.internal.session.DefaultBuildSessionContext.execute(Lorg/gradle/internal/invocation/BuildAction;)Lorg/gradle/internal/buildtree/BuildActionRunner$Result;+64
j  org.gradle.internal.buildprocess.execution.BuildSessionLifecycleBuildActionExecutor$ActionImpl.apply(Lorg/gradle/internal/session/BuildSessionContext;)Lorg/gradle/launcher/exec/BuildActionResult;+6
j  org.gradle.internal.buildprocess.execution.BuildSessionLifecycleBuildActionExecutor$ActionImpl.apply(Ljava/lang/Object;)Ljava/lang/Object;+5
j  org.gradle.internal.session.BuildSessionState.run(Ljava/util/function/Function;)Ljava/lang/Object;+5
j  org.gradle.internal.buildprocess.execution.BuildSessionLifecycleBuildActionExecutor.execute(Lorg/gradle/internal/invocation/BuildAction;Lorg/gradle/launcher/exec/BuildActionParameters;Lorg/gradle/initialization/BuildRequestContext;)Lorg/gradle/launcher/exec/BuildActionResult;+105
j  org.gradle.internal.buildprocess.execution.BuildSessionLifecycleBuildActionExecutor.execute(Lorg/gradle/internal/invocation/BuildAction;Ljava/lang/Object;Ljava/lang/Object;)Lorg/gradle/launcher/exec/BuildActionResult;+10
j  org.gradle.internal.buildprocess.execution.StartParamsValidatingActionExecutor.execute(Lorg/gradle/internal/invocation/BuildAction;Lorg/gradle/launcher/exec/BuildActionParameters;Lorg/gradle/initialization/BuildRequestContext;)Lorg/gradle/launcher/exec/BuildActionResult;+142
j  org.gradle.internal.buildprocess.execution.StartParamsValidatingActionExecutor.execute(Lorg/gradle/internal/invocation/BuildAction;Ljava/lang/Object;Ljava/lang/Object;)Lorg/gradle/launcher/exec/BuildActionResult;+10
j  org.gradle.internal.buildprocess.execution.SessionFailureReportingActionExecutor.execute(Lorg/gradle/internal/invocation/BuildAction;Lorg/gradle/launcher/exec/BuildActionParameters;Lorg/gradle/initialization/BuildRequestContext;)Lorg/gradle/launcher/exec/BuildActionResult;+7
j  org.gradle.internal.buildprocess.execution.SessionFailureReportingActionExecutor.execute(Lorg/gradle/internal/invocation/BuildAction;Ljava/lang/Object;Ljava/lang/Object;)Lorg/gradle/launcher/exec/BuildActionResult;+10
j  org.gradle.internal.buildprocess.execution.SetupLoggingActionExecutor.execute(Lorg/gradle/internal/invocation/BuildAction;Lorg/gradle/launcher/exec/BuildActionParameters;Lorg/gradle/initialization/BuildRequestContext;)Lorg/gradle/launcher/exec/BuildActionResult;+50
j  org.gradle.internal.buildprocess.execution.SetupLoggingActionExecutor.execute(Lorg/gradle/internal/invocation/BuildAction;Ljava/lang/Object;Ljava/lang/Object;)Lorg/gradle/launcher/exec/BuildActionResult;+10
j  org.gradle.launcher.daemon.server.exec.ExecuteBuild.doBuild(Lorg/gradle/launcher/daemon/server/api/DaemonCommandExecution;Lorg/gradle/launcher/daemon/protocol/Build;)V+147
j  org.gradle.launcher.daemon.server.exec.BuildCommandOnly.execute(Lorg/gradle/launcher/daemon/server/api/DaemonCommandExecution;)V+49
j  org.gradle.launcher.daemon.server.api.DaemonCommandExecution.proceed()Z+23
j  org.gradle.launcher.daemon.server.exec.WatchForDisconnection.execute(Lorg/gradle/launcher/daemon/server/api/DaemonCommandExecution;)V+19
j  org.gradle.launcher.daemon.server.api.DaemonCommandExecution.proceed()Z+23
j  org.gradle.launcher.daemon.server.exec.ResetDeprecationLogger.execute(Lorg/gradle/launcher/daemon/server/api/DaemonCommandExecution;)V+7
j  org.gradle.launcher.daemon.server.api.DaemonCommandExecution.proceed()Z+23
j  org.gradle.launcher.daemon.server.exec.RequestStopIfSingleUsedDaemon.execute(Lorg/gradle/launcher/daemon/server/api/DaemonCommandExecution;)V+33
j  org.gradle.launcher.daemon.server.api.DaemonCommandExecution.proceed()Z+23
j  org.gradle.launcher.daemon.server.exec.ForwardClientInput.lambda$execute$0(Lorg/gradle/launcher/daemon/server/api/DaemonCommandExecution;Lorg/gradle/internal/daemon/clientinput/StdinHandler;)Ljava/lang/Object;+11
j  org.gradle.launcher.daemon.server.exec.ForwardClientInput$$Lambda+0x00000243d519b9c0.apply(Ljava/lang/Object;)Ljava/lang/Object;+8
j  org.gradle.internal.daemon.clientinput.ClientInputForwarder.forwardInput(Ljava/util/function/Function;)Ljava/lang/Object;+46
j  org.gradle.launcher.daemon.server.exec.ForwardClientInput.execute(Lorg/gradle/launcher/daemon/server/api/DaemonCommandExecution;)V+10
j  org.gradle.launcher.daemon.server.api.DaemonCommandExecution.proceed()Z+23
j  org.gradle.launcher.daemon.server.exec.LogAndCheckHealth.execute(Lorg/gradle/launcher/daemon/server/api/DaemonCommandExecution;)V+51
j  org.gradle.launcher.daemon.server.api.DaemonCommandExecution.proceed()Z+23
j  org.gradle.launcher.daemon.server.exec.LogToClient.doBuild(Lorg/gradle/launcher/daemon/server/api/DaemonCommandExecution;Lorg/gradle/launcher/daemon/protocol/Build;)V+87
j  org.gradle.launcher.daemon.server.exec.BuildCommandOnly.execute(Lorg/gradle/launcher/daemon/server/api/DaemonCommandExecution;)V+49
j  org.gradle.launcher.daemon.server.api.DaemonCommandExecution.proceed()Z+23
j  org.gradle.launcher.daemon.server.exec.EstablishBuildEnvironment.doBuild(Lorg/gradle/launcher/daemon/server/api/DaemonCommandExecution;Lorg/gradle/launcher/daemon/protocol/Build;)V+356
j  org.gradle.launcher.daemon.server.exec.BuildCommandOnly.execute(Lorg/gradle/launcher/daemon/server/api/DaemonCommandExecution;)V+49
j  org.gradle.launcher.daemon.server.api.DaemonCommandExecution.proceed()Z+23
j  org.gradle.launcher.daemon.server.exec.StartBuildOrRespondWithBusy$1.run()V+44
j  org.gradle.launcher.daemon.server.DaemonStateCoordinator.lambda$runCommand$0(Ljava/lang/Runnable;)V+1
j  org.gradle.launcher.daemon.server.DaemonStateCoordinator$$Lambda+0x00000243d519a758.run()V+8
j  org.gradle.internal.concurrent.ExecutorPolicy$CatchAndRecordFailures.onExecute(Ljava/lang/Runnable;)V+1
j  org.gradle.internal.concurrent.AbstractManagedExecutor$1.run()V+25
j  java.util.concurrent.ThreadPoolExecutor.runWorker(Ljava/util/concurrent/ThreadPoolExecutor$Worker;)V+92 java.base@21.0.12.1
j  java.util.concurrent.ThreadPoolExecutor$Worker.run()V+5 java.base@21.0.12.1
j  java.lang.Thread.runWith(Ljava/lang/Object;Ljava/lang/Runnable;)V+5 java.base@21.0.12.1
j  java.lang.Thread.run()V+19 java.base@21.0.12.1
v  ~StubRoutines::call_stub 0x00000243c84010e7

Compiled method (n/a) 141032  742     n 0       java.lang.ClassLoader::defineClass1 (native)
 total in heap  [0x00000243c89ec790,0x00000243c89ece28] = 1688
 relocation     [0x00000243c89ec8f0,0x00000243c89ec928] = 56
 main code      [0x00000243c89ec940,0x00000243c89ece27] = 1255
 stub code      [0x00000243c89ece27,0x00000243c89ece28] = 1

[Constant Pool (empty)]

[MachCode]
[Entry Point]
  # {method} {0x00000243d4434c38} 'defineClass1' '(Ljava/lang/ClassLoader;Ljava/lang/String;[BIILjava/security/ProtectionDomain;Ljava/lang/String;)Ljava/lang/Class;' in 'java/lang/ClassLoader'
  # parm0:    rdx:rdx   = 'java/lang/ClassLoader'
  # parm1:    r8:r8     = 'java/lang/String'
  # parm2:    r9:r9     = '[B'
  # parm3:    rdi       = int
  # parm4:    rsi       = int
  # parm5:    rcx:rcx   = 'java/security/ProtectionDomain'
  # parm6:    [sp+0xa0]   = 'java/lang/String'  (sp of caller)
  0x00000243c89ec940: 448b 5208 | 49bb 0000 | 00d4 4302 | 0000 4d03 | d349 3bc2 | 0f84 0600 

  0x00000243c89ec958: ;   {runtime_call ic_miss_stub}
  0x00000243c89ec958: 0000 e921 | 20a6 ff90 
[Verified Entry Point]
  0x00000243c89ec960: 8984 2400 | 80ff ff55 | 488b ec48 | 81ec 9000 | 0000 6690 | 4181 7f20 | 0100 0000 

  0x00000243c89ec97c: ;   {runtime_call StubRoutines (final stubs)}
  0x00000243c89ec97c: 7405 e81d | b9a4 ff48 | 837d 1000 | 488d 4510 | 480f 4445 | 1048 8944 | 2440 4889 | 4c24 7048 
  0x00000243c89ec99c: 83f9 0048 | 8d44 2470 | 480f 4444 | 2470 4889 | 4424 3848 | 8974 2430 | 4889 7c24 | 284c 894c 
  0x00000243c89ec9bc: 2458 4983 | f900 488d | 4424 5848 | 0f44 4424 | 5848 8944 | 2420 4c89 | 4424 5049 | 83f8 004c 
  0x00000243c89ec9dc: 8d4c 2450 | 4c0f 444c | 2450 4889 | 5424 4848 | 83fa 004c | 8d44 2448 | 4c0f 4444 

  0x00000243c89ec9f8: ;   {oop(a 'java/lang/Class'{0x00000000e06ce488} = 'java/lang/ClassLoader')}
  0x00000243c89ec9f8: 2448 49be | 88e4 6ce0 | 0000 0000 | 4c89 7424 | 784c 8d74 | 2478 498b | d6c5 f877 

  0x00000243c89eca14: ;   {internal_word}
  0x00000243c89eca14: 49ba 11ca | 9ec8 4302 | 0000 4d89 | 97a8 0300 | 0049 89a7 | a003 0000 

  0x00000243c89eca2c: ;   {external_word}
  0x00000243c89eca2c: 49ba 066d | 8710 fe7f | 0000 4180 | 3a00 0f84 | 4e00 0000 | 5241 5041 

  0x00000243c89eca44: ;   {metadata({method} {0x00000243d4434c38} 'defineClass1' '(Ljava/lang/ClassLoader;Ljava/lang/String;[BIILjava/security/ProtectionDomain;Ljava/lang/String;)Ljava/lang/Class;' in 'java/lang/ClassLoader')}
  0x00000243c89eca44: 5148 ba30 | 4c43 d443 | 0200 0049 | 8bcf 4883 | ec20 40f6 | c40f 0f84 | 1900 0000 | 4883 ec08 
  0x00000243c89eca64: ;   {runtime_call}
  0x00000243c89eca64: 48b8 e0ea | 3010 fe7f | 0000 ffd0 | 4883 c408 | e90c 0000 

  0x00000243c89eca78: ;   {runtime_call}
  0x00000243c89eca78: 0048 b8e0 | ea30 10fe | 7f00 00ff | d048 83c4 | 2041 5941 | 585a 498d | 8fc0 0300 | 0041 c787 
  0x00000243c89eca98: 4c04 0000 | 0400 0000 

  0x00000243c89ecaa0: ;   {runtime_call}
  0x00000243c89ecaa0: 48b8 ac16 | eead fe7f | 0000 ffd0 | c5f8 7741 | c787 4c04 | 0000 0500 | 0000 f083 | 4424 c000 
  0x00000243c89ecac0: 493b af50 | 0400 000f | 870e 0000 | 0041 83bf | 4804 0000 | 000f 842b | 0000 00c5 | f877 4889 
  0x00000243c89ecae0: 45f8 498b | cf4c 8be4 | 4883 ec20 | 4883 e4f0 

  0x00000243c89ecaf0: ;   {runtime_call}
  0x00000243c89ecaf0: 48b8 0058 | fc0f fe7f | 0000 ffd0 | 498b e44d | 33e4 488b | 45f8 41c7 | 874c 0400 | 0008 0000 
  0x00000243c89ecb10: 0041 83bf | c804 0000 | 020f 84db 

  0x00000243c89ecb1c: ;   {external_word}
  0x00000243c89ecb1c: 0200 0049 | ba06 6d87 | 10fe 7f00 | 0041 803a | 000f 844c | 0000 0048 

  0x00000243c89ecb34: ;   {metadata({method} {0x00000243d4434c38} 'defineClass1' '(Ljava/lang/ClassLoader;Ljava/lang/String;[BIILjava/security/ProtectionDomain;Ljava/lang/String;)Ljava/lang/Class;' in 'java/lang/ClassLoader')}
  0x00000243c89ecb34: 8945 f848 | ba30 4c43 | d443 0200 | 0049 8bcf | 4883 ec20 | 40f6 c40f | 0f84 1900 | 0000 4883 
  0x00000243c89ecb54: ;   {runtime_call}
  0x00000243c89ecb54: ec08 48b8 | e0ea 3010 | fe7f 0000 | ffd0 4883 | c408 e90c 

  0x00000243c89ecb68: ;   {runtime_call}
  0x00000243c89ecb68: 0000 0048 | b8e0 ea30 | 10fe 7f00 | 00ff d048 | 83c4 2048 | 8b45 f849 | c787 a003 | 0000 0000 
  0x00000243c89ecb88: 0000 49c7 | 87a8 0300 | 0000 0000 | 00c5 f877 | 4885 c00f | 8436 0200 | 00a8 030f | 8508 0000 
  0x00000243c89ecba8: 0048 8b00 | e926 0200 | 00a8 010f | 8509 0000 | 0048 8b40 | fee9 1502 | 0000 488b | 40ff 4180 
  0x00000243c89ecbc8: 7f40 000f | 8406 0200 | 0048 83f8 | 000f 84fc | 0100 0049 | 8b4f 2848 | 83f9 000f | 8414 0000 
  0x00000243c89ecbe8: 0048 83e9 | 0849 894f | 2849 034f | 3848 8901 | e9da 0100 | 0048 81ec | f000 0000 | 4889 0424 
  0x00000243c89ecc08: 4889 4c24 | 0848 8954 | 2410 4c89 | 4424 184c | 894c 2420 | 4c89 5424 | 284c 895c | 2430 c5fb 
  0x00000243c89ecc28: 1144 2440 | c5fb 114c | 2448 c5fb | 1154 2450 | c5fb 115c | 2458 c5fb | 1164 2460 | c5fb 116c 
  0x00000243c89ecc48: 2468 62e1 | ff08 1144 | 240e 62e1 | ff08 114c | 240f 62e1 | ff08 1154 | 2410 62e1 | ff08 115c 
  0x00000243c89ecc68: ;   {no_reloc}
  0x00000243c89ecc68: 2411 62e1 | ff08 1164 | 2412 62e1 | ff08 116c | 2413 62e1 | ff08 1174 | 2414 62e1 | ff08 117c 
  0x00000243c89ecc88: 2415 6261 | ff08 1144 | 2416 6261 | ff08 114c | 2417 6261 | ff08 1154 | 2418 6261 | ff08 115c 
  0x00000243c89ecca8: 2419 6261 | ff08 1164 | 241a 6261 | ff08 116c | 241b 6261 | ff08 1174 | 241c 6261 | ff08 117c 
  0x00000243c89eccc8: 241d 498b | d748 8bc8 | 4883 ec20 | 40f6 c40f | 0f84 1900 | 0000 4883 

  0x00000243c89ecce0: ;   {runtime_call}
  0x00000243c89ecce0: ec08 48b8 | 20a4 ef0f | fe7f 0000 | ffd0 4883 | c408 e90c 

  0x00000243c89eccf4: ;   {runtime_call}
  0x00000243c89eccf4: 0000 0048 | b820 a4ef | 0ffe 7f00 | 00ff d048 | 83c4 2062 | 61ff 0810 | 7c24 1d62 | 61ff 0810 
  0x00000243c89ecd14: 7424 1c62 | 61ff 0810 | 6c24 1b62 | 61ff 0810 | 6424 1a62 | 61ff 0810 | 5c24 1962 | 61ff 0810 
  0x00000243c89ecd34: 5424 1862 | 61ff 0810 | 4c24 1762 | 61ff 0810 | 4424 1662 | e1ff 0810 | 7c24 1562 | e1ff 0810 
  0x00000243c89ecd54: 7424 1462 | e1ff 0810 | 6c24 1362 | e1ff 0810 | 6424 1262 | e1ff 0810 | 5c24 1162 | e1ff 0810 
  0x00000243c89ecd74: 5424 1062 | e1ff 0810 | 4c24 0f62 | e1ff 0810 | 4424 0ec5 | fb10 6c24 | 68c5 fb10 | 6424 60c5 
  0x00000243c89ecd94: fb10 5c24 | 58c5 fb10 | 5424 50c5 | fb10 4c24 | 48c5 fb10 | 4424 404c | 8b5c 2430 | 4c8b 5424 
  0x00000243c89ecdb4: 284c 8b4c | 2420 4c8b | 4424 1848 | 8b54 2410 | 488b 4c24 | 0848 8b04 | 2448 81c4 | f000 0000 
  0x00000243c89ecdd4: c5f8 7749 | 8b8f 3004 | 0000 c781 | 0001 0000 | 0000 0000 | c949 837f | 0800 0f85 | 0100 0000 
  0x00000243c89ecdf4: ;   {runtime_call StubRoutines (initial stubs)}
  0x00000243c89ecdf4: c3e9 0641 | a1ff c5f8 | 7748 8945 | f84c 8be4 | 4883 ec20 | 4883 e4f0 

  0x00000243c89ece0c: ;   {runtime_call}
  0x00000243c89ece0c: 48b8 3022 | 3110 fe7f | 0000 ffd0 | 498b e44d | 33e4 488b | 45f8 e9f8 | fcff fff4 
[/MachCode]


Compiled method (c1) 142445 1169       3       java.lang.ClassLoader::defineClass (43 bytes)
 total in heap  [0x00000243c10cc110,0x00000243c10cca60] = 2384
 relocation     [0x00000243c10cc270,0x00000243c10cc310] = 160
 main code      [0x00000243c10cc320,0x00000243c10cc7b8] = 1176
 stub code      [0x00000243c10cc7b8,0x00000243c10cc830] = 120
 metadata       [0x00000243c10cc830,0x00000243c10cc860] = 48
 scopes data    [0x00000243c10cc860,0x00000243c10cc950] = 240
 scopes pcs     [0x00000243c10cc950,0x00000243c10cca30] = 224
 dependencies   [0x00000243c10cca30,0x00000243c10cca38] = 8
 nul chk table  [0x00000243c10cca38,0x00000243c10cca60] = 40

[Constant Pool (empty)]

[MachCode]
[Entry Point]
  # {method} {0x00000243d4434fb8} 'defineClass' '(Ljava/lang/String;[BIILjava/security/ProtectionDomain;)Ljava/lang/Class;' in 'java/lang/ClassLoader'
  # this:     rdx:rdx   = 'java/lang/ClassLoader'
  # parm0:    r8:r8     = 'java/lang/String'
  # parm1:    r9:r9     = '[B'
  # parm2:    rdi       = int
  # parm3:    rsi       = int
  # parm4:    rcx:rcx   = 'java/security/ProtectionDomain'
  #           [sp+0xc0]  (sp of caller)
  0x00000243c10cc320: 448b 5208 | 49bb 0000 | 00d4 4302 | 0000 4d03 | d34c 3bd0 

  0x00000243c10cc334: ;   {runtime_call ic_miss_stub}
  0x00000243c10cc334: 0f85 4626 | 3807 660f | 1f44 0000 
[Verified Entry Point]
  0x00000243c10cc340: 8984 2400 | 80ff ff55 | 4881 ecb0 | 0000 0090 | 4181 7f20 | 0100 0000 

  0x00000243c10cc358: ;   {runtime_call StubRoutines (final stubs)}
  0x00000243c10cc358: 7405 e841 | bf36 0748 | 8954 2478 

  0x00000243c10cc364: ;   {metadata(method data for {method} {0x00000243d4434fb8} 'defineClass' '(Ljava/lang/String;[BIILjava/security/ProtectionDomain;)Ljava/lang/Class;' in 'java/lang/ClassLoader')}
  0x00000243c10cc364: 48bb 6868 | 19e9 4302 | 0000 8b83 | cc00 0000 | 83c0 0289 | 83cc 0000 | 0025 fe07 | 0000 85c0 
  0x00000243c10cc384: 0f84 5003 | 0000 89b4 | 2494 0000 | 0089 bc24 | 9000 0000 | 4c89 8c24 | 8800 0000 

  0x00000243c10cc3a0: ;   {metadata(method data for {method} {0x00000243d4434fb8} 'defineClass' '(Ljava/lang/String;[BIILjava/security/ProtectionDomain;)Ljava/lang/Class;' in 'java/lang/ClassLoader')}
  0x00000243c10cc3a0: 488b da48 | b868 6819 | e943 0200 | 0048 8380 | 1001 0000 | 0149 8bd8 | 4c8b c34c | 8bc9 488b 
  0x00000243c10cc3c0: ca48 8bd1 | 4889 9c24 | 8000 0000 

  0x00000243c10cc3cc: ;   {optimized virtual_call}
  0x00000243c10cc3cc: 6666 90e8 

  0x00000243c10cc3d0: ; ImmutableOopMap {[120]=Oop [128]=Oop [136]=Oop }
                      ;*invokevirtual preDefineClass {reexecute=0 rethrow=0 return_oop=0}
                      ; - java.lang.ClassLoader::defineClass@4
  0x00000243c10cc3d0: 4cc3 fcff 

  0x00000243c10cc3d4: ;   {other}
  0x00000243c10cc3d4: 0f1f 8400 | c402 0000 | 4889 8424 | 9800 0000 | 488b 5424 

  0x00000243c10cc3e8: ;   {metadata(method data for {method} {0x00000243d4434fb8} 'defineClass' '(Ljava/lang/String;[BIILjava/security/ProtectionDomain;)Ljava/lang/Class;' in 'java/lang/ClassLoader')}
  0x00000243c10cc3e8: 7849 b868 | 6819 e943 | 0200 0049 | 8380 4801 

  0x00000243c10cc3f8: ;   {metadata(method data for {method} {0x00000243d4434ca0} 'defineClassSourceLocation' '(Ljava/security/ProtectionDomain;)Ljava/lang/String;' in 'java/lang/ClassLoader')}
  0x00000243c10cc3f8: 0000 0149 | b8a8 8c19 | e943 0200 | 0041 8b90 | cc00 0000 | 83c2 0241 | 8990 cc00 | 0000 81e2 
  0x00000243c10cc418: feff 1f00 | 85d2 0f84 | d702 0000 

  0x00000243c10cc424: ; implicit exception: dispatches to 0x00000243c10cc71c
  0x00000243c10cc424: 483b 004c 

  0x00000243c10cc428: ;   {metadata(method data for {method} {0x00000243d4434ca0} 'defineClassSourceLocation' '(Ljava/security/ProtectionDomain;)Ljava/lang/String;' in 'java/lang/ClassLoader')}
  0x00000243c10cc428: 8bc0 48ba | a88c 19e9 | 4302 0000 | 4883 8210 | 0100 0001 | 448b 4010 

  0x00000243c10cc440: ;   {metadata(method data for {method} {0x00000243d4434ca0} 'defineClassSourceLocation' '(Ljava/security/ProtectionDomain;)Ljava/lang/String;' in 'java/lang/ClassLoader')}
  0x00000243c10cc440: 4d85 c048 | baa8 8c19 | e943 0200 | 0048 c7c6 | 5801 0000 | 7507 48c7 | c648 0100 | 0048 8b3c 
  0x00000243c10cc460: 3248 8d7f | 0148 893c | 320f 850f 

  0x00000243c10cc46c: ;   {oop(nullptr)}
  0x00000243c10cc46c: 0000 0048 | bb00 0000 | 0000 0000 | 00e9 a101 | 0000 493b | 0049 8bd0 

  0x00000243c10cc484: ;   {metadata(method data for {method} {0x00000243d4434ca0} 'defineClassSourceLocation' '(Ljava/security/ProtectionDomain;)Ljava/lang/String;' in 'java/lang/ClassLoader')}
  0x00000243c10cc484: 48be a88c | 19e9 4302 | 0000 4883 | 8668 0100 | 0001 418b | 500c 4885 

  0x00000243c10cc49c: ;   {metadata(method data for {method} {0x00000243d4434ca0} 'defineClassSourceLocation' '(Ljava/security/ProtectionDomain;)Ljava/lang/String;' in 'java/lang/ClassLoader')}
  0x00000243c10cc49c: d248 bea8 | 8c19 e943 | 0200 0048 | c7c7 b001 | 0000 7507 | 48c7 c7a0 | 0100 0048 | 8b1c 3e48 
  0x00000243c10cc4bc: 8d5b 0148 | 891c 3e0f | 850f 0000 

  0x00000243c10cc4c8: ;   {oop(nullptr)}
  0x00000243c10cc4c8: 0048 bb00 | 0000 0000 | 0000 00e9 | 4701 0000 

  0x00000243c10cc4d8: ;   {metadata(method data for {method} {0x00000243d4434ca0} 'defineClassSourceLocation' '(Ljava/security/ProtectionDomain;)Ljava/lang/String;' in 'java/lang/ClassLoader')}
  0x00000243c10cc4d8: 48be a88c | 19e9 4302 | 0000 4883 | 86c0 0100 | 0001 483b | 024c 8bc2 

  0x00000243c10cc4f0: ;   {metadata(method data for {method} {0x00000243d4434ca0} 'defineClassSourceLocation' '(Ljava/security/ProtectionDomain;)Ljava/lang/String;' in 'java/lang/ClassLoader')}
  0x00000243c10cc4f0: 48be a88c | 19e9 4302 | 0000 4883 | 86f8 0100 

  0x00000243c10cc500: ;   {metadata(method data for {method} {0x00000243d401abf0} 'toString' '()Ljava/lang/String;' in 'java/net/URL')}
  0x00000243c10cc500: 0001 49b8 | 9087 0ee9 | 4302 0000 | 418b b0cc | 0000 0083 | c602 4189 | b0cc 0000 | 0081 e6fe 
  0x00000243c10cc520: ff1f 0085 | f60f 8400 | 0200 004c 

  0x00000243c10cc52c: ;   {metadata(method data for {method} {0x00000243d401abf0} 'toString' '()Ljava/lang/String;' in 'java/net/URL')}
  0x00000243c10cc52c: 8bc2 48be | 9087 0ee9 | 4302 0000 | 4883 8610 | 0100 0001 

  0x00000243c10cc540: ;   {metadata(method data for {method} {0x00000243d4428840} 'toExternalForm' '()Ljava/lang/String;' in 'java/net/URL')}
  0x00000243c10cc540: 49b8 1889 | 0ee9 4302 | 0000 418b | b0cc 0000 | 0083 c602 | 4189 b0cc | 0000 0081 | e6fe ff1f 
  0x00000243c10cc560: 0085 f60f | 84e3 0100 | 008b 7238 

  0x00000243c10cc56c: ; implicit exception: dispatches to 0x00000243c10cc76d
  0x00000243c10cc56c: 483b 064c 

  0x00000243c10cc570: ;   {metadata(method data for {method} {0x00000243d4428840} 'toExternalForm' '()Ljava/lang/String;' in 'java/net/URL')}
  0x00000243c10cc570: 8bc6 48bf | 1889 0ee9 | 4302 0000 | 458b 4008 | 49ba 0000 | 00d4 4302 | 0000 4d03 | c24c 3b87 
  0x00000243c10cc590: 2001 0000 | 750d 4883 | 8728 0100 | 0001 e960 | 0000 004c | 3b87 3001 | 0000 750d | 4883 8738 
  0x00000243c10cc5b0: 0100 0001 | e94a 0000 | 0048 83bf | 2001 0000 | 0075 174c | 8987 2001 | 0000 48c7 | 8728 0100 
  0x00000243c10cc5d0: 0001 0000 | 00e9 2900 | 0000 4883 | bf30 0100 | 0000 7517 | 4c89 8730 | 0100 0048 | c787 3801 
  0x00000243c10cc5f0: 0000 0100 | 0000 e908 | 0000 0048 | 8387 1001 | 0000 014c | 8bc2 488b | d666 0f1f 

  0x00000243c10cc60c: ;   {optimized virtual_call}
  0x00000243c10cc60c: 4400 00e8 

  0x00000243c10cc610: ; ImmutableOopMap {[120]=Oop [128]=Oop [136]=Oop [152]=Oop }
                      ;*invokevirtual toExternalForm {reexecute=0 rethrow=0 return_oop=0}
                      ; - java.net.URL::toExternalForm@5
                      ; - java.net.URL::toString@1
                      ; - java.lang.ClassLoader::defineClassSourceLocation@22
                      ; - java.lang.ClassLoader::defineClass@12
  0x00000243c10cc610: 0cfe f4ff 

  0x00000243c10cc614: ;   {other}
  0x00000243c10cc614: 0f1f 8400 | 0405 0001 | 488b d848 | 8b84 2498 | 0000 008b | b424 9400 | 0000 8bbc | 2490 0000 
  0x00000243c10cc634: 004c 8b8c | 2488 0000 | 004c 8b84 | 2480 0000 | 0048 8b54 

  0x00000243c10cc648: ;   {metadata(method data for {method} {0x00000243d4434fb8} 'defineClass' '(Ljava/lang/String;[BIILjava/security/ProtectionDomain;)Ljava/lang/Class;' in 'java/lang/ClassLoader')}
  0x00000243c10cc648: 2478 48b9 | 6868 19e9 | 4302 0000 | 4883 8180 | 0100 0001 | 4c8b da49 | 8bd3 488b | c848 891c 
  0x00000243c10cc668: 2466 0f1f 

  0x00000243c10cc66c: ;   {static_call}
  0x00000243c10cc66c: 4400 00e8 

  0x00000243c10cc670: ; ImmutableOopMap {[120]=Oop [152]=Oop }
                      ;*invokestatic defineClass1 {reexecute=0 rethrow=0 return_oop=0}
                      ; - java.lang.ClassLoader::defineClass@27
  0x00000243c10cc670: ec02 9207 

  0x00000243c10cc674: ;   {other}
  0x00000243c10cc674: 0f1f 8400 | 6405 0002 | 488b 5424 

  0x00000243c10cc680: ;   {metadata(method data for {method} {0x00000243d4434fb8} 'defineClass' '(Ljava/lang/String;[BIILjava/security/ProtectionDomain;)Ljava/lang/Class;' in 'java/lang/ClassLoader')}
  0x00000243c10cc680: 7849 b868 | 6819 e943 | 0200 0049 | 8380 9001 | 0000 014c | 8bc0 4c8b | 8c24 9800 | 0000 488b 
  0x00000243c10cc6a0: 5424 7848 | 8984 24a0 | 0000 000f 

  0x00000243c10cc6ac: ;   {optimized virtual_call}
  0x00000243c10cc6ac: 1f40 00e8 

  0x00000243c10cc6b0: ; ImmutableOopMap {[160]=Oop }
                      ;*invokevirtual postDefineClass {reexecute=0 rethrow=0 return_oop=0}
                      ; - java.lang.ClassLoader::defineClass@37
  0x00000243c10cc6b0: 6cee f6ff 

  0x00000243c10cc6b4: ;   {other}
  0x00000243c10cc6b4: 0f1f 8400 | a405 0003 | 488b 8424 | a000 0000 | 4881 c4b0 | 0000 005d 

  0x00000243c10cc6cc: ;   {poll_return}
  0x00000243c10cc6cc: 493b a750 | 0400 000f | 8799 0000 

  0x00000243c10cc6d8: ;   {metadata({method} {0x00000243d4434fb8} 'defineClass' '(Ljava/lang/String;[BIILjava/security/ProtectionDomain;)Ljava/lang/Class;' in 'java/lang/ClassLoader')}
  0x00000243c10cc6d8: 00c3 49ba | b04f 43d4 | 4302 0000 | 4c89 5424 | 0848 c704 | 24ff ffff 

  0x00000243c10cc6f0: ;   {runtime_call counter_overflow Runtime1 stub}
  0x00000243c10cc6f0: ffe8 8a12 

  0x00000243c10cc6f4: ; ImmutableOopMap {rdx=Oop r8=Oop r9=Oop rcx=Oop [120]=Oop }
                      ;*synchronization entry
                      ; - java.lang.ClassLoader::defineClass@-1
  0x00000243c10cc6f4: 4707 e98f 

  0x00000243c10cc6f8: ;   {metadata({method} {0x00000243d4434ca0} 'defineClassSourceLocation' '(Ljava/security/ProtectionDomain;)Ljava/lang/String;' in 'java/lang/ClassLoader')}
  0x00000243c10cc6f8: fcff ff49 | ba98 4c43 | d443 0200 | 004c 8954 | 2408 48c7 | 0424 ffff 

  0x00000243c10cc710: ;   {runtime_call counter_overflow Runtime1 stub}
  0x00000243c10cc710: ffff e869 

  0x00000243c10cc714: ; ImmutableOopMap {rax=Oop [120]=Oop [128]=Oop [136]=Oop [152]=Oop }
                      ;*synchronization entry
                      ; - java.lang.ClassLoader::defineClassSourceLocation@-1
                      ; - java.lang.ClassLoader::defineClass@12
  0x00000243c10cc714: 1247 07e9 | 08fd ffff 

  0x00000243c10cc71c: ;   {runtime_call throw_null_pointer_exception Runtime1 stub}
  0x00000243c10cc71c: e8ff c13d 

  0x00000243c10cc720: ; ImmutableOopMap {rax=Oop [120]=Oop [128]=Oop [136]=Oop [152]=Oop }
                      ;*invokevirtual getCodeSource {reexecute=0 rethrow=0 return_oop=0}
                      ; - java.lang.ClassLoader::defineClassSourceLocation@1
                      ; - java.lang.ClassLoader::defineClass@12
                      ;   {runtime_call throw_null_pointer_exception Runtime1 stub}
  0x00000243c10cc720: 07e8 fac1 

  0x00000243c10cc724: ; ImmutableOopMap {rax=Oop r8=Oop [120]=Oop [128]=Oop [136]=Oop [152]=Oop }
                      ;*invokevirtual getLocation {reexecute=0 rethrow=0 return_oop=0}
                      ; - java.lang.ClassLoader::defineClassSourceLocation@12
                      ; - java.lang.ClassLoader::defineClass@12
                      ;   {runtime_call throw_null_pointer_exception Runtime1 stub}
  0x00000243c10cc724: 3d07 e8f5 

  0x00000243c10cc728: ; ImmutableOopMap {rdx=Oop [120]=Oop [128]=Oop [136]=Oop [152]=Oop }
                      ;*invokevirtual toString {reexecute=0 rethrow=0 return_oop=0}
                      ; - java.lang.ClassLoader::defineClassSourceLocation@22
                      ; - java.lang.ClassLoader::defineClass@12
                      ;   {metadata({method} {0x00000243d401abf0} 'toString' '()Ljava/lang/String;' in 'java/net/URL')}
  0x00000243c10cc728: c13d 0749 | bae8 ab01 | d443 0200 | 004c 8954 | 2408 48c7 | 0424 ffff 

  0x00000243c10cc740: ;   {runtime_call counter_overflow Runtime1 stub}
  0x00000243c10cc740: ffff e839 

  0x00000243c10cc744: ; ImmutableOopMap {rdx=Oop [120]=Oop [128]=Oop [136]=Oop [152]=Oop }
                      ;*synchronization entry
                      ; - java.net.URL::toString@-1
                      ; - java.lang.ClassLoader::defineClassSourceLocation@22
                      ; - java.lang.ClassLoader::defineClass@12
  0x00000243c10cc744: 1247 07e9 | dffd ffff 

  0x00000243c10cc74c: ;   {metadata({method} {0x00000243d4428840} 'toExternalForm' '()Ljava/lang/String;' in 'java/net/URL')}
  0x00000243c10cc74c: 49ba 3888 | 42d4 4302 | 0000 4c89 | 5424 0848 | c704 24ff 

  0x00000243c10cc760: ;   {runtime_call counter_overflow Runtime1 stub}
  0x00000243c10cc760: ffff ffe8 

  0x00000243c10cc764: ; ImmutableOopMap {rdx=Oop [120]=Oop [128]=Oop [136]=Oop [152]=Oop }
                      ;*synchronization entry
                      ; - java.net.URL::toExternalForm@-1
                      ; - java.net.URL::toString@1
                      ; - java.lang.ClassLoader::defineClassSourceLocation@22
                      ; - java.lang.ClassLoader::defineClass@12
  0x00000243c10cc764: 1812 4707 | e9fc fdff 

  0x00000243c10cc76c: ;   {runtime_call throw_null_pointer_exception Runtime1 stub}
  0x00000243c10cc76c: ffe8 aec1 

  0x00000243c10cc770: ; ImmutableOopMap {rdx=Oop rsi=Oop [120]=Oop [128]=Oop [136]=Oop [152]=Oop }
                      ;*invokevirtual toExternalForm {reexecute=0 rethrow=0 return_oop=0}
                      ; - java.net.URL::toExternalForm@5
                      ; - java.net.URL::toString@1
                      ; - java.lang.ClassLoader::defineClassSourceLocation@22
                      ; - java.lang.ClassLoader::defineClass@12
                      ;   {internal_word}
  0x00000243c10cc770: 3d07 49ba | ccc6 0cc1 | 4302 0000 | 4d89 9768 

  0x00000243c10cc780: ;   {runtime_call SafepointBlob}
  0x00000243c10cc780: 0400 00e9 | f8a1 3807 | 498b 8700 | 0500 0049 | c787 0005 | 0000 0000 | 0000 49c7 | 8708 0500 
  0x00000243c10cc7a0: 0000 0000 | 0048 81c4 | b000 0000 

  0x00000243c10cc7ac: ;   {runtime_call unwind_exception Runtime1 stub}
  0x00000243c10cc7ac: 5de9 4ed0 | 3d07 f4f4 | f4f4 f4f4 
[Stub Code]
  0x00000243c10cc7b8: ;   {no_reloc}
  0x00000243c10cc7b8: 0f1f 4400 

  0x00000243c10cc7bc: ;   {static_stub}
  0x00000243c10cc7bc: 0048 bb00 | 0000 0000 

  0x00000243c10cc7c4: ;   {runtime_call nmethod}
  0x00000243c10cc7c4: 0000 00e9 | fbff ffff 

  0x00000243c10cc7cc: ;   {static_stub}
  0x00000243c10cc7cc: 48bb 0000 | 0000 0000 

  0x00000243c10cc7d4: ;   {runtime_call nmethod}
  0x00000243c10cc7d4: 0000 e9fb 

  0x00000243c10cc7d8: ;   {static_stub}
  0x00000243c10cc7d8: ffff ff48 | bb00 0000 | 0000 0000 

  0x00000243c10cc7e4: ;   {runtime_call nmethod}
  0x00000243c10cc7e4: 00e9 fbff 

  0x00000243c10cc7e8: ;   {static_stub}
  0x00000243c10cc7e8: ffff 48bb | 0000 0000 | 0000 0000 

  0x00000243c10cc7f4: ;   {runtime_call nmethod}
  0x00000243c10cc7f4: e9fb ffff 

  0x00000243c10cc7f8: ;   {runtime_call handle_exception_from_callee Runtime1 stub}
  0x00000243c10cc7f8: ffe8 02d5 

  0x00000243c10cc7fc: ;   {external_word}
  0x00000243c10cc7fc: 4607 48b9 | 5063 5d10 | fe7f 0000 | 4883 e4f0 

  0x00000243c10cc80c: ;   {runtime_call}
  0x00000243c10cc80c: 48b8 c0c9 | 1f10 fe7f | 0000 ffd0 

  0x00000243c10cc818: ;   {section_word}
  0x00000243c10cc818: f449 ba19 | c80c c143 | 0200 0041 

  0x00000243c10cc824: ;   {runtime_call DeoptimizationBlob}
  0x00000243c10cc824: 52e9 f6b5 | 3807 f4f4 | f4f4 f4f4 
[/MachCode]


Compiled method (c1) 143904 1035       3       java.security.SecureClassLoader::defineClass (16 bytes)
 total in heap  [0x00000243c1093210,0x00000243c1093610] = 1024
 relocation     [0x00000243c1093370,0x00000243c10933c0] = 80
 main code      [0x00000243c10933c0,0x00000243c1093518] = 344
 stub code      [0x00000243c1093518,0x00000243c1093568] = 80
 metadata       [0x00000243c1093568,0x00000243c1093570] = 8
 scopes data    [0x00000243c1093570,0x00000243c10935b8] = 72
 scopes pcs     [0x00000243c10935b8,0x00000243c1093608] = 80
 dependencies   [0x00000243c1093608,0x00000243c1093610] = 8

[Constant Pool (empty)]

[MachCode]
[Entry Point]
  # {method} {0x00000243d404e0e8} 'defineClass' '(Ljava/lang/String;[BIILjava/security/CodeSource;)Ljava/lang/Class;' in 'java/security/SecureClassLoader'
  # this:     rdx:rdx   = 'java/security/SecureClassLoader'
  # parm0:    r8:r8     = 'java/lang/String'
  # parm1:    r9:r9     = '[B'
  # parm2:    rdi       = int
  # parm3:    rsi       = int
  # parm4:    rcx:rcx   = 'java/security/CodeSource'
  #           [sp+0x80]  (sp of caller)
  0x00000243c10933c0: 448b 5208 | 49bb 0000 | 00d4 4302 | 0000 4d03 | d34c 3bd0 

  0x00000243c10933d4: ;   {runtime_call ic_miss_stub}
  0x00000243c10933d4: 0f85 a6b5 | 3b07 660f | 1f44 0000 
[Verified Entry Point]
  0x00000243c10933e0: 8984 2400 | 80ff ff55 | 4883 ec70 | 4181 7f20 | 0100 0000 

  0x00000243c10933f4: ;   {runtime_call StubRoutines (final stubs)}
  0x00000243c10933f4: 7405 e8a5 

  0x00000243c10933f8: ;   {metadata(method data for {method} {0x00000243d404e0e8} 'defineClass' '(Ljava/lang/String;[BIILjava/security/CodeSource;)Ljava/lang/Class;' in 'java/security/SecureClassLoader')}
  0x00000243c10933f8: 4e3a 0748 | bb18 3218 | e943 0200 | 008b 83cc | 0000 0083 | c002 8983 | cc00 0000 | 25fe 0700 
  0x00000243c1093418: 0085 c00f | 8496 0000 | 0089 7424 | 5c89 7c24 | 584c 894c | 2450 4c89 | 4424 4848 

  0x00000243c1093434: ;   {metadata(method data for {method} {0x00000243d404e0e8} 'defineClass' '(Ljava/lang/String;[BIILjava/security/CodeSource;)Ljava/lang/Class;' in 'java/security/SecureClassLoader')}
  0x00000243c1093434: 8bda 48b8 | 1832 18e9 | 4302 0000 | 4883 8010 | 0100 0001 | 4c8b c148 | 8bc2 488b | d048 8944 
  0x00000243c1093454: ;   {optimized virtual_call}
  0x00000243c1093454: 2440 90e8 

  0x00000243c1093458: ; ImmutableOopMap {[64]=Oop [72]=Oop [80]=Oop }
                      ;*invokevirtual getProtectionDomain {reexecute=0 rethrow=0 return_oop=0}
                      ; - java.security.SecureClassLoader::defineClass@9
  0x00000243c1093458: 446b ffff 

  0x00000243c109345c: ;   {other}
  0x00000243c109345c: 0f1f 8400 | 4c02 0000 | 488b 5424 

  0x00000243c1093468: ;   {metadata(method data for {method} {0x00000243d404e0e8} 'defineClass' '(Ljava/lang/String;[BIILjava/security/CodeSource;)Ljava/lang/Class;' in 'java/security/SecureClassLoader')}
  0x00000243c1093468: 4049 b818 | 3218 e943 | 0200 0049 | 8380 4801 | 0000 014c | 8b44 2448 | 4c8b 4c24 | 508b 7c24 
  0x00000243c1093488: 588b 7424 | 5c48 8bc8 | 488b 5424 

  0x00000243c1093494: ;   {optimized virtual_call}
  0x00000243c1093494: 4066 90e8 

  0x00000243c1093498: ; ImmutableOopMap {}
                      ;*invokevirtual defineClass {reexecute=0 rethrow=0 return_oop=0}
                      ; - java.security.SecureClassLoader::defineClass@12
  0x00000243c1093498: a48e 0300 

  0x00000243c109349c: ;   {other}
  0x00000243c109349c: 0f1f 8400 | 8c02 0001 | 4883 c470 

  0x00000243c10934a8: ;   {poll_return}
  0x00000243c10934a8: 5d49 3ba7 | 5004 0000 | 0f87 2200 

  0x00000243c10934b4: ;   {metadata({method} {0x00000243d404e0e8} 'defineClass' '(Ljava/lang/String;[BIILjava/security/CodeSource;)Ljava/lang/Class;' in 'java/security/SecureClassLoader')}
  0x00000243c10934b4: 0000 c349 | bae0 e004 | d443 0200 | 004c 8954 | 2408 48c7 | 0424 ffff 

  0x00000243c10934cc: ;   {runtime_call counter_overflow Runtime1 stub}
  0x00000243c10934cc: ffff e8ad 

  0x00000243c10934d0: ; ImmutableOopMap {rdx=Oop r8=Oop r9=Oop rcx=Oop }
                      ;*synchronization entry
                      ; - java.security.SecureClassLoader::defineClass@-1
  0x00000243c10934d0: a44a 07e9 | 49ff ffff 

  0x00000243c10934d8: ;   {internal_word}
  0x00000243c10934d8: 49ba a934 | 09c1 4302 | 0000 4d89 | 9768 0400 

  0x00000243c10934e8: ;   {runtime_call SafepointBlob}
  0x00000243c10934e8: 00e9 9234 | 3c07 498b | 8700 0500 | 0049 c787 | 0005 0000 | 0000 0000 | 49c7 8708 | 0500 0000 
  0x00000243c1093508: 0000 0048 | 83c4 705d 

  0x00000243c1093510: ;   {runtime_call unwind_exception Runtime1 stub}
  0x00000243c1093510: e9eb 6241 | 07f4 f4f4 
[Stub Code]
  0x00000243c1093518: ;   {no_reloc}
  0x00000243c1093518: 48bb 0000 | 0000 0000 

  0x00000243c1093520: ;   {runtime_call nmethod}
  0x00000243c1093520: 0000 e9fb 

  0x00000243c1093524: ;   {static_stub}
  0x00000243c1093524: ffff ff48 | bbb0 4f43 | d443 0200 

  0x00000243c1093530: ;   {runtime_call I2C/C2I adapters}
  0x00000243c1093530: 00e9 bfd1 

  0x00000243c1093534: ;   {runtime_call handle_exception_from_callee Runtime1 stub}
  0x00000243c1093534: 3a07 e8c5 

  0x00000243c1093538: ;   {external_word}
  0x00000243c1093538: 674a 0748 | b950 635d | 10fe 7f00 | 0048 83e4 

  0x00000243c1093548: ;   {runtime_call}
  0x00000243c1093548: f048 b8c0 | c91f 10fe | 7f00 00ff 

  0x00000243c1093554: ;   {section_word}
  0x00000243c1093554: d0f4 49ba | 5635 09c1 | 4302 0000 

  0x00000243c1093560: ;   {runtime_call DeoptimizationBlob}
  0x00000243c1093560: 4152 e9b9 | 483c 07f4 
[/MachCode]


---------------  P R O C E S S  ---------------

Threads class SMR info:
_java_thread_list=0x00000243eea57340, length=25, elements={
0x00000243bdccf250, 0x00000243d3676540, 0x00000243d3677720, 0x00000243d367b310,
0x00000243d367d990, 0x00000243d3687630, 0x00000243d368bcb0, 0x00000243d368f1d0,
0x00000243d36903f0, 0x00000243d3892400, 0x00000243d391e6d0, 0x00000243ede4eea0,
0x00000243d38299a0, 0x00000243ed8527a0, 0x00000243d3a74dc0, 0x00000243d3a75430,
0x00000243eed65390, 0x00000243eeb99f70, 0x00000243eeb9b9b0, 0x00000243eeb9c6d0,
0x00000243eeb99250, 0x00000243eeb9a600, 0x00000243eeb9ac90, 0x00000243eeb998e0,
0x00000243eeb9c040
}

Java Threads: ( => current thread )
  0x00000243bdccf250 JavaThread "main"                              [_thread_blocked, id=36732, stack(0x00000051b6200000,0x00000051b6300000) (1024K)]
  0x00000243d3676540 JavaThread "Reference Handler"          daemon [_thread_blocked, id=25576, stack(0x00000051b6a00000,0x00000051b6b00000) (1024K)]
  0x00000243d3677720 JavaThread "Finalizer"                  daemon [_thread_blocked, id=29680, stack(0x00000051b6b00000,0x00000051b6c00000) (1024K)]
  0x00000243d367b310 JavaThread "Signal Dispatcher"          daemon [_thread_blocked, id=27908, stack(0x00000051b6c00000,0x00000051b6d00000) (1024K)]
  0x00000243d367d990 JavaThread "Attach Listener"            daemon [_thread_blocked, id=29948, stack(0x00000051b6d00000,0x00000051b6e00000) (1024K)]
  0x00000243d3687630 JavaThread "Service Thread"             daemon [_thread_blocked, id=4044, stack(0x00000051b6e00000,0x00000051b6f00000) (1024K)]
  0x00000243d368bcb0 JavaThread "Monitor Deflation Thread"   daemon [_thread_blocked, id=18708, stack(0x00000051b6f00000,0x00000051b7000000) (1024K)]
  0x00000243d368f1d0 JavaThread "C2 CompilerThread0"         daemon [_thread_blocked, id=32036, stack(0x00000051b7000000,0x00000051b7100000) (1024K)]
  0x00000243d36903f0 JavaThread "C1 CompilerThread0"         daemon [_thread_blocked, id=27112, stack(0x00000051b7100000,0x00000051b7200000) (1024K)]
  0x00000243d3892400 JavaThread "Common-Cleaner"             daemon [_thread_blocked, id=32856, stack(0x00000051b7200000,0x00000051b7300000) (1024K)]
  0x00000243d391e6d0 JavaThread "Notification Thread"        daemon [_thread_blocked, id=15160, stack(0x00000051b7300000,0x00000051b7400000) (1024K)]
  0x00000243ede4eea0 JavaThread "Daemon health stats"               [_thread_blocked, id=28952, stack(0x00000051b7900000,0x00000051b7a00000) (1024K)]
  0x00000243d38299a0 JavaThread "Incoming local TCP Connector on port 54361"        [_thread_in_native, id=3272, stack(0x00000051b5f00000,0x00000051b6000000) (1024K)]
  0x00000243ed8527a0 JavaThread "Daemon periodic checks"            [_thread_blocked, id=35544, stack(0x00000051b7a00000,0x00000051b7b00000) (1024K)]
  0x00000243d3a74dc0 JavaThread "Daemon"                            [_thread_blocked, id=3136, stack(0x00000051b7b00000,0x00000051b7c00000) (1024K)]
  0x00000243d3a75430 JavaThread "Handler for socket connection from /127.0.0.1:54361 to /127.0.0.1:54512"        [_thread_in_native, id=29924, stack(0x00000051b7c00000,0x00000051b7d00000) (1024K)]
  0x00000243eed65390 JavaThread "Cancel handler"                    [_thread_blocked, id=27704, stack(0x00000051b7d00000,0x00000051b7e00000) (1024K)]
=>0x00000243eeb99f70 JavaThread "Daemon worker"                     [_thread_in_vm, id=25796, stack(0x00000051b7e00000,0x00000051b7f00000) (1024K)]
  0x00000243eeb9b9b0 JavaThread "Asynchronous log dispatcher for DefaultDaemonConnection: socket connection from /127.0.0.1:54361 to /127.0.0.1:54512"        [_thread_blocked, id=6988, stack(0x00000051b7f00000,0x00000051b8000000) (1024K)]
  0x00000243eeb9c6d0 JavaThread "Stdin handler"                     [_thread_blocked, id=27016, stack(0x00000051b8000000,0x00000051b8100000) (1024K)]
  0x00000243eeb99250 JavaThread "Daemon client event forwarder"        [_thread_blocked, id=30116, stack(0x00000051b8100000,0x00000051b8200000) (1024K)]
  0x00000243eeb9a600 JavaThread "Cache worker for journal cache (C:\Users\user\.gradle\caches\journal-1)"        [_thread_blocked, id=30656, stack(0x00000051b8200000,0x00000051b8300000) (1024K)]
  0x00000243eeb9ac90 JavaThread "File lock request listener"        [_thread_in_native, id=24932, stack(0x00000051b8300000,0x00000051b8400000) (1024K)]
  0x00000243eeb998e0 JavaThread "Cache worker for file hash cache (C:\Users\user\.gradle\caches\9.5.1\fileHashes)"        [_thread_blocked, id=35344, stack(0x00000051b6000000,0x00000051b6100000) (1024K)]
  0x00000243eeb9c040 JavaThread "File lock release action executor"        [_thread_blocked, id=32972, stack(0x00000051b6100000,0x00000051b6200000) (1024K)]
Total: 25

Other Threads:
  0x00000243d3657d00 VMThread "VM Thread"                           [id=22644, stack(0x00000051b6900000,0x00000051b6a00000) (1024K)]
  0x00000243d36498f0 WatcherThread "VM Periodic Task Thread"        [id=29520, stack(0x00000051b6800000,0x00000051b6900000) (1024K)]
  0x00000243bdcfada0 WorkerThread "GC Thread#0"                     [id=31164, stack(0x00000051b6300000,0x00000051b6400000) (1024K)]
  0x00000243ed88a040 WorkerThread "GC Thread#1"                     [id=10892, stack(0x00000051b7400000,0x00000051b7500000) (1024K)]
  0x00000243ed88a3f0 WorkerThread "GC Thread#2"                     [id=17196, stack(0x00000051b7500000,0x00000051b7600000) (1024K)]
  0x00000243ed082510 WorkerThread "GC Thread#3"                     [id=16016, stack(0x00000051b7600000,0x00000051b7700000) (1024K)]
  0x00000243ed0828c0 WorkerThread "GC Thread#4"                     [id=31200, stack(0x00000051b7700000,0x00000051b7800000) (1024K)]
  0x00000243ed082c70 WorkerThread "GC Thread#5"                     [id=26300, stack(0x00000051b7800000,0x00000051b7900000) (1024K)]
  0x00000243eed9af10 WorkerThread "GC Thread#6"                     [id=37628, stack(0x00000051b8400000,0x00000051b8500000) (1024K)]
  0x00000243eed9b2c0 WorkerThread "GC Thread#7"                     [id=37632, stack(0x00000051b8500000,0x00000051b8600000) (1024K)]
  0x00000243bdd004b0 ConcurrentGCThread "G1 Main Marker"            [id=21156, stack(0x00000051b6400000,0x00000051b6500000) (1024K)]
  0x00000243bdd01d50 WorkerThread "G1 Conc#0"                       [id=1440, stack(0x00000051b6500000,0x00000051b6600000) (1024K)]
  0x00000243d35141e0 ConcurrentGCThread "G1 Refine#0"               [id=27644, stack(0x00000051b6600000,0x00000051b6700000) (1024K)]
  0x00000243d35187a0 ConcurrentGCThread "G1 Service"                [id=22336, stack(0x00000051b6700000,0x00000051b6800000) (1024K)]
Total: 14

Threads with active compile tasks:
Total: 0

VM state: not at safepoint (normal execution)

VM Mutex/Monitor currently owned by a thread:  ([mutex/lock_event])
[0x00007ffe1088d530] Metaspace_lock - owner thread: 0x00000243eeb99f70

Heap address: 0x00000000e0000000, size: 512 MB, Compressed Oops mode: 32-bit

CDS archive(s) mapped at: [0x00000243d4000000-0x00000243d4ba0000-0x00000243d4ba0000), size 12189696, SharedBaseAddress: 0x00000243d4000000, ArchiveRelocationMode: 1.
Compressed class space mapped at: 0x00000243d5000000-0x00000243e9000000, reserved size: 335544320
Narrow klass base: 0x00000243d4000000, Narrow klass shift: 0, Narrow klass range: 0x100000000

GC Precious Log:
 CardTable entry size: 512
 Card Set container configuration: InlinePtr #cards 5 size 8 Array Of Cards #cards 12 size 40 Howl #buckets 4 coarsen threshold 1843 Howl Bitmap #cards 512 size 80 coarsen threshold 460 Card regions per heap region 1 cards per card region 2048
 CPUs: 8 total, 8 available
 Memory: 16107M
 Large Page Support: Disabled
 NUMA Support: Disabled
 Compressed Oops: Enabled (32-bit)
 Heap Region Size: 1M
 Heap Min Capacity: 256M
 Heap Initial Capacity: 256M
 Heap Max Capacity: 512M
 Pre-touch: Disabled
 Parallel Workers: 8
 Concurrent Workers: 2
 Concurrent Refinement Workers: 8
 Periodic GC: Disabled

Heap:
 garbage-first heap   total 262144K, used 29932K [0x00000000e0000000, 0x0000000100000000)
  region size 1024K, 19 young (19456K), 11 survivors (11264K)
 Metaspace       used 18040K, committed 18560K, reserved 393216K
  class space    used 2486K, committed 2752K, reserved 327680K

Heap Regions: E=young(eden), S=young(survivor), O=old, HS=humongous(starts), HC=humongous(continues), CS=collection set, F=free, TAMS=top-at-mark-start, PB=parsable bottom
|   0|0x00000000e0000000, 0x00000000e0100000, 0x00000000e0100000|100%|HS|  |TAMS 0x00000000e0000000| PB 0x00000000e0000000| Complete 
|   1|0x00000000e0100000, 0x00000000e0200000, 0x00000000e0200000|100%|HC|  |TAMS 0x00000000e0100000| PB 0x00000000e0100000| Complete 
|   2|0x00000000e0200000, 0x00000000e0300000, 0x00000000e0300000|100%|HC|  |TAMS 0x00000000e0200000| PB 0x00000000e0200000| Complete 
|   3|0x00000000e0300000, 0x00000000e0400000, 0x00000000e0400000|100%|HC|  |TAMS 0x00000000e0300000| PB 0x00000000e0300000| Complete 
|   4|0x00000000e0400000, 0x00000000e0500000, 0x00000000e0500000|100%| O|  |TAMS 0x00000000e0400000| PB 0x00000000e0400000| Untracked 
|   5|0x00000000e0500000, 0x00000000e0600000, 0x00000000e0600000|100%| O|  |TAMS 0x00000000e0500000| PB 0x00000000e0500000| Untracked 
|   6|0x00000000e0600000, 0x00000000e0700000, 0x00000000e0700000|100%| O|  |TAMS 0x00000000e0600000| PB 0x00000000e0600000| Untracked 
|   7|0x00000000e0700000, 0x00000000e0800000, 0x00000000e0800000|100%| O|  |TAMS 0x00000000e0700000| PB 0x00000000e0700000| Untracked 
|   8|0x00000000e0800000, 0x00000000e0900000, 0x00000000e0900000|100%|HS|  |TAMS 0x00000000e0800000| PB 0x00000000e0800000| Complete 
|   9|0x00000000e0900000, 0x00000000e0900000, 0x00000000e0a00000|  0%| F|  |TAMS 0x00000000e0900000| PB 0x00000000e0900000| Untracked 
|  10|0x00000000e0a00000, 0x00000000e0b00000, 0x00000000e0b00000|100%| O|  |TAMS 0x00000000e0a00000| PB 0x00000000e0a00000| Untracked 
|  11|0x00000000e0b00000, 0x00000000e0c00000, 0x00000000e0c00000|100%| O|  |TAMS 0x00000000e0b00000| PB 0x00000000e0b00000| Untracked 
|  12|0x00000000e0c00000, 0x00000000e0cf2ea0, 0x00000000e0d00000| 94%| O|  |TAMS 0x00000000e0c00000| PB 0x00000000e0c00000| Untracked 
|  13|0x00000000e0d00000, 0x00000000e0d00000, 0x00000000e0e00000|  0%| F|  |TAMS 0x00000000e0d00000| PB 0x00000000e0d00000| Untracked 
|  14|0x00000000e0e00000, 0x00000000e0e00000, 0x00000000e0f00000|  0%| F|  |TAMS 0x00000000e0e00000| PB 0x00000000e0e00000| Untracked 
|  15|0x00000000e0f00000, 0x00000000e0f00000, 0x00000000e1000000|  0%| F|  |TAMS 0x00000000e0f00000| PB 0x00000000e0f00000| Untracked 
|  16|0x00000000e1000000, 0x00000000e1000000, 0x00000000e1100000|  0%| F|  |TAMS 0x00000000e1000000| PB 0x00000000e1000000| Untracked 
|  17|0x00000000e1100000, 0x00000000e1100000, 0x00000000e1200000|  0%| F|  |TAMS 0x00000000e1100000| PB 0x00000000e1100000| Untracked 
|  18|0x00000000e1200000, 0x00000000e1200000, 0x00000000e1300000|  0%| F|  |TAMS 0x00000000e1200000| PB 0x00000000e1200000| Untracked 
|  19|0x00000000e1300000, 0x00000000e1300000, 0x00000000e1400000|  0%| F|  |TAMS 0x00000000e1300000| PB 0x00000000e1300000| Untracked 
|  20|0x00000000e1400000, 0x00000000e1400000, 0x00000000e1500000|  0%| F|  |TAMS 0x00000000e1400000| PB 0x00000000e1400000| Untracked 
|  21|0x00000000e1500000, 0x00000000e1500000, 0x00000000e1600000|  0%| F|  |TAMS 0x00000000e1500000| PB 0x00000000e1500000| Untracked 
|  22|0x00000000e1600000, 0x00000000e1600000, 0x00000000e1700000|  0%| F|  |TAMS 0x00000000e1600000| PB 0x00000000e1600000| Untracked 
|  23|0x00000000e1700000, 0x00000000e1700000, 0x00000000e1800000|  0%| F|  |TAMS 0x00000000e1700000| PB 0x00000000e1700000| Untracked 
|  24|0x00000000e1800000, 0x00000000e1800000, 0x00000000e1900000|  0%| F|  |TAMS 0x00000000e1800000| PB 0x00000000e1800000| Untracked 
|  25|0x00000000e1900000, 0x00000000e1900000, 0x00000000e1a00000|  0%| F|  |TAMS 0x00000000e1900000| PB 0x00000000e1900000| Untracked 
|  26|0x00000000e1a00000, 0x00000000e1a00000, 0x00000000e1b00000|  0%| F|  |TAMS 0x00000000e1a00000| PB 0x00000000e1a00000| Untracked 
|  27|0x00000000e1b00000, 0x00000000e1b00000, 0x00000000e1c00000|  0%| F|  |TAMS 0x00000000e1b00000| PB 0x00000000e1b00000| Untracked 
|  28|0x00000000e1c00000, 0x00000000e1c00000, 0x00000000e1d00000|  0%| F|  |TAMS 0x00000000e1c00000| PB 0x00000000e1c00000| Untracked 
|  29|0x00000000e1d00000, 0x00000000e1d00000, 0x00000000e1e00000|  0%| F|  |TAMS 0x00000000e1d00000| PB 0x00000000e1d00000| Untracked 
|  30|0x00000000e1e00000, 0x00000000e1e00000, 0x00000000e1f00000|  0%| F|  |TAMS 0x00000000e1e00000| PB 0x00000000e1e00000| Untracked 
|  31|0x00000000e1f00000, 0x00000000e1f00000, 0x00000000e2000000|  0%| F|  |TAMS 0x00000000e1f00000| PB 0x00000000e1f00000| Untracked 
|  32|0x00000000e2000000, 0x00000000e2000000, 0x00000000e2100000|  0%| F|  |TAMS 0x00000000e2000000| PB 0x00000000e2000000| Untracked 
|  33|0x00000000e2100000, 0x00000000e2100000, 0x00000000e2200000|  0%| F|  |TAMS 0x00000000e2100000| PB 0x00000000e2100000| Untracked 
|  34|0x00000000e2200000, 0x00000000e2200000, 0x00000000e2300000|  0%| F|  |TAMS 0x00000000e2200000| PB 0x00000000e2200000| Untracked 
|  35|0x00000000e2300000, 0x00000000e2300000, 0x00000000e2400000|  0%| F|  |TAMS 0x00000000e2300000| PB 0x00000000e2300000| Untracked 
|  36|0x00000000e2400000, 0x00000000e2400000, 0x00000000e2500000|  0%| F|  |TAMS 0x00000000e2400000| PB 0x00000000e2400000| Untracked 
|  37|0x00000000e2500000, 0x00000000e2500000, 0x00000000e2600000|  0%| F|  |TAMS 0x00000000e2500000| PB 0x00000000e2500000| Untracked 
|  38|0x00000000e2600000, 0x00000000e2600000, 0x00000000e2700000|  0%| F|  |TAMS 0x00000000e2600000| PB 0x00000000e2600000| Untracked 
|  39|0x00000000e2700000, 0x00000000e2700000, 0x00000000e2800000|  0%| F|  |TAMS 0x00000000e2700000| PB 0x00000000e2700000| Untracked 
|  40|0x00000000e2800000, 0x00000000e2800000, 0x00000000e2900000|  0%| F|  |TAMS 0x00000000e2800000| PB 0x00000000e2800000| Untracked 
|  41|0x00000000e2900000, 0x00000000e2900000, 0x00000000e2a00000|  0%| F|  |TAMS 0x00000000e2900000| PB 0x00000000e2900000| Untracked 
|  42|0x00000000e2a00000, 0x00000000e2a00000, 0x00000000e2b00000|  0%| F|  |TAMS 0x00000000e2a00000| PB 0x00000000e2a00000| Untracked 
|  43|0x00000000e2b00000, 0x00000000e2b00000, 0x00000000e2c00000|  0%| F|  |TAMS 0x00000000e2b00000| PB 0x00000000e2b00000| Untracked 
|  44|0x00000000e2c00000, 0x00000000e2c00000, 0x00000000e2d00000|  0%| F|  |TAMS 0x00000000e2c00000| PB 0x00000000e2c00000| Untracked 
|  45|0x00000000e2d00000, 0x00000000e2d00000, 0x00000000e2e00000|  0%| F|  |TAMS 0x00000000e2d00000| PB 0x00000000e2d00000| Untracked 
|  46|0x00000000e2e00000, 0x00000000e2e00000, 0x00000000e2f00000|  0%| F|  |TAMS 0x00000000e2e00000| PB 0x00000000e2e00000| Untracked 
|  47|0x00000000e2f00000, 0x00000000e2f00000, 0x00000000e3000000|  0%| F|  |TAMS 0x00000000e2f00000| PB 0x00000000e2f00000| Untracked 
|  48|0x00000000e3000000, 0x00000000e3000000, 0x00000000e3100000|  0%| F|  |TAMS 0x00000000e3000000| PB 0x00000000e3000000| Untracked 
|  49|0x00000000e3100000, 0x00000000e3100000, 0x00000000e3200000|  0%| F|  |TAMS 0x00000000e3100000| PB 0x00000000e3100000| Untracked 
|  50|0x00000000e3200000, 0x00000000e3200000, 0x00000000e3300000|  0%| F|  |TAMS 0x00000000e3200000| PB 0x00000000e3200000| Untracked 
|  51|0x00000000e3300000, 0x00000000e3300000, 0x00000000e3400000|  0%| F|  |TAMS 0x00000000e3300000| PB 0x00000000e3300000| Untracked 
|  52|0x00000000e3400000, 0x00000000e3400000, 0x00000000e3500000|  0%| F|  |TAMS 0x00000000e3400000| PB 0x00000000e3400000| Untracked 
|  53|0x00000000e3500000, 0x00000000e3500000, 0x00000000e3600000|  0%| F|  |TAMS 0x00000000e3500000| PB 0x00000000e3500000| Untracked 
|  54|0x00000000e3600000, 0x00000000e3600000, 0x00000000e3700000|  0%| F|  |TAMS 0x00000000e3600000| PB 0x00000000e3600000| Untracked 
|  55|0x00000000e3700000, 0x00000000e3700000, 0x00000000e3800000|  0%| F|  |TAMS 0x00000000e3700000| PB 0x00000000e3700000| Untracked 
|  56|0x00000000e3800000, 0x00000000e3800000, 0x00000000e3900000|  0%| F|  |TAMS 0x00000000e3800000| PB 0x00000000e3800000| Untracked 
|  57|0x00000000e3900000, 0x00000000e3900000, 0x00000000e3a00000|  0%| F|  |TAMS 0x00000000e3900000| PB 0x00000000e3900000| Untracked 
|  58|0x00000000e3a00000, 0x00000000e3a00000, 0x00000000e3b00000|  0%| F|  |TAMS 0x00000000e3a00000| PB 0x00000000e3a00000| Untracked 
|  59|0x00000000e3b00000, 0x00000000e3b00000, 0x00000000e3c00000|  0%| F|  |TAMS 0x00000000e3b00000| PB 0x00000000e3b00000| Untracked 
|  60|0x00000000e3c00000, 0x00000000e3c00000, 0x00000000e3d00000|  0%| F|  |TAMS 0x00000000e3c00000| PB 0x00000000e3c00000| Untracked 
|  61|0x00000000e3d00000, 0x00000000e3d00000, 0x00000000e3e00000|  0%| F|  |TAMS 0x00000000e3d00000| PB 0x00000000e3d00000| Untracked 
|  62|0x00000000e3e00000, 0x00000000e3e00000, 0x00000000e3f00000|  0%| F|  |TAMS 0x00000000e3e00000| PB 0x00000000e3e00000| Untracked 
|  63|0x00000000e3f00000, 0x00000000e3f00000, 0x00000000e4000000|  0%| F|  |TAMS 0x00000000e3f00000| PB 0x00000000e3f00000| Untracked 
|  64|0x00000000e4000000, 0x00000000e4000000, 0x00000000e4100000|  0%| F|  |TAMS 0x00000000e4000000| PB 0x00000000e4000000| Untracked 
|  65|0x00000000e4100000, 0x00000000e4100000, 0x00000000e4200000|  0%| F|  |TAMS 0x00000000e4100000| PB 0x00000000e4100000| Untracked 
|  66|0x00000000e4200000, 0x00000000e4200000, 0x00000000e4300000|  0%| F|  |TAMS 0x00000000e4200000| PB 0x00000000e4200000| Untracked 
|  67|0x00000000e4300000, 0x00000000e4300000, 0x00000000e4400000|  0%| F|  |TAMS 0x00000000e4300000| PB 0x00000000e4300000| Untracked 
|  68|0x00000000e4400000, 0x00000000e4400000, 0x00000000e4500000|  0%| F|  |TAMS 0x00000000e4400000| PB 0x00000000e4400000| Untracked 
|  69|0x00000000e4500000, 0x00000000e4500000, 0x00000000e4600000|  0%| F|  |TAMS 0x00000000e4500000| PB 0x00000000e4500000| Untracked 
|  70|0x00000000e4600000, 0x00000000e4600000, 0x00000000e4700000|  0%| F|  |TAMS 0x00000000e4600000| PB 0x00000000e4600000| Untracked 
|  71|0x00000000e4700000, 0x00000000e4700000, 0x00000000e4800000|  0%| F|  |TAMS 0x00000000e4700000| PB 0x00000000e4700000| Untracked 
|  72|0x00000000e4800000, 0x00000000e4800000, 0x00000000e4900000|  0%| F|  |TAMS 0x00000000e4800000| PB 0x00000000e4800000| Untracked 
|  73|0x00000000e4900000, 0x00000000e4900000, 0x00000000e4a00000|  0%| F|  |TAMS 0x00000000e4900000| PB 0x00000000e4900000| Untracked 
|  74|0x00000000e4a00000, 0x00000000e4a00000, 0x00000000e4b00000|  0%| F|  |TAMS 0x00000000e4a00000| PB 0x00000000e4a00000| Untracked 
|  75|0x00000000e4b00000, 0x00000000e4b00000, 0x00000000e4c00000|  0%| F|  |TAMS 0x00000000e4b00000| PB 0x00000000e4b00000| Untracked 
|  76|0x00000000e4c00000, 0x00000000e4c00000, 0x00000000e4d00000|  0%| F|  |TAMS 0x00000000e4c00000| PB 0x00000000e4c00000| Untracked 
|  77|0x00000000e4d00000, 0x00000000e4d00000, 0x00000000e4e00000|  0%| F|  |TAMS 0x00000000e4d00000| PB 0x00000000e4d00000| Untracked 
|  78|0x00000000e4e00000, 0x00000000e4e00000, 0x00000000e4f00000|  0%| F|  |TAMS 0x00000000e4e00000| PB 0x00000000e4e00000| Untracked 
|  79|0x00000000e4f00000, 0x00000000e4f00000, 0x00000000e5000000|  0%| F|  |TAMS 0x00000000e4f00000| PB 0x00000000e4f00000| Untracked 
|  80|0x00000000e5000000, 0x00000000e5000000, 0x00000000e5100000|  0%| F|  |TAMS 0x00000000e5000000| PB 0x00000000e5000000| Untracked 
|  81|0x00000000e5100000, 0x00000000e5100000, 0x00000000e5200000|  0%| F|  |TAMS 0x00000000e5100000| PB 0x00000000e5100000| Untracked 
|  82|0x00000000e5200000, 0x00000000e5200000, 0x00000000e5300000|  0%| F|  |TAMS 0x00000000e5200000| PB 0x00000000e5200000| Untracked 
|  83|0x00000000e5300000, 0x00000000e5300000, 0x00000000e5400000|  0%| F|  |TAMS 0x00000000e5300000| PB 0x00000000e5300000| Untracked 
|  84|0x00000000e5400000, 0x00000000e5400000, 0x00000000e5500000|  0%| F|  |TAMS 0x00000000e5400000| PB 0x00000000e5400000| Untracked 
|  85|0x00000000e5500000, 0x00000000e5500000, 0x00000000e5600000|  0%| F|  |TAMS 0x00000000e5500000| PB 0x00000000e5500000| Untracked 
|  86|0x00000000e5600000, 0x00000000e5600000, 0x00000000e5700000|  0%| F|  |TAMS 0x00000000e5600000| PB 0x00000000e5600000| Untracked 
|  87|0x00000000e5700000, 0x00000000e5700000, 0x00000000e5800000|  0%| F|  |TAMS 0x00000000e5700000| PB 0x00000000e5700000| Untracked 
|  88|0x00000000e5800000, 0x00000000e5800000, 0x00000000e5900000|  0%| F|  |TAMS 0x00000000e5800000| PB 0x00000000e5800000| Untracked 
|  89|0x00000000e5900000, 0x00000000e5900000, 0x00000000e5a00000|  0%| F|  |TAMS 0x00000000e5900000| PB 0x00000000e5900000| Untracked 
|  90|0x00000000e5a00000, 0x00000000e5a00000, 0x00000000e5b00000|  0%| F|  |TAMS 0x00000000e5a00000| PB 0x00000000e5a00000| Untracked 
|  91|0x00000000e5b00000, 0x00000000e5b00000, 0x00000000e5c00000|  0%| F|  |TAMS 0x00000000e5b00000| PB 0x00000000e5b00000| Untracked 
|  92|0x00000000e5c00000, 0x00000000e5c00000, 0x00000000e5d00000|  0%| F|  |TAMS 0x00000000e5c00000| PB 0x00000000e5c00000| Untracked 
|  93|0x00000000e5d00000, 0x00000000e5d00000, 0x00000000e5e00000|  0%| F|  |TAMS 0x00000000e5d00000| PB 0x00000000e5d00000| Untracked 
|  94|0x00000000e5e00000, 0x00000000e5e00000, 0x00000000e5f00000|  0%| F|  |TAMS 0x00000000e5e00000| PB 0x00000000e5e00000| Untracked 
|  95|0x00000000e5f00000, 0x00000000e5f00000, 0x00000000e6000000|  0%| F|  |TAMS 0x00000000e5f00000| PB 0x00000000e5f00000| Untracked 
|  96|0x00000000e6000000, 0x00000000e6000000, 0x00000000e6100000|  0%| F|  |TAMS 0x00000000e6000000| PB 0x00000000e6000000| Untracked 
|  97|0x00000000e6100000, 0x00000000e6100000, 0x00000000e6200000|  0%| F|  |TAMS 0x00000000e6100000| PB 0x00000000e6100000| Untracked 
|  98|0x00000000e6200000, 0x00000000e6200000, 0x00000000e6300000|  0%| F|  |TAMS 0x00000000e6200000| PB 0x00000000e6200000| Untracked 
|  99|0x00000000e6300000, 0x00000000e6300000, 0x00000000e6400000|  0%| F|  |TAMS 0x00000000e6300000| PB 0x00000000e6300000| Untracked 
| 100|0x00000000e6400000, 0x00000000e6400000, 0x00000000e6500000|  0%| F|  |TAMS 0x00000000e6400000| PB 0x00000000e6400000| Untracked 
| 101|0x00000000e6500000, 0x00000000e6500000, 0x00000000e6600000|  0%| F|  |TAMS 0x00000000e6500000| PB 0x00000000e6500000| Untracked 
| 102|0x00000000e6600000, 0x00000000e6600000, 0x00000000e6700000|  0%| F|  |TAMS 0x00000000e6600000| PB 0x00000000e6600000| Untracked 
| 103|0x00000000e6700000, 0x00000000e6700000, 0x00000000e6800000|  0%| F|  |TAMS 0x00000000e6700000| PB 0x00000000e6700000| Untracked 
| 104|0x00000000e6800000, 0x00000000e6800000, 0x00000000e6900000|  0%| F|  |TAMS 0x00000000e6800000| PB 0x00000000e6800000| Untracked 
| 105|0x00000000e6900000, 0x00000000e6900000, 0x00000000e6a00000|  0%| F|  |TAMS 0x00000000e6900000| PB 0x00000000e6900000| Untracked 
| 106|0x00000000e6a00000, 0x00000000e6a00000, 0x00000000e6b00000|  0%| F|  |TAMS 0x00000000e6a00000| PB 0x00000000e6a00000| Untracked 
| 107|0x00000000e6b00000, 0x00000000e6b00000, 0x00000000e6c00000|  0%| F|  |TAMS 0x00000000e6b00000| PB 0x00000000e6b00000| Untracked 
| 108|0x00000000e6c00000, 0x00000000e6c00000, 0x00000000e6d00000|  0%| F|  |TAMS 0x00000000e6c00000| PB 0x00000000e6c00000| Untracked 
| 109|0x00000000e6d00000, 0x00000000e6d00000, 0x00000000e6e00000|  0%| F|  |TAMS 0x00000000e6d00000| PB 0x00000000e6d00000| Untracked 
| 110|0x00000000e6e00000, 0x00000000e6e00000, 0x00000000e6f00000|  0%| F|  |TAMS 0x00000000e6e00000| PB 0x00000000e6e00000| Untracked 
| 111|0x00000000e6f00000, 0x00000000e6f00000, 0x00000000e7000000|  0%| F|  |TAMS 0x00000000e6f00000| PB 0x00000000e6f00000| Untracked 
| 112|0x00000000e7000000, 0x00000000e7000000, 0x00000000e7100000|  0%| F|  |TAMS 0x00000000e7000000| PB 0x00000000e7000000| Untracked 
| 113|0x00000000e7100000, 0x00000000e7100000, 0x00000000e7200000|  0%| F|  |TAMS 0x00000000e7100000| PB 0x00000000e7100000| Untracked 
| 114|0x00000000e7200000, 0x00000000e7200000, 0x00000000e7300000|  0%| F|  |TAMS 0x00000000e7200000| PB 0x00000000e7200000| Untracked 
| 115|0x00000000e7300000, 0x00000000e7300000, 0x00000000e7400000|  0%| F|  |TAMS 0x00000000e7300000| PB 0x00000000e7300000| Untracked 
| 116|0x00000000e7400000, 0x00000000e7400000, 0x00000000e7500000|  0%| F|  |TAMS 0x00000000e7400000| PB 0x00000000e7400000| Untracked 
| 117|0x00000000e7500000, 0x00000000e7500000, 0x00000000e7600000|  0%| F|  |TAMS 0x00000000e7500000| PB 0x00000000e7500000| Untracked 
| 118|0x00000000e7600000, 0x00000000e7600000, 0x00000000e7700000|  0%| F|  |TAMS 0x00000000e7600000| PB 0x00000000e7600000| Untracked 
| 119|0x00000000e7700000, 0x00000000e7700000, 0x00000000e7800000|  0%| F|  |TAMS 0x00000000e7700000| PB 0x00000000e7700000| Untracked 
| 120|0x00000000e7800000, 0x00000000e7800000, 0x00000000e7900000|  0%| F|  |TAMS 0x00000000e7800000| PB 0x00000000e7800000| Untracked 
| 121|0x00000000e7900000, 0x00000000e7900000, 0x00000000e7a00000|  0%| F|  |TAMS 0x00000000e7900000| PB 0x00000000e7900000| Untracked 
| 122|0x00000000e7a00000, 0x00000000e7a00000, 0x00000000e7b00000|  0%| F|  |TAMS 0x00000000e7a00000| PB 0x00000000e7a00000| Untracked 
| 123|0x00000000e7b00000, 0x00000000e7b00000, 0x00000000e7c00000|  0%| F|  |TAMS 0x00000000e7b00000| PB 0x00000000e7b00000| Untracked 
| 124|0x00000000e7c00000, 0x00000000e7c00000, 0x00000000e7d00000|  0%| F|  |TAMS 0x00000000e7c00000| PB 0x00000000e7c00000| Untracked 
| 125|0x00000000e7d00000, 0x00000000e7d00000, 0x00000000e7e00000|  0%| F|  |TAMS 0x00000000e7d00000| PB 0x00000000e7d00000| Untracked 
| 126|0x00000000e7e00000, 0x00000000e7e00000, 0x00000000e7f00000|  0%| F|  |TAMS 0x00000000e7e00000| PB 0x00000000e7e00000| Untracked 
| 127|0x00000000e7f00000, 0x00000000e7f00000, 0x00000000e8000000|  0%| F|  |TAMS 0x00000000e7f00000| PB 0x00000000e7f00000| Untracked 
| 128|0x00000000e8000000, 0x00000000e8000000, 0x00000000e8100000|  0%| F|  |TAMS 0x00000000e8000000| PB 0x00000000e8000000| Untracked 
| 129|0x00000000e8100000, 0x00000000e8100000, 0x00000000e8200000|  0%| F|  |TAMS 0x00000000e8100000| PB 0x00000000e8100000| Untracked 
| 130|0x00000000e8200000, 0x00000000e8200000, 0x00000000e8300000|  0%| F|  |TAMS 0x00000000e8200000| PB 0x00000000e8200000| Untracked 
| 131|0x00000000e8300000, 0x00000000e8300000, 0x00000000e8400000|  0%| F|  |TAMS 0x00000000e8300000| PB 0x00000000e8300000| Untracked 
| 132|0x00000000e8400000, 0x00000000e8400000, 0x00000000e8500000|  0%| F|  |TAMS 0x00000000e8400000| PB 0x00000000e8400000| Untracked 
| 133|0x00000000e8500000, 0x00000000e8500000, 0x00000000e8600000|  0%| F|  |TAMS 0x00000000e8500000| PB 0x00000000e8500000| Untracked 
| 134|0x00000000e8600000, 0x00000000e8600000, 0x00000000e8700000|  0%| F|  |TAMS 0x00000000e8600000| PB 0x00000000e8600000| Untracked 
| 135|0x00000000e8700000, 0x00000000e8700000, 0x00000000e8800000|  0%| F|  |TAMS 0x00000000e8700000| PB 0x00000000e8700000| Untracked 
| 136|0x00000000e8800000, 0x00000000e8800000, 0x00000000e8900000|  0%| F|  |TAMS 0x00000000e8800000| PB 0x00000000e8800000| Untracked 
| 137|0x00000000e8900000, 0x00000000e8900000, 0x00000000e8a00000|  0%| F|  |TAMS 0x00000000e8900000| PB 0x00000000e8900000| Untracked 
| 138|0x00000000e8a00000, 0x00000000e8a00000, 0x00000000e8b00000|  0%| F|  |TAMS 0x00000000e8a00000| PB 0x00000000e8a00000| Untracked 
| 139|0x00000000e8b00000, 0x00000000e8b00000, 0x00000000e8c00000|  0%| F|  |TAMS 0x00000000e8b00000| PB 0x00000000e8b00000| Untracked 
| 140|0x00000000e8c00000, 0x00000000e8c00000, 0x00000000e8d00000|  0%| F|  |TAMS 0x00000000e8c00000| PB 0x00000000e8c00000| Untracked 
| 141|0x00000000e8d00000, 0x00000000e8d00000, 0x00000000e8e00000|  0%| F|  |TAMS 0x00000000e8d00000| PB 0x00000000e8d00000| Untracked 
| 142|0x00000000e8e00000, 0x00000000e8e00000, 0x00000000e8f00000|  0%| F|  |TAMS 0x00000000e8e00000| PB 0x00000000e8e00000| Untracked 
| 143|0x00000000e8f00000, 0x00000000e8f00000, 0x00000000e9000000|  0%| F|  |TAMS 0x00000000e8f00000| PB 0x00000000e8f00000| Untracked 
| 144|0x00000000e9000000, 0x00000000e9000000, 0x00000000e9100000|  0%| F|  |TAMS 0x00000000e9000000| PB 0x00000000e9000000| Untracked 
| 145|0x00000000e9100000, 0x00000000e9100000, 0x00000000e9200000|  0%| F|  |TAMS 0x00000000e9100000| PB 0x00000000e9100000| Untracked 
| 146|0x00000000e9200000, 0x00000000e9200000, 0x00000000e9300000|  0%| F|  |TAMS 0x00000000e9200000| PB 0x00000000e9200000| Untracked 
| 147|0x00000000e9300000, 0x00000000e9300000, 0x00000000e9400000|  0%| F|  |TAMS 0x00000000e9300000| PB 0x00000000e9300000| Untracked 
| 148|0x00000000e9400000, 0x00000000e9400000, 0x00000000e9500000|  0%| F|  |TAMS 0x00000000e9400000| PB 0x00000000e9400000| Untracked 
| 149|0x00000000e9500000, 0x00000000e9500000, 0x00000000e9600000|  0%| F|  |TAMS 0x00000000e9500000| PB 0x00000000e9500000| Untracked 
| 150|0x00000000e9600000, 0x00000000e9600000, 0x00000000e9700000|  0%| F|  |TAMS 0x00000000e9600000| PB 0x00000000e9600000| Untracked 
| 151|0x00000000e9700000, 0x00000000e9700000, 0x00000000e9800000|  0%| F|  |TAMS 0x00000000e9700000| PB 0x00000000e9700000| Untracked 
| 152|0x00000000e9800000, 0x00000000e9800000, 0x00000000e9900000|  0%| F|  |TAMS 0x00000000e9800000| PB 0x00000000e9800000| Untracked 
| 153|0x00000000e9900000, 0x00000000e9900000, 0x00000000e9a00000|  0%| F|  |TAMS 0x00000000e9900000| PB 0x00000000e9900000| Untracked 
| 154|0x00000000e9a00000, 0x00000000e9a00000, 0x00000000e9b00000|  0%| F|  |TAMS 0x00000000e9a00000| PB 0x00000000e9a00000| Untracked 
| 155|0x00000000e9b00000, 0x00000000e9b00000, 0x00000000e9c00000|  0%| F|  |TAMS 0x00000000e9b00000| PB 0x00000000e9b00000| Untracked 
| 156|0x00000000e9c00000, 0x00000000e9c00000, 0x00000000e9d00000|  0%| F|  |TAMS 0x00000000e9c00000| PB 0x00000000e9c00000| Untracked 
| 157|0x00000000e9d00000, 0x00000000e9d48280, 0x00000000e9e00000| 28%| S|CS|TAMS 0x00000000e9d00000| PB 0x00000000e9d00000| Complete 
| 158|0x00000000e9e00000, 0x00000000e9f00000, 0x00000000e9f00000|100%| S|CS|TAMS 0x00000000e9e00000| PB 0x00000000e9e00000| Complete 
| 159|0x00000000e9f00000, 0x00000000ea000000, 0x00000000ea000000|100%| S|CS|TAMS 0x00000000e9f00000| PB 0x00000000e9f00000| Complete 
| 160|0x00000000ea000000, 0x00000000ea100000, 0x00000000ea100000|100%| S|CS|TAMS 0x00000000ea000000| PB 0x00000000ea000000| Complete 
| 161|0x00000000ea100000, 0x00000000ea200000, 0x00000000ea200000|100%| S|CS|TAMS 0x00000000ea100000| PB 0x00000000ea100000| Complete 
| 162|0x00000000ea200000, 0x00000000ea300000, 0x00000000ea300000|100%| S|CS|TAMS 0x00000000ea200000| PB 0x00000000ea200000| Complete 
| 163|0x00000000ea300000, 0x00000000ea400000, 0x00000000ea400000|100%| S|CS|TAMS 0x00000000ea300000| PB 0x00000000ea300000| Complete 
| 164|0x00000000ea400000, 0x00000000ea500000, 0x00000000ea500000|100%| S|CS|TAMS 0x00000000ea400000| PB 0x00000000ea400000| Complete 
| 165|0x00000000ea500000, 0x00000000ea600000, 0x00000000ea600000|100%| S|CS|TAMS 0x00000000ea500000| PB 0x00000000ea500000| Complete 
| 166|0x00000000ea600000, 0x00000000ea700000, 0x00000000ea700000|100%| S|CS|TAMS 0x00000000ea600000| PB 0x00000000ea600000| Complete 
| 167|0x00000000ea700000, 0x00000000ea800000, 0x00000000ea800000|100%| S|CS|TAMS 0x00000000ea700000| PB 0x00000000ea700000| Complete 
| 168|0x00000000ea800000, 0x00000000ea800000, 0x00000000ea900000|  0%| F|  |TAMS 0x00000000ea800000| PB 0x00000000ea800000| Untracked 
| 169|0x00000000ea900000, 0x00000000ea900000, 0x00000000eaa00000|  0%| F|  |TAMS 0x00000000ea900000| PB 0x00000000ea900000| Untracked 
| 170|0x00000000eaa00000, 0x00000000eaa00000, 0x00000000eab00000|  0%| F|  |TAMS 0x00000000eaa00000| PB 0x00000000eaa00000| Untracked 
| 171|0x00000000eab00000, 0x00000000eab00000, 0x00000000eac00000|  0%| F|  |TAMS 0x00000000eab00000| PB 0x00000000eab00000| Untracked 
| 172|0x00000000eac00000, 0x00000000eac00000, 0x00000000ead00000|  0%| F|  |TAMS 0x00000000eac00000| PB 0x00000000eac00000| Untracked 
| 173|0x00000000ead00000, 0x00000000ead00000, 0x00000000eae00000|  0%| F|  |TAMS 0x00000000ead00000| PB 0x00000000ead00000| Untracked 
| 174|0x00000000eae00000, 0x00000000eae00000, 0x00000000eaf00000|  0%| F|  |TAMS 0x00000000eae00000| PB 0x00000000eae00000| Untracked 
| 175|0x00000000eaf00000, 0x00000000eaf00000, 0x00000000eb000000|  0%| F|  |TAMS 0x00000000eaf00000| PB 0x00000000eaf00000| Untracked 
| 176|0x00000000eb000000, 0x00000000eb000000, 0x00000000eb100000|  0%| F|  |TAMS 0x00000000eb000000| PB 0x00000000eb000000| Untracked 
| 177|0x00000000eb100000, 0x00000000eb100000, 0x00000000eb200000|  0%| F|  |TAMS 0x00000000eb100000| PB 0x00000000eb100000| Untracked 
| 178|0x00000000eb200000, 0x00000000eb200000, 0x00000000eb300000|  0%| F|  |TAMS 0x00000000eb200000| PB 0x00000000eb200000| Untracked 
| 179|0x00000000eb300000, 0x00000000eb300000, 0x00000000eb400000|  0%| F|  |TAMS 0x00000000eb300000| PB 0x00000000eb300000| Untracked 
| 180|0x00000000eb400000, 0x00000000eb400000, 0x00000000eb500000|  0%| F|  |TAMS 0x00000000eb400000| PB 0x00000000eb400000| Untracked 
| 181|0x00000000eb500000, 0x00000000eb500000, 0x00000000eb600000|  0%| F|  |TAMS 0x00000000eb500000| PB 0x00000000eb500000| Untracked 
| 182|0x00000000eb600000, 0x00000000eb600000, 0x00000000eb700000|  0%| F|  |TAMS 0x00000000eb600000| PB 0x00000000eb600000| Untracked 
| 183|0x00000000eb700000, 0x00000000eb700000, 0x00000000eb800000|  0%| F|  |TAMS 0x00000000eb700000| PB 0x00000000eb700000| Untracked 
| 184|0x00000000eb800000, 0x00000000eb800000, 0x00000000eb900000|  0%| F|  |TAMS 0x00000000eb800000| PB 0x00000000eb800000| Untracked 
| 185|0x00000000eb900000, 0x00000000eb900000, 0x00000000eba00000|  0%| F|  |TAMS 0x00000000eb900000| PB 0x00000000eb900000| Untracked 
| 186|0x00000000eba00000, 0x00000000eba00000, 0x00000000ebb00000|  0%| F|  |TAMS 0x00000000eba00000| PB 0x00000000eba00000| Untracked 
| 187|0x00000000ebb00000, 0x00000000ebb00000, 0x00000000ebc00000|  0%| F|  |TAMS 0x00000000ebb00000| PB 0x00000000ebb00000| Untracked 
| 188|0x00000000ebc00000, 0x00000000ebc00000, 0x00000000ebd00000|  0%| F|  |TAMS 0x00000000ebc00000| PB 0x00000000ebc00000| Untracked 
| 189|0x00000000ebd00000, 0x00000000ebd00000, 0x00000000ebe00000|  0%| F|  |TAMS 0x00000000ebd00000| PB 0x00000000ebd00000| Untracked 
| 190|0x00000000ebe00000, 0x00000000ebe00000, 0x00000000ebf00000|  0%| F|  |TAMS 0x00000000ebe00000| PB 0x00000000ebe00000| Untracked 
| 191|0x00000000ebf00000, 0x00000000ebf00000, 0x00000000ec000000|  0%| F|  |TAMS 0x00000000ebf00000| PB 0x00000000ebf00000| Untracked 
| 192|0x00000000ec000000, 0x00000000ec000000, 0x00000000ec100000|  0%| F|  |TAMS 0x00000000ec000000| PB 0x00000000ec000000| Untracked 
| 193|0x00000000ec100000, 0x00000000ec100000, 0x00000000ec200000|  0%| F|  |TAMS 0x00000000ec100000| PB 0x00000000ec100000| Untracked 
| 194|0x00000000ec200000, 0x00000000ec200000, 0x00000000ec300000|  0%| F|  |TAMS 0x00000000ec200000| PB 0x00000000ec200000| Untracked 
| 195|0x00000000ec300000, 0x00000000ec300000, 0x00000000ec400000|  0%| F|  |TAMS 0x00000000ec300000| PB 0x00000000ec300000| Untracked 
| 196|0x00000000ec400000, 0x00000000ec400000, 0x00000000ec500000|  0%| F|  |TAMS 0x00000000ec400000| PB 0x00000000ec400000| Untracked 
| 197|0x00000000ec500000, 0x00000000ec500000, 0x00000000ec600000|  0%| F|  |TAMS 0x00000000ec500000| PB 0x00000000ec500000| Untracked 
| 198|0x00000000ec600000, 0x00000000ec600000, 0x00000000ec700000|  0%| F|  |TAMS 0x00000000ec600000| PB 0x00000000ec600000| Untracked 
| 199|0x00000000ec700000, 0x00000000ec700000, 0x00000000ec800000|  0%| F|  |TAMS 0x00000000ec700000| PB 0x00000000ec700000| Untracked 
| 200|0x00000000ec800000, 0x00000000ec800000, 0x00000000ec900000|  0%| F|  |TAMS 0x00000000ec800000| PB 0x00000000ec800000| Untracked 
| 201|0x00000000ec900000, 0x00000000ec900000, 0x00000000eca00000|  0%| F|  |TAMS 0x00000000ec900000| PB 0x00000000ec900000| Untracked 
| 202|0x00000000eca00000, 0x00000000eca00000, 0x00000000ecb00000|  0%| F|  |TAMS 0x00000000eca00000| PB 0x00000000eca00000| Untracked 
| 203|0x00000000ecb00000, 0x00000000ecb00000, 0x00000000ecc00000|  0%| F|  |TAMS 0x00000000ecb00000| PB 0x00000000ecb00000| Untracked 
| 204|0x00000000ecc00000, 0x00000000ecc00000, 0x00000000ecd00000|  0%| F|  |TAMS 0x00000000ecc00000| PB 0x00000000ecc00000| Untracked 
| 205|0x00000000ecd00000, 0x00000000ecd00000, 0x00000000ece00000|  0%| F|  |TAMS 0x00000000ecd00000| PB 0x00000000ecd00000| Untracked 
| 206|0x00000000ece00000, 0x00000000ece00000, 0x00000000ecf00000|  0%| F|  |TAMS 0x00000000ece00000| PB 0x00000000ece00000| Untracked 
| 207|0x00000000ecf00000, 0x00000000ecf00000, 0x00000000ed000000|  0%| F|  |TAMS 0x00000000ecf00000| PB 0x00000000ecf00000| Untracked 
| 208|0x00000000ed000000, 0x00000000ed000000, 0x00000000ed100000|  0%| F|  |TAMS 0x00000000ed000000| PB 0x00000000ed000000| Untracked 
| 209|0x00000000ed100000, 0x00000000ed100000, 0x00000000ed200000|  0%| F|  |TAMS 0x00000000ed100000| PB 0x00000000ed100000| Untracked 
| 210|0x00000000ed200000, 0x00000000ed200000, 0x00000000ed300000|  0%| F|  |TAMS 0x00000000ed200000| PB 0x00000000ed200000| Untracked 
| 211|0x00000000ed300000, 0x00000000ed300000, 0x00000000ed400000|  0%| F|  |TAMS 0x00000000ed300000| PB 0x00000000ed300000| Untracked 
| 212|0x00000000ed400000, 0x00000000ed400000, 0x00000000ed500000|  0%| F|  |TAMS 0x00000000ed400000| PB 0x00000000ed400000| Untracked 
| 213|0x00000000ed500000, 0x00000000ed500000, 0x00000000ed600000|  0%| F|  |TAMS 0x00000000ed500000| PB 0x00000000ed500000| Untracked 
| 214|0x00000000ed600000, 0x00000000ed600000, 0x00000000ed700000|  0%| F|  |TAMS 0x00000000ed600000| PB 0x00000000ed600000| Untracked 
| 215|0x00000000ed700000, 0x00000000ed700000, 0x00000000ed800000|  0%| F|  |TAMS 0x00000000ed700000| PB 0x00000000ed700000| Untracked 
| 216|0x00000000ed800000, 0x00000000ed800000, 0x00000000ed900000|  0%| F|  |TAMS 0x00000000ed800000| PB 0x00000000ed800000| Untracked 
| 217|0x00000000ed900000, 0x00000000ed900000, 0x00000000eda00000|  0%| F|  |TAMS 0x00000000ed900000| PB 0x00000000ed900000| Untracked 
| 218|0x00000000eda00000, 0x00000000eda00000, 0x00000000edb00000|  0%| F|  |TAMS 0x00000000eda00000| PB 0x00000000eda00000| Untracked 
| 219|0x00000000edb00000, 0x00000000edb00000, 0x00000000edc00000|  0%| F|  |TAMS 0x00000000edb00000| PB 0x00000000edb00000| Untracked 
| 220|0x00000000edc00000, 0x00000000edc00000, 0x00000000edd00000|  0%| F|  |TAMS 0x00000000edc00000| PB 0x00000000edc00000| Untracked 
| 221|0x00000000edd00000, 0x00000000edd00000, 0x00000000ede00000|  0%| F|  |TAMS 0x00000000edd00000| PB 0x00000000edd00000| Untracked 
| 222|0x00000000ede00000, 0x00000000ede00000, 0x00000000edf00000|  0%| F|  |TAMS 0x00000000ede00000| PB 0x00000000ede00000| Untracked 
| 223|0x00000000edf00000, 0x00000000edf00000, 0x00000000ee000000|  0%| F|  |TAMS 0x00000000edf00000| PB 0x00000000edf00000| Untracked 
| 224|0x00000000ee000000, 0x00000000ee000000, 0x00000000ee100000|  0%| F|  |TAMS 0x00000000ee000000| PB 0x00000000ee000000| Untracked 
| 225|0x00000000ee100000, 0x00000000ee100000, 0x00000000ee200000|  0%| F|  |TAMS 0x00000000ee100000| PB 0x00000000ee100000| Untracked 
| 226|0x00000000ee200000, 0x00000000ee200000, 0x00000000ee300000|  0%| F|  |TAMS 0x00000000ee200000| PB 0x00000000ee200000| Untracked 
| 227|0x00000000ee300000, 0x00000000ee300000, 0x00000000ee400000|  0%| F|  |TAMS 0x00000000ee300000| PB 0x00000000ee300000| Untracked 
| 228|0x00000000ee400000, 0x00000000ee400000, 0x00000000ee500000|  0%| F|  |TAMS 0x00000000ee400000| PB 0x00000000ee400000| Untracked 
| 229|0x00000000ee500000, 0x00000000ee500000, 0x00000000ee600000|  0%| F|  |TAMS 0x00000000ee500000| PB 0x00000000ee500000| Untracked 
| 230|0x00000000ee600000, 0x00000000ee600000, 0x00000000ee700000|  0%| F|  |TAMS 0x00000000ee600000| PB 0x00000000ee600000| Untracked 
| 231|0x00000000ee700000, 0x00000000ee700000, 0x00000000ee800000|  0%| F|  |TAMS 0x00000000ee700000| PB 0x00000000ee700000| Untracked 
| 232|0x00000000ee800000, 0x00000000ee800000, 0x00000000ee900000|  0%| F|  |TAMS 0x00000000ee800000| PB 0x00000000ee800000| Untracked 
| 233|0x00000000ee900000, 0x00000000ee900000, 0x00000000eea00000|  0%| F|  |TAMS 0x00000000ee900000| PB 0x00000000ee900000| Untracked 
| 234|0x00000000eea00000, 0x00000000eea00000, 0x00000000eeb00000|  0%| F|  |TAMS 0x00000000eea00000| PB 0x00000000eea00000| Untracked 
| 235|0x00000000eeb00000, 0x00000000eeb00000, 0x00000000eec00000|  0%| F|  |TAMS 0x00000000eeb00000| PB 0x00000000eeb00000| Untracked 
| 236|0x00000000eec00000, 0x00000000eec00000, 0x00000000eed00000|  0%| F|  |TAMS 0x00000000eec00000| PB 0x00000000eec00000| Untracked 
| 237|0x00000000eed00000, 0x00000000eed00000, 0x00000000eee00000|  0%| F|  |TAMS 0x00000000eed00000| PB 0x00000000eed00000| Untracked 
| 238|0x00000000eee00000, 0x00000000eee00000, 0x00000000eef00000|  0%| F|  |TAMS 0x00000000eee00000| PB 0x00000000eee00000| Untracked 
| 239|0x00000000eef00000, 0x00000000eef00000, 0x00000000ef000000|  0%| F|  |TAMS 0x00000000eef00000| PB 0x00000000eef00000| Untracked 
| 240|0x00000000ef000000, 0x00000000ef000000, 0x00000000ef100000|  0%| F|  |TAMS 0x00000000ef000000| PB 0x00000000ef000000| Untracked 
| 241|0x00000000ef100000, 0x00000000ef100000, 0x00000000ef200000|  0%| F|  |TAMS 0x00000000ef100000| PB 0x00000000ef100000| Untracked 
| 242|0x00000000ef200000, 0x00000000ef200000, 0x00000000ef300000|  0%| F|  |TAMS 0x00000000ef200000| PB 0x00000000ef200000| Untracked 
| 243|0x00000000ef300000, 0x00000000ef300000, 0x00000000ef400000|  0%| F|  |TAMS 0x00000000ef300000| PB 0x00000000ef300000| Untracked 
| 244|0x00000000ef400000, 0x00000000ef400000, 0x00000000ef500000|  0%| F|  |TAMS 0x00000000ef400000| PB 0x00000000ef400000| Untracked 
| 245|0x00000000ef500000, 0x00000000ef500000, 0x00000000ef600000|  0%| F|  |TAMS 0x00000000ef500000| PB 0x00000000ef500000| Untracked 
| 246|0x00000000ef600000, 0x00000000ef600000, 0x00000000ef700000|  0%| F|  |TAMS 0x00000000ef600000| PB 0x00000000ef600000| Untracked 
| 247|0x00000000ef700000, 0x00000000ef700000, 0x00000000ef800000|  0%| F|  |TAMS 0x00000000ef700000| PB 0x00000000ef700000| Untracked 
| 248|0x00000000ef800000, 0x00000000ef842990, 0x00000000ef900000| 26%| E|  |TAMS 0x00000000ef800000| PB 0x00000000ef800000| Complete 
| 249|0x00000000ef900000, 0x00000000efa00000, 0x00000000efa00000|100%| E|CS|TAMS 0x00000000ef900000| PB 0x00000000ef900000| Complete 
| 250|0x00000000efa00000, 0x00000000efb00000, 0x00000000efb00000|100%| E|CS|TAMS 0x00000000efa00000| PB 0x00000000efa00000| Complete 
| 251|0x00000000efb00000, 0x00000000efc00000, 0x00000000efc00000|100%| E|CS|TAMS 0x00000000efb00000| PB 0x00000000efb00000| Complete 
| 252|0x00000000efc00000, 0x00000000efd00000, 0x00000000efd00000|100%| E|CS|TAMS 0x00000000efc00000| PB 0x00000000efc00000| Complete 
| 253|0x00000000efd00000, 0x00000000efe00000, 0x00000000efe00000|100%| E|CS|TAMS 0x00000000efd00000| PB 0x00000000efd00000| Complete 
| 254|0x00000000efe00000, 0x00000000eff00000, 0x00000000eff00000|100%| E|CS|TAMS 0x00000000efe00000| PB 0x00000000efe00000| Complete 
| 255|0x00000000eff00000, 0x00000000f0000000, 0x00000000f0000000|100%| E|CS|TAMS 0x00000000eff00000| PB 0x00000000eff00000| Complete 

Card table byte_map: [0x00000243d0300000,0x00000243d0400000] _byte_map_base: 0x00000243cfc00000

Marking Bits: (CMBitMap*) 0x00000243bdcfb3c0
 Bits: [0x00000243d0400000, 0x00000243d0c00000)

Polling page: 0x00000243bbb90000

Metaspace:

Usage:
  Non-class:     15.19 MB used.
      Class:      2.43 MB used.
       Both:     17.62 MB used.

Virtual space:
  Non-class space:       64.00 MB reserved,      15.44 MB ( 24%) committed,  1 nodes.
      Class space:      320.00 MB reserved,       2.69 MB ( <1%) committed,  1 nodes.
             Both:      384.00 MB reserved,      18.12 MB (  5%) committed. 

Chunk freelists:
   Non-Class:  15.92 MB
       Class:  13.12 MB
        Both:  29.05 MB

MaxMetaspaceSize: 384.00 MB
CompressedClassSpaceSize: 320.00 MB
Initial GC threshold: 21.00 MB
Current GC threshold: 21.00 MB
CDS: on
 - commit_granule_bytes: 65536.
 - commit_granule_words: 8192.
 - virtual_space_node_default_size: 8388608.
 - enlarge_chunks_in_place: 1.
 - use_allocation_guard: 0.


Internal statistics:

num_allocs_failed_limit: 0.
num_arena_births: 668.
num_arena_deaths: 0.
num_vsnodes_births: 2.
num_vsnodes_deaths: 0.
num_space_committed: 290.
num_space_uncommitted: 0.
num_chunks_returned_to_freelist: 0.
num_chunks_taken_from_freelist: 1318.
num_chunk_merges: 0.
num_chunk_splits: 857.
num_chunks_enlarged: 593.
num_inconsistent_stats: 0.

CodeHeap 'non-profiled nmethods': size=120000Kb used=1635Kb max_used=1635Kb free=118364Kb
 bounds [0x00000243c89a0000, 0x00000243c8c10000, 0x00000243cfed0000]
CodeHeap 'profiled nmethods': size=120000Kb used=6282Kb max_used=6282Kb free=113717Kb
 bounds [0x00000243c0ed0000, 0x00000243c1500000, 0x00000243c8400000]
CodeHeap 'non-nmethods': size=5760Kb used=1568Kb max_used=1589Kb free=4191Kb
 bounds [0x00000243c8400000, 0x00000243c8670000, 0x00000243c89a0000]
CodeCache: size=245760Kb, used=9485Kb, max_used=9506Kb, free=236272Kb
 total_blobs=3818, nmethods=3232, adapters=490, full_count=0
Compilation: enabled, stopped_count=0, restarted_count=0

Compilation events (20 events):
Event: 133.099 Thread 0x00000243d368f1d0 3216       4       java.lang.invoke.MethodType::equals (25 bytes)
Event: 133.108 Thread 0x00000243d368f1d0 nmethod 3216 0x00000243c8b34890 code [0x00000243c8b34a40, 0x00000243c8b34cf0]
Event: 133.188 Thread 0x00000243d36903f0 3217       3       java.lang.invoke.DirectMethodHandle::afIndex (20 bytes)
Event: 133.189 Thread 0x00000243d36903f0 nmethod 3217 0x00000243c14f0f90 code [0x00000243c14f1120, 0x00000243c14f1268]
Event: 133.296 Thread 0x00000243d36903f0 3218       3       java.lang.invoke.MethodHandles$Lookup::getDirectFieldCommon (67 bytes)
Event: 133.296 Thread 0x00000243d36903f0 nmethod 3218 0x00000243c14f1310 code [0x00000243c14f1520, 0x00000243c14f1990]
Event: 133.296 Thread 0x00000243d36903f0 3219       3       java.lang.invoke.MemberName::isVolatile (8 bytes)
Event: 133.296 Thread 0x00000243d36903f0 nmethod 3219 0x00000243c14f1b10 code [0x00000243c14f1cc0, 0x00000243c14f1e80]
Event: 133.296 Thread 0x00000243d36903f0 3220       3       java.lang.reflect.Modifier::isVolatile (13 bytes)
Event: 133.297 Thread 0x00000243d36903f0 nmethod 3220 0x00000243c14f1f10 code [0x00000243c14f20a0, 0x00000243c14f21e0]
Event: 133.297 Thread 0x00000243d368f1d0 3221       4       java.lang.invoke.InvokerBytecodeGenerator::emitPushArgument (150 bytes)
Event: 133.323 Thread 0x00000243d368f1d0 nmethod 3221 0x00000243c8b34f10 code [0x00000243c8b35180, 0x00000243c8b35aa8]
Event: 134.096 Thread 0x00000243d36903f0 3226       1       org.gradle.internal.concurrent.AbstractManagedExecutor::access$100 (5 bytes)
Event: 134.097 Thread 0x00000243d36903f0 nmethod 3226 0x00000243c8b36e90 code [0x00000243c8b37020, 0x00000243c8b370d0]
Event: 134.876 Thread 0x00000243d368f1d0 3228       4       java.lang.Throwable::<init> (39 bytes)
Event: 134.883 Thread 0x00000243d368f1d0 nmethod 3228 0x00000243c8b37590 code [0x00000243c8b37780, 0x00000243c8b382f8]
Event: 134.991 Thread 0x00000243d368f1d0 3229       4       java.lang.ClassNotFoundException::<init> (7 bytes)
Event: 134.992 Thread 0x00000243d368f1d0 nmethod 3229 0x00000243c8b38490 code [0x00000243c8b38620, 0x00000243c8b386d8]
Event: 136.824 Thread 0x00000243d368f1d0 3230       4       java.security.CodeSource::getCertificates (95 bytes)
Event: 136.824 Thread 0x00000243d368f1d0 nmethod 3230 0x00000243c8b38790 code [0x00000243c8b38920, 0x00000243c8b389f0]

GC Heap History (6 events):
Event: 9.835 GC heap before
{Heap before GC invocations=0 (full 0):
 garbage-first heap   total 262144K, used 26624K [0x00000000e0000000, 0x0000000100000000)
  region size 1024K, 23 young (23552K), 0 survivors (0K)
 Metaspace       used 2924K, committed 3072K, reserved 393216K
  class space    used 346K, committed 384K, reserved 327680K
}
Event: 9.932 GC heap after
{Heap after GC invocations=1 (full 0):
 garbage-first heap   total 262144K, used 11093K [0x00000000e0000000, 0x0000000100000000)
  region size 1024K, 3 young (3072K), 3 survivors (3072K)
 Metaspace       used 2924K, committed 3072K, reserved 393216K
  class space    used 346K, committed 384K, reserved 327680K
}
Event: 20.739 GC heap before
{Heap before GC invocations=1 (full 0):
 garbage-first heap   total 262144K, used 40789K [0x00000000e0000000, 0x0000000100000000)
  region size 1024K, 31 young (31744K), 3 survivors (3072K)
 Metaspace       used 4685K, committed 4864K, reserved 393216K
  class space    used 594K, committed 704K, reserved 327680K
}
Event: 20.742 GC heap after
{Heap after GC invocations=2 (full 0):
 garbage-first heap   total 262144K, used 14909K [0x00000000e0000000, 0x0000000100000000)
  region size 1024K, 3 young (3072K), 3 survivors (3072K)
 Metaspace       used 4685K, committed 4864K, reserved 393216K
  class space    used 594K, committed 704K, reserved 327680K
}
Event: 130.337 GC heap before
{Heap before GC invocations=2 (full 0):
 garbage-first heap   total 262144K, used 101949K [0x00000000e0000000, 0x0000000100000000)
  region size 1024K, 88 young (90112K), 3 survivors (3072K)
 Metaspace       used 17252K, committed 17728K, reserved 393216K
  class space    used 2372K, committed 2560K, reserved 327680K
}
Event: 130.382 GC heap after
{Heap after GC invocations=3 (full 0):
 garbage-first heap   total 262144K, used 22764K [0x00000000e0000000, 0x0000000100000000)
  region size 1024K, 11 young (11264K), 11 survivors (11264K)
 Metaspace       used 17252K, committed 17728K, reserved 393216K
  class space    used 2372K, committed 2560K, reserved 327680K
}

Dll operation events (20 events):
Event: 1.116 Attempting to load shared library C:\Users\user\.vscode\extensions\redhat.java-1.56.0-win32-x64\jre\21.0.12.1-win32-x86_64\bin\nio.dll
Event: 1.131 Loaded shared library C:\Users\user\.vscode\extensions\redhat.java-1.56.0-win32-x64\jre\21.0.12.1-win32-x86_64\bin\nio.dll
Event: 1.155 Attempting to load shared library C:\Users\user\.vscode\extensions\redhat.java-1.56.0-win32-x64\jre\21.0.12.1-win32-x86_64\bin\zip.dll
Event: 1.155 Loaded shared library C:\Users\user\.vscode\extensions\redhat.java-1.56.0-win32-x64\jre\21.0.12.1-win32-x86_64\bin\zip.dll
Event: 4.407 Attempting to load shared library C:\Users\user\.vscode\extensions\redhat.java-1.56.0-win32-x64\jre\21.0.12.1-win32-x86_64\bin\jimage.dll
Event: 4.407 Loaded shared library C:\Users\user\.vscode\extensions\redhat.java-1.56.0-win32-x64\jre\21.0.12.1-win32-x86_64\bin\jimage.dll
Event: 8.472 Attempting to load shared library C:\Users\user\.vscode\extensions\redhat.java-1.56.0-win32-x64\jre\21.0.12.1-win32-x86_64\bin\verify.dll
Event: 8.488 Loaded shared library C:\Users\user\.vscode\extensions\redhat.java-1.56.0-win32-x64\jre\21.0.12.1-win32-x86_64\bin\verify.dll
Event: 8.890 Attempting to load shared library C:\Users\user\.gradle\native\660c5614fbf4a5f2a75b1949f50a0caf5cd603558e7d8a26e50b933a0cfb79d1\windows-amd64\native-platform.dll
Event: 8.904 Loaded shared library C:\Users\user\.gradle\native\660c5614fbf4a5f2a75b1949f50a0caf5cd603558e7d8a26e50b933a0cfb79d1\windows-amd64\native-platform.dll
Event: 9.039 Attempting to load shared library C:\Users\user\.gradle\native\0.2.8\x86_64-windows-gnu\gradle-fileevents.dll
Event: 9.051 Loaded shared library C:\Users\user\.gradle\native\0.2.8\x86_64-windows-gnu\gradle-fileevents.dll
Event: 26.514 Attempting to load shared library C:\Users\user\.vscode\extensions\redhat.java-1.56.0-win32-x64\jre\21.0.12.1-win32-x86_64\bin\management.dll
Event: 26.531 Loaded shared library C:\Users\user\.vscode\extensions\redhat.java-1.56.0-win32-x64\jre\21.0.12.1-win32-x86_64\bin\management.dll
Event: 26.565 Attempting to load shared library C:\Users\user\.vscode\extensions\redhat.java-1.56.0-win32-x64\jre\21.0.12.1-win32-x86_64\bin\management_ext.dll
Event: 26.584 Loaded shared library C:\Users\user\.vscode\extensions\redhat.java-1.56.0-win32-x64\jre\21.0.12.1-win32-x86_64\bin\management_ext.dll
Event: 30.427 Attempting to load shared library C:\Users\user\.vscode\extensions\redhat.java-1.56.0-win32-x64\jre\21.0.12.1-win32-x86_64\bin\extnet.dll
Event: 30.456 Loaded shared library C:\Users\user\.vscode\extensions\redhat.java-1.56.0-win32-x64\jre\21.0.12.1-win32-x86_64\bin\extnet.dll
Event: 73.978 Attempting to load shared library C:\Users\user\.vscode\extensions\redhat.java-1.56.0-win32-x64\jre\21.0.12.1-win32-x86_64\bin\sunmscapi.dll
Event: 74.008 Loaded shared library C:\Users\user\.vscode\extensions\redhat.java-1.56.0-win32-x64\jre\21.0.12.1-win32-x86_64\bin\sunmscapi.dll

Deoptimization events (20 events):
Event: 102.921 Thread 0x00000243eeb99f70 Uncommon trap: trap_request=0xffffff45 fr.pc=0x00000243c8ac59a8 relative=0x0000000000000e68
Event: 102.921 Thread 0x00000243eeb99f70 Uncommon trap: reason=unstable_if action=reinterpret pc=0x00000243c8ac59a8 method=java.lang.invoke.LambdaForm$Name.replaceNames([Ljava/lang/invoke/LambdaForm$Name;[Ljava/lang/invoke/LambdaForm$Name;II)Ljava/lang/invoke/LambdaForm$Name; @ 3 c2
Event: 102.921 Thread 0x00000243eeb99f70 DEOPT PACKING pc=0x00000243c8ac59a8 sp=0x00000051b7efd210
Event: 102.921 Thread 0x00000243eeb99f70 DEOPT UNPACKING pc=0x00000243c8457ba2 sp=0x00000051b7efd1d8 mode 2
Event: 111.105 Thread 0x00000243eeb99f70 Uncommon trap: trap_request=0xffffff76 fr.pc=0x00000243c8a5a8e0 relative=0x00000000000001a0
Event: 111.105 Thread 0x00000243eeb99f70 Uncommon trap: reason=predicate action=maybe_recompile pc=0x00000243c8a5a8e0 method=java.util.regex.Pattern$BmpCharPropertyGreedy.match(Ljava/util/regex/Matcher;ILjava/lang/CharSequence;)Z @ 12 c2
Event: 111.105 Thread 0x00000243eeb99f70 DEOPT PACKING pc=0x00000243c8a5a8e0 sp=0x00000051b7efc200
Event: 111.105 Thread 0x00000243eeb99f70 DEOPT UNPACKING pc=0x00000243c8457ba2 sp=0x00000051b7efc198 mode 2
Event: 117.808 Thread 0x00000243ed8527a0 DEOPT PACKING pc=0x00000243c1496c29 sp=0x00000051b7afe550
Event: 117.808 Thread 0x00000243ed8527a0 DEOPT UNPACKING pc=0x00000243c84586e2 sp=0x00000051b7afda90 mode 0
Event: 117.808 Thread 0x00000243ed8527a0 DEOPT PACKING pc=0x00000243c1496c29 sp=0x00000051b7afe550
Event: 117.808 Thread 0x00000243ed8527a0 DEOPT UNPACKING pc=0x00000243c84586e2 sp=0x00000051b7afda90 mode 0
Event: 120.959 Thread 0x00000243eeb99f70 Uncommon trap: trap_request=0xffffff45 fr.pc=0x00000243c8ad9b4c relative=0x000000000000026c
Event: 120.959 Thread 0x00000243eeb99f70 Uncommon trap: reason=unstable_if action=reinterpret pc=0x00000243c8ad9b4c method=java.io.WinNTFileSystem.prefixLength(Ljava/lang/String;)I @ 68 c2
Event: 120.959 Thread 0x00000243eeb99f70 DEOPT PACKING pc=0x00000243c8ad9b4c sp=0x00000051b7efb470
Event: 120.959 Thread 0x00000243eeb99f70 DEOPT UNPACKING pc=0x00000243c8457ba2 sp=0x00000051b7efb3f8 mode 2
Event: 125.962 Thread 0x00000243eeb99f70 Uncommon trap: trap_request=0xffffff45 fr.pc=0x00000243c8acb800 relative=0x0000000000000fa0
Event: 125.962 Thread 0x00000243eeb99f70 Uncommon trap: reason=unstable_if action=reinterpret pc=0x00000243c8acb800 method=java.util.HashMap.hash(Ljava/lang/Object;)I @ 1 c2
Event: 125.962 Thread 0x00000243eeb99f70 DEOPT PACKING pc=0x00000243c8acb800 sp=0x00000051b7efc330
Event: 125.962 Thread 0x00000243eeb99f70 DEOPT UNPACKING pc=0x00000243c8457ba2 sp=0x00000051b7efc2d0 mode 2

Classes loaded (20 events):
Event: 131.954 Loading class java/lang/invoke/BoundMethodHandle$Species_LLLLLLLLLLLLLLL
Event: 131.954 Loading class java/lang/invoke/BoundMethodHandle$Species_LLLLLLLLLLLLLLL done
Event: 131.956 Loading class java/lang/invoke/BoundMethodHandle$Species_LLLLLLLLLLLLLLLL
Event: 131.956 Loading class java/lang/invoke/BoundMethodHandle$Species_LLLLLLLLLLLLLLLL done
Event: 131.988 Loading class java/lang/invoke/BoundMethodHandle$Species_LLLLLLLLLLLLLLLLL
Event: 131.988 Loading class java/lang/invoke/BoundMethodHandle$Species_LLLLLLLLLLLLLLLLL done
Event: 132.007 Loading class java/lang/invoke/BoundMethodHandle$Species_LLLLLLLLLLLLLLLLLL
Event: 132.007 Loading class java/lang/invoke/BoundMethodHandle$Species_LLLLLLLLLLLLLLLLLL done
Event: 132.211 Loading class java/lang/invoke/BoundMethodHandle$Species_LLLLLLLLLLLLLLLLLLL
Event: 132.211 Loading class java/lang/invoke/BoundMethodHandle$Species_LLLLLLLLLLLLLLLLLLL done
Event: 132.329 Loading class java/lang/invoke/BoundMethodHandle$Species_LLLLLLLLLLLLLLLLLLLL
Event: 132.329 Loading class java/lang/invoke/BoundMethodHandle$Species_LLLLLLLLLLLLLLLLLLLL done
Event: 132.919 Loading class java/lang/invoke/BoundMethodHandle$Species_LLLLLLLLLLLLLLLLLLLLL
Event: 132.919 Loading class java/lang/invoke/BoundMethodHandle$Species_LLLLLLLLLLLLLLLLLLLLL done
Event: 133.006 Loading class java/lang/invoke/BoundMethodHandle$Species_LLLLLLLLLLLLLLLLLLLLLL
Event: 133.006 Loading class java/lang/invoke/BoundMethodHandle$Species_LLLLLLLLLLLLLLLLLLLLLL done
Event: 133.321 Loading class java/lang/invoke/BoundMethodHandle$Species_LLLLLLLLLLLLLLLLLLLLLLL
Event: 133.321 Loading class java/lang/invoke/BoundMethodHandle$Species_LLLLLLLLLLLLLLLLLLLLLLL done
Event: 133.324 Loading class java/lang/invoke/BoundMethodHandle$Species_LLLLLLLLLLLLLLLLLLLLLLLL
Event: 133.324 Loading class java/lang/invoke/BoundMethodHandle$Species_LLLLLLLLLLLLLLLLLLLLLLLL done

Classes unloaded (0 events):
No events

Classes redefined (0 events):
No events

Internal exceptions (20 events):
Event: 111.126 Thread 0x00000243eeb99f70 Exception <a 'java/lang/NoSuchMethodError'{0x00000000eb5e83b8}: 'java.lang.Object java.lang.invoke.DirectMethodHandle$Holder.newInvokeSpecial(java.lang.Object, java.lang.Object, java.lang.Object, java.lang.Object, java.lang.Object, java.lang.Object, java.lang.Object, java.lang.Object)'> (0x00000000eb5e83b8) 
thrown [s\src\hotspot\share\interpreter\linkResolver.cpp, line 773]
Event: 112.903 Thread 0x00000243eeb99f70 Exception <a 'java/lang/NoSuchMethodError'{0x00000000eb4f3208}: 'java.lang.Object java.lang.invoke.DirectMethodHandle$Holder.newInvokeSpecial(java.lang.Object, java.lang.Object, int)'> (0x00000000eb4f3208) 
thrown [s\src\hotspot\share\interpreter\linkResolver.cpp, line 773]
Event: 119.524 Thread 0x00000243eeb99f70 Exception <a 'java/lang/NoSuchMethodError'{0x00000000eb0e9888}: 'java.lang.Object java.lang.invoke.DirectMethodHandle$Holder.invokeVirtual(java.lang.Object, java.lang.Object, java.lang.Object, java.lang.Object, java.lang.Object, java.lang.Object, java.lang.Object, java.lang.Object)'> (0x00000000eb0e9888) 
thrown [s\src\hotspot\share\interpreter\linkResolver.cpp, line 773]
Event: 120.798 Thread 0x00000243eeb99f70 Exception <a 'java/lang/NoSuchMethodError'{0x00000000eae0ef50}: 'java.lang.Object java.lang.invoke.DirectMethodHandle$Holder.invokeVirtual(java.lang.Object, java.lang.Object, java.lang.Object, java.lang.Object, java.lang.Object, java.lang.Object, java.lang.Object, java.lang.Object, java.lang.Object, java.lang.Object)'> (0x00000000eae0ef50) 
thrown [s\src\hotspot\share\interpreter\linkResolver.cpp, line 773]
Event: 121.755 Thread 0x00000243eeb99f70 Exception <a 'java/lang/NoSuchMethodError'{0x00000000eae9c988}: 'void java.lang.invoke.DirectMethodHandle$Holder.invokeStaticInit(java.lang.Object, java.lang.Object, java.lang.Object, java.lang.Object)'> (0x00000000eae9c988) 
thrown [s\src\hotspot\share\interpreter\linkResolver.cpp, line 773]
Event: 124.155 Thread 0x00000243eeb99f70 Exception <a 'java/lang/NoSuchMethodError'{0x00000000eadef9a0}: 'int java.lang.invoke.DirectMethodHandle$Holder.invokeSpecialIFC(java.lang.Object, java.lang.Object, java.lang.Object, java.lang.Object)'> (0x00000000eadef9a0) 
thrown [s\src\hotspot\share\interpreter\linkResolver.cpp, line 773]
Event: 124.156 Thread 0x00000243eeb99f70 Exception <a 'java/lang/IncompatibleClassChangeError'{0x00000000eadfd070}: Found class java.lang.Object, but interface was expected> (0x00000000eadfd070) 
thrown [s\src\hotspot\share\interpreter\linkResolver.cpp, line 840]
Event: 125.962 Thread 0x00000243eeb99f70 Implicit null exception at 0x00000243c8aca8ad to 0x00000243c8acb7e4
Event: 131.685 Thread 0x00000243eeb99f70 Exception <a 'java/lang/NoSuchMethodError'{0x00000000efe72938}: 'java.lang.Object java.lang.invoke.DelegatingMethodHandle$Holder.reinvoke_L(java.lang.Object, java.lang.Object, java.lang.Object, java.lang.Object, java.lang.Object, java.lang.Object, java.lang.Object, java.lang.Object, java.lang.Object, java.lang.Object, java.lang.Object, java.lang.Object, java.lang.Object, java.lang.Object, java.lang.Object, java.lang.Object, java.lang.Object, java.lang.Object, java.lang.Object, java.lang.Object, java.lang.O
Event: 131.935 Thread 0x00000243eeb99f70 Exception <a 'java/lang/NoSuchMethodError'{0x00000000efd34128}: 'java.lang.Object java.lang.invoke.DirectMethodHandle$Holder.invokeStatic(java.lang.Object, java.lang.Object, java.lang.Object, java.lang.Object, java.lang.Object, java.lang.Object, java.lang.Object, java.lang.Object, java.lang.Object, java.lang.Object, java.lang.Object, java.lang.Object, java.lang.Object, java.lang.Object, java.lang.Object, java.lang.Object, java.lang.Object)'> (0x00000000efd34128) 
thrown [s\src\hotspot\share\interpreter\lin
Event: 131.955 Thread 0x00000243eeb99f70 Exception <a 'java/lang/NoSuchMethodError'{0x00000000efd5ce10}: 'java.lang.Object java.lang.invoke.DirectMethodHandle$Holder.invokeStatic(java.lang.Object, java.lang.Object, java.lang.Object, java.lang.Object, java.lang.Object, java.lang.Object, java.lang.Object, java.lang.Object, java.lang.Object, java.lang.Object, java.lang.Object, java.lang.Object, java.lang.Object, java.lang.Object, java.lang.Object, java.lang.Object, java.lang.Object, java.lang.Object)'> (0x00000000efd5ce10) 
thrown [s\src\hotspot\sha
Event: 131.988 Thread 0x00000243eeb99f70 Exception <a 'java/lang/NoSuchMethodError'{0x00000000efd86e88}: 'java.lang.Object java.lang.invoke.DirectMethodHandle$Holder.invokeStatic(java.lang.Object, java.lang.Object, java.lang.Object, java.lang.Object, java.lang.Object, java.lang.Object, java.lang.Object, java.lang.Object, java.lang.Object, java.lang.Object, java.lang.Object, java.lang.Object, java.lang.Object, java.lang.Object, java.lang.Object, java.lang.Object, java.lang.Object, java.lang.Object, java.lang.Object)'> (0x00000000efd86e88) 
thrown 
Event: 131.989 Thread 0x00000243eeb99f70 Exception <a 'java/lang/NoSuchMethodError'{0x00000000efdb20b8}: 'java.lang.Object java.lang.invoke.DirectMethodHandle$Holder.invokeStatic(java.lang.Object, java.lang.Object, java.lang.Object, java.lang.Object, java.lang.Object, java.lang.Object, java.lang.Object, java.lang.Object, java.lang.Object, java.lang.Object, java.lang.Object, java.lang.Object, java.lang.Object, java.lang.Object, java.lang.Object, java.lang.Object, java.lang.Object, java.lang.Object, java.lang.Object, java.lang.Object)'> (0x00000000
Event: 132.009 Thread 0x00000243eeb99f70 Exception <a 'java/lang/NoSuchMethodError'{0x00000000efdde4a8}: 'java.lang.Object java.lang.invoke.DirectMethodHandle$Holder.invokeStatic(java.lang.Object, java.lang.Object, java.lang.Object, java.lang.Object, java.lang.Object, java.lang.Object, java.lang.Object, java.lang.Object, java.lang.Object, java.lang.Object, java.lang.Object, java.lang.Object, java.lang.Object, java.lang.Object, java.lang.Object, java.lang.Object, java.lang.Object, java.lang.Object, java.lang.Object, java.lang.Object, java.lang.Obj
Event: 132.215 Thread 0x00000243eeb99f70 Exception <a 'java/lang/NoSuchMethodError'{0x00000000efc0bca0}: 'java.lang.Object java.lang.invoke.DirectMethodHandle$Holder.invokeStatic(java.lang.Object, java.lang.Object, java.lang.Object, java.lang.Object, java.lang.Object, java.lang.Object, java.lang.Object, java.lang.Object, java.lang.Object, java.lang.Object, java.lang.Object, java.lang.Object, java.lang.Object, java.lang.Object, java.lang.Object, java.lang.Object, java.lang.Object, java.lang.Object, java.lang.Object, java.lang.Object, java.lang.Obj
Event: 132.755 Thread 0x00000243eeb99f70 Exception <a 'java/lang/NoSuchMethodError'{0x00000000efc3a2b8}: 'java.lang.Object java.lang.invoke.DirectMethodHandle$Holder.invokeStatic(java.lang.Object, java.lang.Object, java.lang.Object, java.lang.Object, java.lang.Object, java.lang.Object, java.lang.Object, java.lang.Object, java.lang.Object, java.lang.Object, java.lang.Object, java.lang.Object, java.lang.Object, java.lang.Object, java.lang.Object, java.lang.Object, java.lang.Object, java.lang.Object, java.lang.Object, java.lang.Object, java.lang.Obj
Event: 132.921 Thread 0x00000243eeb99f70 Exception <a 'java/lang/NoSuchMethodError'{0x00000000efc69458}: 'java.lang.Object java.lang.invoke.DirectMethodHandle$Holder.invokeStatic(java.lang.Object, java.lang.Object, java.lang.Object, java.lang.Object, java.lang.Object, java.lang.Object, java.lang.Object, java.lang.Object, java.lang.Object, java.lang.Object, java.lang.Object, java.lang.Object, java.lang.Object, java.lang.Object, java.lang.Object, java.lang.Object, java.lang.Object, java.lang.Object, java.lang.Object, java.lang.Object, java.lang.Obj
Event: 133.098 Thread 0x00000243eeb99f70 Exception <a 'java/lang/NoSuchMethodError'{0x00000000efc998d8}: 'java.lang.Object java.lang.invoke.DirectMethodHandle$Holder.invokeStatic(java.lang.Object, java.lang.Object, java.lang.Object, java.lang.Object, java.lang.Object, java.lang.Object, java.lang.Object, java.lang.Object, java.lang.Object, java.lang.Object, java.lang.Object, java.lang.Object, java.lang.Object, java.lang.Object, java.lang.Object, java.lang.Object, java.lang.Object, java.lang.Object, java.lang.Object, java.lang.Object, java.lang.Obj
Event: 133.323 Thread 0x00000243eeb99f70 Exception <a 'java/lang/NoSuchMethodError'{0x00000000efcca230}: 'java.lang.Object java.lang.invoke.DirectMethodHandle$Holder.invokeStatic(java.lang.Object, java.lang.Object, java.lang.Object, java.lang.Object, java.lang.Object, java.lang.Object, java.lang.Object, java.lang.Object, java.lang.Object, java.lang.Object, java.lang.Object, java.lang.Object, java.lang.Object, java.lang.Object, java.lang.Object, java.lang.Object, java.lang.Object, java.lang.Object, java.lang.Object, java.lang.Object, java.lang.Obj
Event: 133.381 Thread 0x00000243eeb99f70 Exception <a 'java/lang/NoSuchMethodError'{0x00000000efcfc6e8}: 'java.lang.Object java.lang.invoke.DirectMethodHandle$Holder.invokeStatic(java.lang.Object, java.lang.Object, java.lang.Object, java.lang.Object, java.lang.Object, java.lang.Object, java.lang.Object, java.lang.Object, java.lang.Object, java.lang.Object, java.lang.Object, java.lang.Object, java.lang.Object, java.lang.Object, java.lang.Object, java.lang.Object, java.lang.Object, java.lang.Object, java.lang.Object, java.lang.Object, java.lang.Obj

ZGC Phase Switch (0 events):
No events

VM Operations (20 events):
Event: 125.164 Executing safepoint VM operation: Cleanup
Event: 125.164 Executing safepoint VM operation: Cleanup done
Event: 126.166 Executing safepoint VM operation: Cleanup
Event: 126.197 Executing safepoint VM operation: Cleanup done
Event: 130.245 Executing safepoint VM operation: Cleanup
Event: 130.277 Executing safepoint VM operation: Cleanup done
Event: 130.337 Executing safepoint VM operation: G1CollectForAllocation (G1 Evacuation Pause)
Event: 130.382 Executing safepoint VM operation: G1CollectForAllocation (G1 Evacuation Pause) done
Event: 131.383 Executing safepoint VM operation: Cleanup
Event: 131.446 Executing safepoint VM operation: Cleanup done
Event: 132.448 Executing safepoint VM operation: Cleanup
Event: 132.463 Executing safepoint VM operation: Cleanup done
Event: 133.472 Executing safepoint VM operation: Cleanup
Event: 133.472 Executing safepoint VM operation: Cleanup done
Event: 133.866 Executing non-safepoint VM operation: HandshakeAllThreads (Deoptimize)
Event: 133.867 Executing non-safepoint VM operation: HandshakeAllThreads (Deoptimize) done
Event: 133.964 Executing non-safepoint VM operation: HandshakeAllThreads (Deoptimize)
Event: 133.964 Executing non-safepoint VM operation: HandshakeAllThreads (Deoptimize) done
Event: 135.990 Executing safepoint VM operation: Cleanup
Event: 135.990 Executing safepoint VM operation: Cleanup done

Memory protections (0 events):
No events

Nmethod flushes (0 events):
No events

Events (20 events):
Event: 17.661 Thread 0x00000243d36903f0 Thread added: 0x00000243ed8715c0
Event: 17.936 Thread 0x00000243ed8715c0 Thread exited: 0x00000243ed8715c0
Event: 26.675 Thread 0x00000243bdccf250 Thread added: 0x00000243ede4eea0
Event: 32.773 Thread 0x00000243bdccf250 Thread added: 0x00000243d38299a0
Event: 32.943 Thread 0x00000243d368f1d0 Thread added: 0x00000243d3753b00
Event: 33.153 Thread 0x00000243d3753b00 Thread exited: 0x00000243d3753b00
Event: 33.759 Thread 0x00000243d36903f0 Thread added: 0x00000243ed8f6210
Event: 33.982 Thread 0x00000243ed8f6210 Thread exited: 0x00000243ed8f6210
Event: 33.983 Thread 0x00000243bdccf250 Thread added: 0x00000243ed8527a0
Event: 75.756 Thread 0x00000243d38299a0 Thread added: 0x00000243d3a74dc0
Event: 75.768 Thread 0x00000243d3a74dc0 Thread added: 0x00000243d3a75430
Event: 75.966 Thread 0x00000243d3a74dc0 Thread added: 0x00000243eed65390
Event: 78.405 Thread 0x00000243d3a74dc0 Thread added: 0x00000243eeb99f70
Event: 79.645 Thread 0x00000243eeb99f70 Thread added: 0x00000243eeb9b9b0
Event: 79.750 Thread 0x00000243eeb99f70 Thread added: 0x00000243eeb9c6d0
Event: 80.612 Thread 0x00000243eeb99f70 Thread added: 0x00000243eeb99250
Event: 112.900 Thread 0x00000243eeb99f70 Thread added: 0x00000243eeb9a600
Event: 113.833 Thread 0x00000243eeb99f70 Thread added: 0x00000243eeb9ac90
Event: 119.951 Thread 0x00000243eeb99f70 Thread added: 0x00000243eeb998e0
Event: 124.154 Thread 0x00000243eeb9ac90 Thread added: 0x00000243eeb9c040


Dynamic libraries:
0x00007ff784e70000 - 0x00007ff784e7e000 	C:\Users\user\.vscode\extensions\redhat.java-1.56.0-win32-x64\jre\21.0.12.1-win32-x86_64\bin\java.exe
0x00007ffec1060000 - 0x00007ffec12c7000 	C:\WINDOWS\SYSTEM32\ntdll.dll
0x00007ffec07a0000 - 0x00007ffec086b000 	C:\WINDOWS\System32\KERNEL32.DLL
0x00007ffebe6a0000 - 0x00007ffebeaa2000 	C:\WINDOWS\System32\KERNELBASE.dll
0x00007ffebe540000 - 0x00007ffebe68c000 	C:\WINDOWS\System32\ucrtbase.dll
0x00007ffeadf10000 - 0x00007ffeadf2e000 	C:\Users\user\.vscode\extensions\redhat.java-1.56.0-win32-x64\jre\21.0.12.1-win32-x86_64\bin\VCRUNTIME140.dll
0x00007ffeadf30000 - 0x00007ffeadf48000 	C:\Users\user\.vscode\extensions\redhat.java-1.56.0-win32-x64\jre\21.0.12.1-win32-x86_64\bin\jli.dll
0x00007ffec0d00000 - 0x00007ffec0ecf000 	C:\WINDOWS\System32\USER32.dll
0x00007ffebed50000 - 0x00007ffebed77000 	C:\WINDOWS\System32\win32u.dll
0x00007ffebf580000 - 0x00007ffebf5ab000 	C:\WINDOWS\System32\GDI32.dll
0x00007ffebeab0000 - 0x00007ffebebd9000 	C:\WINDOWS\System32\gdi32full.dll
0x00007ffebeca0000 - 0x00007ffebed43000 	C:\WINDOWS\System32\msvcp_win.dll
0x00007ffea8470000 - 0x00007ffea8700000 	C:\WINDOWS\WinSxS\amd64_microsoft.windows.common-controls_6595b64144ccf1df_6.0.26100.9278_none_3e0d1ba8e3303201\COMCTL32.dll
0x00007ffec0100000 - 0x00007ffec01a9000 	C:\WINDOWS\System32\msvcrt.dll
0x00007ffebf230000 - 0x00007ffebf261000 	C:\WINDOWS\System32\IMM32.DLL
0x00007ffeb62e0000 - 0x00007ffeb62ec000 	C:\Users\user\.vscode\extensions\redhat.java-1.56.0-win32-x64\jre\21.0.12.1-win32-x86_64\bin\vcruntime140_1.dll
0x00007ffe9b410000 - 0x00007ffe9b49d000 	C:\Users\user\.vscode\extensions\redhat.java-1.56.0-win32-x64\jre\21.0.12.1-win32-x86_64\bin\msvcp140.dll
0x00007ffe0fbd0000 - 0x00007ffe10972000 	C:\Users\user\.vscode\extensions\redhat.java-1.56.0-win32-x64\jre\21.0.12.1-win32-x86_64\bin\server\jvm.dll
0x00007ffebf4a0000 - 0x00007ffebf55c000 	C:\WINDOWS\System32\ADVAPI32.dll
0x00007ffec0ee0000 - 0x00007ffec0f89000 	C:\WINDOWS\System32\sechost.dll
0x00007ffec01b0000 - 0x00007ffec02c8000 	C:\WINDOWS\System32\RPCRT4.dll
0x00007ffec0f90000 - 0x00007ffec1010000 	C:\WINDOWS\System32\WS2_32.dll
0x00007ffebe0c0000 - 0x00007ffebe11e000 	C:\WINDOWS\SYSTEM32\POWRPROF.dll
0x00007ffea8710000 - 0x00007ffea8746000 	C:\WINDOWS\SYSTEM32\WINMM.dll
0x00007ffeabe00000 - 0x00007ffeabe0b000 	C:\WINDOWS\SYSTEM32\VERSION.dll
0x00007ffebe0a0000 - 0x00007ffebe0b5000 	C:\WINDOWS\SYSTEM32\UMPDC.dll
0x00007ffebcf30000 - 0x00007ffebcf4b000 	C:\WINDOWS\SYSTEM32\kernel.appcore.dll
0x00007ffeaf5a0000 - 0x00007ffeaf5aa000 	C:\Users\user\.vscode\extensions\redhat.java-1.56.0-win32-x64\jre\21.0.12.1-win32-x86_64\bin\jimage.dll
0x00007ffebb9a0000 - 0x00007ffebbbec000 	C:\WINDOWS\SYSTEM32\DBGHELP.DLL
0x00007ffebeea0000 - 0x00007ffebf225000 	C:\WINDOWS\System32\combase.dll
0x00007ffebf670000 - 0x00007ffebf749000 	C:\WINDOWS\System32\OLEAUT32.dll
0x00007ffe9af60000 - 0x00007ffe9af9b000 	C:\WINDOWS\SYSTEM32\dbgcore.DLL
0x00007ffebebe0000 - 0x00007ffebec8c000 	C:\WINDOWS\System32\bcryptPrimitives.dll
0x00007ffeadf00000 - 0x00007ffeadf0f000 	C:\Users\user\.vscode\extensions\redhat.java-1.56.0-win32-x64\jre\21.0.12.1-win32-x86_64\bin\instrument.dll
0x00007ffeadee0000 - 0x00007ffeadf00000 	C:\Users\user\.vscode\extensions\redhat.java-1.56.0-win32-x64\jre\21.0.12.1-win32-x86_64\bin\java.dll
0x00007ffebf7a0000 - 0x00007ffebff38000 	C:\WINDOWS\System32\SHELL32.dll
0x00007ffebbc00000 - 0x00007ffebc4ae000 	C:\WINDOWS\SYSTEM32\windows.storage.dll
0x00007ffebf3a0000 - 0x00007ffebf49b000 	C:\WINDOWS\System32\SHCORE.dll
0x00007ffec0c90000 - 0x00007ffec0cf6000 	C:\WINDOWS\System32\shlwapi.dll
0x00007ffebe180000 - 0x00007ffebe1a9000 	C:\WINDOWS\SYSTEM32\profapi.dll
0x00007ffeac440000 - 0x00007ffeac458000 	C:\Users\user\.vscode\extensions\redhat.java-1.56.0-win32-x64\jre\21.0.12.1-win32-x86_64\bin\zip.dll
0x00007ffeac430000 - 0x00007ffeac440000 	C:\Users\user\.vscode\extensions\redhat.java-1.56.0-win32-x64\jre\21.0.12.1-win32-x86_64\bin\net.dll
0x00007ffeae130000 - 0x00007ffeae25a000 	C:\WINDOWS\SYSTEM32\WINHTTP.dll
0x00007ffebd4f0000 - 0x00007ffebd55c000 	C:\WINDOWS\system32\mswsock.dll
0x00007ffe9b520000 - 0x00007ffe9b536000 	C:\Users\user\.vscode\extensions\redhat.java-1.56.0-win32-x64\jre\21.0.12.1-win32-x86_64\bin\nio.dll
0x00007ffea3c40000 - 0x00007ffea3c50000 	C:\Users\user\.vscode\extensions\redhat.java-1.56.0-win32-x64\jre\21.0.12.1-win32-x86_64\bin\verify.dll
0x00007ffeaa170000 - 0x00007ffeaa197000 	C:\Users\user\.gradle\native\660c5614fbf4a5f2a75b1949f50a0caf5cd603558e7d8a26e50b933a0cfb79d1\windows-amd64\native-platform.dll
0x00007ffea2bd0000 - 0x00007ffea2c47000 	C:\Users\user\.gradle\native\0.2.8\x86_64-windows-gnu\gradle-fileevents.dll
0x00007ffea2da0000 - 0x00007ffea2daa000 	C:\Users\user\.vscode\extensions\redhat.java-1.56.0-win32-x64\jre\21.0.12.1-win32-x86_64\bin\management.dll
0x00007ffea2d90000 - 0x00007ffea2d9c000 	C:\Users\user\.vscode\extensions\redhat.java-1.56.0-win32-x64\jre\21.0.12.1-win32-x86_64\bin\management_ext.dll
0x00007ffebf570000 - 0x00007ffebf578000 	C:\WINDOWS\System32\PSAPI.DLL
0x00007ffebc900000 - 0x00007ffebc933000 	C:\WINDOWS\SYSTEM32\IPHLPAPI.DLL
0x00007ffebf270000 - 0x00007ffebf27a000 	C:\WINDOWS\System32\NSI.dll
0x00007ffea0900000 - 0x00007ffea0909000 	C:\Users\user\.vscode\extensions\redhat.java-1.56.0-win32-x64\jre\21.0.12.1-win32-x86_64\bin\extnet.dll
0x00007ffebd7e0000 - 0x00007ffebd7fb000 	C:\WINDOWS\SYSTEM32\CRYPTSP.dll
0x00007ffebce90000 - 0x00007ffebcec9000 	C:\WINDOWS\system32\rsaenh.dll
0x00007ffebd5a0000 - 0x00007ffebd5d4000 	C:\WINDOWS\SYSTEM32\USERENV.dll
0x00007ffebe150000 - 0x00007ffebe17a000 	C:\WINDOWS\SYSTEM32\bcrypt.dll
0x00007ffebd800000 - 0x00007ffebd80c000 	C:\WINDOWS\SYSTEM32\CRYPTBASE.dll
0x00007ffea2330000 - 0x00007ffea233e000 	C:\Users\user\.vscode\extensions\redhat.java-1.56.0-win32-x64\jre\21.0.12.1-win32-x86_64\bin\sunmscapi.dll
0x00007ffebe320000 - 0x00007ffebe49e000 	C:\WINDOWS\System32\CRYPT32.dll
0x00007ffebda20000 - 0x00007ffebda50000 	C:\WINDOWS\SYSTEM32\ncrypt.dll
0x00007ffebd9d0000 - 0x00007ffebda0f000 	C:\WINDOWS\SYSTEM32\NTASN1.dll
0x00007ffeab6e0000 - 0x00007ffeab6e8000 	C:\WINDOWS\system32\wshunix.dll

JVMTI agents:
C:\Users\user\.gradle\wrapper\dists\gradle-9.5.1-bin\iq79hdu3mqx29lgffhp8bfmx\gradle-9.5.1\lib\agents\gradle-instrumentation-agent-9.5.1.jar path:C:\Users\user\.vscode\extensions\redhat.java-1.56.0-win32-x64\jre\21.0.12.1-win32-x86_64\bin\instrument.dll, loaded, initialized, instrumentlib options:none

dbghelp: loaded successfully - version: 4.0.5 - missing functions: none
symbol engine: initialized successfully - sym options: 0x614 - pdb path: .;C:\Users\user\.vscode\extensions\redhat.java-1.56.0-win32-x64\jre\21.0.12.1-win32-x86_64\bin;C:\WINDOWS\SYSTEM32;C:\WINDOWS\WinSxS\amd64_microsoft.windows.common-controls_6595b64144ccf1df_6.0.26100.9278_none_3e0d1ba8e3303201;C:\Users\user\.vscode\extensions\redhat.java-1.56.0-win32-x64\jre\21.0.12.1-win32-x86_64\bin\server;C:\Users\user\.gradle\native\660c5614fbf4a5f2a75b1949f50a0caf5cd603558e7d8a26e50b933a0cfb79d1\windows-amd64;C:\Users\user\.gradle\native\0.2.8\x86_64-windows-gnu

VM Arguments:
jvm_args: --add-opens=java.base/java.lang=ALL-UNNAMED --add-opens=java.base/java.lang.invoke=ALL-UNNAMED --add-opens=java.base/java.util=ALL-UNNAMED --add-opens=java.prefs/java.util.prefs=ALL-UNNAMED --add-exports=jdk.compiler/com.sun.tools.javac.api=ALL-UNNAMED --add-exports=jdk.compiler/com.sun.tools.javac.util=ALL-UNNAMED --add-opens=java.base/java.nio.charset=ALL-UNNAMED --add-opens=java.base/java.net=ALL-UNNAMED --add-opens=java.base/java.util.concurrent=ALL-UNNAMED --add-opens=java.base/java.util.concurrent.atomic=ALL-UNNAMED --add-opens=java.xml/javax.xml.namespace=ALL-UNNAMED --add-opens=java.base/java.time=ALL-UNNAMED -XX:MaxMetaspaceSize=384m -XX:+HeapDumpOnOutOfMemoryError -Xms256m -Xmx512m -Dfile.encoding=UTF-8 -Duser.country=KR -Duser.language=ko -Duser.variant -javaagent:C:\Users\user\.gradle\wrapper\dists\gradle-9.5.1-bin\iq79hdu3mqx29lgffhp8bfmx\gradle-9.5.1\lib\agents\gradle-instrumentation-agent-9.5.1.jar 
java_command: org.gradle.launcher.daemon.bootstrap.GradleDaemon 9.5.1
java_class_path (initial): C:\Users\user\.gradle\wrapper\dists\gradle-9.5.1-bin\iq79hdu3mqx29lgffhp8bfmx\gradle-9.5.1\lib\gradle-daemon-main-9.5.1.jar
Launcher Type: SUN_STANDARD

[Global flags]
     intx CICompilerCount                          = 4                                         {product} {ergonomic}
   size_t CompressedClassSpaceSize                 = 335544320                                 {product} {ergonomic}
     uint ConcGCThreads                            = 2                                         {product} {ergonomic}
     uint G1ConcRefinementThreads                  = 8                                         {product} {ergonomic}
   size_t G1HeapRegionSize                         = 1048576                                   {product} {ergonomic}
    uintx GCDrainStackTargetSize                   = 64                                        {product} {ergonomic}
     bool HeapDumpOnOutOfMemoryError               = true                                   {manageable} {command line}
   size_t InitialHeapSize                          = 268435456                                 {product} {command line}
   size_t MarkStackSize                            = 4194304                                   {product} {ergonomic}
   size_t MaxHeapSize                              = 536870912                                 {product} {command line}
   size_t MaxMetaspaceSize                         = 402653184                                 {product} {command line}
   size_t MaxNewSize                               = 321912832                                 {product} {ergonomic}
   size_t MinHeapDeltaBytes                        = 1048576                                   {product} {ergonomic}
   size_t MinHeapSize                              = 268435456                                 {product} {command line}
    uintx NonNMethodCodeHeapSize                   = 5839372                                {pd product} {ergonomic}
    uintx NonProfiledCodeHeapSize                  = 122909434                              {pd product} {ergonomic}
    uintx ProfiledCodeHeapSize                     = 122909434                              {pd product} {ergonomic}
    uintx ReservedCodeCacheSize                    = 251658240                              {pd product} {ergonomic}
     bool SegmentedCodeCache                       = true                                      {product} {ergonomic}
   size_t SoftMaxHeapSize                          = 536870912                              {manageable} {ergonomic}
     bool UseCompressedOops                        = true                           {product lp64_product} {ergonomic}
     bool UseG1GC                                  = true                                      {product} {ergonomic}
     bool UseLargePagesIndividualAllocation        = false                                  {pd product} {ergonomic}

Logging:
Log output configuration:
 #0: stdout all=warning uptime,level,tags foldmultilines=false
 #1: stderr all=off uptime,level,tags foldmultilines=false

Release file:
JAVA_VERSION="21.0.12.1" 
MODULES="java.base java.compiler java.datatransfer java.xml java.prefs java.desktop java.instrument java.logging java.management java.security.sasl java.naming java.rmi java.management.rmi java.net.http java.scripting java.security.jgss java.transaction.xa java.sql java.sql.rowset java.xml.crypto java.se java.smartcardio jdk.accessibility jdk.internal.jvmstat jdk.attach jdk.charsets jdk.internal.opt jdk.zipfs jdk.compiler jdk.crypto.ec jdk.crypto.cryptoki jdk.crypto.mscapi jdk.dynalink jdk.internal.ed jdk.editpad jdk.hotspot.agent jdk.httpserver jdk.internal.le jdk.internal.vm.ci jdk.internal.vm.compiler jdk.internal.vm.compiler.management jdk.jartool jdk.javadoc jdk.jcmd jdk.management jdk.management.agent jdk.jconsole jdk.jdeps jdk.jdwp.agent jdk.jdi jdk.jfr jdk.jshell jdk.jsobject jdk.jstatd jdk.localedata jdk.management.jfr jdk.naming.dns jdk.naming.rmi jdk.net jdk.nio.mapmode jdk.random jdk.sctp jdk.security.auth jdk.security.jgss jdk.unsupported jdk.unsupported.desktop jdk.xml.dom" 

Environment Variables:
PATH=C:\Program Files\Common Files\Oracle\Java\javapath;C:\Program Files\Python313\Scripts\;C:\Program Files\Python313\;C:\WINDOWS\system32;C:\WINDOWS;C:\WINDOWS\System32\Wbem;C:\WINDOWS\System32\WindowsPowerShell\v1.0\;C:\WINDOWS\System32\OpenSSH\;C:\Program Files\nodejs\;C:\Program Files\Git\cmd;C:\Program Files (x86)\cloudflared\;C:\Users\user\Desktop\Scripts\;C:\Users\user\Desktop\;C:\Users\user\AppData\Local\Microsoft\WindowsApps;C:\Users\user\AppData\Local\Programs\Microsoft VS Code\bin;C:\Program Files\Multipass\bin;C:\Users\user\AppData\Roaming\npm;C:\intelFPGA_lite\18.1\modelsim_ase\win32aloem;C:\Users\user\Desktop\opencv\build\x64\vc15\bin;
USERNAME=user
OS=Windows_NT
PROCESSOR_IDENTIFIER=Intel64 Family 6 Model 140 Stepping 1, GenuineIntel
TMP=C:\Users\user\AppData\Local\Temp
TEMP=C:\Users\user\AppData\Local\Temp




Periodic native trim disabled

---------------  S Y S T E M  ---------------

OS:
 Windows 11 , 64 bit Build 26100 (10.0.26100.9444)
OS uptime: 0 days 7:17 hours

CPU: total 8 (initial active 8) (4 cores per cpu, 2 threads per core) family 6 model 140 stepping 1 microcode 0x8a, cx8, cmov, fxsr, ht, mmx, 3dnowpref, sse, sse2, sse3, ssse3, sse4.1, sse4.2, popcnt, lzcnt, tsc, tscinvbit, avx, avx2, aes, erms, clmul, bmi1, bmi2, adx, avx512f, avx512dq, avx512cd, avx512bw, avx512vl, sha, fma, vzeroupper, avx512_vpopcntdq, avx512_vpclmulqdq, avx512_vaes, avx512_vnni, clflush, clflushopt, clwb, avx512_vbmi2, avx512_vbmi, rdtscp, rdpid, fsrm, gfni, avx512_bitalg, f16c, pku, cet_ibt, cet_ss, avx512_ifma
Processor Information for the first 8 processors :
  Max Mhz: 2419, Current Mhz: 2419, Mhz Limit: 2419

Memory: 4k page, system-wide physical 16107M (2418M free)
TotalPageFile size 46495M (AvailPageFile size 8429M)
current process WorkingSet (physical memory assigned to process): 174M, peak: 203M
current process commit charge ("private bytes"): 395M, peak: 420M

vm_info: OpenJDK 64-Bit Server VM (21.0.12.1+1-LTS) for windows-amd64 JRE (21.0.12.1+1-LTS), built on 2026-08-18T00:00:00Z by "admin" with MS VC++ 17.12 (VS2022)

END.
