#
# There is insufficient memory for the Java Runtime Environment to continue.
# Native memory allocation (mmap) failed to map 65536 bytes. Error detail: Failed to commit metaspace.
# Possible reasons:
#   The system is out of physical RAM or swap space
#   This process is running with CompressedOops enabled, and the Java Heap may be blocking the growth of the native heap
# Possible solutions:
#   Reduce memory load on the system
#   Increase physical memory or swap space
#   Check if swap backing store is full
#   Decrease Java heap size (-Xmx/-Xms)
#   Decrease number of Java threads
#   Decrease Java thread stack sizes (-Xss)
#   Set larger code cache with -XX:ReservedCodeCacheSize=
#   JVM is running with Unscaled Compressed Oops mode in which the Java heap is
#     placed in the first 4GB address space. The Java Heap base address is the
#     maximum limit for the native heap growth. Please use -XX:HeapBaseMinAddress
#     to set the Java Heap base and to place the Java Heap above 4GB virtual address.
# This output file may be truncated or incomplete.
#
#  Out of Memory Error (virtualSpaceNode.cpp:113), pid=35228, tid=33328
#
# JRE version: OpenJDK Runtime Environment Temurin-21.0.12.1+1 (21.0.12.1+1) (build 21.0.12.1+1-LTS)
# Java VM: OpenJDK 64-Bit Server VM Temurin-21.0.12.1+1 (21.0.12.1+1-LTS, mixed mode, sharing, tiered, compressed oops, compressed class ptrs, g1 gc, windows-amd64)
# No core dump will be written. Minidumps are not enabled by default on client versions of Windows
#

---------------  S U M M A R Y ------------

Command Line: --add-opens=java.base/java.lang=ALL-UNNAMED --add-opens=java.base/java.lang.invoke=ALL-UNNAMED --add-opens=java.base/java.util=ALL-UNNAMED --add-opens=java.prefs/java.util.prefs=ALL-UNNAMED --add-exports=jdk.compiler/com.sun.tools.javac.api=ALL-UNNAMED --add-exports=jdk.compiler/com.sun.tools.javac.util=ALL-UNNAMED --add-opens=java.base/java.nio.charset=ALL-UNNAMED --add-opens=java.base/java.net=ALL-UNNAMED --add-opens=java.base/java.util.concurrent=ALL-UNNAMED --add-opens=java.base/java.util.concurrent.atomic=ALL-UNNAMED --add-opens=java.xml/javax.xml.namespace=ALL-UNNAMED --add-opens=java.base/java.time=ALL-UNNAMED -XX:MaxMetaspaceSize=384m -XX:+HeapDumpOnOutOfMemoryError -Xms256m -Xmx512m -Dfile.encoding=UTF-8 -Duser.country=KR -Duser.language=ko -Duser.variant -javaagent:C:\Users\user\.gradle\wrapper\dists\gradle-9.5.1-bin\iq79hdu3mqx29lgffhp8bfmx\gradle-9.5.1\lib\agents\gradle-instrumentation-agent-9.5.1.jar org.gradle.launcher.daemon.bootstrap.GradleDaemon 9.5.1

Host: 11th Gen Intel(R) Core(TM) i5-1135G7 @ 2.40GHz, 8 cores, 15G,  Windows 11 , 64 bit Build 26100 (10.0.26100.9444)
Time: Thu Sep 10 10:08:42 2026 elapsed time: 201.898046 seconds (0d 0h 3m 21s)

---------------  T H R E A D  ---------------

Current thread (0x00000126f993f440):  JavaThread "Daemon worker"        [_thread_in_vm, id=33328, stack(0x0000001943b00000,0x0000001943c00000) (1024K)]

Stack: [0x0000001943b00000,0x0000001943c00000]
Native frames: (J=compiled Java code, j=interpreted, Vv=VM code, C=native code)
V  [jvm.dll+0x6d83e9]
V  [jvm.dll+0x8b5736]
V  [jvm.dll+0x8b7cee]
V  [jvm.dll+0x8b83d3]
V  [jvm.dll+0x284596]
V  [jvm.dll+0x8b147e]
V  [jvm.dll+0x679ad4]
V  [jvm.dll+0x1e849b]
V  [jvm.dll+0x1e825e]
V  [jvm.dll+0x67c3d2]
V  [jvm.dll+0x67c202]
V  [jvm.dll+0x67a4ae]
V  [jvm.dll+0x26f816]
V  [jvm.dll+0x21a11f]
V  [jvm.dll+0x20f80e]
V  [jvm.dll+0x5b6a7f]
V  [jvm.dll+0x82f77d]
V  [jvm.dll+0x479a6e]
V  [jvm.dll+0x48cde6]
C  [java.dll+0x1657]

Java frames: (J=compiled Java code, j=interpreted, Vv=VM code)
J 1885  java.lang.ClassLoader.defineClass0(Ljava/lang/ClassLoader;Ljava/lang/Class;Ljava/lang/String;[BIILjava/security/ProtectionDomain;ZILjava/lang/Object;)Ljava/lang/Class; java.base@21.0.12.1 (0 bytes) @ 0x00000126e90641bc [0x00000126e90640c0+0x00000000000000fc]
J 3028 c1 java.lang.System$2.defineClass(Ljava/lang/ClassLoader;Ljava/lang/Class;Ljava/lang/String;[BLjava/security/ProtectionDomain;ZILjava/lang/Object;)Ljava/lang/Class; java.base@21.0.12.1 (21 bytes) @ 0x00000126e1aaad74 [0x00000126e1aaacc0+0x00000000000000b4]
J 3027 c1 java.lang.invoke.MethodHandles$Lookup$ClassDefiner.defineClass(ZLjava/lang/Object;)Ljava/lang/Class; java.base@21.0.12.1 (213 bytes) @ 0x00000126e1aa7bfc [0x00000126e1aa76a0+0x000000000000055c]
J 3192 c1 java.lang.invoke.InvokerBytecodeGenerator.loadMethod([B)Ljava/lang/invoke/MemberName; java.base@21.0.12.1 (39 bytes) @ 0x00000126e1aed80c [0x00000126e1aed680+0x000000000000018c]
J 2797 c1 java.lang.invoke.InvokerBytecodeGenerator.generateCustomizedCode(Ljava/lang/invoke/LambdaForm;Ljava/lang/invoke/MethodType;)Ljava/lang/invoke/MemberName; java.base@21.0.12.1 (34 bytes) @ 0x00000126e1a20cb4 [0x00000126e1a20b00+0x00000000000001b4]
J 2932 c1 java.lang.invoke.LambdaForm.compileToBytecode()V java.base@21.0.12.1 (164 bytes) @ 0x00000126e1a715f4 [0x00000126e1a71400+0x00000000000001f4]
J 3784 c2 java.lang.invoke.BoundMethodHandle.<init>(Ljava/lang/invoke/MethodType;Ljava/lang/invoke/LambdaForm;)V java.base@21.0.12.1 (32 bytes) @ 0x00000126e91a2008 [0x00000126e91a1ec0+0x0000000000000148]
J 3642 c1 java.lang.invoke.BoundMethodHandle$Species_LLL.make(Ljava/lang/invoke/MethodType;Ljava/lang/invoke/LambdaForm;Ljava/lang/Object;Ljava/lang/Object;Ljava/lang/Object;)Ljava/lang/invoke/BoundMethodHandle; java.base@21.0.12.1 (14 bytes) @ 0x00000126e1bca67c [0x00000126e1bca560+0x000000000000011c]
J 3566 c1 java.lang.invoke.DirectMethodHandle$Holder.invokeStatic(Ljava/lang/Object;Ljava/lang/Object;Ljava/lang/Object;Ljava/lang/Object;Ljava/lang/Object;Ljava/lang/Object;)Ljava/lang/Object; java.base@21.0.12.1 (22 bytes) @ 0x00000126e1baffc4 [0x00000126e1bafbe0+0x00000000000003e4]
J 3675 c1 java.lang.invoke.BoundMethodHandle$Species_LL.copyWithExtendL(Ljava/lang/invoke/MethodType;Ljava/lang/invoke/LambdaForm;Ljava/lang/Object;)Ljava/lang/invoke/BoundMethodHandle; java.base@21.0.12.1 (25 bytes) @ 0x00000126e1bde794 [0x00000126e1bde560+0x0000000000000234]
J 2855 c1 java.lang.invoke.MethodHandleImpl.makePairwiseConvertByEditor(Ljava/lang/invoke/MethodHandle;Ljava/lang/invoke/MethodType;ZZ)Ljava/lang/invoke/MethodHandle; java.base@21.0.12.1 (617 bytes) @ 0x00000126e1a42d0c [0x00000126e1a40720+0x00000000000025ec]
J 2854 c1 java.lang.invoke.MethodHandleImpl.makePairwiseConvert(Ljava/lang/invoke/MethodHandle;Ljava/lang/invoke/MethodType;ZZ)Ljava/lang/invoke/MethodHandle; java.base@21.0.12.1 (22 bytes) @ 0x00000126e1a47e7c [0x00000126e1a47d40+0x000000000000013c]
J 2302 c1 java.lang.invoke.MethodHandle.asTypeUncached(Ljava/lang/invoke/MethodType;)Ljava/lang/invoke/MethodHandle; java.base@21.0.12.1 (54 bytes) @ 0x00000126e193f98c [0x00000126e193f3e0+0x00000000000005ac]
J 2485 c1 java.lang.invoke.MethodHandle.asType(Ljava/lang/invoke/MethodType;)Ljava/lang/invoke/MethodHandle; java.base@21.0.12.1 (32 bytes) @ 0x00000126e1986c84 [0x00000126e1986ac0+0x00000000000001c4]
j  java.lang.invoke.MethodHandle.asSpreader(ILjava/lang/Class;I)Ljava/lang/invoke/MethodHandle;+12 java.base@21.0.12.1
j  jdk.internal.reflect.MethodHandleAccessorFactory.makeSpecializedTarget(Ljava/lang/invoke/MethodHandle;ZZ)Ljava/lang/invoke/MethodHandle;+67 java.base@21.0.12.1
J 3892 c1 jdk.internal.reflect.MethodHandleAccessorFactory.getDirectMethod(Ljava/lang/reflect/Method;Z)Ljava/lang/invoke/MethodHandle; java.base@21.0.12.1 (86 bytes) @ 0x00000126e1c54ed4 [0x00000126e1c54ac0+0x0000000000000414]
J 3891 c1 jdk.internal.reflect.MethodHandleAccessorFactory.newMethodAccessor(Ljava/lang/reflect/Method;Z)Ljdk/internal/reflect/MethodAccessorImpl; java.base@21.0.12.1 (61 bytes) @ 0x00000126e1c53f24 [0x00000126e1c53a80+0x00000000000004a4]
J 3564 c1 jdk.internal.reflect.ReflectionFactory.newMethodAccessor(Ljava/lang/reflect/Method;Z)Ljdk/internal/reflect/MethodAccessor; java.base@21.0.12.1 (69 bytes) @ 0x00000126e1baf6c4 [0x00000126e1baf480+0x0000000000000244]
J 3678 c1 java.lang.reflect.Method.acquireMethodAccessor()Ljdk/internal/reflect/MethodAccessor; java.base@21.0.12.1 (55 bytes) @ 0x00000126e1bdfdfc [0x00000126e1bdfca0+0x000000000000015c]
J 2201 c1 java.lang.reflect.Method.invoke(Ljava/lang/Object;[Ljava/lang/Object;)Ljava/lang/Object; java.base@21.0.12.1 (108 bytes) @ 0x00000126e18fd0f4 [0x00000126e18fcdc0+0x0000000000000334]
j  org.gradle.internal.reflect.JavaMethod.invoke(Ljava/lang/Object;[Ljava/lang/Object;)Ljava/lang/Object;+6
J 3649 c1 org.gradle.internal.service.ReflectionBasedServiceMethod.invoke(Ljava/lang/Object;[Ljava/lang/Object;)Ljava/lang/Object; (16 bytes) @ 0x00000126e1bcd0d4 [0x00000126e1bcd040+0x0000000000000094]
j  org.gradle.internal.service.DefaultServiceRegistry$FactoryMethodService.invokeMethod([Ljava/lang/Object;)Ljava/lang/Object;+28
J 3694 c1 org.gradle.internal.service.DefaultServiceRegistry$FactoryMethodService.createServiceInstance()Ljava/lang/Object; (17 bytes) @ 0x00000126e1be4dd4 [0x00000126e1be4ce0+0x00000000000000f4]
J 3166 c1 org.gradle.internal.service.DefaultServiceRegistry$ManagedObjectServiceProvider.getInstance()Ljava/lang/Object; (44 bytes) @ 0x00000126e1ae328c [0x00000126e1ae30e0+0x00000000000001ac]
J 2943 c1 org.gradle.internal.service.DefaultServiceRegistry$SingletonService.get()Ljava/lang/Object; (5 bytes) @ 0x00000126e1a75b3c [0x00000126e1a75ac0+0x000000000000007c]
J 3561 c1 org.gradle.internal.service.DefaultServiceRegistry$FactoryService.assembleParameters()[Ljava/lang/Object; (89 bytes) @ 0x00000126e1bad08c [0x00000126e1bac680+0x0000000000000a0c]
J 3694 c1 org.gradle.internal.service.DefaultServiceRegistry$FactoryMethodService.createServiceInstance()Ljava/lang/Object; (17 bytes) @ 0x00000126e1be4da4 [0x00000126e1be4ce0+0x00000000000000c4]
J 3166 c1 org.gradle.internal.service.DefaultServiceRegistry$ManagedObjectServiceProvider.getInstance()Ljava/lang/Object; (44 bytes) @ 0x00000126e1ae328c [0x00000126e1ae30e0+0x00000000000001ac]
J 2943 c1 org.gradle.internal.service.DefaultServiceRegistry$SingletonService.get()Ljava/lang/Object; (5 bytes) @ 0x00000126e1a75b3c [0x00000126e1a75ac0+0x000000000000007c]
J 3561 c1 org.gradle.internal.service.DefaultServiceRegistry$FactoryService.assembleParameters()[Ljava/lang/Object; (89 bytes) @ 0x00000126e1bad08c [0x00000126e1bac680+0x0000000000000a0c]
J 3694 c1 org.gradle.internal.service.DefaultServiceRegistry$FactoryMethodService.createServiceInstance()Ljava/lang/Object; (17 bytes) @ 0x00000126e1be4da4 [0x00000126e1be4ce0+0x00000000000000c4]
J 3166 c1 org.gradle.internal.service.DefaultServiceRegistry$ManagedObjectServiceProvider.getInstance()Ljava/lang/Object; (44 bytes) @ 0x00000126e1ae328c [0x00000126e1ae30e0+0x00000000000001ac]
J 2943 c1 org.gradle.internal.service.DefaultServiceRegistry$SingletonService.get()Ljava/lang/Object; (5 bytes) @ 0x00000126e1a75b3c [0x00000126e1a75ac0+0x000000000000007c]
J 3561 c1 org.gradle.internal.service.DefaultServiceRegistry$FactoryService.assembleParameters()[Ljava/lang/Object; (89 bytes) @ 0x00000126e1bad08c [0x00000126e1bac680+0x0000000000000a0c]
J 3560 c1 org.gradle.internal.service.DefaultServiceRegistry$FactoryService.createServiceInstance()Ljava/lang/Object; (18 bytes) @ 0x00000126e1badf4c [0x00000126e1badec0+0x000000000000008c]
j  org.gradle.internal.service.DefaultServiceRegistry$ConstructorService.createServiceInstance()Ljava/lang/Object;+1
J 3166 c1 org.gradle.internal.service.DefaultServiceRegistry$ManagedObjectServiceProvider.getInstance()Ljava/lang/Object; (44 bytes) @ 0x00000126e1ae328c [0x00000126e1ae30e0+0x00000000000001ac]
J 2943 c1 org.gradle.internal.service.DefaultServiceRegistry$SingletonService.get()Ljava/lang/Object; (5 bytes) @ 0x00000126e1a75b3c [0x00000126e1a75ac0+0x000000000000007c]
J 3561 c1 org.gradle.internal.service.DefaultServiceRegistry$FactoryService.assembleParameters()[Ljava/lang/Object; (89 bytes) @ 0x00000126e1bad08c [0x00000126e1bac680+0x0000000000000a0c]
J 3560 c1 org.gradle.internal.service.DefaultServiceRegistry$FactoryService.createServiceInstance()Ljava/lang/Object; (18 bytes) @ 0x00000126e1badf4c [0x00000126e1badec0+0x000000000000008c]
j  org.gradle.internal.service.DefaultServiceRegistry$ConstructorService.createServiceInstance()Ljava/lang/Object;+1
J 3166 c1 org.gradle.internal.service.DefaultServiceRegistry$ManagedObjectServiceProvider.getInstance()Ljava/lang/Object; (44 bytes) @ 0x00000126e1ae328c [0x00000126e1ae30e0+0x00000000000001ac]
J 2943 c1 org.gradle.internal.service.DefaultServiceRegistry$SingletonService.get()Ljava/lang/Object; (5 bytes) @ 0x00000126e1a75b3c [0x00000126e1a75ac0+0x000000000000007c]
J 3561 c1 org.gradle.internal.service.DefaultServiceRegistry$FactoryService.assembleParameters()[Ljava/lang/Object; (89 bytes) @ 0x00000126e1bad08c [0x00000126e1bac680+0x0000000000000a0c]
J 3560 c1 org.gradle.internal.service.DefaultServiceRegistry$FactoryService.createServiceInstance()Ljava/lang/Object; (18 bytes) @ 0x00000126e1badf4c [0x00000126e1badec0+0x000000000000008c]
j  org.gradle.internal.service.DefaultServiceRegistry$ConstructorService.createServiceInstance()Ljava/lang/Object;+1
J 3166 c1 org.gradle.internal.service.DefaultServiceRegistry$ManagedObjectServiceProvider.getInstance()Ljava/lang/Object; (44 bytes) @ 0x00000126e1ae328c [0x00000126e1ae30e0+0x00000000000001ac]
J 2943 c1 org.gradle.internal.service.DefaultServiceRegistry$SingletonService.get()Ljava/lang/Object; (5 bytes) @ 0x00000126e1a75b3c [0x00000126e1a75ac0+0x000000000000007c]
J 3561 c1 org.gradle.internal.service.DefaultServiceRegistry$FactoryService.assembleParameters()[Ljava/lang/Object; (89 bytes) @ 0x00000126e1bad08c [0x00000126e1bac680+0x0000000000000a0c]
J 3694 c1 org.gradle.internal.service.DefaultServiceRegistry$FactoryMethodService.createServiceInstance()Ljava/lang/Object; (17 bytes) @ 0x00000126e1be4da4 [0x00000126e1be4ce0+0x00000000000000c4]
J 3166 c1 org.gradle.internal.service.DefaultServiceRegistry$ManagedObjectServiceProvider.getInstance()Ljava/lang/Object; (44 bytes) @ 0x00000126e1ae328c [0x00000126e1ae30e0+0x00000000000001ac]
J 2943 c1 org.gradle.internal.service.DefaultServiceRegistry$SingletonService.get()Ljava/lang/Object; (5 bytes) @ 0x00000126e1a75b3c [0x00000126e1a75ac0+0x000000000000007c]
j  org.gradle.internal.service.DefaultServiceRegistry.find(Ljava/lang/reflect/Type;)Ljava/lang/Object;+22
j  org.gradle.internal.service.DefaultServiceRegistry.get(Ljava/lang/reflect/Type;)Ljava/lang/Object;+2
j  org.gradle.internal.service.DefaultServiceRegistry.get(Ljava/lang/Class;)Ljava/lang/Object;+3
j  org.gradle.api.internal.artifacts.DefaultDependencyManagementServices$DefaultDependencyResolutionServices.getConfigurationContainer()Lorg/gradle/api/internal/artifacts/configurations/ConfigurationContainerInternal;+6
j  org.gradle.api.internal.artifacts.DefaultDependencyManagementServices$DefaultDependencyResolutionServices.getConfigurationContainer()Lorg/gradle/api/artifacts/ConfigurationContainer;+1
j  org.gradle.api.internal.artifacts.DefaultDependencyManagementServices.newDetachedResolver(Lorg/gradle/api/internal/file/FileResolver;Lorg/gradle/api/internal/file/FileCollectionFactory;Lorg/gradle/api/internal/DomainObjectContext;)Lorg/gradle/api/internal/artifacts/DependencyResolutionServices;+63
j  org.gradle.api.internal.artifacts.DefaultDependencyManagementServices.newDetachedResolver(Lorg/gradle/api/internal/DomainObjectContext;)Lorg/gradle/api/internal/artifacts/DependencyResolutionServices;+30
j  org.gradle.api.internal.initialization.DefaultScriptHandlerFactory.create(Lorg/gradle/groovy/scripts/ScriptSource;Lorg/gradle/api/internal/initialization/ClassLoaderScope;Lorg/gradle/api/internal/DomainObjectContext;)Lorg/gradle/api/internal/initialization/ScriptHandlerInternal;+5
j  org.gradle.configuration.DefaultInitScriptProcessor.process(Lorg/gradle/groovy/scripts/ScriptSource;Lorg/gradle/api/internal/GradleInternal;)V+95
j  org.gradle.initialization.InitScriptHandler$1.run(Lorg/gradle/internal/operations/BuildOperationContext;)V+66
j  org.gradle.internal.operations.DefaultBuildOperationRunner$1.execute(Lorg/gradle/internal/operations/RunnableBuildOperation;Lorg/gradle/internal/operations/BuildOperationContext;)V+2
j  org.gradle.internal.operations.DefaultBuildOperationRunner$1.execute(Lorg/gradle/internal/operations/BuildOperation;Lorg/gradle/internal/operations/BuildOperationContext;)V+6
j  org.gradle.internal.operations.DefaultBuildOperationRunner$2.execute(Lorg/gradle/internal/operations/BuildOperationDescriptor;Lorg/gradle/internal/operations/BuildOperationState;Lorg/gradle/internal/operations/BuildOperationState;Lorg/gradle/internal/operations/DefaultBuildOperationRunner$ReadableBuildOperationContext;Lorg/gradle/internal/operations/DefaultBuildOperationRunner$BuildOperationExecutionListener;)Lorg/gradle/internal/operations/BuildOperation;+22
j  org.gradle.internal.operations.DefaultBuildOperationRunner$2.execute(Lorg/gradle/internal/operations/BuildOperationDescriptor;Lorg/gradle/internal/operations/BuildOperationState;Lorg/gradle/internal/operations/BuildOperationState;Lorg/gradle/internal/operations/DefaultBuildOperationRunner$ReadableBuildOperationContext;Lorg/gradle/internal/operations/DefaultBuildOperationRunner$BuildOperationExecutionListener;)Ljava/lang/Object;+8
j  org.gradle.internal.operations.DefaultBuildOperationRunner.execute(Lorg/gradle/internal/operations/BuildOperationDescriptor$Builder;Lorg/gradle/internal/operations/DefaultBuildOperationRunner$BuildOperationExecution;)Ljava/lang/Object;+141
j  org.gradle.internal.operations.DefaultBuildOperationRunner.execute(Lorg/gradle/internal/operations/BuildOperation;Lorg/gradle/internal/operations/BuildOperationWorker;)V+17
j  org.gradle.internal.operations.DefaultBuildOperationRunner.run(Lorg/gradle/internal/operations/RunnableBuildOperation;)V+5
j  org.gradle.initialization.InitScriptHandler.executeScripts(Lorg/gradle/api/internal/GradleInternal;)V+34
j  org.gradle.initialization.DefaultSettingsPreparer.loadBuild(Lorg/gradle/api/internal/GradleInternal;)V+38
j  org.gradle.initialization.DefaultSettingsPreparer.access$000(Lorg/gradle/initialization/DefaultSettingsPreparer;Lorg/gradle/api/internal/GradleInternal;)V+2
j  org.gradle.initialization.DefaultSettingsPreparer$2.run(Lorg/gradle/internal/operations/BuildOperationContext;)V+8
j  org.gradle.internal.operations.DefaultBuildOperationRunner$1.execute(Lorg/gradle/internal/operations/RunnableBuildOperation;Lorg/gradle/internal/operations/BuildOperationContext;)V+2
j  org.gradle.internal.operations.DefaultBuildOperationRunner$1.execute(Lorg/gradle/internal/operations/BuildOperation;Lorg/gradle/internal/operations/BuildOperationContext;)V+6
j  org.gradle.internal.operations.DefaultBuildOperationRunner$2.execute(Lorg/gradle/internal/operations/BuildOperationDescriptor;Lorg/gradle/internal/operations/BuildOperationState;Lorg/gradle/internal/operations/BuildOperationState;Lorg/gradle/internal/operations/DefaultBuildOperationRunner$ReadableBuildOperationContext;Lorg/gradle/internal/operations/DefaultBuildOperationRunner$BuildOperationExecutionListener;)Lorg/gradle/internal/operations/BuildOperation;+22
j  org.gradle.internal.operations.DefaultBuildOperationRunner$2.execute(Lorg/gradle/internal/operations/BuildOperationDescriptor;Lorg/gradle/internal/operations/BuildOperationState;Lorg/gradle/internal/operations/BuildOperationState;Lorg/gradle/internal/operations/DefaultBuildOperationRunner$ReadableBuildOperationContext;Lorg/gradle/internal/operations/DefaultBuildOperationRunner$BuildOperationExecutionListener;)Ljava/lang/Object;+8
j  org.gradle.internal.operations.DefaultBuildOperationRunner.execute(Lorg/gradle/internal/operations/BuildOperationDescriptor$Builder;Lorg/gradle/internal/operations/DefaultBuildOperationRunner$BuildOperationExecution;)Ljava/lang/Object;+141
j  org.gradle.internal.operations.DefaultBuildOperationRunner.execute(Lorg/gradle/internal/operations/BuildOperation;Lorg/gradle/internal/operations/BuildOperationWorker;)V+17
j  org.gradle.internal.operations.DefaultBuildOperationRunner.run(Lorg/gradle/internal/operations/RunnableBuildOperation;)V+5
j  org.gradle.initialization.DefaultSettingsPreparer.prepareSettings(Lorg/gradle/api/internal/GradleInternal;)V+31
j  org.gradle.initialization.VintageBuildModelController.lambda$prepareSettings$1()V+8
j  org.gradle.initialization.VintageBuildModelController$$Lambda+0x000001268142d588.run()V+4
j  org.gradle.internal.model.StateTransitionController.lambda$doTransition$15(Ljava/lang/Runnable;)Lorg/gradle/internal/build/ExecutionResult;+1
j  org.gradle.internal.model.StateTransitionController$$Lambda+0x000001268142d360.get()Ljava/lang/Object;+4
j  org.gradle.internal.model.StateTransitionController.doTransition(Lorg/gradle/internal/model/StateTransitionController$State;Lorg/gradle/internal/model/StateTransitionController$State;Ljava/util/function/Supplier;)Lorg/gradle/internal/build/ExecutionResult;+24
j  org.gradle.internal.model.StateTransitionController.doTransition(Lorg/gradle/internal/model/StateTransitionController$State;Lorg/gradle/internal/model/StateTransitionController$State;Ljava/lang/Runnable;)V+9
j  org.gradle.internal.model.StateTransitionController.lambda$transitionIfNotPreviously$12(Lorg/gradle/internal/model/StateTransitionController$State;Lorg/gradle/internal/model/StateTransitionController$State;Ljava/lang/Runnable;)V+16
j  org.gradle.internal.model.StateTransitionController$$Lambda+0x000001268142d7b0.run()V+16
j  org.gradle.internal.work.DefaultSynchronizer.withLock(Ljava/lang/Runnable;)V+6
j  org.gradle.internal.model.StateTransitionController.transitionIfNotPreviously(Lorg/gradle/internal/model/StateTransitionController$State;Lorg/gradle/internal/model/StateTransitionController$State;Ljava/lang/Runnable;)V+13
j  org.gradle.initialization.VintageBuildModelController.prepareSettings()V+16
j  org.gradle.initialization.VintageBuildModelController.prepareToScheduleTasks()V+1
j  org.gradle.internal.build.DefaultBuildLifecycleController.lambda$prepareToScheduleTasks$7()V+9
j  org.gradle.internal.build.DefaultBuildLifecycleController$$Lambda+0x000001268142cf10.run()V+4
j  org.gradle.internal.model.StateTransitionController.lambda$doTransition$15(Ljava/lang/Runnable;)Lorg/gradle/internal/build/ExecutionResult;+1
j  org.gradle.internal.model.StateTransitionController$$Lambda+0x000001268142d360.get()Ljava/lang/Object;+4
j  org.gradle.internal.model.StateTransitionController.doTransition(Lorg/gradle/internal/model/StateTransitionController$State;Lorg/gradle/internal/model/StateTransitionController$State;Ljava/util/function/Supplier;)Lorg/gradle/internal/build/ExecutionResult;+24
j  org.gradle.internal.model.StateTransitionController.doTransition(Lorg/gradle/internal/model/StateTransitionController$State;Lorg/gradle/internal/model/StateTransitionController$State;Ljava/lang/Runnable;)V+9
j  org.gradle.internal.model.StateTransitionController.lambda$maybeTransition$10(Lorg/gradle/internal/model/StateTransitionController$State;Lorg/gradle/internal/model/StateTransitionController$State;Ljava/lang/Runnable;)V+16
j  org.gradle.internal.model.StateTransitionController$$Lambda+0x000001268142d138.run()V+16
j  org.gradle.internal.work.DefaultSynchronizer.withLock(Ljava/lang/Runnable;)V+6
j  org.gradle.internal.model.StateTransitionController.maybeTransition(Lorg/gradle/internal/model/StateTransitionController$State;Lorg/gradle/internal/model/StateTransitionController$State;Ljava/lang/Runnable;)V+13
j  org.gradle.internal.build.DefaultBuildLifecycleController.prepareToScheduleTasks()V+16
j  org.gradle.internal.buildtree.DefaultBuildTreeWorkPreparer.scheduleRequestedTasks(Lorg/gradle/internal/buildtree/BuildTreeWorkGraph;Lorg/gradle/execution/EntryTaskSelector;)Lorg/gradle/internal/buildtree/BuildTreeWorkGraph$FinalizedGraph;+4
j  org.gradle.internal.cc.impl.barrier.BarrierAwareBuildTreeWorkPreparer.scheduleRequestedTasks$lambda$0(Lorg/gradle/internal/cc/impl/barrier/BarrierAwareBuildTreeWorkPreparer;Lorg/gradle/internal/buildtree/BuildTreeWorkGraph;Lorg/gradle/execution/EntryTaskSelector;)Lorg/gradle/internal/buildtree/BuildTreeWorkGraph$FinalizedGraph;+6
j  org.gradle.internal.cc.impl.barrier.BarrierAwareBuildTreeWorkPreparer$$Lambda+0x0000012681411960.invoke()Ljava/lang/Object;+12
j  org.gradle.internal.cc.impl.barrier.VintageConfigurationTimeActionRunner.runConfigurationTimeAction(Lkotlin/jvm/functions/Function0;)Ljava/lang/Object;+25
j  org.gradle.internal.cc.impl.barrier.BarrierAwareBuildTreeWorkPreparer.scheduleRequestedTasks(Lorg/gradle/internal/buildtree/BuildTreeWorkGraph;Lorg/gradle/execution/EntryTaskSelector;)Lorg/gradle/internal/buildtree/BuildTreeWorkGraph$FinalizedGraph;+18
j  org.gradle.internal.cc.impl.VintageBuildTreeWorkController$scheduleAndRunRequestedTasks$1$finalizedGraph$1.call()Lorg/gradle/internal/buildtree/BuildTreeWorkGraph$FinalizedGraph;+15
j  org.gradle.internal.cc.impl.VintageBuildTreeWorkController$scheduleAndRunRequestedTasks$1$finalizedGraph$1.call()Ljava/lang/Object;+1
j  org.gradle.internal.Try.ofFailable(Ljava/util/concurrent/Callable;)Lorg/gradle/internal/Try;+1
j  org.gradle.internal.cc.impl.VintageBuildTreeWorkController$scheduleAndRunRequestedTasks$1.apply(Lorg/gradle/internal/buildtree/BuildTreeWorkGraph;)Lorg/gradle/internal/buildtree/BuildTreeWorkController$TaskRunResult;+25
j  org.gradle.internal.cc.impl.VintageBuildTreeWorkController$scheduleAndRunRequestedTasks$1.apply(Ljava/lang/Object;)Ljava/lang/Object;+5
j  org.gradle.composite.internal.DefaultIncludedBuildTaskGraph.withNewWorkGraph(Ljava/util/function/Function;)Ljava/lang/Object;+30
j  org.gradle.internal.cc.impl.VintageBuildTreeWorkController.scheduleAndRunRequestedTasks(Lorg/gradle/execution/EntryTaskSelector;)Lorg/gradle/internal/buildtree/BuildTreeWorkController$TaskRunResult;+16
j  org.gradle.internal.buildtree.DefaultBuildTreeLifecycleController.lambda$scheduleAndRunTasks$1(Lorg/gradle/execution/EntryTaskSelector;)Lorg/gradle/internal/build/ExecutionResult;+5
j  org.gradle.internal.buildtree.DefaultBuildTreeLifecycleController$$Lambda+0x000001268142b488.get()Ljava/lang/Object;+8
j  org.gradle.internal.buildtree.DefaultBuildTreeLifecycleController.lambda$runBuild$5(Ljava/util/function/Supplier;)Ljava/lang/Object;+1
j  org.gradle.internal.buildtree.DefaultBuildTreeLifecycleController$$Lambda+0x000001268142b6b0.get()Ljava/lang/Object;+8
j  org.gradle.internal.model.StateTransitionController.lambda$transition$7(Ljava/util/function/Supplier;)Lorg/gradle/internal/build/ExecutionResult;+1
j  org.gradle.internal.model.StateTransitionController$$Lambda+0x000001268142bb00.get()Ljava/lang/Object;+4
j  org.gradle.internal.model.StateTransitionController.doTransition(Lorg/gradle/internal/model/StateTransitionController$State;Lorg/gradle/internal/model/StateTransitionController$State;Ljava/util/function/Supplier;)Lorg/gradle/internal/build/ExecutionResult;+24
j  org.gradle.internal.model.StateTransitionController.lambda$transition$8(Lorg/gradle/internal/model/StateTransitionController$State;Lorg/gradle/internal/model/StateTransitionController$State;Ljava/util/function/Supplier;)Ljava/lang/Object;+9
j  org.gradle.internal.model.StateTransitionController$$Lambda+0x000001268142b8d8.create()Ljava/lang/Object;+16
j  org.gradle.internal.work.DefaultSynchronizer.withLock(Lorg/gradle/internal/Factory;)Ljava/lang/Object;+6
j  org.gradle.internal.model.StateTransitionController.transition(Lorg/gradle/internal/model/StateTransitionController$State;Lorg/gradle/internal/model/StateTransitionController$State;Ljava/util/function/Supplier;)Ljava/lang/Object;+13
j  org.gradle.internal.buildtree.DefaultBuildTreeLifecycleController.runBuild(Ljava/util/function/Supplier;)Ljava/lang/Object;+17
j  org.gradle.internal.buildtree.DefaultBuildTreeLifecycleController.scheduleAndRunTasks(Lorg/gradle/execution/EntryTaskSelector;)V+8
j  org.gradle.internal.buildtree.DefaultBuildTreeLifecycleController.scheduleAndRunTasks()V+2
j  org.gradle.tooling.internal.provider.runner.BuildModelActionRunner.run(Lorg/gradle/internal/invocation/BuildAction;Lorg/gradle/internal/buildtree/BuildTreeLifecycleController;)Lorg/gradle/internal/buildtree/BuildActionRunner$Result;+71
j  org.gradle.launcher.exec.ChainingBuildActionRunner.run(Lorg/gradle/internal/invocation/BuildAction;Lorg/gradle/internal/buildtree/BuildTreeLifecycleController;)Lorg/gradle/internal/buildtree/BuildActionRunner$Result;+34
j  org.gradle.internal.buildtree.ProblemReportingBuildActionRunner.run(Lorg/gradle/internal/invocation/BuildAction;Lorg/gradle/internal/buildtree/BuildTreeLifecycleController;)Lorg/gradle/internal/buildtree/BuildActionRunner$Result;+12
j  org.gradle.launcher.exec.BuildOutcomeReportingBuildActionRunner.run(Lorg/gradle/internal/invocation/BuildAction;Lorg/gradle/internal/buildtree/BuildTreeLifecycleController;)Lorg/gradle/internal/buildtree/BuildActionRunner$Result;+69
j  org.gradle.tooling.internal.provider.FileSystemWatchingBuildActionRunner.run(Lorg/gradle/internal/invocation/BuildAction;Lorg/gradle/internal/buildtree/BuildTreeLifecycleController;)Lorg/gradle/internal/buildtree/BuildActionRunner$Result;+317
j  org.gradle.launcher.exec.BuildCompletionNotifyingBuildActionRunner.run(Lorg/gradle/internal/invocation/BuildAction;Lorg/gradle/internal/buildtree/BuildTreeLifecycleController;)Lorg/gradle/internal/buildtree/BuildActionRunner$Result;+6
j  org.gradle.launcher.exec.RootBuildLifecycleBuildActionExecutor.lambda$execute$0(Lorg/gradle/internal/invocation/BuildAction;Lorg/gradle/internal/buildtree/BuildTreeLifecycleController;)Lorg/gradle/internal/buildtree/BuildActionRunner$Result;+6
j  org.gradle.launcher.exec.RootBuildLifecycleBuildActionExecutor$$Lambda+0x000001268140f760.apply(Ljava/lang/Object;)Ljava/lang/Object;+12
j  org.gradle.composite.internal.DefaultRootBuildState.run(Ljava/util/function/Function;)Ljava/lang/Object;+92
j  org.gradle.launcher.exec.RootBuildLifecycleBuildActionExecutor.execute(Lorg/gradle/internal/invocation/BuildAction;)Lorg/gradle/internal/buildtree/BuildActionRunner$Result;+91
j  org.gradle.launcher.exec.BuildTreeLifecycleBuildActionExecutor.runRootBuildAction(Lorg/gradle/internal/invocation/BuildAction;Lorg/gradle/internal/service/ServiceRegistry;Lorg/gradle/internal/buildtree/BuildActionModelRequirements;Lorg/gradle/internal/buildtree/BuildModelParameters;)Lorg/gradle/internal/buildtree/BuildActionRunner$Result;+42
j  org.gradle.launcher.exec.BuildTreeLifecycleBuildActionExecutor.execute(Lorg/gradle/internal/invocation/BuildAction;Lorg/gradle/internal/session/BuildSessionContext;)Lorg/gradle/internal/buildtree/BuildActionRunner$Result;+50
j  org.gradle.launcher.exec.RunAsBuildOperationBuildActionExecutor$2.call(Lorg/gradle/internal/operations/BuildOperationContext;)Lorg/gradle/internal/buildtree/BuildActionRunner$Result;+25
j  org.gradle.launcher.exec.RunAsBuildOperationBuildActionExecutor$2.call(Lorg/gradle/internal/operations/BuildOperationContext;)Ljava/lang/Object;+2
j  org.gradle.internal.operations.DefaultBuildOperationRunner$CallableBuildOperationWorker.execute(Lorg/gradle/internal/operations/CallableBuildOperation;Lorg/gradle/internal/operations/BuildOperationContext;)V+3
j  org.gradle.internal.operations.DefaultBuildOperationRunner$CallableBuildOperationWorker.execute(Lorg/gradle/internal/operations/BuildOperation;Lorg/gradle/internal/operations/BuildOperationContext;)V+6
j  org.gradle.internal.operations.DefaultBuildOperationRunner$2.execute(Lorg/gradle/internal/operations/BuildOperationDescriptor;Lorg/gradle/internal/operations/BuildOperationState;Lorg/gradle/internal/operations/BuildOperationState;Lorg/gradle/internal/operations/DefaultBuildOperationRunner$ReadableBuildOperationContext;Lorg/gradle/internal/operations/DefaultBuildOperationRunner$BuildOperationExecutionListener;)Lorg/gradle/internal/operations/BuildOperation;+22
j  org.gradle.internal.operations.DefaultBuildOperationRunner$2.execute(Lorg/gradle/internal/operations/BuildOperationDescriptor;Lorg/gradle/internal/operations/BuildOperationState;Lorg/gradle/internal/operations/BuildOperationState;Lorg/gradle/internal/operations/DefaultBuildOperationRunner$ReadableBuildOperationContext;Lorg/gradle/internal/operations/DefaultBuildOperationRunner$BuildOperationExecutionListener;)Ljava/lang/Object;+8
j  org.gradle.internal.operations.DefaultBuildOperationRunner.execute(Lorg/gradle/internal/operations/BuildOperationDescriptor$Builder;Lorg/gradle/internal/operations/DefaultBuildOperationRunner$BuildOperationExecution;)Ljava/lang/Object;+141
j  org.gradle.internal.operations.DefaultBuildOperationRunner.execute(Lorg/gradle/internal/operations/BuildOperation;Lorg/gradle/internal/operations/BuildOperationWorker;)V+17
j  org.gradle.internal.operations.DefaultBuildOperationRunner.call(Lorg/gradle/internal/operations/CallableBuildOperation;)Ljava/lang/Object;+12
j  org.gradle.launcher.exec.RunAsBuildOperationBuildActionExecutor.execute(Lorg/gradle/internal/invocation/BuildAction;Lorg/gradle/internal/session/BuildSessionContext;)Lorg/gradle/internal/buildtree/BuildActionRunner$Result;+23
j  org.gradle.launcher.exec.RunAsWorkerThreadBuildActionExecutor.lambda$execute$0(Lorg/gradle/internal/invocation/BuildAction;Lorg/gradle/internal/session/BuildSessionContext;)Lorg/gradle/internal/buildtree/BuildActionRunner$Result;+6
j  org.gradle.launcher.exec.RunAsWorkerThreadBuildActionExecutor$$Lambda+0x00000126812a5bf0.create()Ljava/lang/Object;+12
j  org.gradle.internal.work.DefaultWorkerLeaseService.lambda$runAndReleaseLocks$0(Lorg/gradle/internal/Factory;Ljava/util/Collection;)Ljava/lang/Object;+1
j  org.gradle.internal.work.DefaultWorkerLeaseService$$Lambda+0x00000126812a77d0.create()Ljava/lang/Object;+12
j  org.gradle.internal.work.ResourceLockStatistics$1.measure(Ljava/lang/String;Ljava/lang/Iterable;Lorg/gradle/internal/Factory;)Ljava/lang/Object;+1
j  org.gradle.internal.work.DefaultWorkerLeaseService.runAndReleaseLocks(Ljava/util/Collection;Lorg/gradle/internal/Factory;)Ljava/lang/Object;+16
j  org.gradle.internal.work.DefaultWorkerLeaseService.withLocksAcquired(Ljava/util/Collection;Lorg/gradle/internal/Factory;)Ljava/lang/Object;+8
j  org.gradle.internal.work.DefaultWorkerLeaseService.withLocks(Ljava/util/Collection;Lorg/gradle/internal/Factory;)Ljava/lang/Object;+25
j  org.gradle.internal.work.DefaultWorkerLeaseService.runAsWorkerThread(Lorg/gradle/internal/Factory;)Ljava/lang/Object;+33
j  org.gradle.launcher.exec.RunAsWorkerThreadBuildActionExecutor.execute(Lorg/gradle/internal/invocation/BuildAction;Lorg/gradle/internal/session/BuildSessionContext;)Lorg/gradle/internal/buildtree/BuildActionRunner$Result;+12
j  org.gradle.tooling.internal.provider.continuous.ContinuousBuildActionExecutor.execute(Lorg/gradle/internal/invocation/BuildAction;Lorg/gradle/internal/session/BuildSessionContext;)Lorg/gradle/internal/buildtree/BuildActionRunner$Result;+58
j  org.gradle.tooling.internal.provider.SubscribableBuildActionExecutor.execute(Lorg/gradle/internal/invocation/BuildAction;Lorg/gradle/internal/session/BuildSessionContext;)Lorg/gradle/internal/buildtree/BuildActionRunner$Result;+30
j  org.gradle.internal.session.DefaultBuildSessionContext.execute(Lorg/gradle/internal/invocation/BuildAction;)Lorg/gradle/internal/buildtree/BuildActionRunner$Result;+64
j  org.gradle.internal.buildprocess.execution.BuildSessionLifecycleBuildActionExecutor$ActionImpl.apply(Lorg/gradle/internal/session/BuildSessionContext;)Lorg/gradle/launcher/exec/BuildActionResult;+6
j  org.gradle.internal.buildprocess.execution.BuildSessionLifecycleBuildActionExecutor$ActionImpl.apply(Ljava/lang/Object;)Ljava/lang/Object;+5
j  org.gradle.internal.session.BuildSessionState.run(Ljava/util/function/Function;)Ljava/lang/Object;+5
j  org.gradle.internal.buildprocess.execution.BuildSessionLifecycleBuildActionExecutor.execute(Lorg/gradle/internal/invocation/BuildAction;Lorg/gradle/launcher/exec/BuildActionParameters;Lorg/gradle/initialization/BuildRequestContext;)Lorg/gradle/launcher/exec/BuildActionResult;+105
j  org.gradle.internal.buildprocess.execution.BuildSessionLifecycleBuildActionExecutor.execute(Lorg/gradle/internal/invocation/BuildAction;Ljava/lang/Object;Ljava/lang/Object;)Lorg/gradle/launcher/exec/BuildActionResult;+10
j  org.gradle.internal.buildprocess.execution.StartParamsValidatingActionExecutor.execute(Lorg/gradle/internal/invocation/BuildAction;Lorg/gradle/launcher/exec/BuildActionParameters;Lorg/gradle/initialization/BuildRequestContext;)Lorg/gradle/launcher/exec/BuildActionResult;+142
j  org.gradle.internal.buildprocess.execution.StartParamsValidatingActionExecutor.execute(Lorg/gradle/internal/invocation/BuildAction;Ljava/lang/Object;Ljava/lang/Object;)Lorg/gradle/launcher/exec/BuildActionResult;+10
j  org.gradle.internal.buildprocess.execution.SessionFailureReportingActionExecutor.execute(Lorg/gradle/internal/invocation/BuildAction;Lorg/gradle/launcher/exec/BuildActionParameters;Lorg/gradle/initialization/BuildRequestContext;)Lorg/gradle/launcher/exec/BuildActionResult;+7
j  org.gradle.internal.buildprocess.execution.SessionFailureReportingActionExecutor.execute(Lorg/gradle/internal/invocation/BuildAction;Ljava/lang/Object;Ljava/lang/Object;)Lorg/gradle/launcher/exec/BuildActionResult;+10
j  org.gradle.internal.buildprocess.execution.SetupLoggingActionExecutor.execute(Lorg/gradle/internal/invocation/BuildAction;Lorg/gradle/launcher/exec/BuildActionParameters;Lorg/gradle/initialization/BuildRequestContext;)Lorg/gradle/launcher/exec/BuildActionResult;+50
j  org.gradle.internal.buildprocess.execution.SetupLoggingActionExecutor.execute(Lorg/gradle/internal/invocation/BuildAction;Ljava/lang/Object;Ljava/lang/Object;)Lorg/gradle/launcher/exec/BuildActionResult;+10
j  org.gradle.launcher.daemon.server.exec.ExecuteBuild.doBuild(Lorg/gradle/launcher/daemon/server/api/DaemonCommandExecution;Lorg/gradle/launcher/daemon/protocol/Build;)V+147
j  org.gradle.launcher.daemon.server.exec.BuildCommandOnly.execute(Lorg/gradle/launcher/daemon/server/api/DaemonCommandExecution;)V+49
j  org.gradle.launcher.daemon.server.api.DaemonCommandExecution.proceed()Z+23
j  org.gradle.launcher.daemon.server.exec.WatchForDisconnection.execute(Lorg/gradle/launcher/daemon/server/api/DaemonCommandExecution;)V+19
j  org.gradle.launcher.daemon.server.api.DaemonCommandExecution.proceed()Z+23
j  org.gradle.launcher.daemon.server.exec.ResetDeprecationLogger.execute(Lorg/gradle/launcher/daemon/server/api/DaemonCommandExecution;)V+7
j  org.gradle.launcher.daemon.server.api.DaemonCommandExecution.proceed()Z+23
j  org.gradle.launcher.daemon.server.exec.RequestStopIfSingleUsedDaemon.execute(Lorg/gradle/launcher/daemon/server/api/DaemonCommandExecution;)V+33
j  org.gradle.launcher.daemon.server.api.DaemonCommandExecution.proceed()Z+23
j  org.gradle.launcher.daemon.server.exec.ForwardClientInput.lambda$execute$0(Lorg/gradle/launcher/daemon/server/api/DaemonCommandExecution;Lorg/gradle/internal/daemon/clientinput/StdinHandler;)Ljava/lang/Object;+11
j  org.gradle.launcher.daemon.server.exec.ForwardClientInput$$Lambda+0x000001268119a608.apply(Ljava/lang/Object;)Ljava/lang/Object;+8
j  org.gradle.internal.daemon.clientinput.ClientInputForwarder.forwardInput(Ljava/util/function/Function;)Ljava/lang/Object;+46
j  org.gradle.launcher.daemon.server.exec.ForwardClientInput.execute(Lorg/gradle/launcher/daemon/server/api/DaemonCommandExecution;)V+10
j  org.gradle.launcher.daemon.server.api.DaemonCommandExecution.proceed()Z+23
j  org.gradle.launcher.daemon.server.exec.LogAndCheckHealth.execute(Lorg/gradle/launcher/daemon/server/api/DaemonCommandExecution;)V+51
j  org.gradle.launcher.daemon.server.api.DaemonCommandExecution.proceed()Z+23
j  org.gradle.launcher.daemon.server.exec.LogToClient.doBuild(Lorg/gradle/launcher/daemon/server/api/DaemonCommandExecution;Lorg/gradle/launcher/daemon/protocol/Build;)V+87
j  org.gradle.launcher.daemon.server.exec.BuildCommandOnly.execute(Lorg/gradle/launcher/daemon/server/api/DaemonCommandExecution;)V+49
j  org.gradle.launcher.daemon.server.api.DaemonCommandExecution.proceed()Z+23
j  org.gradle.launcher.daemon.server.exec.EstablishBuildEnvironment.doBuild(Lorg/gradle/launcher/daemon/server/api/DaemonCommandExecution;Lorg/gradle/launcher/daemon/protocol/Build;)V+356
j  org.gradle.launcher.daemon.server.exec.BuildCommandOnly.execute(Lorg/gradle/launcher/daemon/server/api/DaemonCommandExecution;)V+49
j  org.gradle.launcher.daemon.server.api.DaemonCommandExecution.proceed()Z+23
j  org.gradle.launcher.daemon.server.exec.StartBuildOrRespondWithBusy$1.run()V+44
j  org.gradle.launcher.daemon.server.DaemonStateCoordinator.lambda$runCommand$0(Ljava/lang/Runnable;)V+1
j  org.gradle.launcher.daemon.server.DaemonStateCoordinator$$Lambda+0x00000126811993a0.run()V+8
j  org.gradle.internal.concurrent.ExecutorPolicy$CatchAndRecordFailures.onExecute(Ljava/lang/Runnable;)V+1
j  org.gradle.internal.concurrent.AbstractManagedExecutor$1.run()V+25
j  java.util.concurrent.ThreadPoolExecutor.runWorker(Ljava/util/concurrent/ThreadPoolExecutor$Worker;)V+92 java.base@21.0.12.1
j  java.util.concurrent.ThreadPoolExecutor$Worker.run()V+5 java.base@21.0.12.1
j  java.lang.Thread.runWith(Ljava/lang/Object;Ljava/lang/Runnable;)V+5 java.base@21.0.12.1
j  java.lang.Thread.run()V+19 java.base@21.0.12.1
v  ~StubRoutines::call_stub 0x00000126e8a010e7

Compiled method (n/a) 203571 1885     n 0       java.lang.ClassLoader::defineClass0 (native)
 total in heap  [0x00000126e9063f10,0x00000126e90645d8] = 1736
 relocation     [0x00000126e9064070,0x00000126e90640a8] = 56
 main code      [0x00000126e90640c0,0x00000126e90645d2] = 1298
 stub code      [0x00000126e90645d2,0x00000126e90645d8] = 6

[Constant Pool (empty)]

[MachCode]
[Entry Point]
  # {method} {0x0000012680434610} 'defineClass0' '(Ljava/lang/ClassLoader;Ljava/lang/Class;Ljava/lang/String;[BIILjava/security/ProtectionDomain;ZILjava/lang/Object;)Ljava/lang/Class;' in 'java/lang/ClassLoader'
  # parm0:    rdx:rdx   = 'java/lang/ClassLoader'
  # parm1:    r8:r8     = 'java/lang/Class'
  # parm2:    r9:r9     = 'java/lang/String'
  # parm3:    rdi:rdi   = '[B'
  # parm4:    rsi       = int
  # parm5:    rcx       = int
  # parm6:    [sp+0xb0]   = 'java/security/ProtectionDomain'  (sp of caller)
  # parm7:    [sp+0xb8]   = boolean
  # parm8:    [sp+0xc0]   = int
  # parm9:    [sp+0xc8]   = 'java/lang/Object'
  0x00000126e90640c0: 448b 5208 | 49bb 0000 | 0080 2601 | 0000 4d03 | d349 3bc2 | 0f84 0600 

  0x00000126e90640d8: ;   {runtime_call ic_miss_stub}
  0x00000126e90640d8: 0000 e9a1 | a89e ff90 
[Verified Entry Point]
  0x00000126e90640e0: 8984 2400 | 80ff ff55 | 488b ec48 | 81ec a000 | 0000 6690 | 4181 7f20 | 0300 0000 

  0x00000126e90640fc: ;   {runtime_call StubRoutines (final stubs)}
  0x00000126e90640fc: 7405 e89d | 419d ff48 | 837d 2800 | 488d 4528 | 480f 4445 | 2848 8944 | 2458 4863 | 4520 4889 
  0x00000126e906411c: 4424 5048 | 6345 1848 | 8944 2448 | 4883 7d10 | 0048 8d45 | 1048 0f44 | 4510 4889 | 4424 4048 
  0x00000126e906413c: 894c 2438 | 4889 7424 | 3048 897c | 2478 4883 | ff00 488d | 4424 7848 | 0f44 4424 | 7848 8944 
  0x00000126e906415c: 2428 4c89 | 4c24 7049 | 83f9 0048 | 8d44 2470 | 480f 4444 | 2470 4889 | 4424 204c | 8944 2468 
  0x00000126e906417c: 4983 f800 | 4c8d 4c24 | 684c 0f44 | 4c24 6848 | 8954 2460 | 4883 fa00 | 4c8d 4424 | 604c 0f44 
  0x00000126e906419c: ;   {oop(a 'java/lang/Class'{0x00000000e0bc3548} = 'java/lang/ClassLoader')}
  0x00000126e906419c: 4424 6049 | be48 35bc | e000 0000 | 004c 89b4 | 2490 0000 | 004c 8db4 | 2490 0000 | 0049 8bd6 
  0x00000126e90641bc: ;   {internal_word}
  0x00000126e90641bc: c5f8 7749 | babc 4106 | e926 0100 | 004d 8997 | a803 0000 | 4989 a7a0 

  0x00000126e90641d4: ;   {external_word}
  0x00000126e90641d4: 0300 0049 | ba06 6d87 | 10fe 7f00 | 0041 803a | 000f 844e | 0000 0052 | 4150 4151 

  0x00000126e90641f0: ;   {metadata({method} {0x0000012680434610} 'defineClass0' '(Ljava/lang/ClassLoader;Ljava/lang/Class;Ljava/lang/String;[BIILjava/security/ProtectionDomain;ZILjava/lang/Object;)Ljava/lang/Class;' in 'java/lang/ClassLoader')}
  0x00000126e90641f0: 48ba 0846 | 4380 2601 | 0000 498b | cf48 83ec | 2040 f6c4 | 0f0f 8419 | 0000 0048 

  0x00000126e906420c: ;   {runtime_call}
  0x00000126e906420c: 83ec 0848 | b8e0 ea30 | 10fe 7f00 | 00ff d048 | 83c4 08e9 | 0c00 0000 

  0x00000126e9064224: ;   {runtime_call}
  0x00000126e9064224: 48b8 e0ea | 3010 fe7f | 0000 ffd0 | 4883 c420 | 4159 4158 | 5a49 8d8f | c003 0000 | 41c7 874c 
  0x00000126e9064244: 0400 0004 

  0x00000126e9064248: ;   {runtime_call}
  0x00000126e9064248: 0000 0048 | b81c 15ee | adfe 7f00 | 00ff d0c5 | f877 41c7 | 874c 0400 | 0005 0000 | 00f0 8344 
  0x00000126e9064268: 24c0 0049 | 3baf 5004 | 0000 0f87 | 0e00 0000 | 4183 bf48 | 0400 0000 | 0f84 2b00 | 0000 c5f8 
  0x00000126e9064288: 7748 8945 | f849 8bcf | 4c8b e448 | 83ec 2048 

  0x00000126e9064298: ;   {runtime_call}
  0x00000126e9064298: 83e4 f048 | b800 58fc | 0ffe 7f00 | 00ff d049 | 8be4 4d33 | e448 8b45 | f841 c787 | 4c04 0000 
  0x00000126e90642b8: 0800 0000 | 4183 bfc8 | 0400 0002 | 0f84 db02 

  0x00000126e90642c8: ;   {external_word}
  0x00000126e90642c8: 0000 49ba | 066d 8710 | fe7f 0000 | 4180 3a00 | 0f84 4c00 | 0000 4889 

  0x00000126e90642e0: ;   {metadata({method} {0x0000012680434610} 'defineClass0' '(Ljava/lang/ClassLoader;Ljava/lang/Class;Ljava/lang/String;[BIILjava/security/ProtectionDomain;ZILjava/lang/Object;)Ljava/lang/Class;' in 'java/lang/ClassLoader')}
  0x00000126e90642e0: 45f8 48ba | 0846 4380 | 2601 0000 | 498b cf48 | 83ec 2040 | f6c4 0f0f | 8419 0000 | 0048 83ec 
  0x00000126e9064300: ;   {runtime_call}
  0x00000126e9064300: 0848 b8e0 | ea30 10fe | 7f00 00ff | d048 83c4 | 08e9 0c00 

  0x00000126e9064314: ;   {runtime_call}
  0x00000126e9064314: 0000 48b8 | e0ea 3010 | fe7f 0000 | ffd0 4883 | c420 488b | 45f8 49c7 | 87a0 0300 | 0000 0000 
  0x00000126e9064334: 0049 c787 | a803 0000 | 0000 0000 | c5f8 7748 | 85c0 0f84 | 3602 0000 | a803 0f85 | 0800 0000 
  0x00000126e9064354: 488b 00e9 | 2602 0000 | a801 0f85 | 0900 0000 | 488b 40fe | e915 0200 | 0048 8b40 | ff41 807f 
  0x00000126e9064374: 4000 0f84 | 0602 0000 | 4883 f800 | 0f84 fc01 | 0000 498b | 4f28 4883 | f900 0f84 | 1400 0000 
  0x00000126e9064394: 4883 e908 | 4989 4f28 | 4903 4f38 | 4889 01e9 | da01 0000 | 4881 ecf0 | 0000 0048 | 8904 2448 
  0x00000126e90643b4: 894c 2408 | 4889 5424 | 104c 8944 | 2418 4c89 | 4c24 204c | 8954 2428 | 4c89 5c24 | 30c5 fb11 
  0x00000126e90643d4: 4424 40c5 | fb11 4c24 | 48c5 fb11 | 5424 50c5 | fb11 5c24 | 58c5 fb11 | 6424 60c5 | fb11 6c24 
  0x00000126e90643f4: 6862 e1ff | 0811 4424 | 0e62 e1ff | 0811 4c24 | 0f62 e1ff | 0811 5424 | 1062 e1ff | 0811 5c24 
  0x00000126e9064414: ;   {no_reloc}
  0x00000126e9064414: 1162 e1ff | 0811 6424 | 1262 e1ff | 0811 6c24 | 1362 e1ff | 0811 7424 | 1462 e1ff | 0811 7c24 
  0x00000126e9064434: 1562 61ff | 0811 4424 | 1662 61ff | 0811 4c24 | 1762 61ff | 0811 5424 | 1862 61ff | 0811 5c24 
  0x00000126e9064454: 1962 61ff | 0811 6424 | 1a62 61ff | 0811 6c24 | 1b62 61ff | 0811 7424 | 1c62 61ff | 0811 7c24 
  0x00000126e9064474: 1d49 8bd7 | 488b c848 | 83ec 2040 | f6c4 0f0f | 8419 0000 | 0048 83ec 

  0x00000126e906448c: ;   {runtime_call}
  0x00000126e906448c: 0848 b820 | a4ef 0ffe | 7f00 00ff | d048 83c4 | 08e9 0c00 

  0x00000126e90644a0: ;   {runtime_call}
  0x00000126e90644a0: 0000 48b8 | 20a4 ef0f | fe7f 0000 | ffd0 4883 | c420 6261 | ff08 107c | 241d 6261 | ff08 1074 
  0x00000126e90644c0: 241c 6261 | ff08 106c | 241b 6261 | ff08 1064 | 241a 6261 | ff08 105c | 2419 6261 | ff08 1054 
  0x00000126e90644e0: 2418 6261 | ff08 104c | 2417 6261 | ff08 1044 | 2416 62e1 | ff08 107c | 2415 62e1 | ff08 1074 
  0x00000126e9064500: 2414 62e1 | ff08 106c | 2413 62e1 | ff08 1064 | 2412 62e1 | ff08 105c | 2411 62e1 | ff08 1054 
  0x00000126e9064520: 2410 62e1 | ff08 104c | 240f 62e1 | ff08 1044 | 240e c5fb | 106c 2468 | c5fb 1064 | 2460 c5fb 
  0x00000126e9064540: 105c 2458 | c5fb 1054 | 2450 c5fb | 104c 2448 | c5fb 1044 | 2440 4c8b | 5c24 304c | 8b54 2428 
  0x00000126e9064560: 4c8b 4c24 | 204c 8b44 | 2418 488b | 5424 1048 | 8b4c 2408 | 488b 0424 | 4881 c4f0 | 0000 00c5 
  0x00000126e9064580: f877 498b | 8f30 0400 | 00c7 8100 | 0100 0000 | 0000 00c9 | 4983 7f08 | 000f 8501 | 0000 00c3 
  0x00000126e90645a0: ;   {runtime_call StubRoutines (initial stubs)}
  0x00000126e90645a0: e95b c999 | ffc5 f877 | 4889 45f8 | 4c8b e448 | 83ec 2048 

  0x00000126e90645b4: ;   {runtime_call}
  0x00000126e90645b4: 83e4 f048 | b830 2231 | 10fe 7f00 | 00ff d049 | 8be4 4d33 | e448 8b45 | f8e9 f8fc | ffff f4f4 
  0x00000126e90645d4: f4f4 f4f4 
[/MachCode]


Compiled method (c1) 205221 3028       3       java.lang.System$2::defineClass (21 bytes)
 total in heap  [0x00000126e1aaab10,0x00000126e1aaaef0] = 992
 relocation     [0x00000126e1aaac70,0x00000126e1aaacb0] = 64
 main code      [0x00000126e1aaacc0,0x00000126e1aaadf8] = 312
 stub code      [0x00000126e1aaadf8,0x00000126e1aaae38] = 64
 metadata       [0x00000126e1aaae38,0x00000126e1aaae40] = 8
 scopes data    [0x00000126e1aaae40,0x00000126e1aaae88] = 72
 scopes pcs     [0x00000126e1aaae88,0x00000126e1aaaed8] = 80
 dependencies   [0x00000126e1aaaed8,0x00000126e1aaaee0] = 8
 nul chk table  [0x00000126e1aaaee0,0x00000126e1aaaef0] = 16

[Constant Pool (empty)]

[MachCode]
[Entry Point]
  # {method} {0x0000012680019588} 'defineClass' '(Ljava/lang/ClassLoader;Ljava/lang/Class;Ljava/lang/String;[BLjava/security/ProtectionDomain;ZILjava/lang/Object;)Ljava/lang/Class;' in 'java/lang/System$2'
  # this:     rdx:rdx   = 'java/lang/System$2'
  # parm0:    r8:r8     = 'java/lang/ClassLoader'
  # parm1:    r9:r9     = 'java/lang/Class'
  # parm2:    rdi:rdi   = 'java/lang/String'
  # parm3:    rsi:rsi   = '[B'
  # parm4:    rcx:rcx   = 'java/security/ProtectionDomain'
  # parm5:    [sp+0x70]   = boolean  (sp of caller)
  # parm6:    [sp+0x78]   = int
  # parm7:    [sp+0x80]   = 'java/lang/Object'
  0x00000126e1aaacc0: 448b 5208 | 49bb 0000 | 0080 2601 | 0000 4d03 | d34c 3bd0 

  0x00000126e1aaacd4: ;   {runtime_call ic_miss_stub}
  0x00000126e1aaacd4: 0f85 a63c | fa06 660f | 1f44 0000 
[Verified Entry Point]
  0x00000126e1aaace0: 8984 2400 | 80ff ff55 | 4883 ec60 | 4181 7f20 | 0300 0000 

  0x00000126e1aaacf4: ;   {runtime_call StubRoutines (final stubs)}
  0x00000126e1aaacf4: 7405 e8a5 | d5f8 0648 

  0x00000126e1aaacfc: ;   {metadata(method data for {method} {0x0000012680019588} 'defineClass' '(Ljava/lang/ClassLoader;Ljava/lang/Class;Ljava/lang/String;[BLjava/security/ProtectionDomain;ZILjava/lang/Object;)Ljava/lang/Class;' in 'java/lang/System$2')}
  0x00000126e1aaacfc: 8bd9 48b9 | 8044 d1f4 | 2601 0000 | 8b81 cc00 | 0000 83c0 | 0289 81cc | 0000 0025 | fe07 0000 
  0x00000126e1aaad1c: 85c0 0f84 | 6b00 0000 | 4c8b ac24 | 8000 0000 | 448b 5c24 | 788b 4424 | 708b 4e0c 

  0x00000126e1aaad38: ;   {metadata(method data for {method} {0x0000012680019588} 'defineClass' '(Ljava/lang/ClassLoader;Ljava/lang/Class;Ljava/lang/String;[BLjava/security/ProtectionDomain;ZILjava/lang/Object;)Ljava/lang/Class;' in 'java/lang/System$2')}
  0x00000126e1aaad38: 48ba 8044 | d1f4 2601 | 0000 4883 | 8210 0100 | 0001 498b | d04d 8bc1 | 4c8b cf48 | 8bfe be00 
  0x00000126e1aaad58: 0000 0048 | 891c 2489 | 4424 0844 | 895c 2410 | 4c89 6c24 

  0x00000126e1aaad6c: ;   {static_call}
  0x00000126e1aaad6c: 1866 90e8 

  0x00000126e1aaad70: ; ImmutableOopMap {}
                      ;*invokestatic defineClass0 {reexecute=0 rethrow=0 return_oop=0}
                      ; - java.lang.System$2::defineClass@17
  0x00000126e1aaad70: 6c93 5b07 

  0x00000126e1aaad74: ;   {other}
  0x00000126e1aaad74: 0f1f 8400 | 6402 0000 | 4883 c460 

  0x00000126e1aaad80: ;   {poll_return}
  0x00000126e1aaad80: 5d49 3ba7 | 5004 0000 | 0f87 2700 

  0x00000126e1aaad8c: ;   {metadata({method} {0x0000012680019588} 'defineClass' '(Ljava/lang/ClassLoader;Ljava/lang/Class;Ljava/lang/String;[BLjava/security/ProtectionDomain;ZILjava/lang/Object;)Ljava/lang/Class;' in 'java/lang/System$2')}
  0x00000126e1aaad8c: 0000 c349 | ba80 9501 | 8026 0100 | 004c 8954 | 2408 48c7 | 0424 ffff 

  0x00000126e1aaada4: ;   {runtime_call counter_overflow Runtime1 stub}
  0x00000126e1aaada4: ffff e8d5 

  0x00000126e1aaada8: ; ImmutableOopMap {rdx=Oop r8=Oop r9=Oop rdi=Oop rsi=Oop rbx=Oop [128]=Oop }
                      ;*synchronization entry
                      ; - java.lang.System$2::defineClass@-1
  0x00000126e1aaada8: e307 07e9 | 74ff ffff 

  0x00000126e1aaadb0: ;   {runtime_call throw_null_pointer_exception Runtime1 stub}
  0x00000126e1aaadb0: e86b 8107 

  0x00000126e1aaadb4: ; ImmutableOopMap {r8=Oop r9=Oop rdi=Oop rsi=Oop rbx=Oop r13=Oop [128]=Oop }
                      ;*arraylength {reexecute=0 rethrow=0 return_oop=0}
                      ; - java.lang.System$2::defineClass@8
                      ;   {internal_word}
  0x00000126e1aaadb4: 0749 ba81 | adaa e126 | 0100 004d | 8997 6804 

  0x00000126e1aaadc4: ;   {runtime_call SafepointBlob}
  0x00000126e1aaadc4: 0000 e9b5 | bbfa 0649 | 8b87 0005 | 0000 49c7 | 8700 0500 | 0000 0000 | 0049 c787 | 0805 0000 
  0x00000126e1aaade4: 0000 0000 | 4883 c460 

  0x00000126e1aaadec: ;   {runtime_call unwind_exception Runtime1 stub}
  0x00000126e1aaadec: 5de9 0e72 | 0707 f4f4 | f4f4 f4f4 
[Stub Code]
  0x00000126e1aaadf8: ;   {no_reloc}
  0x00000126e1aaadf8: 48bb 0000 | 0000 0000 

  0x00000126e1aaae00: ;   {runtime_call nmethod}
  0x00000126e1aaae00: 0000 e9fb 

  0x00000126e1aaae04: ;   {runtime_call handle_exception_from_callee Runtime1 stub}
  0x00000126e1aaae04: ffff ffe8 | f4a6 0707 

  0x00000126e1aaae0c: ;   {external_word}
  0x00000126e1aaae0c: 48b9 5063 | 5d10 fe7f | 0000 4883 

  0x00000126e1aaae18: ;   {runtime_call}
  0x00000126e1aaae18: e4f0 48b8 | c0c9 1f10 | fe7f 0000 

  0x00000126e1aaae24: ;   {section_word}
  0x00000126e1aaae24: ffd0 f449 | ba27 aeaa | e126 0100 

  0x00000126e1aaae30: ;   {runtime_call DeoptimizationBlob}
  0x00000126e1aaae30: 0041 52e9 | e8cf fa06 
[/MachCode]


Compiled method (c1) 205820 3027   !   3       java.lang.invoke.MethodHandles$Lookup$ClassDefiner::defineClass (213 bytes)
 total in heap  [0x00000126e1aa7410,0x00000126e1aa8670] = 4704
 relocation     [0x00000126e1aa7570,0x00000126e1aa7690] = 288
 main code      [0x00000126e1aa76a0,0x00000126e1aa8108] = 2664
 stub code      [0x00000126e1aa8108,0x00000126e1aa8180] = 120
 metadata       [0x00000126e1aa8180,0x00000126e1aa81f0] = 112
 scopes data    [0x00000126e1aa81f0,0x00000126e1aa8408] = 536
 scopes pcs     [0x00000126e1aa8408,0x00000126e1aa85c8] = 448
 dependencies   [0x00000126e1aa85c8,0x00000126e1aa85e0] = 24
 handler table  [0x00000126e1aa85e0,0x00000126e1aa8628] = 72
 nul chk table  [0x00000126e1aa8628,0x00000126e1aa8670] = 72

[Constant Pool (empty)]

[MachCode]
[Entry Point]
  # {method} {0x00000126801eae68} 'defineClass' '(ZLjava/lang/Object;)Ljava/lang/Class;' in 'java/lang/invoke/MethodHandles$Lookup$ClassDefiner'
  # this:     rdx:rdx   = 'java/lang/invoke/MethodHandles$Lookup$ClassDefiner'
  # parm0:    r8        = boolean
  # parm1:    r9:r9     = 'java/lang/Object'
  #           [sp+0xf0]  (sp of caller)
  0x00000126e1aa76a0: 448b 5208 | 49bb 0000 | 0080 2601 | 0000 4d03 | d34c 3bd0 

  0x00000126e1aa76b4: ;   {runtime_call ic_miss_stub}
  0x00000126e1aa76b4: 0f85 c672 | fa06 660f | 1f44 0000 
[Verified Entry Point]
  0x00000126e1aa76c0: 8984 2400 | 80ff ff55 | 4881 ece0 | 0000 0090 | 4181 7f20 | 0300 0000 

  0x00000126e1aa76d8: ;   {runtime_call StubRoutines (final stubs)}
  0x00000126e1aa76d8: 7405 e8c1 | 0bf9 0648 | 8994 2498 | 0000 0044 | 8984 24b0 | 0000 004c | 898c 24b8 

  0x00000126e1aa76f4: ;   {metadata(method data for {method} {0x00000126801eae68} 'defineClass' '(ZLjava/lang/Object;)Ljava/lang/Class;' in 'java/lang/invoke/MethodHandles$Lookup$ClassDefiner')}
  0x00000126e1aa76f4: 0000 0048 | be58 39d1 | f426 0100 | 008b becc | 0000 0083 | c702 89be | cc00 0000 | 81e7 fe07 
  0x00000126e1aa7714: 0000 85ff | 0f84 6b07 | 0000 8b72 | 1048 89b4 | 2490 0000 | 0048 3b06 

  0x00000126e1aa772c: ;   {metadata(method data for {method} {0x00000126801eae68} 'defineClass' '(ZLjava/lang/Object;)Ljava/lang/Class;' in 'java/lang/invoke/MethodHandles$Lookup$ClassDefiner')}
  0x00000126e1aa772c: 488b fe48 | bb58 39d1 | f426 0100 | 0048 8383 | 1001 0000 | 018b 7e10 | 4889 bc24 | a800 0000 
  0x00000126e1aa774c: ; implicit exception: dispatches to 0x00000126e1aa7eaf
  0x00000126e1aa774c: 483b 0748 

  0x00000126e1aa7750: ;   {metadata(method data for {method} {0x00000126801eae68} 'defineClass' '(ZLjava/lang/Object;)Ljava/lang/Class;' in 'java/lang/invoke/MethodHandles$Lookup$ClassDefiner')}
  0x00000126e1aa7750: 8bdf 48b8 | 5839 d1f4 | 2601 0000 | 4883 8048 | 0100 0001 

  0x00000126e1aa7764: ;   {metadata(method data for {method} {0x0000012680468e60} 'getClassLoader' '()Ljava/lang/ClassLoader;' in 'java/lang/Class')}
  0x00000126e1aa7764: 48bb 40a7 | 02f4 2601 | 0000 8b83 | cc00 0000 | 83c0 0289 | 83cc 0000 | 0025 feff | 1f00 85c0 
  0x00000126e1aa7784: 0f84 2a07 | 0000 8b5f | 3448 85db 

  0x00000126e1aa7790: ;   {metadata(method data for {method} {0x0000012680468e60} 'getClassLoader' '()Ljava/lang/ClassLoader;' in 'java/lang/Class')}
  0x00000126e1aa7790: 48b8 40a7 | 02f4 2601 | 0000 48c7 | c110 0100 | 0075 0748 | c7c1 2001 | 0000 4c8b | 1c08 4d8d 
  0x00000126e1aa77b0: 5b01 4c89 | 1c08 0f85 | 0f00 0000 

  0x00000126e1aa77bc: ;   {oop(nullptr)}
  0x00000126e1aa77bc: 48bb 0000 | 0000 0000 | 0000 e9a2 

  0x00000126e1aa77c8: ;   {metadata(method data for {method} {0x0000012680468e60} 'getClassLoader' '()Ljava/lang/ClassLoader;' in 'java/lang/Class')}
  0x00000126e1aa77c8: 0000 0048 | b840 a702 | f426 0100 | 0048 8380 | 3001 0000 

  0x00000126e1aa77dc: ;   {metadata(method data for {method} {0x000001268001b1d0} 'getSecurityManager' '()Ljava/lang/SecurityManager;' in 'java/lang/System')}
  0x00000126e1aa77dc: 0148 b860 | a902 f426 | 0100 008b | 88cc 0000 | 0083 c102 | 8988 cc00 | 0000 81e1 | feff 1f00 
  0x00000126e1aa77fc: 85c9 0f84 | d106 0000 

  0x00000126e1aa7804: ;   {metadata(method data for {method} {0x000001268001b1d0} 'getSecurityManager' '()Ljava/lang/SecurityManager;' in 'java/lang/System')}
  0x00000126e1aa7804: 48b8 60a9 | 02f4 2601 | 0000 4883 | 8010 0100 

  0x00000126e1aa7814: ;   {metadata(method data for {method} {0x000001268001b2e8} 'allowSecurityManager' '()Z' in 'java/lang/System')}
  0x00000126e1aa7814: 0001 48b8 | d8aa 02f4 | 2601 0000 | 8b88 cc00 | 0000 83c1 | 0289 88cc | 0000 0081 | e1fe ff1f 
  0x00000126e1aa7834: 0085 c90f | 84b9 0600 

  0x00000126e1aa783c: ;   {metadata(method data for {method} {0x000001268001b2e8} 'allowSecurityManager' '()Z' in 'java/lang/System')}
  0x00000126e1aa783c: 0048 b8d8 | aa02 f426 | 0100 00ff | 8010 0100 

  0x00000126e1aa784c: ;   {metadata(method data for {method} {0x000001268001b1d0} 'getSecurityManager' '()Ljava/lang/SecurityManager;' in 'java/lang/System')}
  0x00000126e1aa784c: 0048 b860 | a902 f426 | 0100 00ff | 8020 0100 

  0x00000126e1aa785c: ;   {metadata(method data for {method} {0x0000012680468e60} 'getClassLoader' '()Ljava/lang/ClassLoader;' in 'java/lang/Class')}
  0x00000126e1aa785c: 0048 b840 | a702 f426 | 0100 00ff | 8040 0100 | 0048 85db 

  0x00000126e1aa7870: ;   {metadata(method data for {method} {0x00000126801eae68} 'defineClass' '(ZLjava/lang/Object;)Ljava/lang/Class;' in 'java/lang/invoke/MethodHandles$Lookup$ClassDefiner')}
  0x00000126e1aa7870: 48b8 5839 | d1f4 2601 | 0000 48c7 | c180 0100 | 0074 0748 | c7c1 9001 | 0000 4c8b | 1c08 4d8d 
  0x00000126e1aa7890: 5b01 4c89 | 1c08 0f84 | 4b02 0000 

  0x00000126e1aa789c: ;   {metadata(method data for {method} {0x00000126801eae68} 'defineClass' '(ZLjava/lang/Object;)Ljava/lang/Class;' in 'java/lang/invoke/MethodHandles$Lookup$ClassDefiner')}
  0x00000126e1aa789c: 488b c648 | b958 39d1 | f426 0100 | 0048 8381 | a001 0000 

  0x00000126e1aa78b0: ;   {metadata(method data for {method} {0x00000126803e0578} 'lookupClassProtectionDomain' '()Ljava/security/ProtectionDomain;' in 'java/lang/invoke/MethodHandles$Lookup')}
  0x00000126e1aa78b0: 0148 b890 | 3fd1 f426 | 0100 008b | 88cc 0000 | 0083 c102 | 8988 cc00 | 0000 81e1 | feff 1f00 
  0x00000126e1aa78d0: 85c9 0f84 | 3f06 0000 | 8b46 1848 

  0x00000126e1aa78dc: ;   {metadata(method data for {method} {0x00000126803e0578} 'lookupClassProtectionDomain' '()Ljava/security/ProtectionDomain;' in 'java/lang/invoke/MethodHandles$Lookup')}
  0x00000126e1aa78dc: 85c0 48b9 | 903f d1f4 | 2601 0000 | 49c7 c310 | 0100 0075 | 0749 c7c3 | 2001 0000 | 4e8b 2c19 
  0x00000126e1aa78fc: 4d8d 6d01 | 4e89 2c19 | 4889 9c24 | a000 0000 | 0f85 bf01 

  0x00000126e1aa7910: ;   {metadata(method data for {method} {0x00000126803e0578} 'lookupClassProtectionDomain' '()Ljava/security/ProtectionDomain;' in 'java/lang/invoke/MethodHandles$Lookup')}
  0x00000126e1aa7910: 0000 48b8 | 903f d1f4 | 2601 0000 | 4883 8030 | 0100 0001 

  0x00000126e1aa7924: ;   {metadata(method data for {method} {0x0000012680473b88} 'getJavaLangAccess' '()Ljdk/internal/access/JavaLangAccess;' in 'jdk/internal/access/SharedSecrets')}
  0x00000126e1aa7924: 48b8 c004 | 19f4 2601 | 0000 8b88 | cc00 0000 | 83c1 0289 | 88cc 0000 | 0081 e1fe | ff1f 0085 
  0x00000126e1aa7944: c90f 84ed 

  0x00000126e1aa7948: ;   {oop(a 'java/lang/Class'{0x00000000e0cb9060} = 'jdk/internal/access/SharedSecrets')}
  0x00000126e1aa7948: 0500 0048 | b860 90cb | e000 0000 | 008b 407c | 8b4e 1048 | 85c0 0f84 | 2a00 0000 

  0x00000126e1aa7964: ;   {metadata('java/lang/System$2')}
  0x00000126e1aa7964: 48be 6082 | 0180 2601 | 0000 448b | 7008 49ba | 0000 0080 | 2601 0000 | 4d03 f249 | 3b76 380f 
  0x00000126e1aa7984: 85d0 0500 | 00e9 0000 | 0000 4c8b | d848 3b00 

  0x00000126e1aa7994: ;   {metadata(method data for {method} {0x00000126803e0578} 'lookupClassProtectionDomain' '()Ljava/security/ProtectionDomain;' in 'java/lang/invoke/MethodHandles$Lookup')}
  0x00000126e1aa7994: 48be 903f | d1f4 2601 

  0x00000126e1aa799c: ;   {metadata('java/lang/System$2')}
  0x00000126e1aa799c: 0000 49ba | 6082 0180 | 2601 0000 | 4c89 9650 | 0100 0048 | 8386 5801 

  0x00000126e1aa79b4: ;   {metadata(method data for {method} {0x00000126800192c8} 'protectionDomain' '(Ljava/lang/Class;)Ljava/security/ProtectionDomain;' in 'java/lang/System$2')}
  0x00000126e1aa79b4: 0000 0148 | be48 41d1 | f426 0100 | 008b 86cc | 0000 0083 | c002 8986 | cc00 0000 | 25fe ff1f 
  0x00000126e1aa79d4: 0085 c00f | 8486 0500 | 0048 3b01 

  0x00000126e1aa79e0: ;   {metadata(method data for {method} {0x00000126800192c8} 'protectionDomain' '(Ljava/lang/Class;)Ljava/security/ProtectionDomain;' in 'java/lang/System$2')}
  0x00000126e1aa79e0: 488b f148 | b848 41d1 | f426 0100 | 0048 8380 | 1001 0000 

  0x00000126e1aa79f4: ;   {metadata(method data for {method} {0x0000012680467bb8} 'protectionDomain' '()Ljava/security/ProtectionDomain;' in 'java/lang/Class')}
  0x00000126e1aa79f4: 0148 bed8 | 42d1 f426 | 0100 008b | 86cc 0000 | 0083 c002 | 8986 cc00 | 0000 25fe | ff1f 0085 
  0x00000126e1aa7a14: c00f 846e | 0500 0048 

  0x00000126e1aa7a1c: ;   {metadata(method data for {method} {0x0000012680467bb8} 'protectionDomain' '()Ljava/security/ProtectionDomain;' in 'java/lang/Class')}
  0x00000126e1aa7a1c: 8bf1 48b8 | d842 d1f4 | 2601 0000 | 4883 8010 | 0100 0001 | 488b d10f 

  0x00000126e1aa7a34: ;   {optimized virtual_call}
  0x00000126e1aa7a34: 1f40 00e8 

  0x00000126e1aa7a38: ; ImmutableOopMap {[144]=Oop [152]=Oop [160]=Oop [168]=Oop [184]=Oop }
                      ;*invokevirtual getProtectionDomain0 {reexecute=0 rethrow=0 return_oop=0}
                      ; - java.lang.Class::protectionDomain@1
                      ; - java.lang.System$2::protectionDomain@1
                      ; - java.lang.invoke.MethodHandles$Lookup::lookupClassProtectionDomain@17
                      ; - java.lang.invoke.MethodHandles$Lookup$ClassDefiner::defineClass@23
  0x00000126e1aa7a38: a49f 6707 

  0x00000126e1aa7a3c: ;   {other}
  0x00000126e1aa7a3c: 0f1f 8400 | 2c06 0000 

  0x00000126e1aa7a44: ;   {metadata(method data for {method} {0x0000012680467bb8} 'protectionDomain' '()Ljava/security/ProtectionDomain;' in 'java/lang/Class')}
  0x00000126e1aa7a44: 4885 c049 | b8d8 42d1 | f426 0100 | 0049 c7c1 | 4801 0000 | 7507 49c7 | c158 0100 | 004b 8b3c 
  0x00000126e1aa7a64: 0848 8d7f | 014b 893c | 080f 8521 | 0000 000f | 1f44 0000 

  0x00000126e1aa7a78: ;   {no_reloc}
  0x00000126e1aa7a78: e9a5 0500 | 0000 0000 | 0000 660f | 1f44 0000 

  0x00000126e1aa7a88: ; implicit exception: dispatches to 0x00000126e1aa802c
  0x00000126e1aa7a88: e9b0 0500 | 0090 90e9 | 0300 0000 | 4c8b c048 | 8bb4 2490 | 0000 0045 | 0fbe 4f40 | 4585 c90f 
  0x00000126e1aa7aa8: 859a 0500 | 004d 8bd0 | 4489 5618 | f083 4424 | c000 4c8b | ce4d 33c8 | 49c1 e914 | 4983 f900 
  0x00000126e1aa7ac8: 0f85 9505 | 0000 498b 

  0x00000126e1aa7ad0: ;   {metadata(method data for {method} {0x00000126801eae68} 'defineClass' '(ZLjava/lang/Object;)Ljava/lang/Class;' in 'java/lang/invoke/MethodHandles$Lookup$ClassDefiner')}
  0x00000126e1aa7ad0: c049 b858 | 39d1 f426 | 0100 0041 | ff80 d801 | 0000 e912 | 0000 0048 | 899c 24a0 

  0x00000126e1aa7aec: ;   {oop(nullptr)}
  0x00000126e1aa7aec: 0000 0048 | b800 0000 | 0000 0000 | 0048 8b9c | 24a0 0000 | 0048 8bbc | 24a8 0000 | 0048 8b94 
  0x00000126e1aa7b0c: 2498 0000 

  0x00000126e1aa7b10: ;   {metadata(method data for {method} {0x00000126801eae68} 'defineClass' '(ZLjava/lang/Object;)Ljava/lang/Class;' in 'java/lang/invoke/MethodHandles$Lookup$ClassDefiner')}
  0x00000126e1aa7b10: 0049 b858 | 39d1 f426 | 0100 0049 | 8380 f001 

  0x00000126e1aa7b20: ;   {metadata(method data for {method} {0x0000012680473b88} 'getJavaLangAccess' '()Ljdk/internal/access/JavaLangAccess;' in 'jdk/internal/access/SharedSecrets')}
  0x00000126e1aa7b20: 0000 0149 | b8c0 0419 | f426 0100 | 0045 8b88 | cc00 0000 | 4183 c102 | 4589 88cc | 0000 0041 
  0x00000126e1aa7b40: 81e1 feff | 1f00 4585 | c90f 842c 

  0x00000126e1aa7b4c: ;   {oop(a 'java/lang/Class'{0x00000000e0cb9060} = 'jdk/internal/access/SharedSecrets')}
  0x00000126e1aa7b4c: 0500 0049 | b860 90cb | e000 0000 | 0045 8b70 | 7c8b 7214 | 8b4a 1844 | 8b4a 0c4d | 85f6 0f84 
  0x00000126e1aa7b6c: 2a00 0000 

  0x00000126e1aa7b70: ;   {metadata('java/lang/System$2')}
  0x00000126e1aa7b70: 49bb 6082 | 0180 2601 | 0000 458b | 6e08 49ba | 0000 0080 | 2601 0000 | 4d03 ea4d | 3b5d 380f 
  0x00000126e1aa7b90: 8507 0500 | 00e9 0000 | 0000 4d8b | c649 3b06 

  0x00000126e1aa7ba0: ;   {metadata(method data for {method} {0x00000126801eae68} 'defineClass' '(ZLjava/lang/Object;)Ljava/lang/Class;' in 'java/lang/invoke/MethodHandles$Lookup$ClassDefiner')}
  0x00000126e1aa7ba0: 4d8b c648 | ba58 39d1 | f426 0100 

  0x00000126e1aa7bac: ;   {metadata('java/lang/System$2')}
  0x00000126e1aa7bac: 0049 ba60 | 8201 8026 | 0100 004c | 8992 1002 | 0000 4883 | 8218 0200 | 0001 4c8b | c349 8bd1 
  0x00000126e1aa7bcc: 4c8b cf48 | 8bfe 488b | f148 8bc8 | 8b84 24b0 | 0000 0089 | 0424 8954 | 2408 488b | 9424 b800 
  0x00000126e1aa7bec: 0000 4889 | 5424 1049 

  0x00000126e1aa7bf4: ;   {optimized virtual_call}
  0x00000126e1aa7bf4: 8bd6 90e8 

  0x00000126e1aa7bf8: ; ImmutableOopMap {[152]=Oop [168]=Oop }
                      ;*invokeinterface defineClass {reexecute=0 rethrow=0 return_oop=0}
                      ; - java.lang.invoke.MethodHandles$Lookup$ClassDefiner::defineClass@57
  0x00000126e1aa7bf8: e430 0000 

  0x00000126e1aa7bfc: ;   {other}
  0x00000126e1aa7bfc: 0f1f 8400 | ec07 0001 

  0x00000126e1aa7c04: ;   {metadata(method data for {method} {0x00000126801eae68} 'defineClass' '(ZLjava/lang/Object;)Ljava/lang/Class;' in 'java/lang/invoke/MethodHandles$Lookup$ClassDefiner')}
  0x00000126e1aa7c04: 49b8 5839 | d1f4 2601 | 0000 41ff | 8038 0200 | 0048 8b94 | 2498 0000 | 008b 721c 

  0x00000126e1aa7c20: ; implicit exception: dispatches to 0x00000126e1aa80a6
  0x00000126e1aa7c20: 483b 064c 

  0x00000126e1aa7c24: ;   {metadata(method data for {method} {0x00000126801eae68} 'defineClass' '(ZLjava/lang/Object;)Ljava/lang/Class;' in 'java/lang/invoke/MethodHandles$Lookup$ClassDefiner')}
  0x00000126e1aa7c24: 8bc6 49b9 | 5839 d1f4 | 2601 0000 | 4983 8150 | 0300 0001 | 440f be46 | 0c41 83e0 | 0145 85c0 
  0x00000126e1aa7c44: ;   {metadata(method data for {method} {0x00000126801eae68} 'defineClass' '(ZLjava/lang/Object;)Ljava/lang/Class;' in 'java/lang/invoke/MethodHandles$Lookup$ClassDefiner')}
  0x00000126e1aa7c44: 49b8 5839 | d1f4 2601 | 0000 49c7 | c188 0300 | 0074 0749 | c7c1 9803 | 0000 4b8b | 3c08 488d 
  0x00000126e1aa7c64: 7f01 4b89 | 3c08 0f84 | c401 0000 

  0x00000126e1aa7c70: ;   {metadata(method data for {method} {0x00000126801eae68} 'defineClass' '(ZLjava/lang/Object;)Ljava/lang/Class;' in 'java/lang/invoke/MethodHandles$Lookup$ClassDefiner')}
  0x00000126e1aa7c70: 4c8b c249 | b958 39d1 | f426 0100 

  0x00000126e1aa7c7c: ;   {metadata('java/lang/invoke/MethodHandles$Lookup$ClassDefiner')}
  0x00000126e1aa7c7c: 0049 ba28 | ac1e 8026 | 0100 004d | 8991 b803 | 0000 4983 | 81c0 0300 | 0001 8b7a | 1448 85c0 
  0x00000126e1aa7c9c: ;   {metadata(method data for {method} {0x00000126801eae68} 'defineClass' '(ZLjava/lang/Object;)Ljava/lang/Class;' in 'java/lang/invoke/MethodHandles$Lookup$ClassDefiner')}
  0x00000126e1aa7c9c: 49b8 5839 | d1f4 2601 | 0000 49c7 | c1e0 0300 | 0074 0749 | c7c1 f003 | 0000 4b8b | 1c08 488d 
  0x00000126e1aa7cbc: 5b01 4b89 | 1c08 0f84 | 2b01 0000 | e9bd 0000 | 0048 8b94 | 2498 0000 | 0049 8b87 | 0005 0000 
  0x00000126e1aa7cdc: 4d33 d24d | 8997 0005 | 0000 4d33 | d24d 8997 | 0805 0000 | 8b72 1c48 | 3b06 4c8b 

  0x00000126e1aa7cf8: ;   {metadata(method data for {method} {0x00000126801eae68} 'defineClass' '(ZLjava/lang/Object;)Ljava/lang/Class;' in 'java/lang/invoke/MethodHandles$Lookup$ClassDefiner')}
  0x00000126e1aa7cf8: c649 b958 | 39d1 f426 | 0100 0049 | 8381 8804 | 0000 0144 | 0fbe 460c | 4183 e001 

  0x00000126e1aa7d14: ;   {metadata(method data for {method} {0x00000126801eae68} 'defineClass' '(ZLjava/lang/Object;)Ljava/lang/Class;' in 'java/lang/invoke/MethodHandles$Lookup$ClassDefiner')}
  0x00000126e1aa7d14: 4585 c049 | b858 39d1 | f426 0100 | 0049 c7c1 | c004 0000 | 7407 49c7 | c1d0 0400 | 004b 8b3c 
  0x00000126e1aa7d34: 0848 8d7f | 014b 893c | 080f 8441 | 0100 004c 

  0x00000126e1aa7d44: ;   {metadata(method data for {method} {0x00000126801eae68} 'defineClass' '(ZLjava/lang/Object;)Ljava/lang/Class;' in 'java/lang/invoke/MethodHandles$Lookup$ClassDefiner')}
  0x00000126e1aa7d44: 8bc2 49b9 | 5839 d1f4 | 2601 0000 

  0x00000126e1aa7d50: ;   {metadata('java/lang/invoke/MethodHandles$Lookup$ClassDefiner')}
  0x00000126e1aa7d50: 49ba 28ac | 1e80 2601 | 0000 4d89 | 91f0 0400 | 0049 8381 | f804 0000 | 018b 7a14 

  0x00000126e1aa7d6c: ;   {metadata(method data for {method} {0x00000126801eae68} 'defineClass' '(ZLjava/lang/Object;)Ljava/lang/Class;' in 'java/lang/invoke/MethodHandles$Lookup$ClassDefiner')}
  0x00000126e1aa7d6c: 49b8 5839 | d1f4 2601 | 0000 41ff | 8018 0500 | 0048 8984 | 24c8 0000 | 00e9 c000 | 0000 8b52 
  0x00000126e1aa7d8c: 184c 8bc6 

  0x00000126e1aa7d90: ;   {metadata(method data for {method} {0x00000126801eae68} 'defineClass' '(ZLjava/lang/Object;)Ljava/lang/Class;' in 'java/lang/invoke/MethodHandles$Lookup$ClassDefiner')}
  0x00000126e1aa7d90: 49b9 5839 | d1f4 2601 | 0000 4983 | 8100 0400 | 0001 4c8b | c74c 8bc8 | 488b fa48 | 8bd6 4889 
  0x00000126e1aa7db0: 8424 c000 

  0x00000126e1aa7db4: ;   {optimized virtual_call}
  0x00000126e1aa7db4: 0000 90e8 

  0x00000126e1aa7db8: ; ImmutableOopMap {[192]=Oop }
                      ;*invokevirtual dumpClass {reexecute=0 rethrow=0 return_oop=0}
                      ; - java.lang.invoke.MethodHandles$Lookup$ClassDefiner::defineClass@134
  0x00000126e1aa7db8: c470 fa06 

  0x00000126e1aa7dbc: ;   {other}
  0x00000126e1aa7dbc: 0f1f 8400 | ac09 0002 

  0x00000126e1aa7dc4: ;   {metadata(method data for {method} {0x00000126801eae68} 'defineClass' '(ZLjava/lang/Object;)Ljava/lang/Class;' in 'java/lang/invoke/MethodHandles$Lookup$ClassDefiner')}
  0x00000126e1aa7dc4: 49b8 5839 | d1f4 2601 | 0000 41ff | 8038 0400 | 0048 8b84 | 24c0 0000 | 0048 81c4 | e000 0000 
  0x00000126e1aa7de4: ;   {poll_return}
  0x00000126e1aa7de4: 5d49 3ba7 | 5004 0000 | 0f87 be02 | 0000 c348 | 8984 24c0 | 0000 0044 | 8b4a 184c 

  0x00000126e1aa7e00: ;   {metadata(method data for {method} {0x00000126801eae68} 'defineClass' '(ZLjava/lang/Object;)Ljava/lang/Class;' in 'java/lang/invoke/MethodHandles$Lookup$ClassDefiner')}
  0x00000126e1aa7e00: 8bc6 48ba | 5839 d1f4 | 2601 0000 | 4883 8250 | 0400 0001 | 4c8b c748 | 8bd6 0f1f 

  0x00000126e1aa7e1c: ;   {optimized virtual_call}
  0x00000126e1aa7e1c: 4400 00e8 

  0x00000126e1aa7e20: ; ImmutableOopMap {[192]=Oop }
                      ;*invokevirtual dumpFailedClass {reexecute=0 rethrow=0 return_oop=0}
                      ; - java.lang.invoke.MethodHandles$Lookup$ClassDefiner::defineClass@150
  0x00000126e1aa7e20: 5c70 fa06 

  0x00000126e1aa7e24: ;   {other}
  0x00000126e1aa7e24: 0f1f 8400 | 140a 0003 | 488b 8424 | c000 0000 | 4881 c4e0 | 0000 005d 

  0x00000126e1aa7e3c: ;   {poll_return}
  0x00000126e1aa7e3c: 493b a750 | 0400 000f | 877d 0200 | 00c3 448b | 4a18 4c8b 

  0x00000126e1aa7e50: ;   {metadata(method data for {method} {0x00000126801eae68} 'defineClass' '(ZLjava/lang/Object;)Ljava/lang/Class;' in 'java/lang/invoke/MethodHandles$Lookup$ClassDefiner')}
  0x00000126e1aa7e50: c648 ba58 | 39d1 f426 | 0100 0048 | 8382 8805 | 0000 014c | 8bc7 488b | d666 0f1f 

  0x00000126e1aa7e6c: ;   {optimized virtual_call}
  0x00000126e1aa7e6c: 4400 00e8 

  0x00000126e1aa7e70: ; ImmutableOopMap {[200]=Oop }
                      ;*invokevirtual dumpFailedClass {reexecute=0 rethrow=0 return_oop=0}
                      ; - java.lang.invoke.MethodHandles$Lookup$ClassDefiner::defineClass@207
  0x00000126e1aa7e70: 0c70 fa06 

  0x00000126e1aa7e74: ;   {other}
  0x00000126e1aa7e74: 0f1f 8400 | 640a 0004 | 488b 8424 | c800 0000 | e970 0200 

  0x00000126e1aa7e88: ;   {metadata({method} {0x00000126801eae68} 'defineClass' '(ZLjava/lang/Object;)Ljava/lang/Class;' in 'java/lang/invoke/MethodHandles$Lookup$ClassDefiner')}
  0x00000126e1aa7e88: 0049 ba60 | ae1e 8026 | 0100 004c | 8954 2408 | 48c7 0424 | ffff ffff 

  0x00000126e1aa7ea0: ;   {runtime_call counter_overflow Runtime1 stub}
  0x00000126e1aa7ea0: e8db 1208 

  0x00000126e1aa7ea4: ; ImmutableOopMap {rdx=Oop r9=Oop [152]=Oop [184]=Oop }
                      ;*synchronization entry
                      ; - java.lang.invoke.MethodHandles$Lookup$ClassDefiner::defineClass@-1
  0x00000126e1aa7ea4: 07e9 74f8 

  0x00000126e1aa7ea8: ;   {runtime_call throw_null_pointer_exception Runtime1 stub}
  0x00000126e1aa7ea8: ffff e871 

  0x00000126e1aa7eac: ; ImmutableOopMap {rdx=Oop r9=Oop rsi=Oop [144]=Oop [152]=Oop [184]=Oop }
                      ;*invokevirtual lookupClass {reexecute=0 rethrow=0 return_oop=0}
                      ; - java.lang.invoke.MethodHandles$Lookup$ClassDefiner::defineClass@4
                      ;   {runtime_call throw_null_pointer_exception Runtime1 stub}
  0x00000126e1aa7eac: b007 07e8 

  0x00000126e1aa7eb0: ; ImmutableOopMap {rdx=Oop r9=Oop rsi=Oop rdi=Oop [144]=Oop [152]=Oop [168]=Oop [184]=Oop }
                      ;*invokevirtual getClassLoader {reexecute=0 rethrow=0 return_oop=0}
                      ; - java.lang.invoke.MethodHandles$Lookup$ClassDefiner::defineClass@9
  0x00000126e1aa7eb0: 6cb0 0707 

  0x00000126e1aa7eb4: ;   {metadata({method} {0x0000012680468e60} 'getClassLoader' '()Ljava/lang/ClassLoader;' in 'java/lang/Class')}
  0x00000126e1aa7eb4: 49ba 588e | 4680 2601 | 0000 4c89 | 5424 0848 | c704 24ff 

  0x00000126e1aa7ec8: ;   {runtime_call counter_overflow Runtime1 stub}
  0x00000126e1aa7ec8: ffff ffe8 

  0x00000126e1aa7ecc: ; ImmutableOopMap {rdx=Oop r9=Oop rsi=Oop rdi=Oop [144]=Oop [152]=Oop [168]=Oop [184]=Oop }
                      ;*synchronization entry
                      ; - java.lang.Class::getClassLoader@-1
                      ; - java.lang.invoke.MethodHandles$Lookup$ClassDefiner::defineClass@9
  0x00000126e1aa7ecc: b012 0807 | e9b5 f8ff 

  0x00000126e1aa7ed4: ;   {metadata({method} {0x000001268001b1d0} 'getSecurityManager' '()Ljava/lang/SecurityManager;' in 'java/lang/System')}
  0x00000126e1aa7ed4: ff49 bac8 | b101 8026 | 0100 004c | 8954 2408 | 48c7 0424 | ffff ffff 

  0x00000126e1aa7eec: ;   {runtime_call counter_overflow Runtime1 stub}
  0x00000126e1aa7eec: e88f 1208 

  0x00000126e1aa7ef0: ; ImmutableOopMap {rdx=Oop r9=Oop rsi=Oop rdi=Oop rbx=Oop [144]=Oop [152]=Oop [168]=Oop [184]=Oop }
                      ;*synchronization entry
                      ; - java.lang.System::getSecurityManager@-1
                      ; - java.lang.Class::getClassLoader@11
                      ; - java.lang.invoke.MethodHandles$Lookup$ClassDefiner::defineClass@9
  0x00000126e1aa7ef0: 07e9 0ef9 

  0x00000126e1aa7ef4: ;   {metadata({method} {0x000001268001b2e8} 'allowSecurityManager' '()Z' in 'java/lang/System')}
  0x00000126e1aa7ef4: ffff 49ba | e0b2 0180 | 2601 0000 | 4c89 5424 | 0848 c704 | 24ff ffff 

  0x00000126e1aa7f0c: ;   {runtime_call counter_overflow Runtime1 stub}
  0x00000126e1aa7f0c: ffe8 6e12 

  0x00000126e1aa7f10: ; ImmutableOopMap {rdx=Oop r9=Oop rsi=Oop rdi=Oop rbx=Oop [144]=Oop [152]=Oop [168]=Oop [184]=Oop }
                      ;*synchronization entry
                      ; - java.lang.System::allowSecurityManager@-1
                      ; - java.lang.System::getSecurityManager@0
                      ; - java.lang.Class::getClassLoader@11
                      ; - java.lang.invoke.MethodHandles$Lookup$ClassDefiner::defineClass@9
  0x00000126e1aa7f10: 0807 e926 

  0x00000126e1aa7f14: ;   {metadata({method} {0x00000126803e0578} 'lookupClassProtectionDomain' '()Ljava/security/ProtectionDomain;' in 'java/lang/invoke/MethodHandles$Lookup')}
  0x00000126e1aa7f14: f9ff ff49 | ba70 053e | 8026 0100 | 004c 8954 | 2408 48c7 | 0424 ffff 

  0x00000126e1aa7f2c: ;   {runtime_call counter_overflow Runtime1 stub}
  0x00000126e1aa7f2c: ffff e84d 

  0x00000126e1aa7f30: ; ImmutableOopMap {rdx=Oop r9=Oop rsi=Oop rdi=Oop rbx=Oop [144]=Oop [152]=Oop [168]=Oop [184]=Oop }
                      ;*synchronization entry
                      ; - java.lang.invoke.MethodHandles$Lookup::lookupClassProtectionDomain@-1
                      ; - java.lang.invoke.MethodHandles$Lookup$ClassDefiner::defineClass@23
  0x00000126e1aa7f30: 1208 07e9 | a0f9 ffff 

  0x00000126e1aa7f38: ;   {metadata({method} {0x0000012680473b88} 'getJavaLangAccess' '()Ljdk/internal/access/JavaLangAccess;' in 'jdk/internal/access/SharedSecrets')}
  0x00000126e1aa7f38: 49ba 803b | 4780 2601 | 0000 4c89 | 5424 0848 | c704 24ff 

  0x00000126e1aa7f4c: ;   {runtime_call counter_overflow Runtime1 stub}
  0x00000126e1aa7f4c: ffff ffe8 

  0x00000126e1aa7f50: ; ImmutableOopMap {rsi=Oop [144]=Oop [152]=Oop [160]=Oop [168]=Oop [184]=Oop }
                      ;*synchronization entry
                      ; - jdk.internal.access.SharedSecrets::getJavaLangAccess@-1
                      ; - java.lang.invoke.MethodHandles$Lookup::lookupClassProtectionDomain@10
                      ; - java.lang.invoke.MethodHandles$Lookup$ClassDefiner::defineClass@23
  0x00000126e1aa7f50: 2c12 0807 | e9f2 f9ff 

  0x00000126e1aa7f58: ;   {runtime_call throw_incompatible_class_change_error Runtime1 stub}
  0x00000126e1aa7f58: ffe8 c2de 

  0x00000126e1aa7f5c: ; ImmutableOopMap {rax=Oop rcx=Oop [144]=Oop [152]=Oop [160]=Oop [168]=Oop [184]=Oop }
                      ;*invokeinterface protectionDomain {reexecute=0 rethrow=0 return_oop=0}
                      ; - java.lang.invoke.MethodHandles$Lookup::lookupClassProtectionDomain@17
                      ; - java.lang.invoke.MethodHandles$Lookup$ClassDefiner::defineClass@23
                      ;   {runtime_call throw_null_pointer_exception Runtime1 stub}
  0x00000126e1aa7f5c: 0707 e8bd 

  0x00000126e1aa7f60: ; ImmutableOopMap {rax=Oop rcx=Oop [144]=Oop [152]=Oop [160]=Oop [168]=Oop [184]=Oop }
                      ;*invokeinterface protectionDomain {reexecute=0 rethrow=0 return_oop=0}
                      ; - java.lang.invoke.MethodHandles$Lookup::lookupClassProtectionDomain@17
                      ; - java.lang.invoke.MethodHandles$Lookup$ClassDefiner::defineClass@23
                      ;   {metadata({method} {0x00000126800192c8} 'protectionDomain' '(Ljava/lang/Class;)Ljava/security/ProtectionDomain;' in 'java/lang/System$2')}
  0x00000126e1aa7f60: af07 0749 | bac0 9201 | 8026 0100 | 004c 8954 | 2408 48c7 | 0424 ffff 

  0x00000126e1aa7f78: ;   {runtime_call counter_overflow Runtime1 stub}
  0x00000126e1aa7f78: ffff e801 

  0x00000126e1aa7f7c: ; ImmutableOopMap {rcx=Oop [144]=Oop [152]=Oop [160]=Oop [168]=Oop [184]=Oop }
                      ;*synchronization entry
                      ; - java.lang.System$2::protectionDomain@-1
                      ; - java.lang.invoke.MethodHandles$Lookup::lookupClassProtectionDomain@17
                      ; - java.lang.invoke.MethodHandles$Lookup$ClassDefiner::defineClass@23
  0x00000126e1aa7f7c: 1208 07e9 | 59fa ffff 

  0x00000126e1aa7f84: ;   {runtime_call throw_null_pointer_exception Runtime1 stub}
  0x00000126e1aa7f84: e897 af07 

  0x00000126e1aa7f88: ; ImmutableOopMap {rcx=Oop [144]=Oop [152]=Oop [160]=Oop [168]=Oop [184]=Oop }
                      ;*invokevirtual protectionDomain {reexecute=0 rethrow=0 return_oop=0}
                      ; - java.lang.System$2::protectionDomain@1
                      ; - java.lang.invoke.MethodHandles$Lookup::lookupClassProtectionDomain@17
                      ; - java.lang.invoke.MethodHandles$Lookup$ClassDefiner::defineClass@23
                      ;   {metadata({method} {0x0000012680467bb8} 'protectionDomain' '()Ljava/security/ProtectionDomain;' in 'java/lang/Class')}
  0x00000126e1aa7f88: 0749 bab0 | 7b46 8026 | 0100 004c | 8954 2408 | 48c7 0424 | ffff ffff 

  0x00000126e1aa7fa0: ;   {runtime_call counter_overflow Runtime1 stub}
  0x00000126e1aa7fa0: e8db 1108 

  0x00000126e1aa7fa4: ; ImmutableOopMap {rcx=Oop [144]=Oop [152]=Oop [160]=Oop [168]=Oop [184]=Oop }
                      ;*synchronization entry
                      ; - java.lang.Class::protectionDomain@-1
                      ; - java.lang.System$2::protectionDomain@1
                      ; - java.lang.invoke.MethodHandles$Lookup::lookupClassProtectionDomain@17
                      ; - java.lang.invoke.MethodHandles$Lookup$ClassDefiner::defineClass@23
  0x00000126e1aa7fa4: 07e9 71fa 

  0x00000126e1aa7fa8: ;   {oop(nullptr)}
  0x00000126e1aa7fa8: ffff 49b8 | 0000 0000 | 0000 0000 | 5053 498b | 5810 5756 | 5251 4150 | 4151 4152 | 4153 4883 
  0x00000126e1aa7fc8: ec20 40f6 | c40f 0f84 | 1900 0000 | 4883 ec08 

  0x00000126e1aa7fd8: ;   {runtime_call}
  0x00000126e1aa7fd8: 48b8 a0a0 | bd0f fe7f | 0000 ffd0 | 4883 c408 | e90c 0000 

  0x00000126e1aa7fec: ;   {runtime_call}
  0x00000126e1aa7fec: 0048 b8a0 | a0bd 0ffe | 7f00 00ff | d048 83c4 | 2041 5b41 | 5a41 5941 | 5859 5a5e | 5f48 3b83 
  0x00000126e1aa800c: 3801 0000 | 5b58 0f85 | 0a00 0000 | e965 faff | ffb8 0078 

  0x00000126e1aa8020: ;   {runtime_call load_mirror_patching Runtime1 stub}
  0x00000126e1aa8020: 6e0a e859 

  0x00000126e1aa8024: ; ImmutableOopMap {[144]=Oop [152]=Oop [160]=Oop [168]=Oop [184]=Oop }
                      ;*getstatic allPermDomain {reexecute=1 rethrow=0 return_oop=0}
                      ; - (reexecute) java.lang.Class::protectionDomain@9
                      ; - java.lang.System$2::protectionDomain@1
                      ; - java.lang.invoke.MethodHandles$Lookup::lookupClassProtectionDomain@17
                      ; - java.lang.invoke.MethodHandles$Lookup$ClassDefiner::defineClass@23
  0x00000126e1aa8024: 0108 07e9 | 4cfa ffff 

  0x00000126e1aa802c: ;   {runtime_call throw_null_pointer_exception Runtime1 stub}
  0x00000126e1aa802c: e8ef ae07 

  0x00000126e1aa8030: ; ImmutableOopMap {r8=Oop [144]=Oop [152]=Oop [160]=Oop [168]=Oop [184]=Oop }
                      ;*getstatic allPermDomain {reexecute=1 rethrow=0 return_oop=0}
                      ; - (reexecute) java.lang.Class::protectionDomain@9
                      ; - java.lang.System$2::protectionDomain@1
                      ; - java.lang.invoke.MethodHandles$Lookup::lookupClassProtectionDomain@17
                      ; - java.lang.invoke.MethodHandles$Lookup$ClassDefiner::defineClass@23
  0x00000126e1aa8030: 0745 8b80 | 0000 0000 | b800 0c05 

  0x00000126e1aa803c: ;   {runtime_call access_field_patching Runtime1 stub}
  0x00000126e1aa803c: 07e8 3ef4 

  0x00000126e1aa8040: ; ImmutableOopMap {r8=Oop [144]=Oop [152]=Oop [160]=Oop [168]=Oop [184]=Oop }
                      ;*getstatic allPermDomain {reexecute=1 rethrow=0 return_oop=0}
                      ; - (reexecute) java.lang.Class::protectionDomain@9
                      ; - java.lang.System$2::protectionDomain@1
                      ; - java.lang.invoke.MethodHandles$Lookup::lookupClassProtectionDomain@17
                      ; - java.lang.invoke.MethodHandles$Lookup$ClassDefiner::defineClass@23
  0x00000126e1aa8040: 0707 e941 | faff ff44 | 8b4e 1849 | 83f9 000f | 8458 faff | ff4c 890c 

  0x00000126e1aa8058: ;   {runtime_call g1_pre_barrier_slow}
  0x00000126e1aa8058: 24e8 2218 | 0807 e94a | faff ff49 | 83f8 000f | 8461 faff | ff48 8934 

  0x00000126e1aa8070: ;   {runtime_call g1_post_barrier_slow}
  0x00000126e1aa8070: 24e8 0a1b | 0807 e953 

  0x00000126e1aa8078: ;   {metadata({method} {0x0000012680473b88} 'getJavaLangAccess' '()Ljdk/internal/access/JavaLangAccess;' in 'jdk/internal/access/SharedSecrets')}
  0x00000126e1aa8078: faff ff49 | ba80 3b47 | 8026 0100 | 004c 8954 | 2408 48c7 | 0424 ffff 

  0x00000126e1aa8090: ;   {runtime_call counter_overflow Runtime1 stub}
  0x00000126e1aa8090: ffff e8e9 

  0x00000126e1aa8094: ; ImmutableOopMap {rax=Oop rdi=Oop rbx=Oop rdx=Oop [152]=Oop [168]=Oop [184]=Oop }
                      ;*synchronization entry
                      ; - jdk.internal.access.SharedSecrets::getJavaLangAccess@-1
                      ; - java.lang.invoke.MethodHandles$Lookup$ClassDefiner::defineClass@35
  0x00000126e1aa8094: 1008 07e9 | b3fa ffff 

  0x00000126e1aa809c: ;   {runtime_call throw_incompatible_class_change_error Runtime1 stub}
  0x00000126e1aa809c: e87f dd07 

  0x00000126e1aa80a0: ; ImmutableOopMap {rax=Oop rdi=Oop rbx=Oop r14=Oop rsi=Oop rcx=Oop [152]=Oop [168]=Oop [184]=Oop }
                      ;*invokeinterface defineClass {reexecute=0 rethrow=0 return_oop=0}
                      ; - java.lang.invoke.MethodHandles$Lookup$ClassDefiner::defineClass@57
                      ;   {runtime_call throw_null_pointer_exception Runtime1 stub}
  0x00000126e1aa80a0: 07e8 7aae 

  0x00000126e1aa80a4: ; ImmutableOopMap {rax=Oop rdi=Oop rbx=Oop r14=Oop rsi=Oop rcx=Oop [152]=Oop [168]=Oop [184]=Oop }
                      ;*invokeinterface defineClass {reexecute=0 rethrow=0 return_oop=0}
                      ; - java.lang.invoke.MethodHandles$Lookup$ClassDefiner::defineClass@57
                      ;   {runtime_call throw_null_pointer_exception Runtime1 stub}
  0x00000126e1aa80a4: 0707 e875 

  0x00000126e1aa80a8: ; ImmutableOopMap {rax=Oop rdx=Oop rsi=Oop [152]=Oop }
                      ;*invokevirtual isEnabled {reexecute=0 rethrow=0 return_oop=0}
                      ; - java.lang.invoke.MethodHandles$Lookup$ClassDefiner::defineClass@105
                      ;   {runtime_call throw_null_pointer_exception Runtime1 stub}
  0x00000126e1aa80a8: ae07 07e8 

  0x00000126e1aa80ac: ; ImmutableOopMap {rdx=Oop rax=Oop rsi=Oop [152]=Oop }
                      ;*invokevirtual isEnabled {reexecute=0 rethrow=0 return_oop=0}
                      ; - java.lang.invoke.MethodHandles$Lookup$ClassDefiner::defineClass@162
  0x00000126e1aa80ac: 70ae 0707 

  0x00000126e1aa80b0: ;   {internal_word}
  0x00000126e1aa80b0: 49ba e57d | aae1 2601 | 0000 4d89 | 9768 0400 

  0x00000126e1aa80c0: ;   {runtime_call SafepointBlob}
  0x00000126e1aa80c0: 00e9 bae8 

  0x00000126e1aa80c4: ;   {internal_word}
  0x00000126e1aa80c4: fa06 49ba | 3c7e aae1 | 2601 0000 | 4d89 9768 

  0x00000126e1aa80d4: ;   {runtime_call SafepointBlob}
  0x00000126e1aa80d4: 0400 00e9 | a4e8 fa06 | 498b 8700 | 0500 0049 | c787 0005 | 0000 0000 | 0000 49c7 | 8708 0500 
  0x00000126e1aa80f4: 0000 0000 | 0048 81c4 | e000 0000 

  0x00000126e1aa8100: ;   {runtime_call unwind_exception Runtime1 stub}
  0x00000126e1aa8100: 5de9 fa9e | 0707 f4f4 
[Stub Code]
  0x00000126e1aa8108: ;   {no_reloc}
  0x00000126e1aa8108: 0f1f 4400 

  0x00000126e1aa810c: ;   {static_stub}
  0x00000126e1aa810c: 0048 bb00 | 0000 0000 

  0x00000126e1aa8114: ;   {runtime_call nmethod}
  0x00000126e1aa8114: 0000 00e9 | fbff ffff 

  0x00000126e1aa811c: ;   {static_stub}
  0x00000126e1aa811c: 48bb 487b | 4680 2601 

  0x00000126e1aa8124: ;   {runtime_call I2C/C2I adapters}
  0x00000126e1aa8124: 0000 e938 

  0x00000126e1aa8128: ;   {static_stub}
  0x00000126e1aa8128: bdfa 0648 | bb00 0000 | 0000 0000 

  0x00000126e1aa8134: ;   {runtime_call nmethod}
  0x00000126e1aa8134: 00e9 fbff 

  0x00000126e1aa8138: ;   {static_stub}
  0x00000126e1aa8138: ffff 48bb | 0000 0000 | 0000 0000 

  0x00000126e1aa8144: ;   {runtime_call nmethod}
  0x00000126e1aa8144: e9fb ffff 

  0x00000126e1aa8148: ;   {runtime_call handle_exception_from_callee Runtime1 stub}
  0x00000126e1aa8148: ffe8 b2d3 

  0x00000126e1aa814c: ;   {external_word}
  0x00000126e1aa814c: 0707 48b9 | 5063 5d10 | fe7f 0000 | 4883 e4f0 

  0x00000126e1aa815c: ;   {runtime_call}
  0x00000126e1aa815c: 48b8 c0c9 | 1f10 fe7f | 0000 ffd0 

  0x00000126e1aa8168: ;   {section_word}
  0x00000126e1aa8168: f449 ba69 | 81aa e126 | 0100 0041 

  0x00000126e1aa8174: ;   {runtime_call DeoptimizationBlob}
  0x00000126e1aa8174: 52e9 a6fc | fa06 f4f4 | f4f4 f4f4 
[/MachCode]


---------------  P R O C E S S  ---------------

Threads class SMR info:
_java_thread_list=0x00000126fae1e000, length=32, elements={
0x00000126de2d1e00, 0x00000126f3c84ea0, 0x00000126f3c86620, 0x00000126f3c89190,
0x00000126f3c8dc10, 0x00000126f3c8e670, 0x00000126f8000470, 0x00000126f8001200,
0x00000126f8026450, 0x00000126f82a6960, 0x00000126f82d9150, 0x00000126f993d370,
0x00000126f993edb0, 0x00000126f993da00, 0x00000126f993fad0, 0x00000126f993e720,
0x00000126f993cce0, 0x00000126f993f440, 0x00000126f993c650, 0x00000126f9050180,
0x00000126f904f460, 0x00000126f904faf0, 0x00000126f9050810, 0x00000126f9050ea0,
0x00000126f9051530, 0x00000126f9052250, 0x00000126f904edd0, 0x00000126f90528e0,
0x00000126f9052f70, 0x00000126f9053600, 0x00000126f9053c90, 0x00000126f9054320
}

Java Threads: ( => current thread )
  0x00000126de2d1e00 JavaThread "main"                              [_thread_blocked, id=9576, stack(0x0000001941f00000,0x0000001942000000) (1024K)]
  0x00000126f3c84ea0 JavaThread "Reference Handler"          daemon [_thread_blocked, id=34808, stack(0x0000001942700000,0x0000001942800000) (1024K)]
  0x00000126f3c86620 JavaThread "Finalizer"                  daemon [_thread_blocked, id=25824, stack(0x0000001942800000,0x0000001942900000) (1024K)]
  0x00000126f3c89190 JavaThread "Signal Dispatcher"          daemon [_thread_blocked, id=30232, stack(0x0000001942900000,0x0000001942a00000) (1024K)]
  0x00000126f3c8dc10 JavaThread "Attach Listener"            daemon [_thread_blocked, id=7192, stack(0x0000001942a00000,0x0000001942b00000) (1024K)]
  0x00000126f3c8e670 JavaThread "Service Thread"             daemon [_thread_blocked, id=25668, stack(0x0000001942b00000,0x0000001942c00000) (1024K)]
  0x00000126f8000470 JavaThread "Monitor Deflation Thread"   daemon [_thread_blocked, id=29116, stack(0x0000001942c00000,0x0000001942d00000) (1024K)]
  0x00000126f8001200 JavaThread "C2 CompilerThread0"         daemon [_thread_blocked, id=16868, stack(0x0000001942d00000,0x0000001942e00000) (1024K)]
  0x00000126f8026450 JavaThread "C1 CompilerThread0"         daemon [_thread_blocked, id=31452, stack(0x0000001942e00000,0x0000001942f00000) (1024K)]
  0x00000126f82a6960 JavaThread "Common-Cleaner"             daemon [_thread_blocked, id=33812, stack(0x0000001942f00000,0x0000001943000000) (1024K)]
  0x00000126f82d9150 JavaThread "Notification Thread"        daemon [_thread_blocked, id=32776, stack(0x0000001943000000,0x0000001943100000) (1024K)]
  0x00000126f993d370 JavaThread "Daemon health stats"               [_thread_blocked, id=18300, stack(0x0000001943600000,0x0000001943700000) (1024K)]
  0x00000126f993edb0 JavaThread "Incoming local TCP Connector on port 65025"        [_thread_in_native, id=19416, stack(0x0000001941c00000,0x0000001941d00000) (1024K)]
  0x00000126f993da00 JavaThread "Daemon periodic checks"            [_thread_blocked, id=28836, stack(0x0000001941e00000,0x0000001941f00000) (1024K)]
  0x00000126f993fad0 JavaThread "Daemon"                            [_thread_blocked, id=28704, stack(0x0000001943800000,0x0000001943900000) (1024K)]
  0x00000126f993e720 JavaThread "Handler for socket connection from /127.0.0.1:65025 to /127.0.0.1:54509"        [_thread_in_native, id=5072, stack(0x0000001943900000,0x0000001943a00000) (1024K)]
  0x00000126f993cce0 JavaThread "Cancel handler"                    [_thread_blocked, id=13596, stack(0x0000001943a00000,0x0000001943b00000) (1024K)]
=>0x00000126f993f440 JavaThread "Daemon worker"                     [_thread_in_vm, id=33328, stack(0x0000001943b00000,0x0000001943c00000) (1024K)]
  0x00000126f993c650 JavaThread "Asynchronous log dispatcher for DefaultDaemonConnection: socket connection from /127.0.0.1:65025 to /127.0.0.1:54509"        [_thread_blocked, id=31728, stack(0x0000001943c00000,0x0000001943d00000) (1024K)]
  0x00000126f9050180 JavaThread "Stdin handler"                     [_thread_blocked, id=21772, stack(0x0000001943d00000,0x0000001943e00000) (1024K)]
  0x00000126f904f460 JavaThread "Daemon client event forwarder"        [_thread_blocked, id=26556, stack(0x0000001943e00000,0x0000001943f00000) (1024K)]
  0x00000126f904faf0 JavaThread "Cache worker for journal cache (C:\Users\user\.gradle\caches\journal-1)"        [_thread_blocked, id=16960, stack(0x0000001943f00000,0x0000001944000000) (1024K)]
  0x00000126f9050810 JavaThread "File lock request listener"        [_thread_in_native, id=14272, stack(0x0000001944000000,0x0000001944100000) (1024K)]
  0x00000126f9050ea0 JavaThread "File lock release action executor"        [_thread_blocked, id=18696, stack(0x0000001944200000,0x0000001944300000) (1024K)]
  0x00000126f9051530 JavaThread "Cache worker for file hash cache (C:\Users\user\.gradle\caches\9.5.1\fileHashes)"        [_thread_blocked, id=28760, stack(0x0000001944100000,0x0000001944200000) (1024K)]
  0x00000126f9052250 JavaThread "Cache worker for file hash cache (C:\2026_spring\.gradle\9.5.1\fileHashes)"        [_thread_blocked, id=31720, stack(0x0000001944600000,0x0000001944700000) (1024K)]
  0x00000126f904edd0 JavaThread "Cache worker for Build Output Cleanup Cache (C:\2026_spring\.gradle\buildOutputCleanup)"        [_thread_blocked, id=30140, stack(0x0000001944700000,0x0000001944800000) (1024K)]
  0x00000126f90528e0 JavaThread "File watcher server"        daemon [_thread_in_native, id=22816, stack(0x0000001941d00000,0x0000001941e00000) (1024K)]
  0x00000126f9052f70 JavaThread "File watcher consumer"      daemon [_thread_blocked, id=10220, stack(0x0000001943700000,0x0000001943800000) (1024K)]
  0x00000126f9053600 JavaThread "Cache worker for file content cache (C:\Users\user\.gradle\caches\9.5.1\fileContent)"        [_thread_blocked, id=23968, stack(0x0000001944800000,0x0000001944900000) (1024K)]
  0x00000126f9053c90 JavaThread "Cache worker for checksums cache (C:\2026_spring\.gradle\9.5.1\checksums)"        [_thread_blocked, id=36964, stack(0x0000001944900000,0x0000001944a00000) (1024K)]
  0x00000126f9054320 JavaThread "Cache worker for cache directory md-supplier (C:\Users\user\.gradle\caches\9.5.1\md-supplier)"        [_thread_blocked, id=37136, stack(0x0000001944a00000,0x0000001944b00000) (1024K)]
Total: 32

Other Threads:
  0x00000126f3c65d70 VMThread "VM Thread"                           [id=7344, stack(0x0000001942600000,0x0000001942700000) (1024K)] _threads_hazard_ptr=0x00000126fae1e000
  0x00000126f3c56ed0 WatcherThread "VM Periodic Task Thread"        [id=28208, stack(0x0000001942500000,0x0000001942600000) (1024K)]
  0x00000126de2fcf30 WorkerThread "GC Thread#0"                     [id=18968, stack(0x0000001942000000,0x0000001942100000) (1024K)]
  0x00000126f85a8da0 WorkerThread "GC Thread#1"                     [id=10108, stack(0x0000001943100000,0x0000001943200000) (1024K)]
  0x00000126f85a9150 WorkerThread "GC Thread#2"                     [id=18176, stack(0x0000001943200000,0x0000001943300000) (1024K)]
  0x00000126f84f1d80 WorkerThread "GC Thread#3"                     [id=29452, stack(0x0000001943300000,0x0000001943400000) (1024K)]
  0x00000126f84f2130 WorkerThread "GC Thread#4"                     [id=28356, stack(0x0000001943400000,0x0000001943500000) (1024K)]
  0x00000126f8652970 WorkerThread "GC Thread#5"                     [id=36548, stack(0x0000001943500000,0x0000001943600000) (1024K)]
  0x00000126fb4937d0 WorkerThread "GC Thread#6"                     [id=18512, stack(0x0000001944300000,0x0000001944400000) (1024K)]
  0x00000126fb496410 WorkerThread "GC Thread#7"                     [id=17336, stack(0x0000001944400000,0x0000001944500000) (1024K)]
  0x00000126de302640 ConcurrentGCThread "G1 Main Marker"            [id=12588, stack(0x0000001942100000,0x0000001942200000) (1024K)]
  0x00000126de303060 WorkerThread "G1 Conc#0"                       [id=25060, stack(0x0000001942200000,0x0000001942300000) (1024K)]
  0x00000126fb4951a0 WorkerThread "G1 Conc#1"                       [id=29216, stack(0x0000001944500000,0x0000001944600000) (1024K)]
  0x00000126f3b255f0 ConcurrentGCThread "G1 Refine#0"               [id=30176, stack(0x0000001942300000,0x0000001942400000) (1024K)]
  0x00000126f3b25f80 ConcurrentGCThread "G1 Service"                [id=9788, stack(0x0000001942400000,0x0000001942500000) (1024K)]
Total: 15

Threads with active compile tasks:
Total: 0

VM state: synchronizing (normal execution)

VM Mutex/Monitor currently owned by a thread:  ([mutex/lock_event])
[0x00007ffe1088d530] Metaspace_lock - owner thread: 0x00000126f993f440
[0x00007ffe1088f5b0] Threads_lock - owner thread: 0x00000126f3c65d70

Heap address: 0x00000000e0000000, size: 512 MB, Compressed Oops mode: 32-bit

CDS archive(s) mapped at: [0x0000012680000000-0x0000012680ba0000-0x0000012680ba0000), size 12189696, SharedBaseAddress: 0x0000012680000000, ArchiveRelocationMode: 1.
Compressed class space mapped at: 0x0000012681000000-0x0000012695000000, reserved size: 335544320
Narrow klass base: 0x0000012680000000, Narrow klass shift: 0, Narrow klass range: 0x100000000

GC Precious Log:
 CardTable entry size: 512
 Card Set container configuration: InlinePtr #cards 5 size 8 Array Of Cards #cards 12 size 40 Howl #buckets 4 coarsen threshold 1843 Howl Bitmap #cards 512 size 80 coarsen threshold 460 Card regions per heap region 1 cards per card region 2048
 CPUs: 8 total, 8 available
 Memory: 16107M
 Large Page Support: Disabled
 NUMA Support: Disabled
 Compressed Oops: Enabled (32-bit)
 Heap Region Size: 1M
 Heap Min Capacity: 256M
 Heap Initial Capacity: 256M
 Heap Max Capacity: 512M
 Pre-touch: Disabled
 Parallel Workers: 8
 Concurrent Workers: 2
 Concurrent Refinement Workers: 8
 Periodic GC: Disabled

Heap:
 garbage-first heap   total 262144K, used 99020K [0x00000000e0000000, 0x0000000100000000)
  region size 1024K, 86 young (88064K), 12 survivors (12288K)
 Metaspace       used 30107K, committed 31360K, reserved 393216K
  class space    used 4502K, committed 5120K, reserved 327680K

Heap Regions: E=young(eden), S=young(survivor), O=old, HS=humongous(starts), HC=humongous(continues), CS=collection set, F=free, TAMS=top-at-mark-start, PB=parsable bottom
|   0|0x00000000e0000000, 0x00000000e0100000, 0x00000000e0100000|100%|HS|  |TAMS 0x00000000e0000000| PB 0x00000000e0000000| Complete 
|   1|0x00000000e0100000, 0x00000000e0200000, 0x00000000e0200000|100%|HC|  |TAMS 0x00000000e0100000| PB 0x00000000e0100000| Complete 
|   2|0x00000000e0200000, 0x00000000e0300000, 0x00000000e0300000|100%|HC|  |TAMS 0x00000000e0200000| PB 0x00000000e0200000| Complete 
|   3|0x00000000e0300000, 0x00000000e0400000, 0x00000000e0400000|100%|HC|  |TAMS 0x00000000e0300000| PB 0x00000000e0300000| Complete 
|   4|0x00000000e0400000, 0x00000000e0500000, 0x00000000e0500000|100%| O|  |TAMS 0x00000000e0400000| PB 0x00000000e0400000| Untracked 
|   5|0x00000000e0500000, 0x00000000e0600000, 0x00000000e0600000|100%| O|  |TAMS 0x00000000e0500000| PB 0x00000000e0500000| Untracked 
|   6|0x00000000e0600000, 0x00000000e0700000, 0x00000000e0700000|100%| O|Cm|TAMS 0x00000000e0600000| PB 0x00000000e0600000| Complete 
|   7|0x00000000e0700000, 0x00000000e0800000, 0x00000000e0800000|100%| O|  |TAMS 0x00000000e0700000| PB 0x00000000e0700000| Untracked 
|   8|0x00000000e0800000, 0x00000000e0900000, 0x00000000e0900000|100%|HS|  |TAMS 0x00000000e0800000| PB 0x00000000e0800000| Complete 
|   9|0x00000000e0900000, 0x00000000e0900000, 0x00000000e0a00000|  0%| F|  |TAMS 0x00000000e0900000| PB 0x00000000e0900000| Untracked 
|  10|0x00000000e0a00000, 0x00000000e0b00000, 0x00000000e0b00000|100%| O|  |TAMS 0x00000000e0a00000| PB 0x00000000e0a00000| Untracked 
|  11|0x00000000e0b00000, 0x00000000e0c00000, 0x00000000e0c00000|100%| O|  |TAMS 0x00000000e0b00000| PB 0x00000000e0b00000| Untracked 
|  12|0x00000000e0c00000, 0x00000000e0d00000, 0x00000000e0d00000|100%| O|  |TAMS 0x00000000e0c00000| PB 0x00000000e0c00000| Untracked 
|  13|0x00000000e0d00000, 0x00000000e0d04010, 0x00000000e0e00000|  1%| O|  |TAMS 0x00000000e0d00000| PB 0x00000000e0d00000| Untracked 
|  14|0x00000000e0e00000, 0x00000000e0e00000, 0x00000000e0f00000|  0%| F|  |TAMS 0x00000000e0e00000| PB 0x00000000e0e00000| Untracked 
|  15|0x00000000e0f00000, 0x00000000e0f00000, 0x00000000e1000000|  0%| F|  |TAMS 0x00000000e0f00000| PB 0x00000000e0f00000| Untracked 
|  16|0x00000000e1000000, 0x00000000e1000000, 0x00000000e1100000|  0%| F|  |TAMS 0x00000000e1000000| PB 0x00000000e1000000| Untracked 
|  17|0x00000000e1100000, 0x00000000e1100000, 0x00000000e1200000|  0%| F|  |TAMS 0x00000000e1100000| PB 0x00000000e1100000| Untracked 
|  18|0x00000000e1200000, 0x00000000e1200000, 0x00000000e1300000|  0%| F|  |TAMS 0x00000000e1200000| PB 0x00000000e1200000| Untracked 
|  19|0x00000000e1300000, 0x00000000e1300000, 0x00000000e1400000|  0%| F|  |TAMS 0x00000000e1300000| PB 0x00000000e1300000| Untracked 
|  20|0x00000000e1400000, 0x00000000e1400000, 0x00000000e1500000|  0%| F|  |TAMS 0x00000000e1400000| PB 0x00000000e1400000| Untracked 
|  21|0x00000000e1500000, 0x00000000e1500000, 0x00000000e1600000|  0%| F|  |TAMS 0x00000000e1500000| PB 0x00000000e1500000| Untracked 
|  22|0x00000000e1600000, 0x00000000e1600000, 0x00000000e1700000|  0%| F|  |TAMS 0x00000000e1600000| PB 0x00000000e1600000| Untracked 
|  23|0x00000000e1700000, 0x00000000e1700000, 0x00000000e1800000|  0%| F|  |TAMS 0x00000000e1700000| PB 0x00000000e1700000| Untracked 
|  24|0x00000000e1800000, 0x00000000e1800000, 0x00000000e1900000|  0%| F|  |TAMS 0x00000000e1800000| PB 0x00000000e1800000| Untracked 
|  25|0x00000000e1900000, 0x00000000e1900000, 0x00000000e1a00000|  0%| F|  |TAMS 0x00000000e1900000| PB 0x00000000e1900000| Untracked 
|  26|0x00000000e1a00000, 0x00000000e1a00000, 0x00000000e1b00000|  0%| F|  |TAMS 0x00000000e1a00000| PB 0x00000000e1a00000| Untracked 
|  27|0x00000000e1b00000, 0x00000000e1b00000, 0x00000000e1c00000|  0%| F|  |TAMS 0x00000000e1b00000| PB 0x00000000e1b00000| Untracked 
|  28|0x00000000e1c00000, 0x00000000e1c00000, 0x00000000e1d00000|  0%| F|  |TAMS 0x00000000e1c00000| PB 0x00000000e1c00000| Untracked 
|  29|0x00000000e1d00000, 0x00000000e1d00000, 0x00000000e1e00000|  0%| F|  |TAMS 0x00000000e1d00000| PB 0x00000000e1d00000| Untracked 
|  30|0x00000000e1e00000, 0x00000000e1e00000, 0x00000000e1f00000|  0%| F|  |TAMS 0x00000000e1e00000| PB 0x00000000e1e00000| Untracked 
|  31|0x00000000e1f00000, 0x00000000e1f00000, 0x00000000e2000000|  0%| F|  |TAMS 0x00000000e1f00000| PB 0x00000000e1f00000| Untracked 
|  32|0x00000000e2000000, 0x00000000e2000000, 0x00000000e2100000|  0%| F|  |TAMS 0x00000000e2000000| PB 0x00000000e2000000| Untracked 
|  33|0x00000000e2100000, 0x00000000e2100000, 0x00000000e2200000|  0%| F|  |TAMS 0x00000000e2100000| PB 0x00000000e2100000| Untracked 
|  34|0x00000000e2200000, 0x00000000e2200000, 0x00000000e2300000|  0%| F|  |TAMS 0x00000000e2200000| PB 0x00000000e2200000| Untracked 
|  35|0x00000000e2300000, 0x00000000e2300000, 0x00000000e2400000|  0%| F|  |TAMS 0x00000000e2300000| PB 0x00000000e2300000| Untracked 
|  36|0x00000000e2400000, 0x00000000e2400000, 0x00000000e2500000|  0%| F|  |TAMS 0x00000000e2400000| PB 0x00000000e2400000| Untracked 
|  37|0x00000000e2500000, 0x00000000e2500000, 0x00000000e2600000|  0%| F|  |TAMS 0x00000000e2500000| PB 0x00000000e2500000| Untracked 
|  38|0x00000000e2600000, 0x00000000e2600000, 0x00000000e2700000|  0%| F|  |TAMS 0x00000000e2600000| PB 0x00000000e2600000| Untracked 
|  39|0x00000000e2700000, 0x00000000e2700000, 0x00000000e2800000|  0%| F|  |TAMS 0x00000000e2700000| PB 0x00000000e2700000| Untracked 
|  40|0x00000000e2800000, 0x00000000e2800000, 0x00000000e2900000|  0%| F|  |TAMS 0x00000000e2800000| PB 0x00000000e2800000| Untracked 
|  41|0x00000000e2900000, 0x00000000e2900000, 0x00000000e2a00000|  0%| F|  |TAMS 0x00000000e2900000| PB 0x00000000e2900000| Untracked 
|  42|0x00000000e2a00000, 0x00000000e2a00000, 0x00000000e2b00000|  0%| F|  |TAMS 0x00000000e2a00000| PB 0x00000000e2a00000| Untracked 
|  43|0x00000000e2b00000, 0x00000000e2b00000, 0x00000000e2c00000|  0%| F|  |TAMS 0x00000000e2b00000| PB 0x00000000e2b00000| Untracked 
|  44|0x00000000e2c00000, 0x00000000e2c00000, 0x00000000e2d00000|  0%| F|  |TAMS 0x00000000e2c00000| PB 0x00000000e2c00000| Untracked 
|  45|0x00000000e2d00000, 0x00000000e2d00000, 0x00000000e2e00000|  0%| F|  |TAMS 0x00000000e2d00000| PB 0x00000000e2d00000| Untracked 
|  46|0x00000000e2e00000, 0x00000000e2e00000, 0x00000000e2f00000|  0%| F|  |TAMS 0x00000000e2e00000| PB 0x00000000e2e00000| Untracked 
|  47|0x00000000e2f00000, 0x00000000e2f00000, 0x00000000e3000000|  0%| F|  |TAMS 0x00000000e2f00000| PB 0x00000000e2f00000| Untracked 
|  48|0x00000000e3000000, 0x00000000e3000000, 0x00000000e3100000|  0%| F|  |TAMS 0x00000000e3000000| PB 0x00000000e3000000| Untracked 
|  49|0x00000000e3100000, 0x00000000e3100000, 0x00000000e3200000|  0%| F|  |TAMS 0x00000000e3100000| PB 0x00000000e3100000| Untracked 
|  50|0x00000000e3200000, 0x00000000e3200000, 0x00000000e3300000|  0%| F|  |TAMS 0x00000000e3200000| PB 0x00000000e3200000| Untracked 
|  51|0x00000000e3300000, 0x00000000e3300000, 0x00000000e3400000|  0%| F|  |TAMS 0x00000000e3300000| PB 0x00000000e3300000| Untracked 
|  52|0x00000000e3400000, 0x00000000e3400000, 0x00000000e3500000|  0%| F|  |TAMS 0x00000000e3400000| PB 0x00000000e3400000| Untracked 
|  53|0x00000000e3500000, 0x00000000e3500000, 0x00000000e3600000|  0%| F|  |TAMS 0x00000000e3500000| PB 0x00000000e3500000| Untracked 
|  54|0x00000000e3600000, 0x00000000e3600000, 0x00000000e3700000|  0%| F|  |TAMS 0x00000000e3600000| PB 0x00000000e3600000| Untracked 
|  55|0x00000000e3700000, 0x00000000e3700000, 0x00000000e3800000|  0%| F|  |TAMS 0x00000000e3700000| PB 0x00000000e3700000| Untracked 
|  56|0x00000000e3800000, 0x00000000e3800000, 0x00000000e3900000|  0%| F|  |TAMS 0x00000000e3800000| PB 0x00000000e3800000| Untracked 
|  57|0x00000000e3900000, 0x00000000e3900000, 0x00000000e3a00000|  0%| F|  |TAMS 0x00000000e3900000| PB 0x00000000e3900000| Untracked 
|  58|0x00000000e3a00000, 0x00000000e3a00000, 0x00000000e3b00000|  0%| F|  |TAMS 0x00000000e3a00000| PB 0x00000000e3a00000| Untracked 
|  59|0x00000000e3b00000, 0x00000000e3b00000, 0x00000000e3c00000|  0%| F|  |TAMS 0x00000000e3b00000| PB 0x00000000e3b00000| Untracked 
|  60|0x00000000e3c00000, 0x00000000e3c00000, 0x00000000e3d00000|  0%| F|  |TAMS 0x00000000e3c00000| PB 0x00000000e3c00000| Untracked 
|  61|0x00000000e3d00000, 0x00000000e3d00000, 0x00000000e3e00000|  0%| F|  |TAMS 0x00000000e3d00000| PB 0x00000000e3d00000| Untracked 
|  62|0x00000000e3e00000, 0x00000000e3e00000, 0x00000000e3f00000|  0%| F|  |TAMS 0x00000000e3e00000| PB 0x00000000e3e00000| Untracked 
|  63|0x00000000e3f00000, 0x00000000e3f00000, 0x00000000e4000000|  0%| F|  |TAMS 0x00000000e3f00000| PB 0x00000000e3f00000| Untracked 
|  64|0x00000000e4000000, 0x00000000e4000000, 0x00000000e4100000|  0%| F|  |TAMS 0x00000000e4000000| PB 0x00000000e4000000| Untracked 
|  65|0x00000000e4100000, 0x00000000e4100000, 0x00000000e4200000|  0%| F|  |TAMS 0x00000000e4100000| PB 0x00000000e4100000| Untracked 
|  66|0x00000000e4200000, 0x00000000e4200000, 0x00000000e4300000|  0%| F|  |TAMS 0x00000000e4200000| PB 0x00000000e4200000| Untracked 
|  67|0x00000000e4300000, 0x00000000e4300000, 0x00000000e4400000|  0%| F|  |TAMS 0x00000000e4300000| PB 0x00000000e4300000| Untracked 
|  68|0x00000000e4400000, 0x00000000e4400000, 0x00000000e4500000|  0%| F|  |TAMS 0x00000000e4400000| PB 0x00000000e4400000| Untracked 
|  69|0x00000000e4500000, 0x00000000e4500000, 0x00000000e4600000|  0%| F|  |TAMS 0x00000000e4500000| PB 0x00000000e4500000| Untracked 
|  70|0x00000000e4600000, 0x00000000e4600000, 0x00000000e4700000|  0%| F|  |TAMS 0x00000000e4600000| PB 0x00000000e4600000| Untracked 
|  71|0x00000000e4700000, 0x00000000e4700000, 0x00000000e4800000|  0%| F|  |TAMS 0x00000000e4700000| PB 0x00000000e4700000| Untracked 
|  72|0x00000000e4800000, 0x00000000e4800000, 0x00000000e4900000|  0%| F|  |TAMS 0x00000000e4800000| PB 0x00000000e4800000| Untracked 
|  73|0x00000000e4900000, 0x00000000e4900000, 0x00000000e4a00000|  0%| F|  |TAMS 0x00000000e4900000| PB 0x00000000e4900000| Untracked 
|  74|0x00000000e4a00000, 0x00000000e4a00000, 0x00000000e4b00000|  0%| F|  |TAMS 0x00000000e4a00000| PB 0x00000000e4a00000| Untracked 
|  75|0x00000000e4b00000, 0x00000000e4b00000, 0x00000000e4c00000|  0%| F|  |TAMS 0x00000000e4b00000| PB 0x00000000e4b00000| Untracked 
|  76|0x00000000e4c00000, 0x00000000e4c00000, 0x00000000e4d00000|  0%| F|  |TAMS 0x00000000e4c00000| PB 0x00000000e4c00000| Untracked 
|  77|0x00000000e4d00000, 0x00000000e4d00000, 0x00000000e4e00000|  0%| F|  |TAMS 0x00000000e4d00000| PB 0x00000000e4d00000| Untracked 
|  78|0x00000000e4e00000, 0x00000000e4e00000, 0x00000000e4f00000|  0%| F|  |TAMS 0x00000000e4e00000| PB 0x00000000e4e00000| Untracked 
|  79|0x00000000e4f00000, 0x00000000e4f00000, 0x00000000e5000000|  0%| F|  |TAMS 0x00000000e4f00000| PB 0x00000000e4f00000| Untracked 
|  80|0x00000000e5000000, 0x00000000e5000000, 0x00000000e5100000|  0%| F|  |TAMS 0x00000000e5000000| PB 0x00000000e5000000| Untracked 
|  81|0x00000000e5100000, 0x00000000e5100000, 0x00000000e5200000|  0%| F|  |TAMS 0x00000000e5100000| PB 0x00000000e5100000| Untracked 
|  82|0x00000000e5200000, 0x00000000e5200000, 0x00000000e5300000|  0%| F|  |TAMS 0x00000000e5200000| PB 0x00000000e5200000| Untracked 
|  83|0x00000000e5300000, 0x00000000e5300000, 0x00000000e5400000|  0%| F|  |TAMS 0x00000000e5300000| PB 0x00000000e5300000| Untracked 
|  84|0x00000000e5400000, 0x00000000e5400000, 0x00000000e5500000|  0%| F|  |TAMS 0x00000000e5400000| PB 0x00000000e5400000| Untracked 
|  85|0x00000000e5500000, 0x00000000e5500000, 0x00000000e5600000|  0%| F|  |TAMS 0x00000000e5500000| PB 0x00000000e5500000| Untracked 
|  86|0x00000000e5600000, 0x00000000e5600000, 0x00000000e5700000|  0%| F|  |TAMS 0x00000000e5600000| PB 0x00000000e5600000| Untracked 
|  87|0x00000000e5700000, 0x00000000e5700000, 0x00000000e5800000|  0%| F|  |TAMS 0x00000000e5700000| PB 0x00000000e5700000| Untracked 
|  88|0x00000000e5800000, 0x00000000e5800000, 0x00000000e5900000|  0%| F|  |TAMS 0x00000000e5800000| PB 0x00000000e5800000| Untracked 
|  89|0x00000000e5900000, 0x00000000e5900000, 0x00000000e5a00000|  0%| F|  |TAMS 0x00000000e5900000| PB 0x00000000e5900000| Untracked 
|  90|0x00000000e5a00000, 0x00000000e5a00000, 0x00000000e5b00000|  0%| F|  |TAMS 0x00000000e5a00000| PB 0x00000000e5a00000| Untracked 
|  91|0x00000000e5b00000, 0x00000000e5b00000, 0x00000000e5c00000|  0%| F|  |TAMS 0x00000000e5b00000| PB 0x00000000e5b00000| Untracked 
|  92|0x00000000e5c00000, 0x00000000e5c00000, 0x00000000e5d00000|  0%| F|  |TAMS 0x00000000e5c00000| PB 0x00000000e5c00000| Untracked 
|  93|0x00000000e5d00000, 0x00000000e5d00000, 0x00000000e5e00000|  0%| F|  |TAMS 0x00000000e5d00000| PB 0x00000000e5d00000| Untracked 
|  94|0x00000000e5e00000, 0x00000000e5e00000, 0x00000000e5f00000|  0%| F|  |TAMS 0x00000000e5e00000| PB 0x00000000e5e00000| Untracked 
|  95|0x00000000e5f00000, 0x00000000e5f00000, 0x00000000e6000000|  0%| F|  |TAMS 0x00000000e5f00000| PB 0x00000000e5f00000| Untracked 
|  96|0x00000000e6000000, 0x00000000e6000000, 0x00000000e6100000|  0%| F|  |TAMS 0x00000000e6000000| PB 0x00000000e6000000| Untracked 
|  97|0x00000000e6100000, 0x00000000e6100000, 0x00000000e6200000|  0%| F|  |TAMS 0x00000000e6100000| PB 0x00000000e6100000| Untracked 
|  98|0x00000000e6200000, 0x00000000e6200000, 0x00000000e6300000|  0%| F|  |TAMS 0x00000000e6200000| PB 0x00000000e6200000| Untracked 
|  99|0x00000000e6300000, 0x00000000e6300000, 0x00000000e6400000|  0%| F|  |TAMS 0x00000000e6300000| PB 0x00000000e6300000| Untracked 
| 100|0x00000000e6400000, 0x00000000e6400000, 0x00000000e6500000|  0%| F|  |TAMS 0x00000000e6400000| PB 0x00000000e6400000| Untracked 
| 101|0x00000000e6500000, 0x00000000e6500000, 0x00000000e6600000|  0%| F|  |TAMS 0x00000000e6500000| PB 0x00000000e6500000| Untracked 
| 102|0x00000000e6600000, 0x00000000e6600000, 0x00000000e6700000|  0%| F|  |TAMS 0x00000000e6600000| PB 0x00000000e6600000| Untracked 
| 103|0x00000000e6700000, 0x00000000e6700000, 0x00000000e6800000|  0%| F|  |TAMS 0x00000000e6700000| PB 0x00000000e6700000| Untracked 
| 104|0x00000000e6800000, 0x00000000e6800000, 0x00000000e6900000|  0%| F|  |TAMS 0x00000000e6800000| PB 0x00000000e6800000| Untracked 
| 105|0x00000000e6900000, 0x00000000e6900000, 0x00000000e6a00000|  0%| F|  |TAMS 0x00000000e6900000| PB 0x00000000e6900000| Untracked 
| 106|0x00000000e6a00000, 0x00000000e6a00000, 0x00000000e6b00000|  0%| F|  |TAMS 0x00000000e6a00000| PB 0x00000000e6a00000| Untracked 
| 107|0x00000000e6b00000, 0x00000000e6b00000, 0x00000000e6c00000|  0%| F|  |TAMS 0x00000000e6b00000| PB 0x00000000e6b00000| Untracked 
| 108|0x00000000e6c00000, 0x00000000e6c00000, 0x00000000e6d00000|  0%| F|  |TAMS 0x00000000e6c00000| PB 0x00000000e6c00000| Untracked 
| 109|0x00000000e6d00000, 0x00000000e6d00000, 0x00000000e6e00000|  0%| F|  |TAMS 0x00000000e6d00000| PB 0x00000000e6d00000| Untracked 
| 110|0x00000000e6e00000, 0x00000000e6e00000, 0x00000000e6f00000|  0%| F|  |TAMS 0x00000000e6e00000| PB 0x00000000e6e00000| Untracked 
| 111|0x00000000e6f00000, 0x00000000e6f00000, 0x00000000e7000000|  0%| F|  |TAMS 0x00000000e6f00000| PB 0x00000000e6f00000| Untracked 
| 112|0x00000000e7000000, 0x00000000e7000000, 0x00000000e7100000|  0%| F|  |TAMS 0x00000000e7000000| PB 0x00000000e7000000| Untracked 
| 113|0x00000000e7100000, 0x00000000e7100000, 0x00000000e7200000|  0%| F|  |TAMS 0x00000000e7100000| PB 0x00000000e7100000| Untracked 
| 114|0x00000000e7200000, 0x00000000e7200000, 0x00000000e7300000|  0%| F|  |TAMS 0x00000000e7200000| PB 0x00000000e7200000| Untracked 
| 115|0x00000000e7300000, 0x00000000e7300000, 0x00000000e7400000|  0%| F|  |TAMS 0x00000000e7300000| PB 0x00000000e7300000| Untracked 
| 116|0x00000000e7400000, 0x00000000e7400000, 0x00000000e7500000|  0%| F|  |TAMS 0x00000000e7400000| PB 0x00000000e7400000| Untracked 
| 117|0x00000000e7500000, 0x00000000e7500000, 0x00000000e7600000|  0%| F|  |TAMS 0x00000000e7500000| PB 0x00000000e7500000| Untracked 
| 118|0x00000000e7600000, 0x00000000e7600000, 0x00000000e7700000|  0%| F|  |TAMS 0x00000000e7600000| PB 0x00000000e7600000| Untracked 
| 119|0x00000000e7700000, 0x00000000e7700000, 0x00000000e7800000|  0%| F|  |TAMS 0x00000000e7700000| PB 0x00000000e7700000| Untracked 
| 120|0x00000000e7800000, 0x00000000e7800000, 0x00000000e7900000|  0%| F|  |TAMS 0x00000000e7800000| PB 0x00000000e7800000| Untracked 
| 121|0x00000000e7900000, 0x00000000e7900000, 0x00000000e7a00000|  0%| F|  |TAMS 0x00000000e7900000| PB 0x00000000e7900000| Untracked 
| 122|0x00000000e7a00000, 0x00000000e7a00000, 0x00000000e7b00000|  0%| F|  |TAMS 0x00000000e7a00000| PB 0x00000000e7a00000| Untracked 
| 123|0x00000000e7b00000, 0x00000000e7b00000, 0x00000000e7c00000|  0%| F|  |TAMS 0x00000000e7b00000| PB 0x00000000e7b00000| Untracked 
| 124|0x00000000e7c00000, 0x00000000e7c00000, 0x00000000e7d00000|  0%| F|  |TAMS 0x00000000e7c00000| PB 0x00000000e7c00000| Untracked 
| 125|0x00000000e7d00000, 0x00000000e7d00000, 0x00000000e7e00000|  0%| F|  |TAMS 0x00000000e7d00000| PB 0x00000000e7d00000| Untracked 
| 126|0x00000000e7e00000, 0x00000000e7e00000, 0x00000000e7f00000|  0%| F|  |TAMS 0x00000000e7e00000| PB 0x00000000e7e00000| Untracked 
| 127|0x00000000e7f00000, 0x00000000e7f00000, 0x00000000e8000000|  0%| F|  |TAMS 0x00000000e7f00000| PB 0x00000000e7f00000| Untracked 
| 128|0x00000000e8000000, 0x00000000e8000000, 0x00000000e8100000|  0%| F|  |TAMS 0x00000000e8000000| PB 0x00000000e8000000| Untracked 
| 129|0x00000000e8100000, 0x00000000e8100000, 0x00000000e8200000|  0%| F|  |TAMS 0x00000000e8100000| PB 0x00000000e8100000| Untracked 
| 130|0x00000000e8200000, 0x00000000e82af320, 0x00000000e8300000| 68%| S|CS|TAMS 0x00000000e8200000| PB 0x00000000e8200000| Complete 
| 131|0x00000000e8300000, 0x00000000e8400000, 0x00000000e8400000|100%| S|CS|TAMS 0x00000000e8300000| PB 0x00000000e8300000| Complete 
| 132|0x00000000e8400000, 0x00000000e8500000, 0x00000000e8500000|100%| S|CS|TAMS 0x00000000e8400000| PB 0x00000000e8400000| Complete 
| 133|0x00000000e8500000, 0x00000000e8600000, 0x00000000e8600000|100%| S|CS|TAMS 0x00000000e8500000| PB 0x00000000e8500000| Complete 
| 134|0x00000000e8600000, 0x00000000e8700000, 0x00000000e8700000|100%| S|CS|TAMS 0x00000000e8600000| PB 0x00000000e8600000| Complete 
| 135|0x00000000e8700000, 0x00000000e8800000, 0x00000000e8800000|100%| S|CS|TAMS 0x00000000e8700000| PB 0x00000000e8700000| Complete 
| 136|0x00000000e8800000, 0x00000000e8900000, 0x00000000e8900000|100%| S|CS|TAMS 0x00000000e8800000| PB 0x00000000e8800000| Complete 
| 137|0x00000000e8900000, 0x00000000e8a00000, 0x00000000e8a00000|100%| S|CS|TAMS 0x00000000e8900000| PB 0x00000000e8900000| Complete 
| 138|0x00000000e8a00000, 0x00000000e8b00000, 0x00000000e8b00000|100%| S|CS|TAMS 0x00000000e8a00000| PB 0x00000000e8a00000| Complete 
| 139|0x00000000e8b00000, 0x00000000e8c00000, 0x00000000e8c00000|100%| S|CS|TAMS 0x00000000e8b00000| PB 0x00000000e8b00000| Complete 
| 140|0x00000000e8c00000, 0x00000000e8d00000, 0x00000000e8d00000|100%| S|CS|TAMS 0x00000000e8c00000| PB 0x00000000e8c00000| Complete 
| 141|0x00000000e8d00000, 0x00000000e8e00000, 0x00000000e8e00000|100%| S|CS|TAMS 0x00000000e8d00000| PB 0x00000000e8d00000| Complete 
| 142|0x00000000e8e00000, 0x00000000e8e00000, 0x00000000e8f00000|  0%| F|  |TAMS 0x00000000e8e00000| PB 0x00000000e8e00000| Untracked 
| 143|0x00000000e8f00000, 0x00000000e8f00000, 0x00000000e9000000|  0%| F|  |TAMS 0x00000000e8f00000| PB 0x00000000e8f00000| Untracked 
| 144|0x00000000e9000000, 0x00000000e9000000, 0x00000000e9100000|  0%| F|  |TAMS 0x00000000e9000000| PB 0x00000000e9000000| Untracked 
| 145|0x00000000e9100000, 0x00000000e9100000, 0x00000000e9200000|  0%| F|  |TAMS 0x00000000e9100000| PB 0x00000000e9100000| Untracked 
| 146|0x00000000e9200000, 0x00000000e9200000, 0x00000000e9300000|  0%| F|  |TAMS 0x00000000e9200000| PB 0x00000000e9200000| Untracked 
| 147|0x00000000e9300000, 0x00000000e9300000, 0x00000000e9400000|  0%| F|  |TAMS 0x00000000e9300000| PB 0x00000000e9300000| Untracked 
| 148|0x00000000e9400000, 0x00000000e9400000, 0x00000000e9500000|  0%| F|  |TAMS 0x00000000e9400000| PB 0x00000000e9400000| Untracked 
| 149|0x00000000e9500000, 0x00000000e9500000, 0x00000000e9600000|  0%| F|  |TAMS 0x00000000e9500000| PB 0x00000000e9500000| Untracked 
| 150|0x00000000e9600000, 0x00000000e9600000, 0x00000000e9700000|  0%| F|  |TAMS 0x00000000e9600000| PB 0x00000000e9600000| Untracked 
| 151|0x00000000e9700000, 0x00000000e9700000, 0x00000000e9800000|  0%| F|  |TAMS 0x00000000e9700000| PB 0x00000000e9700000| Untracked 
| 152|0x00000000e9800000, 0x00000000e9800000, 0x00000000e9900000|  0%| F|  |TAMS 0x00000000e9800000| PB 0x00000000e9800000| Untracked 
| 153|0x00000000e9900000, 0x00000000e9900000, 0x00000000e9a00000|  0%| F|  |TAMS 0x00000000e9900000| PB 0x00000000e9900000| Untracked 
| 154|0x00000000e9a00000, 0x00000000e9a00000, 0x00000000e9b00000|  0%| F|  |TAMS 0x00000000e9a00000| PB 0x00000000e9a00000| Untracked 
| 155|0x00000000e9b00000, 0x00000000e9b00000, 0x00000000e9c00000|  0%| F|  |TAMS 0x00000000e9b00000| PB 0x00000000e9b00000| Untracked 
| 156|0x00000000e9c00000, 0x00000000e9c00000, 0x00000000e9d00000|  0%| F|  |TAMS 0x00000000e9c00000| PB 0x00000000e9c00000| Untracked 
| 157|0x00000000e9d00000, 0x00000000e9d00000, 0x00000000e9e00000|  0%| F|  |TAMS 0x00000000e9d00000| PB 0x00000000e9d00000| Untracked 
| 158|0x00000000e9e00000, 0x00000000e9e00000, 0x00000000e9f00000|  0%| F|  |TAMS 0x00000000e9e00000| PB 0x00000000e9e00000| Untracked 
| 159|0x00000000e9f00000, 0x00000000e9f00000, 0x00000000ea000000|  0%| F|  |TAMS 0x00000000e9f00000| PB 0x00000000e9f00000| Untracked 
| 160|0x00000000ea000000, 0x00000000ea000000, 0x00000000ea100000|  0%| F|  |TAMS 0x00000000ea000000| PB 0x00000000ea000000| Untracked 
| 161|0x00000000ea100000, 0x00000000ea100000, 0x00000000ea200000|  0%| F|  |TAMS 0x00000000ea100000| PB 0x00000000ea100000| Untracked 
| 162|0x00000000ea200000, 0x00000000ea200000, 0x00000000ea300000|  0%| F|  |TAMS 0x00000000ea200000| PB 0x00000000ea200000| Untracked 
| 163|0x00000000ea300000, 0x00000000ea300000, 0x00000000ea400000|  0%| F|  |TAMS 0x00000000ea300000| PB 0x00000000ea300000| Untracked 
| 164|0x00000000ea400000, 0x00000000ea400000, 0x00000000ea500000|  0%| F|  |TAMS 0x00000000ea400000| PB 0x00000000ea400000| Untracked 
| 165|0x00000000ea500000, 0x00000000ea500000, 0x00000000ea600000|  0%| F|  |TAMS 0x00000000ea500000| PB 0x00000000ea500000| Untracked 
| 166|0x00000000ea600000, 0x00000000ea600000, 0x00000000ea700000|  0%| F|  |TAMS 0x00000000ea600000| PB 0x00000000ea600000| Untracked 
| 167|0x00000000ea700000, 0x00000000ea700000, 0x00000000ea800000|  0%| F|  |TAMS 0x00000000ea700000| PB 0x00000000ea700000| Untracked 
| 168|0x00000000ea800000, 0x00000000ea800000, 0x00000000ea900000|  0%| F|  |TAMS 0x00000000ea800000| PB 0x00000000ea800000| Untracked 
| 169|0x00000000ea900000, 0x00000000ea900000, 0x00000000eaa00000|  0%| F|  |TAMS 0x00000000ea900000| PB 0x00000000ea900000| Untracked 
| 170|0x00000000eaa00000, 0x00000000eaa00000, 0x00000000eab00000|  0%| F|  |TAMS 0x00000000eaa00000| PB 0x00000000eaa00000| Untracked 
| 171|0x00000000eab00000, 0x00000000eab00000, 0x00000000eac00000|  0%| F|  |TAMS 0x00000000eab00000| PB 0x00000000eab00000| Untracked 
| 172|0x00000000eac00000, 0x00000000eac00000, 0x00000000ead00000|  0%| F|  |TAMS 0x00000000eac00000| PB 0x00000000eac00000| Untracked 
| 173|0x00000000ead00000, 0x00000000ead00000, 0x00000000eae00000|  0%| F|  |TAMS 0x00000000ead00000| PB 0x00000000ead00000| Untracked 
| 174|0x00000000eae00000, 0x00000000eae00000, 0x00000000eaf00000|  0%| F|  |TAMS 0x00000000eae00000| PB 0x00000000eae00000| Untracked 
| 175|0x00000000eaf00000, 0x00000000eaf00000, 0x00000000eb000000|  0%| F|  |TAMS 0x00000000eaf00000| PB 0x00000000eaf00000| Untracked 
| 176|0x00000000eb000000, 0x00000000eb000000, 0x00000000eb100000|  0%| F|  |TAMS 0x00000000eb000000| PB 0x00000000eb000000| Untracked 
| 177|0x00000000eb100000, 0x00000000eb100000, 0x00000000eb200000|  0%| F|  |TAMS 0x00000000eb100000| PB 0x00000000eb100000| Untracked 
| 178|0x00000000eb200000, 0x00000000eb200000, 0x00000000eb300000|  0%| F|  |TAMS 0x00000000eb200000| PB 0x00000000eb200000| Untracked 
| 179|0x00000000eb300000, 0x00000000eb300000, 0x00000000eb400000|  0%| F|  |TAMS 0x00000000eb300000| PB 0x00000000eb300000| Untracked 
| 180|0x00000000eb400000, 0x00000000eb400000, 0x00000000eb500000|  0%| F|  |TAMS 0x00000000eb400000| PB 0x00000000eb400000| Untracked 
| 181|0x00000000eb500000, 0x00000000eb500000, 0x00000000eb600000|  0%| F|  |TAMS 0x00000000eb500000| PB 0x00000000eb500000| Untracked 
| 182|0x00000000eb600000, 0x00000000eb6c5de8, 0x00000000eb700000| 77%| E|  |TAMS 0x00000000eb600000| PB 0x00000000eb600000| Complete 
| 183|0x00000000eb700000, 0x00000000eb800000, 0x00000000eb800000|100%| E|CS|TAMS 0x00000000eb700000| PB 0x00000000eb700000| Complete 
| 184|0x00000000eb800000, 0x00000000eb900000, 0x00000000eb900000|100%| E|CS|TAMS 0x00000000eb800000| PB 0x00000000eb800000| Complete 
| 185|0x00000000eb900000, 0x00000000eba00000, 0x00000000eba00000|100%| E|CS|TAMS 0x00000000eb900000| PB 0x00000000eb900000| Complete 
| 186|0x00000000eba00000, 0x00000000ebb00000, 0x00000000ebb00000|100%| E|CS|TAMS 0x00000000eba00000| PB 0x00000000eba00000| Complete 
| 187|0x00000000ebb00000, 0x00000000ebc00000, 0x00000000ebc00000|100%| E|CS|TAMS 0x00000000ebb00000| PB 0x00000000ebb00000| Complete 
| 188|0x00000000ebc00000, 0x00000000ebd00000, 0x00000000ebd00000|100%| E|CS|TAMS 0x00000000ebc00000| PB 0x00000000ebc00000| Complete 
| 189|0x00000000ebd00000, 0x00000000ebe00000, 0x00000000ebe00000|100%| E|CS|TAMS 0x00000000ebd00000| PB 0x00000000ebd00000| Complete 
| 190|0x00000000ebe00000, 0x00000000ebf00000, 0x00000000ebf00000|100%| E|CS|TAMS 0x00000000ebe00000| PB 0x00000000ebe00000| Complete 
| 191|0x00000000ebf00000, 0x00000000ec000000, 0x00000000ec000000|100%| E|CS|TAMS 0x00000000ebf00000| PB 0x00000000ebf00000| Complete 
| 192|0x00000000ec000000, 0x00000000ec100000, 0x00000000ec100000|100%| E|CS|TAMS 0x00000000ec000000| PB 0x00000000ec000000| Complete 
| 193|0x00000000ec100000, 0x00000000ec200000, 0x00000000ec200000|100%| E|CS|TAMS 0x00000000ec100000| PB 0x00000000ec100000| Complete 
| 194|0x00000000ec200000, 0x00000000ec300000, 0x00000000ec300000|100%| E|CS|TAMS 0x00000000ec200000| PB 0x00000000ec200000| Complete 
| 195|0x00000000ec300000, 0x00000000ec400000, 0x00000000ec400000|100%| E|CS|TAMS 0x00000000ec300000| PB 0x00000000ec300000| Complete 
| 196|0x00000000ec400000, 0x00000000ec500000, 0x00000000ec500000|100%| E|CS|TAMS 0x00000000ec400000| PB 0x00000000ec400000| Complete 
| 197|0x00000000ec500000, 0x00000000ec600000, 0x00000000ec600000|100%| E|CS|TAMS 0x00000000ec500000| PB 0x00000000ec500000| Complete 
| 198|0x00000000ec600000, 0x00000000ec700000, 0x00000000ec700000|100%| E|CS|TAMS 0x00000000ec600000| PB 0x00000000ec600000| Complete 
| 199|0x00000000ec700000, 0x00000000ec800000, 0x00000000ec800000|100%| E|CS|TAMS 0x00000000ec700000| PB 0x00000000ec700000| Complete 
| 200|0x00000000ec800000, 0x00000000ec900000, 0x00000000ec900000|100%| E|CS|TAMS 0x00000000ec800000| PB 0x00000000ec800000| Complete 
| 201|0x00000000ec900000, 0x00000000eca00000, 0x00000000eca00000|100%| E|CS|TAMS 0x00000000ec900000| PB 0x00000000ec900000| Complete 
| 202|0x00000000eca00000, 0x00000000ecb00000, 0x00000000ecb00000|100%| E|CS|TAMS 0x00000000eca00000| PB 0x00000000eca00000| Complete 
| 203|0x00000000ecb00000, 0x00000000ecc00000, 0x00000000ecc00000|100%| E|CS|TAMS 0x00000000ecb00000| PB 0x00000000ecb00000| Complete 
| 204|0x00000000ecc00000, 0x00000000ecd00000, 0x00000000ecd00000|100%| E|CS|TAMS 0x00000000ecc00000| PB 0x00000000ecc00000| Complete 
| 205|0x00000000ecd00000, 0x00000000ece00000, 0x00000000ece00000|100%| E|CS|TAMS 0x00000000ecd00000| PB 0x00000000ecd00000| Complete 
| 206|0x00000000ece00000, 0x00000000ecf00000, 0x00000000ecf00000|100%| E|CS|TAMS 0x00000000ece00000| PB 0x00000000ece00000| Complete 
| 207|0x00000000ecf00000, 0x00000000ed000000, 0x00000000ed000000|100%| E|CS|TAMS 0x00000000ecf00000| PB 0x00000000ecf00000| Complete 
| 208|0x00000000ed000000, 0x00000000ed100000, 0x00000000ed100000|100%| E|CS|TAMS 0x00000000ed000000| PB 0x00000000ed000000| Complete 
| 209|0x00000000ed100000, 0x00000000ed200000, 0x00000000ed200000|100%| E|CS|TAMS 0x00000000ed100000| PB 0x00000000ed100000| Complete 
| 210|0x00000000ed200000, 0x00000000ed300000, 0x00000000ed300000|100%| E|CS|TAMS 0x00000000ed200000| PB 0x00000000ed200000| Complete 
| 211|0x00000000ed300000, 0x00000000ed400000, 0x00000000ed400000|100%| E|CS|TAMS 0x00000000ed300000| PB 0x00000000ed300000| Complete 
| 212|0x00000000ed400000, 0x00000000ed500000, 0x00000000ed500000|100%| E|CS|TAMS 0x00000000ed400000| PB 0x00000000ed400000| Complete 
| 213|0x00000000ed500000, 0x00000000ed600000, 0x00000000ed600000|100%| E|CS|TAMS 0x00000000ed500000| PB 0x00000000ed500000| Complete 
| 214|0x00000000ed600000, 0x00000000ed700000, 0x00000000ed700000|100%| E|CS|TAMS 0x00000000ed600000| PB 0x00000000ed600000| Complete 
| 215|0x00000000ed700000, 0x00000000ed800000, 0x00000000ed800000|100%| E|CS|TAMS 0x00000000ed700000| PB 0x00000000ed700000| Complete 
| 216|0x00000000ed800000, 0x00000000ed900000, 0x00000000ed900000|100%| E|CS|TAMS 0x00000000ed800000| PB 0x00000000ed800000| Complete 
| 217|0x00000000ed900000, 0x00000000eda00000, 0x00000000eda00000|100%| E|CS|TAMS 0x00000000ed900000| PB 0x00000000ed900000| Complete 
| 218|0x00000000eda00000, 0x00000000edb00000, 0x00000000edb00000|100%| E|CS|TAMS 0x00000000eda00000| PB 0x00000000eda00000| Complete 
| 219|0x00000000edb00000, 0x00000000edc00000, 0x00000000edc00000|100%| E|CS|TAMS 0x00000000edb00000| PB 0x00000000edb00000| Complete 
| 220|0x00000000edc00000, 0x00000000edd00000, 0x00000000edd00000|100%| E|CS|TAMS 0x00000000edc00000| PB 0x00000000edc00000| Complete 
| 221|0x00000000edd00000, 0x00000000ede00000, 0x00000000ede00000|100%| E|CS|TAMS 0x00000000edd00000| PB 0x00000000edd00000| Complete 
| 222|0x00000000ede00000, 0x00000000edf00000, 0x00000000edf00000|100%| E|CS|TAMS 0x00000000ede00000| PB 0x00000000ede00000| Complete 
| 223|0x00000000edf00000, 0x00000000ee000000, 0x00000000ee000000|100%| E|CS|TAMS 0x00000000edf00000| PB 0x00000000edf00000| Complete 
| 224|0x00000000ee000000, 0x00000000ee100000, 0x00000000ee100000|100%| E|CS|TAMS 0x00000000ee000000| PB 0x00000000ee000000| Complete 
| 225|0x00000000ee100000, 0x00000000ee200000, 0x00000000ee200000|100%| E|CS|TAMS 0x00000000ee100000| PB 0x00000000ee100000| Complete 
| 226|0x00000000ee200000, 0x00000000ee300000, 0x00000000ee300000|100%| E|CS|TAMS 0x00000000ee200000| PB 0x00000000ee200000| Complete 
| 227|0x00000000ee300000, 0x00000000ee400000, 0x00000000ee400000|100%| E|CS|TAMS 0x00000000ee300000| PB 0x00000000ee300000| Complete 
| 228|0x00000000ee400000, 0x00000000ee500000, 0x00000000ee500000|100%| E|CS|TAMS 0x00000000ee400000| PB 0x00000000ee400000| Complete 
| 229|0x00000000ee500000, 0x00000000ee600000, 0x00000000ee600000|100%| E|CS|TAMS 0x00000000ee500000| PB 0x00000000ee500000| Complete 
| 230|0x00000000ee600000, 0x00000000ee700000, 0x00000000ee700000|100%| E|CS|TAMS 0x00000000ee600000| PB 0x00000000ee600000| Complete 
| 231|0x00000000ee700000, 0x00000000ee800000, 0x00000000ee800000|100%| E|CS|TAMS 0x00000000ee700000| PB 0x00000000ee700000| Complete 
| 232|0x00000000ee800000, 0x00000000ee900000, 0x00000000ee900000|100%| E|CS|TAMS 0x00000000ee800000| PB 0x00000000ee800000| Complete 
| 233|0x00000000ee900000, 0x00000000eea00000, 0x00000000eea00000|100%| E|CS|TAMS 0x00000000ee900000| PB 0x00000000ee900000| Complete 
| 234|0x00000000eea00000, 0x00000000eeb00000, 0x00000000eeb00000|100%| E|CS|TAMS 0x00000000eea00000| PB 0x00000000eea00000| Complete 
| 235|0x00000000eeb00000, 0x00000000eec00000, 0x00000000eec00000|100%| E|CS|TAMS 0x00000000eeb00000| PB 0x00000000eeb00000| Complete 
| 236|0x00000000eec00000, 0x00000000eed00000, 0x00000000eed00000|100%| E|CS|TAMS 0x00000000eec00000| PB 0x00000000eec00000| Complete 
| 237|0x00000000eed00000, 0x00000000eee00000, 0x00000000eee00000|100%| E|CS|TAMS 0x00000000eed00000| PB 0x00000000eed00000| Complete 
| 238|0x00000000eee00000, 0x00000000eef00000, 0x00000000eef00000|100%| E|CS|TAMS 0x00000000eee00000| PB 0x00000000eee00000| Complete 
| 239|0x00000000eef00000, 0x00000000ef000000, 0x00000000ef000000|100%| E|CS|TAMS 0x00000000eef00000| PB 0x00000000eef00000| Complete 
| 240|0x00000000ef000000, 0x00000000ef100000, 0x00000000ef100000|100%| E|CS|TAMS 0x00000000ef000000| PB 0x00000000ef000000| Complete 
| 241|0x00000000ef100000, 0x00000000ef200000, 0x00000000ef200000|100%| E|CS|TAMS 0x00000000ef100000| PB 0x00000000ef100000| Complete 
| 242|0x00000000ef200000, 0x00000000ef300000, 0x00000000ef300000|100%| E|CS|TAMS 0x00000000ef200000| PB 0x00000000ef200000| Complete 
| 243|0x00000000ef300000, 0x00000000ef400000, 0x00000000ef400000|100%| E|CS|TAMS 0x00000000ef300000| PB 0x00000000ef300000| Complete 
| 244|0x00000000ef400000, 0x00000000ef500000, 0x00000000ef500000|100%| E|CS|TAMS 0x00000000ef400000| PB 0x00000000ef400000| Complete 
| 245|0x00000000ef500000, 0x00000000ef600000, 0x00000000ef600000|100%| E|CS|TAMS 0x00000000ef500000| PB 0x00000000ef500000| Complete 
| 246|0x00000000ef600000, 0x00000000ef700000, 0x00000000ef700000|100%| E|CS|TAMS 0x00000000ef600000| PB 0x00000000ef600000| Complete 
| 247|0x00000000ef700000, 0x00000000ef800000, 0x00000000ef800000|100%| E|CS|TAMS 0x00000000ef700000| PB 0x00000000ef700000| Complete 
| 248|0x00000000ef800000, 0x00000000ef900000, 0x00000000ef900000|100%| E|CS|TAMS 0x00000000ef800000| PB 0x00000000ef800000| Complete 
| 249|0x00000000ef900000, 0x00000000efa00000, 0x00000000efa00000|100%| E|CS|TAMS 0x00000000ef900000| PB 0x00000000ef900000| Complete 
| 250|0x00000000efa00000, 0x00000000efb00000, 0x00000000efb00000|100%| E|CS|TAMS 0x00000000efa00000| PB 0x00000000efa00000| Complete 
| 251|0x00000000efb00000, 0x00000000efc00000, 0x00000000efc00000|100%| E|CS|TAMS 0x00000000efb00000| PB 0x00000000efb00000| Complete 
| 252|0x00000000efc00000, 0x00000000efd00000, 0x00000000efd00000|100%| E|CS|TAMS 0x00000000efc00000| PB 0x00000000efc00000| Complete 
| 253|0x00000000efd00000, 0x00000000efe00000, 0x00000000efe00000|100%| E|CS|TAMS 0x00000000efd00000| PB 0x00000000efd00000| Complete 
| 254|0x00000000efe00000, 0x00000000eff00000, 0x00000000eff00000|100%| E|CS|TAMS 0x00000000efe00000| PB 0x00000000efe00000| Complete 
| 255|0x00000000eff00000, 0x00000000f0000000, 0x00000000f0000000|100%| E|CS|TAMS 0x00000000eff00000| PB 0x00000000eff00000| Complete 

Card table byte_map: [0x00000126f0900000,0x00000126f0a00000] _byte_map_base: 0x00000126f0200000

Marking Bits: (CMBitMap*) 0x00000126de2fdd60
 Bits: [0x00000126f0a00000, 0x00000126f1200000)

Polling page: 0x00000126dc180000

Metaspace:

Usage:
  Non-class:     25.00 MB used.
      Class:      4.40 MB used.
       Both:     29.40 MB used.

Virtual space:
  Non-class space:       64.00 MB reserved,      25.62 MB ( 40%) committed,  1 nodes.
      Class space:      320.00 MB reserved,       5.00 MB (  2%) committed,  1 nodes.
             Both:      384.00 MB reserved,      30.62 MB (  8%) committed. 

Chunk freelists:
   Non-Class:  6.19 MB
       Class:  11.02 MB
        Both:  17.21 MB

MaxMetaspaceSize: 384.00 MB
CompressedClassSpaceSize: 320.00 MB
Initial GC threshold: 21.00 MB
Current GC threshold: 35.12 MB
CDS: on
 - commit_granule_bytes: 65536.
 - commit_granule_words: 8192.
 - virtual_space_node_default_size: 8388608.
 - enlarge_chunks_in_place: 1.
 - use_allocation_guard: 0.


Internal statistics:

num_allocs_failed_limit: 3.
num_arena_births: 2164.
num_arena_deaths: 0.
num_vsnodes_births: 2.
num_vsnodes_deaths: 0.
num_space_committed: 490.
num_space_uncommitted: 0.
num_chunks_returned_to_freelist: 3.
num_chunks_taken_from_freelist: 3577.
num_chunk_merges: 3.
num_chunk_splits: 2330.
num_chunks_enlarged: 1426.
num_inconsistent_stats: 0.

CodeHeap 'non-profiled nmethods': size=120000Kb used=2183Kb max_used=2183Kb free=117816Kb
 bounds [0x00000126e8fa0000, 0x00000126e9210000, 0x00000126f04d0000]
CodeHeap 'profiled nmethods': size=120000Kb used=8035Kb max_used=8035Kb free=111964Kb
 bounds [0x00000126e14d0000, 0x00000126e1cb0000, 0x00000126e8a00000]
CodeHeap 'non-nmethods': size=5760Kb used=1593Kb max_used=1616Kb free=4166Kb
 bounds [0x00000126e8a00000, 0x00000126e8c70000, 0x00000126e8fa0000]
CodeCache: size=245760Kb, used=11811Kb, max_used=11834Kb, free=233946Kb
 total_blobs=4661, nmethods=4060, adapters=505, full_count=0
Compilation: enabled, stopped_count=0, restarted_count=0

Compilation events (20 events):
Event: 200.830 Thread 0x00000126f8026450 4052       3       org.objectweb.asm.FieldWriter::computeFieldInfoSize (86 bytes)
Event: 200.830 Thread 0x00000126f8026450 nmethod 4052 0x00000126e1ca4a90 code [0x00000126e1ca4c80, 0x00000126e1ca4f60]
Event: 200.835 Thread 0x00000126f8026450 4053       3       org.objectweb.asm.FieldWriter::putFieldInfo (269 bytes)
Event: 200.836 Thread 0x00000126f8026450 nmethod 4053 0x00000126e1ca5090 code [0x00000126e1ca5340, 0x00000126e1ca5c70]
Event: 200.844 Thread 0x00000126f8026450 4054       3       com.google.common.collect.Iterators$SingletonIterator::next (25 bytes)
Event: 200.844 Thread 0x00000126f8026450 nmethod 4054 0x00000126e1ca6010 code [0x00000126e1ca61c0, 0x00000126e1ca63e0]
Event: 200.867 Thread 0x00000126f8026450 4055       3       java.util.Spliterators$IteratorSpliterator::<init> (39 bytes)
Event: 200.868 Thread 0x00000126f8026450 nmethod 4055 0x00000126e1ca6510 code [0x00000126e1ca66c0, 0x00000126e1ca6908]
Event: 200.887 Thread 0x00000126f8001200 4056       4       java.lang.String::startsWith (7 bytes)
Event: 200.892 Thread 0x00000126f8001200 nmethod 4056 0x00000126e91c0d10 code [0x00000126e91c0ec0, 0x00000126e91c1208]
Event: 201.267 Thread 0x00000126f8026450 4057       3       java.lang.invoke.Invokers$Holder::invokeExact_MT (24 bytes)
Event: 201.267 Thread 0x00000126f8026450 nmethod 4057 0x00000126e1ca6a10 code [0x00000126e1ca6c20, 0x00000126e1ca7280]
Event: 201.345 Thread 0x00000126f8001200 4058       4       jdk.internal.org.objectweb.asm.Attribute::computeAttributesSize (62 bytes)
Event: 201.346 Thread 0x00000126f8001200 nmethod 4058 0x00000126e91c1490 code [0x00000126e91c1620, 0x00000126e91c1710]
Event: 201.346 Thread 0x00000126f8001200 4059       4       jdk.internal.org.objectweb.asm.AnnotationWriter::computeAnnotationsSize (66 bytes)
Event: 201.347 Thread 0x00000126f8001200 nmethod 4059 0x00000126e91c1810 code [0x00000126e91c19a0, 0x00000126e91c1ac8]
Event: 201.347 Thread 0x00000126f8001200 4060       4       jdk.internal.org.objectweb.asm.Attribute::putAttributes (78 bytes)
Event: 201.347 Thread 0x00000126f8001200 nmethod 4060 0x00000126e91c1c10 code [0x00000126e91c1da0, 0x00000126e91c1e98]
Event: 201.463 Thread 0x00000126f8026450 4061       3       java.lang.reflect.Constructor::acquireConstructorAccessor (75 bytes)
Event: 201.464 Thread 0x00000126f8026450 nmethod 4061 0x00000126e1ca7490 code [0x00000126e1ca76c0, 0x00000126e1ca7d48]

GC Heap History (6 events):
Event: 9.597 GC heap before
{Heap before GC invocations=0 (full 0):
 garbage-first heap   total 262144K, used 26624K [0x00000000e0000000, 0x0000000100000000)
  region size 1024K, 23 young (23552K), 0 survivors (0K)
 Metaspace       used 3095K, committed 3264K, reserved 393216K
  class space    used 376K, committed 448K, reserved 327680K
}
Event: 9.687 GC heap after
{Heap after GC invocations=1 (full 0):
 garbage-first heap   total 262144K, used 11212K [0x00000000e0000000, 0x0000000100000000)
  region size 1024K, 3 young (3072K), 3 survivors (3072K)
 Metaspace       used 3095K, committed 3264K, reserved 393216K
  class space    used 376K, committed 448K, reserved 327680K
}
Event: 19.945 GC heap before
{Heap before GC invocations=1 (full 0):
 garbage-first heap   total 262144K, used 40908K [0x00000000e0000000, 0x0000000100000000)
  region size 1024K, 30 young (30720K), 3 survivors (3072K)
 Metaspace       used 4681K, committed 4864K, reserved 393216K
  class space    used 593K, committed 704K, reserved 327680K
}
Event: 19.948 GC heap after
{Heap after GC invocations=2 (full 0):
 garbage-first heap   total 262144K, used 14996K [0x00000000e0000000, 0x0000000100000000)
  region size 1024K, 3 young (3072K), 3 survivors (3072K)
 Metaspace       used 4681K, committed 4864K, reserved 393216K
  class space    used 593K, committed 704K, reserved 327680K
}
Event: 167.815 GC heap before
{Heap before GC invocations=2 (full 0):
 garbage-first heap   total 262144K, used 127636K [0x00000000e0000000, 0x0000000100000000)
  region size 1024K, 114 young (116736K), 3 survivors (3072K)
 Metaspace       used 20856K, committed 21504K, reserved 393216K
  class space    used 2952K, committed 3264K, reserved 327680K
}
Event: 167.939 GC heap after
{Heap after GC invocations=3 (full 0):
 garbage-first heap   total 262144K, used 24268K [0x00000000e0000000, 0x0000000100000000)
  region size 1024K, 12 young (12288K), 12 survivors (12288K)
 Metaspace       used 20856K, committed 21504K, reserved 393216K
  class space    used 2952K, committed 3264K, reserved 327680K
}

Dll operation events (20 events):
Event: 1.796 Attempting to load shared library C:\Users\user\.vscode\extensions\redhat.java-1.56.0-win32-x64\jre\21.0.12.1-win32-x86_64\bin\nio.dll
Event: 1.800 Loaded shared library C:\Users\user\.vscode\extensions\redhat.java-1.56.0-win32-x64\jre\21.0.12.1-win32-x86_64\bin\nio.dll
Event: 1.808 Attempting to load shared library C:\Users\user\.vscode\extensions\redhat.java-1.56.0-win32-x64\jre\21.0.12.1-win32-x86_64\bin\zip.dll
Event: 1.809 Loaded shared library C:\Users\user\.vscode\extensions\redhat.java-1.56.0-win32-x64\jre\21.0.12.1-win32-x86_64\bin\zip.dll
Event: 4.468 Attempting to load shared library C:\Users\user\.vscode\extensions\redhat.java-1.56.0-win32-x64\jre\21.0.12.1-win32-x86_64\bin\jimage.dll
Event: 4.469 Loaded shared library C:\Users\user\.vscode\extensions\redhat.java-1.56.0-win32-x64\jre\21.0.12.1-win32-x86_64\bin\jimage.dll
Event: 8.550 Attempting to load shared library C:\Users\user\.vscode\extensions\redhat.java-1.56.0-win32-x64\jre\21.0.12.1-win32-x86_64\bin\verify.dll
Event: 8.556 Loaded shared library C:\Users\user\.vscode\extensions\redhat.java-1.56.0-win32-x64\jre\21.0.12.1-win32-x86_64\bin\verify.dll
Event: 8.956 Attempting to load shared library C:\Users\user\.gradle\native\660c5614fbf4a5f2a75b1949f50a0caf5cd603558e7d8a26e50b933a0cfb79d1\windows-amd64\native-platform.dll
Event: 8.961 Loaded shared library C:\Users\user\.gradle\native\660c5614fbf4a5f2a75b1949f50a0caf5cd603558e7d8a26e50b933a0cfb79d1\windows-amd64\native-platform.dll
Event: 9.002 Attempting to load shared library C:\Users\user\.gradle\native\0.2.8\x86_64-windows-gnu\gradle-fileevents.dll
Event: 9.004 Loaded shared library C:\Users\user\.gradle\native\0.2.8\x86_64-windows-gnu\gradle-fileevents.dll
Event: 29.134 Attempting to load shared library C:\Users\user\.vscode\extensions\redhat.java-1.56.0-win32-x64\jre\21.0.12.1-win32-x86_64\bin\management.dll
Event: 29.138 Loaded shared library C:\Users\user\.vscode\extensions\redhat.java-1.56.0-win32-x64\jre\21.0.12.1-win32-x86_64\bin\management.dll
Event: 29.147 Attempting to load shared library C:\Users\user\.vscode\extensions\redhat.java-1.56.0-win32-x64\jre\21.0.12.1-win32-x86_64\bin\management_ext.dll
Event: 29.157 Loaded shared library C:\Users\user\.vscode\extensions\redhat.java-1.56.0-win32-x64\jre\21.0.12.1-win32-x86_64\bin\management_ext.dll
Event: 61.013 Attempting to load shared library C:\Users\user\.vscode\extensions\redhat.java-1.56.0-win32-x64\jre\21.0.12.1-win32-x86_64\bin\extnet.dll
Event: 61.021 Loaded shared library C:\Users\user\.vscode\extensions\redhat.java-1.56.0-win32-x64\jre\21.0.12.1-win32-x86_64\bin\extnet.dll
Event: 136.352 Attempting to load shared library C:\Users\user\.vscode\extensions\redhat.java-1.56.0-win32-x64\jre\21.0.12.1-win32-x86_64\bin\sunmscapi.dll
Event: 136.372 Loaded shared library C:\Users\user\.vscode\extensions\redhat.java-1.56.0-win32-x64\jre\21.0.12.1-win32-x86_64\bin\sunmscapi.dll

Deoptimization events (20 events):
Event: 190.561 Thread 0x00000126f993f440 DEOPT PACKING pc=0x00000126e919f1e8 sp=0x0000001943bf96e0
Event: 190.561 Thread 0x00000126f993f440 DEOPT UNPACKING pc=0x00000126e8a57ba2 sp=0x0000001943bf9690 mode 2
Event: 190.641 Thread 0x00000126f993f440 Uncommon trap: trap_request=0xffffffbe fr.pc=0x00000126e919f1e8 relative=0x0000000000001108
Event: 190.641 Thread 0x00000126f993f440 Uncommon trap: reason=profile_predicate action=maybe_recompile pc=0x00000126e919f1e8 method=java.lang.invoke.InvokerBytecodeGenerator.<init>(Ljava/lang/String;Ljava/lang/String;Ljava/lang/invoke/LambdaForm;Ljava/lang/invoke/MethodType;)V @ 33 c2
Event: 190.641 Thread 0x00000126f993f440 DEOPT PACKING pc=0x00000126e919f1e8 sp=0x0000001943bf97e0
Event: 190.641 Thread 0x00000126f993f440 DEOPT UNPACKING pc=0x00000126e8a57ba2 sp=0x0000001943bf9790 mode 2
Event: 190.641 Thread 0x00000126f993f440 Uncommon trap: trap_request=0xffffffbe fr.pc=0x00000126e919f1e8 relative=0x0000000000001108
Event: 190.641 Thread 0x00000126f993f440 Uncommon trap: reason=profile_predicate action=maybe_recompile pc=0x00000126e919f1e8 method=java.lang.invoke.InvokerBytecodeGenerator.<init>(Ljava/lang/String;Ljava/lang/String;Ljava/lang/invoke/LambdaForm;Ljava/lang/invoke/MethodType;)V @ 33 c2
Event: 190.641 Thread 0x00000126f993f440 DEOPT PACKING pc=0x00000126e919f1e8 sp=0x0000001943bf9800
Event: 190.641 Thread 0x00000126f993f440 DEOPT UNPACKING pc=0x00000126e8a57ba2 sp=0x0000001943bf97b0 mode 2
Event: 190.923 Thread 0x00000126f993f440 Uncommon trap: trap_request=0xffffffde fr.pc=0x00000126e8fae1c8 relative=0x00000000000001a8
Event: 190.923 Thread 0x00000126f993f440 Uncommon trap: reason=class_check action=maybe_recompile pc=0x00000126e8fae1c8 method=java.lang.String.equals(Ljava/lang/Object;)Z @ 8 c2
Event: 190.923 Thread 0x00000126f993f440 DEOPT PACKING pc=0x00000126e8fae1c8 sp=0x0000001943bf9a70
Event: 190.923 Thread 0x00000126f993f440 DEOPT UNPACKING pc=0x00000126e8a57ba2 sp=0x0000001943bf9a08 mode 2
Event: 195.829 Thread 0x00000126f993f440 Uncommon trap: trap_request=0xffffff45 fr.pc=0x00000126e907b138 relative=0x00000000000002d8
Event: 195.829 Thread 0x00000126f993f440 Uncommon trap: reason=unstable_if action=reinterpret pc=0x00000126e907b138 method=java.util.HashMap.hash(Ljava/lang/Object;)I @ 1 c2
Event: 195.829 Thread 0x00000126f993f440 DEOPT PACKING pc=0x00000126e907b138 sp=0x0000001943bf8c90
Event: 195.829 Thread 0x00000126f993f440 DEOPT UNPACKING pc=0x00000126e8a57ba2 sp=0x0000001943bf8b28 mode 2
Event: 199.630 Thread 0x00000126f993f440 DEOPT PACKING pc=0x00000126e1afb8c6 sp=0x0000001943bf9000
Event: 199.630 Thread 0x00000126f993f440 DEOPT UNPACKING pc=0x00000126e8a586e2 sp=0x0000001943bf8470 mode 0

Classes loaded (20 events):
Event: 183.317 Loading class java/util/concurrent/locks/AbstractQueuedSynchronizer$SharedNode
Event: 183.317 Loading class java/util/concurrent/locks/AbstractQueuedSynchronizer$SharedNode done
Event: 183.951 Loading class java/util/ArrayDeque$DeqSpliterator
Event: 183.958 Loading class java/util/ArrayDeque$DeqSpliterator done
Event: 185.141 Loading class java/io/StringReader
Event: 185.141 Loading class java/io/StringReader done
Event: 189.117 Loading class java/lang/invoke/SerializedLambda
Event: 189.117 Loading class java/lang/invoke/SerializedLambda done
Event: 195.770 Loading class java/lang/reflect/AnnotatedType
Event: 195.771 Loading class java/lang/reflect/AnnotatedType done
Event: 195.829 Loading class sun/reflect/misc/ReflectUtil
Event: 195.829 Loading class sun/reflect/misc/ReflectUtil done
Event: 196.032 Loading class sun/reflect/generics/tree/IntSignature
Event: 196.033 Loading class sun/reflect/generics/tree/IntSignature done
Event: 196.033 Loading class sun/reflect/generics/tree/ArrayTypeSignature
Event: 196.033 Loading class sun/reflect/generics/tree/ArrayTypeSignature done
Event: 196.521 Loading class java/lang/SafeVarargs
Event: 196.521 Loading class java/lang/SafeVarargs done
Event: 199.105 Loading class jdk/internal/reflect/MethodHandleIntegerFieldAccessorImpl
Event: 199.105 Loading class jdk/internal/reflect/MethodHandleIntegerFieldAccessorImpl done

Classes unloaded (0 events):
No events

Classes redefined (0 events):
No events

Internal exceptions (20 events):
Event: 179.416 Thread 0x00000126f993f440 Exception <a 'java/lang/NoSuchMethodError'{0x00000000ee3771a8}: 'java.lang.Object java.lang.invoke.DirectMethodHandle$Holder.invokeVirtual(java.lang.Object, java.lang.Object, java.lang.Object, java.lang.Object, java.lang.Object, java.lang.Object, java.lang.Object, java.lang.Object, java.lang.Object, java.lang.Object, java.lang.Object, java.lang.Object, java.lang.Object)'> (0x00000000ee3771a8) 
thrown [s\src\hotspot\share\interpreter\linkResolver.cpp, line 773]
Event: 179.423 Thread 0x00000126f993f440 Exception <a 'java/lang/NoSuchMethodError'{0x00000000ee37c3e0}: 'java.lang.Object java.lang.invoke.DirectMethodHandle$Holder.invokeSpecial(java.lang.Object, java.lang.Object, java.lang.Object, java.lang.Object, java.lang.Object, java.lang.Object, java.lang.Object, java.lang.Object, java.lang.Object, java.lang.Object, java.lang.Object, java.lang.Object, java.lang.Object, java.lang.Object)'> (0x00000000ee37c3e0) 
thrown [s\src\hotspot\share\interpreter\linkResolver.cpp, line 773]
Event: 179.423 Thread 0x00000126f993f440 Exception <a 'java/lang/NoSuchMethodError'{0x00000000ee3810d0}: 'java.lang.Object java.lang.invoke.DelegatingMethodHandle$Holder.reinvoke_L(java.lang.Object, java.lang.Object, java.lang.Object, java.lang.Object, java.lang.Object, java.lang.Object, java.lang.Object, java.lang.Object, java.lang.Object, java.lang.Object, java.lang.Object, java.lang.Object, java.lang.Object)'> (0x00000000ee3810d0) 
thrown [s\src\hotspot\share\interpreter\linkResolver.cpp, line 773]
Event: 179.511 Thread 0x00000126f993f440 Exception <a 'java/lang/NoSuchMethodError'{0x00000000ee2e8928}: 'void java.lang.invoke.DirectMethodHandle$Holder.invokeStaticInit(java.lang.Object, java.lang.Object)'> (0x00000000ee2e8928) 
thrown [s\src\hotspot\share\interpreter\linkResolver.cpp, line 773]
Event: 180.008 Thread 0x00000126f993f440 Exception <a 'java/lang/NoSuchMethodError'{0x00000000ee064088}: 'java.lang.Object java.lang.invoke.DirectMethodHandle$Holder.newInvokeSpecial(java.lang.Object, java.lang.Object, java.lang.Object, java.lang.Object, java.lang.Object, java.lang.Object, java.lang.Object, java.lang.Object, java.lang.Object, java.lang.Object, java.lang.Object, java.lang.Object, java.lang.Object, java.lang.Object, java.lang.Object)'> (0x00000000ee064088) 
thrown [s\src\hotspot\share\interpreter\linkResolver.cpp, line 773]
Event: 180.009 Thread 0x00000126f993f440 Exception <a 'java/lang/NoSuchMethodError'{0x00000000ee069cc8}: 'java.lang.Object java.lang.invoke.DirectMethodHandle$Holder.invokeSpecial(java.lang.Object, java.lang.Object, java.lang.Object, java.lang.Object, java.lang.Object, java.lang.Object, java.lang.Object, java.lang.Object, java.lang.Object, java.lang.Object, java.lang.Object, java.lang.Object, java.lang.Object, java.lang.Object, java.lang.Object, java.lang.Object)'> (0x00000000ee069cc8) 
thrown [s\src\hotspot\share\interpreter\linkResolver.cpp, li
Event: 180.022 Thread 0x00000126f993f440 Exception <a 'java/lang/NoSuchMethodError'{0x00000000ee06ea58}: 'java.lang.Object java.lang.invoke.DelegatingMethodHandle$Holder.reinvoke_L(java.lang.Object, java.lang.Object, java.lang.Object, java.lang.Object, java.lang.Object, java.lang.Object, java.lang.Object, java.lang.Object, java.lang.Object, java.lang.Object, java.lang.Object, java.lang.Object, java.lang.Object, java.lang.Object, java.lang.Object)'> (0x00000000ee06ea58) 
thrown [s\src\hotspot\share\interpreter\linkResolver.cpp, line 773]
Event: 181.483 Thread 0x00000126f993f440 Exception <a 'java/lang/NoSuchMethodError'{0x00000000edd1d438}: 'java.lang.Object java.lang.invoke.DirectMethodHandle$Holder.newInvokeSpecial(java.lang.Object, java.lang.Object, java.lang.Object, java.lang.Object, java.lang.Object, java.lang.Object, java.lang.Object, java.lang.Object, java.lang.Object)'> (0x00000000edd1d438) 
thrown [s\src\hotspot\share\interpreter\linkResolver.cpp, line 773]
Event: 181.804 Thread 0x00000126f993f440 Exception <a 'java/lang/IncompatibleClassChangeError'{0x00000000edc52210}: Found class java.lang.Object, but interface was expected> (0x00000000edc52210) 
thrown [s\src\hotspot\share\interpreter\linkResolver.cpp, line 840]
Event: 183.917 Thread 0x00000126f993f440 Exception <a 'java/lang/NoSuchMethodError'{0x00000000edaefa80}: 'int java.lang.invoke.DirectMethodHandle$Holder.invokeVirtual(java.lang.Object, java.lang.Object)'> (0x00000000edaefa80) 
thrown [s\src\hotspot\share\interpreter\linkResolver.cpp, line 773]
Event: 185.196 Thread 0x00000126f993f440 Exception <a 'java/lang/NoSuchMethodError'{0x00000000ed64eea8}: 'void java.lang.invoke.DirectMethodHandle$Holder.invokeInterface(java.lang.Object, java.lang.Object, java.lang.Object, java.lang.Object, java.lang.Object)'> (0x00000000ed64eea8) 
thrown [s\src\hotspot\share\interpreter\linkResolver.cpp, line 773]
Event: 189.157 Thread 0x00000126f993f440 Exception <a 'java/lang/NoSuchMethodError'{0x00000000ece59170}: 'java.lang.Object java.lang.invoke.DirectMethodHandle$Holder.invokeVirtual(java.lang.Object, java.lang.Object, java.lang.Object, java.lang.Object, java.lang.Object, java.lang.Object, java.lang.Object, java.lang.Object, java.lang.Object, java.lang.Object, java.lang.Object, java.lang.Object, java.lang.Object, java.lang.Object, java.lang.Object)'> (0x00000000ece59170) 
thrown [s\src\hotspot\share\interpreter\linkResolver.cpp, line 773]
Event: 190.947 Thread 0x00000126f993f440 Exception <a 'java/lang/NoSuchMethodError'{0x00000000ecb14f88}: 'java.lang.Object java.lang.invoke.DirectMethodHandle$Holder.newInvokeSpecial(java.lang.Object, java.lang.Object, java.lang.Object, java.lang.Object, java.lang.Object, java.lang.Object, java.lang.Object, java.lang.Object, java.lang.Object, java.lang.Object, java.lang.Object, java.lang.Object)'> (0x00000000ecb14f88) 
thrown [s\src\hotspot\share\interpreter\linkResolver.cpp, line 773]
Event: 191.811 Thread 0x00000126f993f440 Exception <a 'java/lang/NoSuchMethodError'{0x00000000eca6a960}: 'java.lang.Object java.lang.invoke.DirectMethodHandle$Holder.invokeSpecialIFC(java.lang.Object, java.lang.Object, java.lang.Object, java.lang.Object)'> (0x00000000eca6a960) 
thrown [s\src\hotspot\share\interpreter\linkResolver.cpp, line 773]
Event: 195.829 Thread 0x00000126f993f440 Implicit null exception at 0x00000126e907aeb8 to 0x00000126e907b11c
Event: 199.062 Thread 0x00000126f993f440 Exception <a 'java/lang/NoSuchMethodError'{0x00000000ec0ce1e8}: 'java.lang.Object java.lang.invoke.DirectMethodHandle$Holder.newInvokeSpecial(java.lang.Object, java.lang.Object, int, int)'> (0x00000000ec0ce1e8) 
thrown [s\src\hotspot\share\interpreter\linkResolver.cpp, line 773]
Event: 199.105 Thread 0x00000126f993f440 Exception <a 'java/lang/NoSuchMethodError'{0x00000000ebf07f08}: 'void java.lang.invoke.DirectMethodHandle$Holder.invokeSpecial(java.lang.Object, java.lang.Object, int)'> (0x00000000ebf07f08) 
thrown [s\src\hotspot\share\interpreter\linkResolver.cpp, line 773]
Event: 199.106 Thread 0x00000126f993f440 Exception <a 'java/lang/NoSuchMethodError'{0x00000000ebf0c438}: 'void java.lang.invoke.Invokers$Holder.invokeExact_MT(java.lang.Object, int, java.lang.Object)'> (0x00000000ebf0c438) 
thrown [s\src\hotspot\share\interpreter\linkResolver.cpp, line 773]
Event: 199.598 Thread 0x00000126f993f440 Exception <a 'java/lang/NoSuchMethodError'{0x00000000ebdffd20}: 'java.lang.Object java.lang.invoke.DirectMethodHandle$Holder.newInvokeSpecial(java.lang.Object, java.lang.Object, java.lang.Object, java.lang.Object, java.lang.Object, java.lang.Object, java.lang.Object, java.lang.Object, java.lang.Object, java.lang.Object, java.lang.Object)'> (0x00000000ebdffd20) 
thrown [s\src\hotspot\share\interpreter\linkResolver.cpp, line 773]
Event: 200.277 Thread 0x00000126f993f440 Exception <a 'java/lang/NoSuchMethodError'{0x00000000ebbfe308}: 'java.lang.Object java.lang.invoke.Invokers$Holder.linkToTargetMethod(java.lang.Object, java.lang.Object, java.lang.Object, java.lang.Object, java.lang.Object, java.lang.Object, java.lang.Object, java.lang.Object, java.lang.Object, java.lang.Object, java.lang.Object, java.lang.Object)'> (0x00000000ebbfe308) 
thrown [s\src\hotspot\share\interpreter\linkResolver.cpp, line 773]

ZGC Phase Switch (0 events):
No events

VM Operations (20 events):
Event: 190.810 Executing safepoint VM operation: Cleanup
Event: 190.826 Executing safepoint VM operation: Cleanup done
Event: 192.854 Executing safepoint VM operation: Cleanup
Event: 192.962 Executing safepoint VM operation: Cleanup done
Event: 193.972 Executing safepoint VM operation: Cleanup
Event: 194.161 Executing safepoint VM operation: Cleanup done
Event: 195.892 Executing non-safepoint VM operation: HandshakeAllThreads (Deoptimize)
Event: 195.892 Executing non-safepoint VM operation: HandshakeAllThreads (Deoptimize) done
Event: 195.892 Executing safepoint VM operation: Cleanup
Event: 195.892 Executing safepoint VM operation: Cleanup done
Event: 196.906 Executing safepoint VM operation: Cleanup
Event: 196.906 Executing safepoint VM operation: Cleanup done
Event: 197.913 Executing safepoint VM operation: Cleanup
Event: 197.944 Executing safepoint VM operation: Cleanup done
Event: 198.949 Executing safepoint VM operation: Cleanup
Event: 198.950 Executing safepoint VM operation: Cleanup done
Event: 199.962 Executing safepoint VM operation: Cleanup
Event: 199.962 Executing safepoint VM operation: Cleanup done
Event: 200.967 Executing safepoint VM operation: Cleanup
Event: 201.010 Executing safepoint VM operation: Cleanup done

Memory protections (0 events):
No events

Nmethod flushes (0 events):
No events

Events (20 events):
Event: 136.466 Thread 0x00000126f993edb0 Thread added: 0x00000126f993fad0
Event: 136.667 Thread 0x00000126f993fad0 Thread added: 0x00000126f993e720
Event: 138.936 Thread 0x00000126f993fad0 Thread added: 0x00000126f993cce0
Event: 143.459 Thread 0x00000126f993fad0 Thread added: 0x00000126f993f440
Event: 143.538 Thread 0x00000126f993f440 Thread added: 0x00000126f993c650
Event: 144.952 Thread 0x00000126f993f440 Thread added: 0x00000126f9050180
Event: 145.076 Thread 0x00000126f993f440 Thread added: 0x00000126f904f460
Event: 153.074 Thread 0x00000126f993f440 Thread added: 0x00000126f904faf0
Event: 153.241 Thread 0x00000126f993f440 Thread added: 0x00000126f9050810
Event: 153.338 Thread 0x00000126f8026450 Thread added: 0x00000126faae2470
Event: 153.679 Thread 0x00000126f9050810 Thread added: 0x00000126f9050ea0
Event: 153.723 Thread 0x00000126faae2470 Thread exited: 0x00000126faae2470
Event: 154.944 Thread 0x00000126f993f440 Thread added: 0x00000126f9051530
Event: 177.844 Thread 0x00000126f993f440 Thread added: 0x00000126f9052250
Event: 179.028 Thread 0x00000126f993f440 Thread added: 0x00000126f904edd0
Event: 183.317 Thread 0x00000126f993f440 Thread added: 0x00000126f90528e0
Event: 183.806 Thread 0x00000126f993f440 Thread added: 0x00000126f9052f70
Event: 188.852 Thread 0x00000126f993f440 Thread added: 0x00000126f9053600
Event: 191.428 Thread 0x00000126f993f440 Thread added: 0x00000126f9053c90
Event: 200.386 Thread 0x00000126f993f440 Thread added: 0x00000126f9054320


Dynamic libraries:
0x00007ff784e70000 - 0x00007ff784e7e000 	C:\Users\user\.vscode\extensions\redhat.java-1.56.0-win32-x64\jre\21.0.12.1-win32-x86_64\bin\java.exe
0x00007ffec1060000 - 0x00007ffec12c7000 	C:\WINDOWS\SYSTEM32\ntdll.dll
0x00007ffec07a0000 - 0x00007ffec086b000 	C:\WINDOWS\System32\KERNEL32.DLL
0x00007ffebe6a0000 - 0x00007ffebeaa2000 	C:\WINDOWS\System32\KERNELBASE.dll
0x00007ffebe540000 - 0x00007ffebe68c000 	C:\WINDOWS\System32\ucrtbase.dll
0x00007ffeadf30000 - 0x00007ffeadf48000 	C:\Users\user\.vscode\extensions\redhat.java-1.56.0-win32-x64\jre\21.0.12.1-win32-x86_64\bin\jli.dll
0x00007ffec0d00000 - 0x00007ffec0ecf000 	C:\WINDOWS\System32\USER32.dll
0x00007ffebed50000 - 0x00007ffebed77000 	C:\WINDOWS\System32\win32u.dll
0x00007ffebf580000 - 0x00007ffebf5ab000 	C:\WINDOWS\System32\GDI32.dll
0x00007ffebeab0000 - 0x00007ffebebd9000 	C:\WINDOWS\System32\gdi32full.dll
0x00007ffebeca0000 - 0x00007ffebed43000 	C:\WINDOWS\System32\msvcp_win.dll
0x00007ffeadf10000 - 0x00007ffeadf2e000 	C:\Users\user\.vscode\extensions\redhat.java-1.56.0-win32-x64\jre\21.0.12.1-win32-x86_64\bin\VCRUNTIME140.dll
0x00007ffea8470000 - 0x00007ffea8700000 	C:\WINDOWS\WinSxS\amd64_microsoft.windows.common-controls_6595b64144ccf1df_6.0.26100.9278_none_3e0d1ba8e3303201\COMCTL32.dll
0x00007ffec0100000 - 0x00007ffec01a9000 	C:\WINDOWS\System32\msvcrt.dll
0x00007ffebf230000 - 0x00007ffebf261000 	C:\WINDOWS\System32\IMM32.DLL
0x00007ffeb62e0000 - 0x00007ffeb62ec000 	C:\Users\user\.vscode\extensions\redhat.java-1.56.0-win32-x64\jre\21.0.12.1-win32-x86_64\bin\vcruntime140_1.dll
0x00007ffe9b410000 - 0x00007ffe9b49d000 	C:\Users\user\.vscode\extensions\redhat.java-1.56.0-win32-x64\jre\21.0.12.1-win32-x86_64\bin\msvcp140.dll
0x00007ffe0fbd0000 - 0x00007ffe10972000 	C:\Users\user\.vscode\extensions\redhat.java-1.56.0-win32-x64\jre\21.0.12.1-win32-x86_64\bin\server\jvm.dll
0x00007ffebf4a0000 - 0x00007ffebf55c000 	C:\WINDOWS\System32\ADVAPI32.dll
0x00007ffec0ee0000 - 0x00007ffec0f89000 	C:\WINDOWS\System32\sechost.dll
0x00007ffec01b0000 - 0x00007ffec02c8000 	C:\WINDOWS\System32\RPCRT4.dll
0x00007ffec0f90000 - 0x00007ffec1010000 	C:\WINDOWS\System32\WS2_32.dll
0x00007ffebe0c0000 - 0x00007ffebe11e000 	C:\WINDOWS\SYSTEM32\POWRPROF.dll
0x00007ffea8710000 - 0x00007ffea8746000 	C:\WINDOWS\SYSTEM32\WINMM.dll
0x00007ffeabe00000 - 0x00007ffeabe0b000 	C:\WINDOWS\SYSTEM32\VERSION.dll
0x00007ffebe0a0000 - 0x00007ffebe0b5000 	C:\WINDOWS\SYSTEM32\UMPDC.dll
0x00007ffebcf30000 - 0x00007ffebcf4b000 	C:\WINDOWS\SYSTEM32\kernel.appcore.dll
0x00007ffeaf5a0000 - 0x00007ffeaf5aa000 	C:\Users\user\.vscode\extensions\redhat.java-1.56.0-win32-x64\jre\21.0.12.1-win32-x86_64\bin\jimage.dll
0x00007ffebb9a0000 - 0x00007ffebbbec000 	C:\WINDOWS\SYSTEM32\DBGHELP.DLL
0x00007ffebeea0000 - 0x00007ffebf225000 	C:\WINDOWS\System32\combase.dll
0x00007ffebf670000 - 0x00007ffebf749000 	C:\WINDOWS\System32\OLEAUT32.dll
0x00007ffe9af60000 - 0x00007ffe9af9b000 	C:\WINDOWS\SYSTEM32\dbgcore.DLL
0x00007ffebebe0000 - 0x00007ffebec8c000 	C:\WINDOWS\System32\bcryptPrimitives.dll
0x00007ffeadf00000 - 0x00007ffeadf0f000 	C:\Users\user\.vscode\extensions\redhat.java-1.56.0-win32-x64\jre\21.0.12.1-win32-x86_64\bin\instrument.dll
0x00007ffeadee0000 - 0x00007ffeadf00000 	C:\Users\user\.vscode\extensions\redhat.java-1.56.0-win32-x64\jre\21.0.12.1-win32-x86_64\bin\java.dll
0x00007ffebf7a0000 - 0x00007ffebff38000 	C:\WINDOWS\System32\SHELL32.dll
0x00007ffebbc00000 - 0x00007ffebc4ae000 	C:\WINDOWS\SYSTEM32\windows.storage.dll
0x00007ffebf3a0000 - 0x00007ffebf49b000 	C:\WINDOWS\System32\SHCORE.dll
0x00007ffec0c90000 - 0x00007ffec0cf6000 	C:\WINDOWS\System32\shlwapi.dll
0x00007ffebe180000 - 0x00007ffebe1a9000 	C:\WINDOWS\SYSTEM32\profapi.dll
0x00007ffeac440000 - 0x00007ffeac458000 	C:\Users\user\.vscode\extensions\redhat.java-1.56.0-win32-x64\jre\21.0.12.1-win32-x86_64\bin\zip.dll
0x00007ffeac430000 - 0x00007ffeac440000 	C:\Users\user\.vscode\extensions\redhat.java-1.56.0-win32-x64\jre\21.0.12.1-win32-x86_64\bin\net.dll
0x00007ffeae130000 - 0x00007ffeae25a000 	C:\WINDOWS\SYSTEM32\WINHTTP.dll
0x00007ffebd4f0000 - 0x00007ffebd55c000 	C:\WINDOWS\system32\mswsock.dll
0x00007ffe9b520000 - 0x00007ffe9b536000 	C:\Users\user\.vscode\extensions\redhat.java-1.56.0-win32-x64\jre\21.0.12.1-win32-x86_64\bin\nio.dll
0x00007ffea3c40000 - 0x00007ffea3c50000 	C:\Users\user\.vscode\extensions\redhat.java-1.56.0-win32-x64\jre\21.0.12.1-win32-x86_64\bin\verify.dll
0x00007ffeaa170000 - 0x00007ffeaa197000 	C:\Users\user\.gradle\native\660c5614fbf4a5f2a75b1949f50a0caf5cd603558e7d8a26e50b933a0cfb79d1\windows-amd64\native-platform.dll
0x00007ffea2bd0000 - 0x00007ffea2c47000 	C:\Users\user\.gradle\native\0.2.8\x86_64-windows-gnu\gradle-fileevents.dll
0x00007ffea2da0000 - 0x00007ffea2daa000 	C:\Users\user\.vscode\extensions\redhat.java-1.56.0-win32-x64\jre\21.0.12.1-win32-x86_64\bin\management.dll
0x00007ffea2d90000 - 0x00007ffea2d9c000 	C:\Users\user\.vscode\extensions\redhat.java-1.56.0-win32-x64\jre\21.0.12.1-win32-x86_64\bin\management_ext.dll
0x00007ffebf570000 - 0x00007ffebf578000 	C:\WINDOWS\System32\PSAPI.DLL
0x00007ffebc900000 - 0x00007ffebc933000 	C:\WINDOWS\SYSTEM32\IPHLPAPI.DLL
0x00007ffebf270000 - 0x00007ffebf27a000 	C:\WINDOWS\System32\NSI.dll
0x00007ffea0900000 - 0x00007ffea0909000 	C:\Users\user\.vscode\extensions\redhat.java-1.56.0-win32-x64\jre\21.0.12.1-win32-x86_64\bin\extnet.dll
0x00007ffebd7e0000 - 0x00007ffebd7fb000 	C:\WINDOWS\SYSTEM32\CRYPTSP.dll
0x00007ffebce90000 - 0x00007ffebcec9000 	C:\WINDOWS\system32\rsaenh.dll
0x00007ffebd5a0000 - 0x00007ffebd5d4000 	C:\WINDOWS\SYSTEM32\USERENV.dll
0x00007ffebe150000 - 0x00007ffebe17a000 	C:\WINDOWS\SYSTEM32\bcrypt.dll
0x00007ffebd800000 - 0x00007ffebd80c000 	C:\WINDOWS\SYSTEM32\CRYPTBASE.dll
0x00007ffea2330000 - 0x00007ffea233e000 	C:\Users\user\.vscode\extensions\redhat.java-1.56.0-win32-x64\jre\21.0.12.1-win32-x86_64\bin\sunmscapi.dll
0x00007ffebe320000 - 0x00007ffebe49e000 	C:\WINDOWS\System32\CRYPT32.dll
0x00007ffebda20000 - 0x00007ffebda50000 	C:\WINDOWS\SYSTEM32\ncrypt.dll
0x00007ffebd9d0000 - 0x00007ffebda0f000 	C:\WINDOWS\SYSTEM32\NTASN1.dll
0x00007ffeab6e0000 - 0x00007ffeab6e8000 	C:\WINDOWS\system32\wshunix.dll

JVMTI agents:
C:\Users\user\.gradle\wrapper\dists\gradle-9.5.1-bin\iq79hdu3mqx29lgffhp8bfmx\gradle-9.5.1\lib\agents\gradle-instrumentation-agent-9.5.1.jar path:C:\Users\user\.vscode\extensions\redhat.java-1.56.0-win32-x64\jre\21.0.12.1-win32-x86_64\bin\instrument.dll, loaded, initialized, instrumentlib options:none

dbghelp: loaded successfully - version: 4.0.5 - missing functions: none
symbol engine: initialized successfully - sym options: 0x614 - pdb path: .;C:\Users\user\.vscode\extensions\redhat.java-1.56.0-win32-x64\jre\21.0.12.1-win32-x86_64\bin;C:\WINDOWS\SYSTEM32;C:\WINDOWS\WinSxS\amd64_microsoft.windows.common-controls_6595b64144ccf1df_6.0.26100.9278_none_3e0d1ba8e3303201;C:\Users\user\.vscode\extensions\redhat.java-1.56.0-win32-x64\jre\21.0.12.1-win32-x86_64\bin\server;C:\Users\user\.gradle\native\660c5614fbf4a5f2a75b1949f50a0caf5cd603558e7d8a26e50b933a0cfb79d1\windows-amd64;C:\Users\user\.gradle\native\0.2.8\x86_64-windows-gnu

VM Arguments:
jvm_args: --add-opens=java.base/java.lang=ALL-UNNAMED --add-opens=java.base/java.lang.invoke=ALL-UNNAMED --add-opens=java.base/java.util=ALL-UNNAMED --add-opens=java.prefs/java.util.prefs=ALL-UNNAMED --add-exports=jdk.compiler/com.sun.tools.javac.api=ALL-UNNAMED --add-exports=jdk.compiler/com.sun.tools.javac.util=ALL-UNNAMED --add-opens=java.base/java.nio.charset=ALL-UNNAMED --add-opens=java.base/java.net=ALL-UNNAMED --add-opens=java.base/java.util.concurrent=ALL-UNNAMED --add-opens=java.base/java.util.concurrent.atomic=ALL-UNNAMED --add-opens=java.xml/javax.xml.namespace=ALL-UNNAMED --add-opens=java.base/java.time=ALL-UNNAMED -XX:MaxMetaspaceSize=384m -XX:+HeapDumpOnOutOfMemoryError -Xms256m -Xmx512m -Dfile.encoding=UTF-8 -Duser.country=KR -Duser.language=ko -Duser.variant -javaagent:C:\Users\user\.gradle\wrapper\dists\gradle-9.5.1-bin\iq79hdu3mqx29lgffhp8bfmx\gradle-9.5.1\lib\agents\gradle-instrumentation-agent-9.5.1.jar 
java_command: org.gradle.launcher.daemon.bootstrap.GradleDaemon 9.5.1
java_class_path (initial): C:\Users\user\.gradle\wrapper\dists\gradle-9.5.1-bin\iq79hdu3mqx29lgffhp8bfmx\gradle-9.5.1\lib\gradle-daemon-main-9.5.1.jar
Launcher Type: SUN_STANDARD

[Global flags]
     intx CICompilerCount                          = 4                                         {product} {ergonomic}
   size_t CompressedClassSpaceSize                 = 335544320                                 {product} {ergonomic}
     uint ConcGCThreads                            = 2                                         {product} {ergonomic}
     uint G1ConcRefinementThreads                  = 8                                         {product} {ergonomic}
   size_t G1HeapRegionSize                         = 1048576                                   {product} {ergonomic}
    uintx GCDrainStackTargetSize                   = 64                                        {product} {ergonomic}
     bool HeapDumpOnOutOfMemoryError               = true                                   {manageable} {command line}
   size_t InitialHeapSize                          = 268435456                                 {product} {command line}
   size_t MarkStackSize                            = 4194304                                   {product} {ergonomic}
   size_t MaxHeapSize                              = 536870912                                 {product} {command line}
   size_t MaxMetaspaceSize                         = 402653184                                 {product} {command line}
   size_t MaxNewSize                               = 321912832                                 {product} {ergonomic}
   size_t MinHeapDeltaBytes                        = 1048576                                   {product} {ergonomic}
   size_t MinHeapSize                              = 268435456                                 {product} {command line}
    uintx NonNMethodCodeHeapSize                   = 5839372                                {pd product} {ergonomic}
    uintx NonProfiledCodeHeapSize                  = 122909434                              {pd product} {ergonomic}
    uintx ProfiledCodeHeapSize                     = 122909434                              {pd product} {ergonomic}
    uintx ReservedCodeCacheSize                    = 251658240                              {pd product} {ergonomic}
     bool SegmentedCodeCache                       = true                                      {product} {ergonomic}
   size_t SoftMaxHeapSize                          = 536870912                              {manageable} {ergonomic}
     bool UseCompressedOops                        = true                           {product lp64_product} {ergonomic}
     bool UseG1GC                                  = true                                      {product} {ergonomic}
     bool UseLargePagesIndividualAllocation        = false                                  {pd product} {ergonomic}

Logging:
Log output configuration:
 #0: stdout all=warning uptime,level,tags foldmultilines=false
 #1: stderr all=off uptime,level,tags foldmultilines=false

Release file:
JAVA_VERSION="21.0.12.1" 
MODULES="java.base java.compiler java.datatransfer java.xml java.prefs java.desktop java.instrument java.logging java.management java.security.sasl java.naming java.rmi java.management.rmi java.net.http java.scripting java.security.jgss java.transaction.xa java.sql java.sql.rowset java.xml.crypto java.se java.smartcardio jdk.accessibility jdk.internal.jvmstat jdk.attach jdk.charsets jdk.internal.opt jdk.zipfs jdk.compiler jdk.crypto.ec jdk.crypto.cryptoki jdk.crypto.mscapi jdk.dynalink jdk.internal.ed jdk.editpad jdk.hotspot.agent jdk.httpserver jdk.internal.le jdk.internal.vm.ci jdk.internal.vm.compiler jdk.internal.vm.compiler.management jdk.jartool jdk.javadoc jdk.jcmd jdk.management jdk.management.agent jdk.jconsole jdk.jdeps jdk.jdwp.agent jdk.jdi jdk.jfr jdk.jshell jdk.jsobject jdk.jstatd jdk.localedata jdk.management.jfr jdk.naming.dns jdk.naming.rmi jdk.net jdk.nio.mapmode jdk.random jdk.sctp jdk.security.auth jdk.security.jgss jdk.unsupported jdk.unsupported.desktop jdk.xml.dom" 

Environment Variables:
PATH=C:\Program Files\Common Files\Oracle\Java\javapath;C:\Program Files\Python313\Scripts\;C:\Program Files\Python313\;C:\WINDOWS\system32;C:\WINDOWS;C:\WINDOWS\System32\Wbem;C:\WINDOWS\System32\WindowsPowerShell\v1.0\;C:\WINDOWS\System32\OpenSSH\;C:\Program Files\nodejs\;C:\Program Files\Git\cmd;C:\Program Files (x86)\cloudflared\;C:\Users\user\Desktop\Scripts\;C:\Users\user\Desktop\;C:\Users\user\AppData\Local\Microsoft\WindowsApps;C:\Users\user\AppData\Local\Programs\Microsoft VS Code\bin;C:\Program Files\Multipass\bin;C:\Users\user\AppData\Roaming\npm;C:\intelFPGA_lite\18.1\modelsim_ase\win32aloem;C:\Users\user\Desktop\opencv\build\x64\vc15\bin;
USERNAME=user
OS=Windows_NT
PROCESSOR_IDENTIFIER=Intel64 Family 6 Model 140 Stepping 1, GenuineIntel
TMP=C:\Users\user\AppData\Local\Temp
TEMP=C:\Users\user\AppData\Local\Temp




Periodic native trim disabled

---------------  S Y S T E M  ---------------

OS:
 Windows 11 , 64 bit Build 26100 (10.0.26100.9444)
OS uptime: 0 days 7:17 hours

CPU: total 8 (initial active 8) (4 cores per cpu, 2 threads per core) family 6 model 140 stepping 1 microcode 0x8a, cx8, cmov, fxsr, ht, mmx, 3dnowpref, sse, sse2, sse3, ssse3, sse4.1, sse4.2, popcnt, lzcnt, tsc, tscinvbit, avx, avx2, aes, erms, clmul, bmi1, bmi2, adx, avx512f, avx512dq, avx512cd, avx512bw, avx512vl, sha, fma, vzeroupper, avx512_vpopcntdq, avx512_vpclmulqdq, avx512_vaes, avx512_vnni, clflush, clflushopt, clwb, avx512_vbmi2, avx512_vbmi, rdtscp, rdpid, fsrm, gfni, avx512_bitalg, f16c, pku, cet_ibt, cet_ss, avx512_ifma
Processor Information for the first 8 processors :
  Max Mhz: 2419, Current Mhz: 2419, Mhz Limit: 2419

Memory: 4k page, system-wide physical 16107M (2655M free)
TotalPageFile size 46495M (AvailPageFile size 7799M)
current process WorkingSet (physical memory assigned to process): 238M, peak: 246M
current process commit charge ("private bytes"): 422M, peak: 423M

vm_info: OpenJDK 64-Bit Server VM (21.0.12.1+1-LTS) for windows-amd64 JRE (21.0.12.1+1-LTS), built on 2026-08-18T00:00:00Z by "admin" with MS VC++ 17.12 (VS2022)

END.
