#
# There is insufficient memory for the Java Runtime Environment to continue.
# Native memory allocation (malloc) failed to allocate 1204816 bytes. Error detail: Chunk::new
# Possible reasons:
#   The system is out of physical RAM or swap space
#   This process is running with CompressedOops enabled, and the Java Heap may be blocking the growth of the native heap
# Possible solutions:
#   Reduce memory load on the system
#   Increase physical memory or swap space
#   Check if swap backing store is full
#   Decrease Java heap size (-Xmx/-Xms)
#   Decrease number of Java threads
#   Decrease Java thread stack sizes (-Xss)
#   Set larger code cache with -XX:ReservedCodeCacheSize=
#   JVM is running with Unscaled Compressed Oops mode in which the Java heap is
#     placed in the first 4GB address space. The Java Heap base address is the
#     maximum limit for the native heap growth. Please use -XX:HeapBaseMinAddress
#     to set the Java Heap base and to place the Java Heap above 4GB virtual address.
# This output file may be truncated or incomplete.
#
#  Out of Memory Error (arena.cpp:168), pid=10200, tid=24624
#
# JRE version: OpenJDK Runtime Environment Temurin-21.0.12.1+1 (21.0.12.1+1) (build 21.0.12.1+1-LTS)
# Java VM: OpenJDK 64-Bit Server VM Temurin-21.0.12.1+1 (21.0.12.1+1-LTS, mixed mode, sharing, tiered, compressed oops, compressed class ptrs, parallel gc, windows-amd64)
# No core dump will be written. Minidumps are not enabled by default on client versions of Windows
#

---------------  S U M M A R Y ------------

Command Line: --add-modules=ALL-SYSTEM --add-opens=java.base/java.util=ALL-UNNAMED --add-opens=java.base/java.lang=ALL-UNNAMED --add-opens=java.base/sun.nio.fs=ALL-UNNAMED -Declipse.application=org.eclipse.jdt.ls.core.id1 -Dosgi.bundles.defaultStartLevel=4 -Declipse.product=org.eclipse.jdt.ls.core.product -Djava.import.generatesMetadataFilesAtProjectRoot=false -Dm2e.project.cache.size=50 -DDetectVMInstallationsJob.disabled=true -Dfile.encoding=utf8 -XX:+UseParallelGC -XX:GCTimeRatio=4 -XX:AdaptiveSizePolicyWeight=90 -Dsun.zip.disableMemoryMapping=true -Xmx2G -Xms100m -Xlog:disable -javaagent:c:\Users\user\.vscode\extensions\redhat.java-1.56.0-win32-x64\lombok\lombok-1.18.39-4050.jar -XX:+HeapDumpOnOutOfMemoryError -XX:HeapDumpPath=c:\Users\user\AppData\Roaming\Code\User\workspaceStorage\1ce6a6e17a27a5c59e90c4fca4451367\redhat.java -Daether.dependencyCollector.impl=bf c:\Users\user\.vscode\extensions\redhat.java-1.56.0-win32-x64\server\plugins\org.eclipse.equinox.launcher_1.8.0.v20260804-1928.jar -configuration c:\Users\user\AppData\Roaming\Code\User\globalStorage\redhat.java\1.56.0\config_win -data c:\Users\user\AppData\Roaming\Code\User\workspaceStorage\1ce6a6e17a27a5c59e90c4fca4451367\redhat.java\jdt_ws --pipe=\\.\pipe\lsp-79930d525bf0d6be114019270701af95-sock

Host: 11th Gen Intel(R) Core(TM) i5-1135G7 @ 2.40GHz, 8 cores, 15G,  Windows 11 , 64 bit Build 26100 (10.0.26100.9168)
Time: Tue Sep  8 11:27:08 2026 elapsed time: 3762.845980 seconds (0d 1h 2m 42s)

---------------  T H R E A D  ---------------

Current thread (0x000002524603f5a0):  JavaThread "C2 CompilerThread0" daemon [_thread_in_native, id=24624, stack(0x00000057b5200000,0x00000057b5300000) (1024K)]


Current CompileTask:
C2:3762846 22022       4       java.lang.invoke.MethodType::makeImpl (109 bytes)

Stack: [0x00000057b5200000,0x00000057b5300000]
Native frames: (J=compiled Java code, j=interpreted, Vv=VM code, C=native code)
V  [jvm.dll+0x6d83e9]
V  [jvm.dll+0x8b5736]
V  [jvm.dll+0x8b7cee]
V  [jvm.dll+0x8b83d3]
V  [jvm.dll+0x284596]
V  [jvm.dll+0xc685d]
V  [jvm.dll+0xc6da1]
V  [jvm.dll+0x3bf151]
V  [jvm.dll+0x1e3f42]
V  [jvm.dll+0x24c853]
V  [jvm.dll+0x24bce0]
V  [jvm.dll+0x1cb4ae]
V  [jvm.dll+0x25baad]
V  [jvm.dll+0x25a03a]
V  [jvm.dll+0x3f8aae]
V  [jvm.dll+0x8600cd]
V  [jvm.dll+0x6d6c1d]
C  [ucrtbase.dll+0x2cd30]
C  [KERNEL32.DLL+0x2ccb7]
C  [ntdll.dll+0xaad6c]


---------------  P R O C E S S  ---------------

Threads class SMR info:
_java_thread_list=0x00000252735c0af0, length=1263, elements={
0x00000252460aea60, 0x000002524601ec50, 0x0000025246023140, 0x0000025246026cb0,
0x0000025246027910, 0x0000025246029c00, 0x000002524602dd00, 0x000002524603f5a0,
0x0000025246047630, 0x000002525e4da730, 0x000002525e60e360, 0x000002525ec7da30,
0x000002525ed29880, 0x000002525ed22610, 0x000002525ed25ad0, 0x0000025263290070,
0x000002525e79ca90, 0x00000252632b3cf0, 0x000002525e99a790, 0x000002525e9986c0,
0x0000025265e12c20, 0x0000025265e15380, 0x0000025265e12590, 0x0000025265e160a0,
0x0000025265e14cf0, 0x0000025265e16730, 0x0000025265e15a10, 0x0000025265e16dc0,
0x0000025265e17450, 0x0000025265e17ae0, 0x0000025265e14660, 0x0000025265e19bb0,
0x0000025265e18800, 0x0000025265e19520, 0x0000025264e29de0, 0x0000025264e28a30,
0x0000025264e26960, 0x00000252670d55b0, 0x00000252665dcbe0, 0x00000252665d9760,
0x00000252665d8a40, 0x00000252665d9df0, 0x00000252665d7000, 0x00000252665dab10,
0x00000252665dd900, 0x00000252665db1a0, 0x00000252665ddf90, 0x00000252665dc550,
0x000002525e999a70, 0x000002525e99ae20, 0x000002525e99bb40, 0x0000025264e26ff0,
0x00000252670d27c0, 0x0000025271fa6fa0, 0x0000025271fa9700, 0x0000025271fa9d90,
0x0000025271fa7630, 0x0000025271fab7d0, 0x0000025271faaab0, 0x0000025271fab140,
0x0000025271fa8350, 0x0000025271fabe60, 0x0000025271fac4f0, 0x0000025271facb80,
0x0000025271fad210, 0x0000025271fad8a0, 0x0000025271fadf30, 0x0000025271d1e430,
0x0000025271d1d080, 0x0000025271d1fe70, 0x0000025271d20500, 0x0000025271d20b90,
0x0000025271d1dda0, 0x0000025271d218b0, 0x0000025271d21f40, 0x0000025271d225d0,
0x0000025271d1eac0, 0x0000025271d1f7e0, 0x0000025271d24010, 0x0000025271d23980,
0x0000025271d22c60, 0x0000025271d232f0, 0x0000025271fa89e0, 0x0000025271fa9070,
0x00000252665d7690, 0x00000252666cfaa0, 0x00000252666cc620, 0x00000252666d0130,
0x00000252666d07c0, 0x00000252666ce060, 0x00000252666cf410, 0x00000252666cd340,
0x00000252666ce6f0, 0x00000252666d0e50, 0x00000252666d1b70, 0x00000252666d2200,
0x00000252666cd9d0, 0x00000252666ced80, 0x00000252666d2890, 0x00000252666d2f20,
0x00000252666d35b0, 0x00000252666d3c40, 0x0000025264e27680, 0x0000025271d1c9f0,
0x00000252637a2ab0, 0x00000252637a3140, 0x00000252637a4b80, 0x00000252637a37d0,
0x00000252637a44f0, 0x00000252637a5210, 0x00000252666d14e0, 0x00000252637a58a0,
0x00000252637a5f30, 0x00000252665da480, 0x0000025267d71540, 0x0000025267d71bd0,
0x0000025267d70eb0, 0x0000025267d72260, 0x0000025267d728f0, 0x0000025267d70820,
0x0000025267d6f470, 0x0000025267d6fb00, 0x0000025267d73610, 0x0000025267d75050,
0x0000025267d76a90, 0x0000025267d76400, 0x0000025267d756e0, 0x0000025267d73ca0,
0x0000025267d749c0, 0x0000025267d74330, 0x0000025267d75d70, 0x0000025264e27d10,
0x0000025267d70190, 0x000002527254c130, 0x000002527254a060, 0x000002527254baa0,
0x000002527254b410, 0x000002527254c7c0, 0x000002527254ce50, 0x000002527254ad80,
0x000002527254db70, 0x000002527254fc40, 0x000002527254ef20, 0x00000252725502d0,
0x0000025272550960, 0x0000025272550ff0, 0x0000025272551d10, 0x0000025272551680,
0x000002527254e200, 0x000002527254f5b0, 0x00000252725523a0, 0x0000025272554470,
0x0000025272552a30, 0x0000025272554b00, 0x0000025272555820, 0x0000025272553750,
0x0000025272555190, 0x0000025272553de0, 0x0000025272555eb0, 0x0000025272556540,
0x00000252725530c0, 0x0000025272557260, 0x0000025272556bd0, 0x0000025272557f80,
0x0000025272558ca0, 0x00000252725578f0, 0x0000025272559330, 0x0000025272558610,
0x00000252637a3e60, 0x000002527254e890, 0x0000025271edbf90, 0x0000025271ede6f0,
0x0000025271edd340, 0x0000025271edfaa0, 0x0000025271edc620, 0x0000025271edd9d0,
0x0000025271eded80, 0x0000025271ee0130, 0x0000025271ee14e0, 0x0000025271edf410,
0x0000025271ee2200, 0x0000025271ee3c40, 0x0000025271ee07c0, 0x0000025271ee4960,
0x0000025271ee4ff0, 0x0000025271ee2890, 0x0000025271ee42d0, 0x0000025271ee1b70,
0x0000025271ee0e50, 0x0000025271ee5680, 0x0000025271ee5d10, 0x0000025271ee63a0,
0x0000025271ee6a30, 0x0000025271ee35b0, 0x0000025271ee7750, 0x0000025271ee9190,
0x0000025271ee7de0, 0x0000025271ee9eb0, 0x0000025271ee9820, 0x0000025271ee8b00,
0x0000025271ee70c0, 0x0000025271eeabd0, 0x0000025271eea540, 0x0000025271ee8470,
0x00000252670d1410, 0x00000252670d4890, 0x00000252670d1aa0, 0x00000252670d7d10,
0x00000252670d6960, 0x000002525e99b4b0, 0x000002525e9993e0, 0x000002525e99a100,
0x0000025271ee2f20, 0x00000252670d6ff0, 0x00000252665d6970, 0x00000252665d7d20,
0x0000025271eeb260, 0x0000025265405960, 0x0000025265405ff0, 0x0000025265406680,
0x00000252654045b0, 0x00000252654073a0, 0x0000025265407a30, 0x0000025265404c40,
0x0000025265408750, 0x00000252654080c0, 0x00000252654052d0, 0x000002526540b540,
0x000002526540bbd0, 0x0000025265409470, 0x0000025265408de0, 0x000002526540a190,
0x0000025265406d10, 0x000002526540c260, 0x000002526540cf80, 0x000002526540d610,
0x000002526540c8f0, 0x000002526540dca0, 0x000002526540a820, 0x000002526540e330,
0x00000252654117b0, 0x000002526540f6e0, 0x0000025265411e40, 0x0000025265410400,
0x0000025265410a90, 0x0000025265411120, 0x000002526540e9c0, 0x00000252654124d0,
0x000002526540fd70, 0x000002526540f050, 0x0000025265412b60, 0x00000252654131f0,
0x0000025265413880, 0x00000252670d0d80, 0x00000252670d2e50, 0x00000252670d7680,
0x00000252665d90d0, 0x000002527279a150, 0x0000025272799ac0, 0x000002527279a7e0,
0x000002527279ae70, 0x000002527279b500, 0x0000025272798da0, 0x0000025272799430,
0x000002527279bb90, 0x0000025272798710, 0x000002527279dc60, 0x000002527279c8b0,
0x000002527279d5d0, 0x000002527279e2f0, 0x000002527279e980, 0x000002527279f010,
0x000002527279f6a0, 0x000002527279c220, 0x00000252727a31b0, 0x000002527279fd30,
0x00000252727a10e0, 0x00000252727a2490, 0x00000252727a1770, 0x00000252727a3840,
0x00000252727a1e00, 0x00000252727a3ed0, 0x00000252727a03c0, 0x00000252727a0a50,
0x00000252727a4560, 0x00000252727a5280, 0x00000252727a4bf0, 0x00000252727a5910,
0x00000252727a5fa0, 0x00000252727a2b20, 0x00000252727a7350, 0x00000252727a6630,
0x00000252727a6cc0, 0x000002526540aeb0, 0x00000252727daaf0, 0x00000252727db180,
0x00000252727dbea0, 0x00000252727dcbc0, 0x00000252727d9740, 0x00000252727dd250,
0x00000252727db810, 0x00000252727dc530, 0x00000252727d9dd0, 0x00000252727da460,
0x00000252727dec90, 0x00000252727e0040, 0x00000252727df320, 0x00000252727df9b0,
0x00000252727e06d0, 0x00000252727e0d60, 0x00000252727e13f0, 0x00000252727ddf70,
0x00000252727e1a80, 0x00000252727de600, 0x00000252727e27a0, 0x00000252727e3b50,
0x00000252727e2e30, 0x00000252727e34c0, 0x00000252727e2110, 0x00000252727e4f00,
0x00000252727e6fd0, 0x00000252727e6940, 0x00000252727e62b0, 0x00000252727e5c20,
0x00000252727e7660, 0x00000252727e4870, 0x00000252727e90a0, 0x00000252727e41e0,
0x00000252727e7cf0, 0x00000252727e8380, 0x00000252727e8a10, 0x00000252727e5590,
0x00000252727e9730, 0x0000025272798080, 0x000002527073bbb0, 0x000002527073b520,
0x000002527073a170, 0x0000025270739ae0, 0x000002527073c240, 0x000002527073cf60,
0x000002527073d5f0, 0x000002527073dc80, 0x000002527073a800, 0x000002527073e310,
0x000002527073fd50, 0x000002527073ae90, 0x000002527073f6c0, 0x0000025270740a70,
0x000002527073c8d0, 0x0000025270741100, 0x000002527073f030, 0x0000025270741790,
0x0000025270741e20, 0x00000252707424b0, 0x00000252707431d0, 0x0000025270742b40,
0x0000025270743860, 0x000002527073e9a0, 0x00000252707452a0, 0x0000025270744580,
0x0000025270745930, 0x0000025270744c10, 0x0000025270749ad0, 0x0000025270745fc0,
0x0000025270746650, 0x0000025270743ef0, 0x0000025270748720, 0x0000025270749440,
0x0000025270747370, 0x0000025270748db0, 0x000002527074a160, 0x000002527074dc70,
0x000002527074a7f0, 0x000002527074ae80, 0x0000025270748090, 0x0000025270747a00,
0x000002527074bba0, 0x000002527074c8c0, 0x000002527074c230, 0x000002527074cf50,
0x000002527074e990, 0x000002527074b510, 0x000002527074e300, 0x000002527074f6b0,
0x000002527074d5e0, 0x00000252707503d0, 0x00000252707510f0, 0x0000025270750a60,
0x0000025270751780, 0x00000252707524a0, 0x0000025270751e10, 0x000002527074f020,
0x0000025270752b30, 0x00000252707531c0, 0x000002527074fd40, 0x0000025270753850,
0x0000025270754c00, 0x0000025270756640, 0x0000025270755290, 0x0000025270756cd0,
0x0000025270755fb0, 0x0000025270757360, 0x0000025270753ee0, 0x0000025270755920,
0x00000252707579f0, 0x0000025270754570, 0x0000025270758710, 0x0000025270758da0,
0x0000025270758080, 0x0000025271af3550, 0x0000025271af2ec0, 0x0000025271af00d0,
0x0000025271af1b10, 0x0000025271af3be0, 0x0000025271af0760, 0x0000025271af0df0,
0x0000025271af4270, 0x0000025271af21a0, 0x0000025271af4900, 0x0000025271af1480,
0x0000025271af6340, 0x0000025271af7060, 0x0000025271af76f0, 0x0000025271af4f90,
0x0000025271af8410, 0x0000025271af8aa0, 0x0000025271af69d0, 0x0000025271af5cb0,
0x0000025271af2830, 0x0000025271afb200, 0x0000025271af9e50, 0x0000025271af9130,
0x0000025271afab70, 0x0000025271afa4e0, 0x0000025271af7d80, 0x0000025271af97c0,
0x0000025271afb890, 0x0000025271afc5b0, 0x0000025271afdff0, 0x0000025271afe680,
0x0000025271afed10, 0x0000025271aff3a0, 0x0000025271afbf20, 0x0000025271b00750,
0x0000025271afd960, 0x0000025271affa30, 0x0000025271afd2d0, 0x0000025271b00de0,
0x0000025271b02190, 0x0000025271b01470, 0x0000025271b02eb0, 0x0000025271b048f0,
0x0000025271b04f80, 0x0000025271b01b00, 0x0000025271b02820, 0x0000025271b05610,
0x0000025271b03540, 0x0000025271b06330, 0x0000025271b069c0, 0x0000025271b07050,
0x0000025271b076e0, 0x0000025271b08a90, 0x0000025271afcc40, 0x0000025271b04260,
0x0000025271b09120, 0x0000025271b097b0, 0x0000025271b07d70, 0x0000025271b000c0,
0x0000025271b09e40, 0x0000025271b0b880, 0x0000025271b0c5a0, 0x0000025271af5620,
0x0000025271b03bd0, 0x0000025271b0cc30, 0x0000025271b0ab60, 0x0000025271b0b1f0,
0x0000025271b0bf10, 0x0000025271b0d2c0, 0x0000025271b0d950, 0x0000025271b0dfe0,
0x0000025271b0f390, 0x0000025271b0e670, 0x0000025271b0ed00, 0x0000025271b08400,
0x00000252707403e0, 0x00000252727dd8e0, 0x000002527811ce50, 0x000002527811b410,
0x000002527811d4e0, 0x000002527811a060, 0x000002527811e200, 0x000002527811baa0,
0x000002527811ad80, 0x000002527811db70, 0x000002527811ef20, 0x000002527811e890,
0x000002527811f5b0, 0x000002527811a6f0, 0x0000025278121680, 0x00000252781230c0,
0x0000025278121d10, 0x00000252781223a0, 0x0000025278122a30, 0x0000025278123750,
0x00000252781202d0, 0x0000025278123de0, 0x000002527811fc40, 0x0000025278120ff0,
0x0000025278125820, 0x00000252781278f0, 0x0000025278125190, 0x0000025278125eb0,
0x0000025278127260, 0x0000025278124b00, 0x0000025278128ca0, 0x0000025278126540,
0x0000025278124470, 0x0000025278129330, 0x00000252781299c0, 0x000002527812a050,
0x0000025278128610, 0x000002527812a6e0, 0x000002527812ad70, 0x000002527812b400,
0x000002527811c130, 0x000002527812d4d0, 0x000002527812db60, 0x000002527812e1f0,
0x000002527812c7b0, 0x000002527812ce40, 0x000002527812e880, 0x000002527812ef10,
0x000002527812c120, 0x0000025278127f80, 0x000002527812fc30, 0x0000025278132390,
0x0000025278131d00, 0x0000025278132a20, 0x000002527812f5a0, 0x00000252781330b0,
0x0000025278130950, 0x00000252781302c0, 0x0000025278126bd0, 0x0000025278133740,
0x0000025278130fe0, 0x0000025278131670, 0x0000025278135180, 0x0000025278134af0,
0x0000025278135810, 0x0000025278135ea0, 0x0000025278136530, 0x0000025278133dd0,
0x0000025278136bc0, 0x0000025278137250, 0x0000025278134460, 0x0000025278138600,
0x0000025278139320, 0x0000025278137f70, 0x0000025278138c90, 0x0000025271b05ca0,
0x000002527812ba90, 0x0000025278957160, 0x00000252789577f0, 0x0000025278957e80,
0x0000025278955db0, 0x0000025278956ad0, 0x0000025278955720, 0x0000025278958510,
0x0000025278955090, 0x0000025278959230, 0x0000025278956440, 0x000002527895b990,
0x000002527895c6b0, 0x000002527895cd40, 0x000002527895d3d0, 0x000002527895c020,
0x0000025278959f50, 0x000002527895b300, 0x00000252789598c0, 0x000002527895da60,
0x000002527895e0f0, 0x000002527895ac70, 0x000002527895ee10, 0x00000252789601c0,
0x0000025278960850, 0x0000025278961c00, 0x000002527895f4a0, 0x0000025278958ba0,
0x0000025278962920, 0x0000025278962290, 0x0000025278961570, 0x0000025278962fb0,
0x000002527895fb30, 0x0000025278965080, 0x0000025278965da0, 0x00000252789649f0,
0x000002527895e780, 0x0000025278967150, 0x0000025278965710, 0x0000025278966ac0,
0x0000025278966430, 0x0000025278963cd0, 0x00000252789677e0, 0x0000025278964360,
0x000002527896b2f0, 0x0000025278963640, 0x0000025278969f40, 0x000002527896a5d0,
0x0000025278969220, 0x000002527896ac60, 0x0000025278967e70, 0x000002527896b980,
0x0000025278968500, 0x000002527896c010, 0x0000025278960ee0, 0x000002527896cd30,
0x00000252789698b0, 0x000002527896d3c0, 0x000002527896da50, 0x000002527896ee00,
0x000002527896e0e0, 0x000002527896e770, 0x0000025278972280, 0x0000025278971560,
0x0000025278971bf0, 0x0000025278970ed0, 0x0000025278972910, 0x000002527896f490,
0x0000025278972fa0, 0x000002527896fb20, 0x0000025278973630, 0x0000025265e13fd0,
0x0000025278973cc0, 0x0000025278974350, 0x0000025278968b90, 0x000002527896c6a0,
0x00000252670d3b70, 0x00000252665dbec0, 0x00000252781378e0, 0x000002525e998d50,
0x0000025271c93ab0, 0x0000025271c92700, 0x0000025271c954f0, 0x0000025271c92070,
0x0000025271c96210, 0x0000025271c95b80, 0x0000025271c92d90, 0x0000025271c968a0,
0x0000025271c93420, 0x0000025271c96f30, 0x0000025271c94e60, 0x0000025271c97c50,
0x0000025271c947d0, 0x0000025271c9b760, 0x0000025271c982e0, 0x0000025271c99d20,
0x0000025271c9a3b0, 0x0000025271c9bdf0, 0x0000025271c9b0d0, 0x0000025271c94140,
0x0000025271c99690, 0x0000025271c9aa40, 0x0000025271c9c480, 0x0000025271c99000,
0x0000025271c9f270, 0x0000025271c9f900, 0x0000025271c9cb10, 0x0000025271c9ff90,
0x0000025271c975c0, 0x0000025271c9ebe0, 0x0000025271c9e550, 0x0000025271c9d1a0,
0x0000025271ca0cb0, 0x0000025271c9dec0, 0x0000025271c9d830, 0x0000025271ca19d0,
0x0000025271ca3aa0, 0x0000025271ca2d80, 0x0000025271ca4130, 0x0000025271ca1340,
0x0000025271ca3410, 0x0000025271ca47c0, 0x0000025271ca4e50, 0x0000025271ca54e0,
0x0000025271ca26f0, 0x0000025271ca2060, 0x0000025271ca6200, 0x0000025271ca7c40,
0x0000025271ca82d0, 0x0000025271ca5b70, 0x0000025271ca75b0, 0x0000025271ca9680,
0x0000025271ca8960, 0x0000025271ca8ff0, 0x0000025271ca6890, 0x0000025271ca0620,
0x0000025271caa3a0, 0x0000025271ca6f20, 0x0000025271caaa30, 0x0000025271cab0c0,
0x0000025271cab750, 0x0000025271cabde0, 0x0000025271caebd0, 0x0000025271cad820,
0x0000025271ca9d10, 0x0000025271caf260, 0x0000025271cac470, 0x0000025271caff80,
0x0000025271cad190, 0x0000025271cb0610, 0x0000025271caf8f0, 0x0000025271cb0ca0,
0x0000025271cb1330, 0x00000252789701b0, 0x0000025271cacb00, 0x0000025271cadeb0,
0x0000025271cae540, 0x0000025271b0a4d0, 0x0000025278832320, 0x0000025278831c90,
0x0000025278834a80, 0x00000252788343f0, 0x00000252788357a0, 0x00000252788329b0,
0x0000025278833040, 0x00000252788336d0, 0x0000025278836b50, 0x00000252788371e0,
0x0000025278837870, 0x0000025278837f00, 0x0000025278838c20, 0x0000025278831600,
0x0000025278835e30, 0x0000025278833d60, 0x00000252788392b0, 0x0000025278839940,
0x0000025278839fd0, 0x000002527883acf0, 0x000002527883b380, 0x000002527883a660,
0x00000252788364c0, 0x0000025278838590, 0x000002527883c730, 0x000002527883c0a0,
0x00000252787feed0, 0x00000252787ff560, 0x00000252787fe1b0, 0x00000252787fd490,
0x00000252787fdb20, 0x0000025278835110, 0x0000025278800280, 0x00000252787fce00,
0x0000025278800910, 0x0000025278804420, 0x00000252788029e0, 0x0000025278801cc0,
0x0000025278803070, 0x0000025278802350, 0x00000252787ffbf0, 0x00000252787fe840,
0x0000025278803d90, 0x0000025278805140, 0x00000252788057d0, 0x0000025278804ab0,
0x0000025278805e60, 0x00000252788064f0, 0x0000025278808c50, 0x0000025278801630,
0x0000025278803700, 0x000002527880a690, 0x00000252788092e0, 0x00000252788085c0,
0x0000025278807210, 0x00000252788078a0, 0x0000025278809970, 0x000002527880ad20,
0x0000025278800fa0, 0x000002527880b3b0, 0x000002527880ba40, 0x000002527880c760,
0x000002527880c0d0, 0x000002527880cdf0, 0x000002527880a000, 0x000002527880eec0,
0x000002527880f550, 0x0000025278807f30, 0x000002527880fbe0, 0x0000025278810270,
0x0000025278810f90, 0x0000025278810900, 0x000002527880db10, 0x0000025278811620,
0x0000025278811cb0, 0x000002527880e830, 0x0000025278806b80, 0x0000025278814410,
0x00000252788129d0, 0x0000025278814aa0, 0x0000025278815130, 0x0000025278813060,
0x0000025278815e50, 0x00000252788164e0, 0x0000025278816b70, 0x00000252788136f0,
0x0000025278813d80, 0x0000025278819ff0, 0x00000252788185b0, 0x000002527881a680,
0x0000025278817200, 0x000002527881ad10, 0x0000025278819960, 0x0000025278817890,
0x00000252788157c0, 0x0000025278818c40, 0x00000252788192d0, 0x0000025278817f20,
0x000002527881e190, 0x000002527881d470, 0x000002527881db00, 0x000002527881c750,
0x000002527881cde0, 0x000002527881b3a0, 0x000002527881eeb0, 0x000002527881ba30,
0x000002527881f540, 0x000002527881c0c0, 0x0000025278822330, 0x00000252788229c0,
0x0000025278823050, 0x0000025278820260, 0x00000252788208f0, 0x0000025278820f80,
0x000002527881e820, 0x0000025278824a90, 0x00000252788236e0, 0x0000025278824400,
0x0000025278823d70, 0x0000025278821610, 0x00000252788257b0, 0x000002527880d480,
0x0000025278827f10, 0x0000025278825120, 0x00000252788285a0, 0x0000025278825e40,
0x0000025278827880, 0x0000025278829950, 0x0000025278826b60, 0x00000252788264d0,
0x000002527881fbd0, 0x0000025278829fe0, 0x0000025278828c30, 0x000002527882a670,
0x00000252788271f0, 0x000002527882c740, 0x000002527882c0b0, 0x000002527882cdd0,
0x000002527882ba20, 0x00000252788292c0, 0x000002527882daf0, 0x000002527882ad00,
0x000002527882e180, 0x000002527882e810, 0x000002527882b390, 0x0000025278830250,
0x0000025278830f70, 0x00000252788308e0, 0x000002527882eea0, 0x000002527882fbc0,
0x000002527883ba10, 0x000002527882d460, 0x0000025278970840, 0x0000025271c98970,
0x0000025278227260, 0x0000025278226bd0, 0x0000025278226540, 0x0000025278227f80,
0x0000025278228610, 0x0000025278225820, 0x0000025278225eb0, 0x000002527822c7b0,
0x0000025278229330, 0x000002527822b400, 0x000002527822a050, 0x000002527822a6e0,
0x00000252782299c0, 0x00000252782278f0, 0x000002527822ce40, 0x000002527822db60,
0x000002527822c120, 0x000002527822ba90, 0x000002527822e1f0, 0x000002527822f5a0,
0x000002527822fc30, 0x0000025278228ca0, 0x00000252782302c0, 0x0000025278230950,
0x000002527822e880, 0x000002527822d4d0, 0x00000252782330b0, 0x0000025278232390,
0x0000025278233740, 0x0000025278231670, 0x0000025278230fe0, 0x000002527822ef10,
0x0000025278232a20, 0x0000025278235810, 0x0000025278235ea0, 0x0000025278236530,
0x0000025278236bc0, 0x0000025278237250, 0x0000025278234460, 0x0000025278231d00,
0x0000025278235180, 0x0000025278233dd0, 0x0000025278239320, 0x0000025278238c90,
0x000002527823ad60, 0x00000252782378e0, 0x000002527823b3f0, 0x0000025278237f70,
0x0000025278234af0, 0x00000252782399b0, 0x000002527823a040, 0x000002527823ba80,
0x0000025278238600, 0x000002527823d4c0, 0x000002527823f590, 0x000002527823e1e0,
0x000002527823e870, 0x000002527823ce30, 0x000002527823a6d0, 0x000002527823ef00,
0x000002527823db50, 0x00000252782402b0, 0x0000025278242a10, 0x0000025278241cf0,
0x0000025278241660, 0x0000025278243730, 0x000002527822ad70, 0x0000025278240fd0,
0x0000025278240940, 0x00000252782430a0, 0x0000025278245170, 0x0000025278243dc0,
0x0000025278244450, 0x0000025278244ae0, 0x0000025278245800, 0x000002527823fc20,
0x0000025278246520, 0x0000025278248c80, 0x0000025278247f60, 0x0000025278249310,
0x0000025278246bb0, 0x0000025278247240, 0x00000252782485f0, 0x0000025278245e90,
0x0000025278242380, 0x000002527824ad50, 0x000002527824a6c0, 0x00000252782478d0,
0x000002527824e1d0, 0x000002527824b3e0, 0x000002527824e860, 0x000002527824eef0,
0x000002527824d4b0, 0x000002527824a030, 0x000002527824ce20, 0x000002527824c100,
0x00000252782499a0, 0x000002527824f580, 0x000002527824db40, 0x0000025278251650,
0x0000025278251ce0, 0x0000025278250930, 0x000002527824fc10, 0x0000025278253090,
0x0000025278252a00, 0x0000025278253720, 0x00000252782502a0, 0x0000025278253db0,
0x0000025278254440, 0x0000025278250fc0, 0x0000025278255e80, 0x000002527824c790,
0x0000025278254ad0, 0x00000252782557f0, 0x0000025278255160, 0x00000252782578c0,
0x0000025278258c70, 0x0000025278259300, 0x00000252782585e0, 0x0000025278257230,
0x0000025278259990, 0x0000025278256510, 0x000002527825c0f0, 0x000002527825c780,
0x000002527825a020, 0x000002527825db30, 0x000002527825ce10, 0x000002527825a6b0,
0x000002527825ad40, 0x0000025278256ba0, 0x000002527825d4a0, 0x000002527825e1c0,
0x000002527825e850, 0x000002527825b3d0, 0x0000025278261cd0, 0x000002527825f570,
0x000002527825fc00, 0x000002527825eee0, 0x0000025278261640, 0x0000025278260920,
0x0000025278263710, 0x0000025278260fb0, 0x0000025278260290, 0x0000025278262360,
0x00000252782657e0, 0x0000025278263080, 0x0000025278264430, 0x00000252782629f0,
0x0000025278265150, 0x000002527823c7a0, 0x000002527824ba70, 0x0000025278257f50,
0x0000025278263da0, 0x0000025278821ca0, 0x000002527882f530, 0x00000252785b2ea0,
0x00000252785b2810, 0x00000252785b00b0, 0x00000252785b3bc0, 0x00000252785b1af0,
0x00000252785b0740, 0x00000252785b4250, 0x00000252785b0dd0, 0x00000252785b48e0,
0x00000252785b5600, 0x00000252785b3530, 0x00000252785b5c90, 0x00000252785b4f70,
0x00000252785b97a0, 0x00000252785b76d0, 0x00000252785b83f0, 0x00000252785b7d60,
0x00000252785b8a80, 0x00000252785b69b0, 0x00000252785b9110, 0x00000252785b6320,
0x00000252785bb870, 0x00000252785bbf00, 0x00000252785bab50, 0x00000252785b9e30,
0x00000252785ba4c0, 0x00000252785bd2b0, 0x00000252785bcc20, 0x00000252785b7040,
0x00000252785bd940, 0x00000252785bdfd0, 0x00000252785be660, 0x00000252785bb1e0,
0x00000252785c0dc0, 0x00000252785c2170, 0x00000252785becf0, 0x00000252785c1ae0,
0x00000252785bf380, 0x00000252785bc590, 0x00000252785c0730, 0x00000252785c2800,
0x00000252785c2e90, 0x00000252785c1450, 0x00000252785c00a0, 0x00000252785c4f60,
0x00000252785c4240, 0x00000252785b1460, 0x00000252785c3bb0, 0x00000252785c3520,
0x00000252785c5c80, 0x00000252785c69a0, 0x00000252785c7030, 0x00000252785c6310,
0x00000252785c76c0, 0x00000252785c48d0, 0x00000252785c55f0, 0x00000252785c9e20,
0x00000252785c9100, 0x00000252785c83e0, 0x00000252785c9790, 0x00000252785c8a70,
0x00000252785cdfc0, 0x00000252785ccc10, 0x00000252785cc580, 0x00000252785cb860,
0x00000252785cab40, 0x00000252785bfa10, 0x00000252785d0090, 0x00000252785cfa00,
0x00000252785d2160, 0x00000252785d0db0, 0x00000252785d0720, 0x00000252785cf370,
0x00000252785d1ad0, 0x00000252785a6330, 0x00000252785aa4d0, 0x0000025278598410,
0x00000252785976f0, 0x00000252785cd930, 0x00000252785cb1d0, 0x00000252785cece0,
0x0000025278599130, 0x0000025278596340, 0x0000025278599e50, 0x00000252785997c0,
0x0000025278597060, 0x000002527859d2d0, 0x000002527859c5b0, 0x0000025278595cb0,
0x000002527859b890, 0x000002527859bf20, 0x000002527859ab70, 0x000002527859d960,
0x000002527859a4e0, 0x00000252785a0de0, 0x000002527859b200, 0x00000252785a1470,
0x00000252785a1b00, 0x00000252785a2190, 0x000002527859ed10, 0x00000252785a2820,
0x000002527859fa30, 0x00000252785a3bd0, 0x00000252785a5610, 0x00000252785a3540,
0x00000252785a76e0, 0x00000252785a7050, 0x00000252785a8a90, 0x00000252785a9120,
0x00000252785ab1f0, 0x00000252785a7d70, 0x00000252785a9e40, 0x00000252785ad950,
0x00000252785af390, 0x00000252785a8400, 0x00000252785ad2c0, 0x00000252785aed00,
0x00000252785ac5a0, 0x00000252785afa20, 0x00000252785c7d50, 0x00000252785cbef0,
0x00000252785cd2a0, 0x00000252785ca4b0, 0x00000252785ce650, 0x00000252785d27f0,
0x00000252785d48c0, 0x00000252785ae670, 0x00000252785d1440, 0x00000252785d4f50,
0x00000252670d4f20, 0x0000025271ede060, 0x0000025271edccb0, 0x000002527254a6f0,
0x0000025278264ac0, 0x0000025264e29750, 0x00000252666cccb0, 0x000002527880e1a0,
0x000002527a6cfc80, 0x000002527a6d09a0, 0x000002527a6d16c0, 0x000002527a6ce8d0,
0x000002527a6d23e0, 0x000002527a6cef60, 0x000002527a6d2a70, 0x000002527a6d5860,
0x000002527a6d5ef0, 0x000002527a6d3790, 0x000002527a6d3100, 0x000002527a6d7930,
0x000002527a6da090, 0x000002527a6d8650, 0x000002527a6da720, 0x000002527a6d72a0,
0x000002527a6dbad0, 0x000002527a6dadb0, 0x000002527a6dc160, 0x000002527a6db440,
0x000002527a6d9370, 0x000002527a6dd510, 0x000002527a6d8ce0, 0x000002527a6dce80,
0x000002527a6def50, 0x000002527a6dfc70, 0x000002527a6de230, 0x000002527a6dc7f0,
0x000002527a6e16b0, 0x000002527a6e1d40, 0x000002527a6e2a60, 0x000002527a6e1020,
0x000002527a6e0300, 0x000002527a6e44a0, 0x000002527a6e51c0, 0x000002527a6e5850,
0x000002527a6e8640, 0x000002527a6ea710, 0x000002527a6eada0, 0x000002527a6e7fb0,
0x000002527a6e6570, 0x000002527a6ebac0, 0x000002527a6ec150, 0x000002527a6ec7e0,
0x000002527a6e9360, 0x000002527a6ee8b0, 0x000002527a6eef40, 0x000002527a6f0980,
0x000002527a6edb90, 0x000002527a6f16a0, 0x000002527a6f1d30, 0x000002527a6f3e00,
0x000002527a6ed500, 0x000002527a6e8cd0, 0x000002527a6f4b20, 0x000002527a6f4490,
0x000002527a6f30e0, 0x000002527a6f5840, 0x000002527a6f8cc0, 0x000002527a6f9350,
0x000002527a6f5ed0, 0x000002527a6fa070, 0x000002527a6f6bf0, 0x000002527a6f7280,
0x000002527a6fb420, 0x000002527a6fa700, 0x000002527a6f7fa0, 0x000002527a6fc7d0,
0x000002527a6d51d0, 0x000002527a6d1d50, 0x000002527a6e7290, 0x000002527a6e4b30,
0x000002527a6eb430, 0x000002527a6d6c10, 0x000002527a6d0310, 0x000002527a6d3e20,
0x000002527a6d4b40, 0x000002527a6d9a00, 0x000002527a6d6580, 0x000002527a6ea080,
0x000002527a6ef5d0, 0x000002527a6efc60, 0x000002527a6ee220, 0x000002527a6f23c0,
0x000002527a6f02f0, 0x000002527a6f6560, 0x000002527a6de8c0, 0x000002527a6e0990,
0x000002527a6df5e0, 0x000002527a6e30f0, 0x000002527a6d44b0, 0x000002527a6e3e10,
0x000002527a6e3780, 0x000002527a6ece70, 0x000002527a6cf5f0, 0x000002527a6d1030,
0x000002527a6d7fc0, 0x000002527a6ddba0, 0x000002527a6e23d0
}

Java Threads: ( => current thread )
  0x00000252460aea60 JavaThread "main"                              [_thread_blocked, id=22644, stack(0x00000057b4800000,0x00000057b4900000) (1024K)]
  0x000002524601ec50 JavaThread "Reference Handler"          daemon [_thread_blocked, id=25336, stack(0x00000057b4c00000,0x00000057b4d00000) (1024K)]
  0x0000025246023140 JavaThread "Finalizer"                  daemon [_thread_blocked, id=25168, stack(0x00000057b4d00000,0x00000057b4e00000) (1024K)]
  0x0000025246026cb0 JavaThread "Signal Dispatcher"          daemon [_thread_blocked, id=24688, stack(0x00000057b4e00000,0x00000057b4f00000) (1024K)]
  0x0000025246027910 JavaThread "Attach Listener"            daemon [_thread_blocked, id=25072, stack(0x00000057b4f00000,0x00000057b5000000) (1024K)]
  0x0000025246029c00 JavaThread "Service Thread"             daemon [_thread_blocked, id=25380, stack(0x00000057b5000000,0x00000057b5100000) (1024K)]
  0x000002524602dd00 JavaThread "Monitor Deflation Thread"   daemon [_thread_blocked, id=24612, stack(0x00000057b5100000,0x00000057b5200000) (1024K)]
=>0x000002524603f5a0 JavaThread "C2 CompilerThread0"         daemon [_thread_in_native, id=24624, stack(0x00000057b5200000,0x00000057b5300000) (1024K)]
  0x0000025246047630 JavaThread "C1 CompilerThread0"         daemon [_thread_blocked, id=24844, stack(0x00000057b5300000,0x00000057b5400000) (1024K)]
  0x000002525e4da730 JavaThread "Common-Cleaner"             daemon [_thread_blocked, id=21544, stack(0x00000057b5400000,0x00000057b5500000) (1024K)]
  0x000002525e60e360 JavaThread "Notification Thread"        daemon [_thread_blocked, id=24748, stack(0x00000057b5500000,0x00000057b5600000) (1024K)]
  0x000002525ec7da30 JavaThread "Active Thread: Equinox Container: 9d7167fc-0f2f-4c93-9a97-7e690308d0be"        [_thread_blocked, id=6500, stack(0x00000057b5600000,0x00000057b5700000) (1024K)]
  0x000002525ed29880 JavaThread "Refresh Thread: Equinox Container: 9d7167fc-0f2f-4c93-9a97-7e690308d0be" daemon [_thread_blocked, id=8512, stack(0x00000057b5e00000,0x00000057b5f00000) (1024K)]
  0x000002525ed22610 JavaThread "Framework Event Dispatcher: Equinox Container: 9d7167fc-0f2f-4c93-9a97-7e690308d0be" daemon [_thread_blocked, id=7292, stack(0x00000057b5f00000,0x00000057b6000000) (1024K)]
  0x000002525ed25ad0 JavaThread "Start Level: Equinox Container: 9d7167fc-0f2f-4c93-9a97-7e690308d0be" daemon [_thread_blocked, id=23780, stack(0x00000057b6000000,0x00000057b6100000) (1024K)]
  0x0000025263290070 JavaThread "Bundle File Closer"         daemon [_thread_blocked, id=4048, stack(0x00000057b6100000,0x00000057b6200000) (1024K)]
  0x000002525e79ca90 JavaThread "SCR Component Actor"        daemon [_thread_blocked, id=24812, stack(0x00000057b6200000,0x00000057b6300000) (1024K)]
  0x00000252632b3cf0 JavaThread "Worker-JM"                         [_thread_blocked, id=27580, stack(0x00000057b6300000,0x00000057b6400000) (1024K)]
  0x000002525e99a790 JavaThread "JNA Cleaner"                daemon [_thread_blocked, id=24684, stack(0x00000057b6500000,0x00000057b6600000) (1024K)]
  0x000002525e9986c0 JavaThread "Worker-2: Initialize workspace"        [_thread_blocked, id=25096, stack(0x00000057b6800000,0x00000057b6900000) (1024K)]
  0x0000025265e12c20 JavaThread "Java indexing"              daemon [_thread_blocked, id=11424, stack(0x00000057b6c00000,0x00000057b6d00000) (1024K)]
  0x0000025265e15380 JavaThread "Worker-6: Initialize workspace"        [_thread_blocked, id=27172, stack(0x00000057b7000000,0x00000057b7100000) (1024K)]
  0x0000025265e12590 JavaThread "Worker-7: Initialize workspace"        [_thread_blocked, id=27844, stack(0x00000057b7100000,0x00000057b7200000) (1024K)]
  0x0000025265e160a0 JavaThread "Thread-1"                   daemon [_thread_in_native, id=26036, stack(0x00000057b7200000,0x00000057b7300000) (1024K)]
  0x0000025265e14cf0 JavaThread "Thread-2"                   daemon [_thread_in_native, id=25576, stack(0x00000057b7300000,0x00000057b7400000) (1024K)]
  0x0000025265e16730 JavaThread "Thread-3"                   daemon [_thread_in_native, id=24828, stack(0x00000057b7400000,0x00000057b7500000) (1024K)]
  0x0000025265e15a10 JavaThread "Thread-4"                   daemon [_thread_in_native, id=19392, stack(0x00000057b7500000,0x00000057b7600000) (1024K)]
  0x0000025265e16dc0 JavaThread "Thread-5"                   daemon [_thread_in_native, id=12852, stack(0x00000057b7600000,0x00000057b7700000) (1024K)]
  0x0000025265e17450 JavaThread "Thread-6"                   daemon [_thread_in_native, id=26928, stack(0x00000057b7700000,0x00000057b7800000) (1024K)]
  0x0000025265e17ae0 JavaThread "Thread-7"                   daemon [_thread_in_native, id=26420, stack(0x00000057b7800000,0x00000057b7900000) (1024K)]
  0x0000025265e14660 JavaThread "Thread-8"                   daemon [_thread_in_native, id=27852, stack(0x00000057b7900000,0x00000057b7a00000) (1024K)]
  0x0000025265e19bb0 JavaThread "Thread-9"                   daemon [_thread_in_native, id=4948, stack(0x00000057b7a00000,0x00000057b7b00000) (1024K)]
  0x0000025265e18800 JavaThread "Timer-0"                           [_thread_blocked, id=21672, stack(0x00000057b7c00000,0x00000057b7d00000) (1024K)]
  0x0000025265e19520 JavaThread "Timer-1"                           [_thread_blocked, id=5152, stack(0x00000057b7d00000,0x00000057b7e00000) (1024K)]
  0x0000025264e29de0 JavaThread "pool-2-thread-1"                   [_thread_blocked, id=27820, stack(0x00000057b7e00000,0x00000057b7f00000) (1024K)]
  0x0000025264e28a30 JavaThread "WorkspaceEventsHandler"            [_thread_blocked, id=27340, stack(0x00000057b8000000,0x00000057b8100000) (1024K)]
  0x0000025264e26960 JavaThread "pool-1-thread-1"                   [_thread_blocked, id=25228, stack(0x00000057b8100000,0x00000057b8200000) (1024K)]
  0x00000252670d55b0 JavaThread "Timer-2"                           [_thread_blocked, id=27696, stack(0x00000057b7f00000,0x00000057b8000000) (1024K)]
  0x00000252665dcbe0 JavaThread "Timer-3"                           [_thread_blocked, id=25828, stack(0x00000057b9f00000,0x00000057ba000000) (1024K)]
  0x00000252665d9760 JavaThread "Timer-4"                           [_thread_blocked, id=26192, stack(0x00000057ba000000,0x00000057ba100000) (1024K)]
  0x00000252665d8a40 JavaThread "Timer-5"                           [_thread_blocked, id=22460, stack(0x00000057b4500000,0x00000057b4600000) (1024K)]
  0x00000252665d9df0 JavaThread "Timer-6"                           [_thread_blocked, id=22132, stack(0x00000057b4600000,0x00000057b4700000) (1024K)]
  0x00000252665d7000 JavaThread "Worker-9: Initialize workspace"        [_thread_blocked, id=3524, stack(0x00000057b4700000,0x00000057b4800000) (1024K)]
  0x00000252665dab10 JavaThread "Worker-10: Initialize workspace"        [_thread_blocked, id=14648, stack(0x00000057b6400000,0x00000057b6500000) (1024K)]
  0x00000252665dd900 JavaThread "Timer-7"                           [_thread_blocked, id=13060, stack(0x00000057b6700000,0x00000057b6800000) (1024K)]
  0x00000252665db1a0 JavaThread "Timer-8"                           [_thread_blocked, id=2504, stack(0x00000057b6900000,0x00000057b6a00000) (1024K)]
  0x00000252665ddf90 JavaThread "Timer-9"                           [_thread_blocked, id=6852, stack(0x00000057b6b00000,0x00000057b6c00000) (1024K)]
  0x00000252665dc550 JavaThread "Timer-10"                          [_thread_blocked, id=22028, stack(0x00000057b6e00000,0x00000057b6f00000) (1024K)]
  0x000002525e999a70 JavaThread "Timer-11"                          [_thread_blocked, id=24456, stack(0x00000057b7b00000,0x00000057b7c00000) (1024K)]
  0x000002525e99ae20 JavaThread "Timer-12"                          [_thread_blocked, id=27464, stack(0x00000057b6f00000,0x00000057b7000000) (1024K)]
  0x000002525e99bb40 JavaThread "Timer-13"                          [_thread_blocked, id=32964, stack(0x00000057b9200000,0x00000057b9300000) (1024K)]
  0x0000025264e26ff0 JavaThread "Timer-14"                          [_thread_blocked, id=24432, stack(0x00000057b8400000,0x00000057b8500000) (1024K)]
  0x00000252670d27c0 JavaThread "Worker-11: Initialize workspace"        [_thread_blocked, id=26452, stack(0x00000057b6600000,0x00000057b6700000) (1024K)]
  0x0000025271fa6fa0 JavaThread "Timer-15"                          [_thread_blocked, id=35596, stack(0x00000057b9a00000,0x00000057b9b00000) (1024K)]
  0x0000025271fa9700 JavaThread "Timer-16"                          [_thread_blocked, id=31216, stack(0x00000057b9c00000,0x00000057b9d00000) (1024K)]
  0x0000025271fa9d90 JavaThread "Timer-17"                          [_thread_blocked, id=3796, stack(0x00000057b9d00000,0x00000057b9e00000) (1024K)]
  0x0000025271fa7630 JavaThread "Timer-18"                          [_thread_blocked, id=33952, stack(0x00000057b9e00000,0x00000057b9f00000) (1024K)]
  0x0000025271fab7d0 JavaThread "Timer-19"                          [_thread_blocked, id=34460, stack(0x00000057ba200000,0x00000057ba300000) (1024K)]
  0x0000025271faaab0 JavaThread "Timer-20"                          [_thread_blocked, id=35812, stack(0x00000057ba100000,0x00000057ba200000) (1024K)]
  0x0000025271fab140 JavaThread "Timer-21"                          [_thread_blocked, id=25160, stack(0x00000057ba400000,0x00000057ba500000) (1024K)]
  0x0000025271fa8350 JavaThread "Timer-22"                          [_thread_blocked, id=25440, stack(0x00000057ba500000,0x00000057ba600000) (1024K)]
  0x0000025271fabe60 JavaThread "Timer-23"                          [_thread_blocked, id=17632, stack(0x00000057ba300000,0x00000057ba400000) (1024K)]
  0x0000025271fac4f0 JavaThread "Timer-24"                          [_thread_blocked, id=36364, stack(0x00000057ba600000,0x00000057ba700000) (1024K)]
  0x0000025271facb80 JavaThread "Timer-25"                          [_thread_blocked, id=27916, stack(0x00000057ba700000,0x00000057ba800000) (1024K)]
  0x0000025271fad210 JavaThread "Timer-26"                          [_thread_blocked, id=33128, stack(0x00000057ba800000,0x00000057ba900000) (1024K)]
  0x0000025271fad8a0 JavaThread "Timer-27"                          [_thread_blocked, id=35052, stack(0x00000057baa00000,0x00000057bab00000) (1024K)]
  0x0000025271fadf30 JavaThread "Timer-28"                          [_thread_blocked, id=21524, stack(0x00000057ba900000,0x00000057baa00000) (1024K)]
  0x0000025271d1e430 JavaThread "Worker-12: Initialize workspace"        [_thread_blocked, id=22476, stack(0x00000057bac00000,0x00000057bad00000) (1024K)]
  0x0000025271d1d080 JavaThread "Timer-29"                          [_thread_blocked, id=11316, stack(0x00000057bab00000,0x00000057bac00000) (1024K)]
  0x0000025271d1fe70 JavaThread "Timer-30"                          [_thread_blocked, id=3392, stack(0x00000057bad00000,0x00000057bae00000) (1024K)]
  0x0000025271d20500 JavaThread "Timer-31"                          [_thread_blocked, id=27432, stack(0x00000057bae00000,0x00000057baf00000) (1024K)]
  0x0000025271d20b90 JavaThread "Timer-32"                          [_thread_blocked, id=17828, stack(0x00000057baf00000,0x00000057bb000000) (1024K)]
  0x0000025271d1dda0 JavaThread "Timer-33"                          [_thread_blocked, id=25460, stack(0x00000057bb000000,0x00000057bb100000) (1024K)]
  0x0000025271d218b0 JavaThread "Timer-34"                          [_thread_blocked, id=21204, stack(0x00000057bb100000,0x00000057bb200000) (1024K)]
  0x0000025271d21f40 JavaThread "Timer-35"                          [_thread_blocked, id=8428, stack(0x00000057bb200000,0x00000057bb300000) (1024K)]
  0x0000025271d225d0 JavaThread "Worker-13: Initialize workspace"        [_thread_blocked, id=37008, stack(0x00000057bb500000,0x00000057bb600000) (1024K)]
  0x0000025271d1eac0 JavaThread "Timer-36"                          [_thread_blocked, id=24652, stack(0x00000057bb300000,0x00000057bb400000) (1024K)]
  0x0000025271d1f7e0 JavaThread "Timer-37"                          [_thread_blocked, id=38776, stack(0x00000057b9900000,0x00000057b9a00000) (1024K)]
  0x0000025271d24010 JavaThread "Timer-38"                          [_thread_blocked, id=18196, stack(0x00000057b9b00000,0x00000057b9c00000) (1024K)]
  0x0000025271d23980 JavaThread "Worker-14: Initialize workspace"        [_thread_blocked, id=4900, stack(0x00000057bb700000,0x00000057bb800000) (1024K)]
  0x0000025271d22c60 JavaThread "Timer-39"                          [_thread_blocked, id=24116, stack(0x00000057bb400000,0x00000057bb500000) (1024K)]
  0x0000025271d232f0 JavaThread "Timer-40"                          [_thread_blocked, id=4608, stack(0x00000057bb600000,0x00000057bb700000) (1024K)]
  0x0000025271fa89e0 JavaThread "Timer-41"                          [_thread_blocked, id=33584, stack(0x00000057bb900000,0x00000057bba00000) (1024K)]
  0x0000025271fa9070 JavaThread "Timer-42"                          [_thread_blocked, id=19252, stack(0x00000057bb800000,0x00000057bb900000) (1024K)]
  0x00000252665d7690 JavaThread "Timer-43"                          [_thread_blocked, id=25572, stack(0x00000057bba00000,0x00000057bbb00000) (1024K)]
  0x00000252666cfaa0 JavaThread "Timer-44"                          [_thread_blocked, id=10392, stack(0x00000057bbb00000,0x00000057bbc00000) (1024K)]
  0x00000252666cc620 JavaThread "Timer-45"                          [_thread_blocked, id=38640, stack(0x00000057bbd00000,0x00000057bbe00000) (1024K)]
  0x00000252666d0130 JavaThread "Timer-46"                          [_thread_blocked, id=13128, stack(0x00000057bbc00000,0x00000057bbd00000) (1024K)]
  0x00000252666d07c0 JavaThread "Timer-47"                          [_thread_blocked, id=5664, stack(0x00000057bbe00000,0x00000057bbf00000) (1024K)]
  0x00000252666ce060 JavaThread "Timer-48"                          [_thread_blocked, id=18868, stack(0x00000057bbf00000,0x00000057bc000000) (1024K)]
  0x00000252666cf410 JavaThread "Timer-49"                          [_thread_blocked, id=12880, stack(0x00000057bc000000,0x00000057bc100000) (1024K)]
  0x00000252666cd340 JavaThread "Timer-50"                          [_thread_blocked, id=23840, stack(0x00000057bc100000,0x00000057bc200000) (1024K)]
  0x00000252666ce6f0 JavaThread "Timer-51"                          [_thread_blocked, id=19696, stack(0x00000057bc300000,0x00000057bc400000) (1024K)]
  0x00000252666d0e50 JavaThread "Timer-52"                          [_thread_blocked, id=7396, stack(0x00000057bc200000,0x00000057bc300000) (1024K)]
  0x00000252666d1b70 JavaThread "Timer-53"                          [_thread_blocked, id=12592, stack(0x00000057bc400000,0x00000057bc500000) (1024K)]
  0x00000252666d2200 JavaThread "Timer-54"                          [_thread_blocked, id=28008, stack(0x00000057bc600000,0x00000057bc700000) (1024K)]
  0x00000252666cd9d0 JavaThread "Worker-15: Initialize workspace"        [_thread_blocked, id=22556, stack(0x00000057b6d00000,0x00000057b6e00000) (1024K)]
  0x00000252666ced80 JavaThread "Timer-55"                          [_thread_blocked, id=34844, stack(0x00000057bc800000,0x00000057bc900000) (1024K)]
  0x00000252666d2890 JavaThread "Timer-56"                          [_thread_blocked, id=20184, stack(0x00000057bc900000,0x00000057bca00000) (1024K)]
  0x00000252666d2f20 JavaThread "Timer-57"                          [_thread_blocked, id=10908, stack(0x00000057bcb00000,0x00000057bcc00000) (1024K)]
  0x00000252666d35b0 JavaThread "Timer-58"                          [_thread_blocked, id=11816, stack(0x00000057b6a00000,0x00000057b6b00000) (1024K)]
  0x00000252666d3c40 JavaThread "Timer-59"                          [_thread_blocked, id=13076, stack(0x00000057bca00000,0x00000057bcb00000) (1024K)]
  0x0000025264e27680 JavaThread "Timer-60"                          [_thread_blocked, id=30980, stack(0x00000057bcc00000,0x00000057bcd00000) (1024K)]
  0x0000025271d1c9f0 JavaThread "Timer-61"                          [_thread_blocked, id=27604, stack(0x00000057bcd00000,0x00000057bce00000) (1024K)]
  0x00000252637a2ab0 JavaThread "Timer-62"                          [_thread_blocked, id=7300, stack(0x00000057bce00000,0x00000057bcf00000) (1024K)]
  0x00000252637a3140 JavaThread "Timer-63"                          [_thread_blocked, id=19112, stack(0x00000057bcf00000,0x00000057bd000000) (1024K)]
  0x00000252637a4b80 JavaThread "Timer-64"                          [_thread_blocked, id=26536, stack(0x00000057bd000000,0x00000057bd100000) (1024K)]
  0x00000252637a37d0 JavaThread "Timer-65"                          [_thread_blocked, id=22468, stack(0x00000057bd100000,0x00000057bd200000) (1024K)]
  0x00000252637a44f0 JavaThread "Timer-66"                          [_thread_blocked, id=608, stack(0x00000057bd200000,0x00000057bd300000) (1024K)]
  0x00000252637a5210 JavaThread "Timer-67"                          [_thread_blocked, id=27096, stack(0x00000057bd400000,0x00000057bd500000) (1024K)]
  0x00000252666d14e0 JavaThread "Worker-16: Initialize workspace"        [_thread_blocked, id=23784, stack(0x00000057b9700000,0x00000057b9800000) (1024K)]
  0x00000252637a58a0 JavaThread "Timer-68"                          [_thread_blocked, id=34640, stack(0x00000057bd300000,0x00000057bd400000) (1024K)]
  0x00000252637a5f30 JavaThread "Timer-69"                          [_thread_blocked, id=8504, stack(0x00000057bd600000,0x00000057bd700000) (1024K)]
  0x00000252665da480 JavaThread "Timer-70"                          [_thread_blocked, id=36772, stack(0x00000057bd500000,0x00000057bd600000) (1024K)]
  0x0000025267d71540 JavaThread "Timer-71"                          [_thread_blocked, id=23796, stack(0x00000057bd700000,0x00000057bd800000) (1024K)]
  0x0000025267d71bd0 JavaThread "Timer-72"                          [_thread_blocked, id=25824, stack(0x00000057bd800000,0x00000057bd900000) (1024K)]
  0x0000025267d70eb0 JavaThread "Timer-73"                          [_thread_blocked, id=11632, stack(0x00000057bd900000,0x00000057bda00000) (1024K)]
  0x0000025267d72260 JavaThread "Timer-74"                          [_thread_blocked, id=25628, stack(0x00000057bda00000,0x00000057bdb00000) (1024K)]
  0x0000025267d728f0 JavaThread "Timer-75"                          [_thread_blocked, id=20500, stack(0x00000057bdc00000,0x00000057bdd00000) (1024K)]
  0x0000025267d70820 JavaThread "Worker-17: Initialize workspace"        [_thread_blocked, id=12260, stack(0x00000057bde00000,0x00000057bdf00000) (1024K)]
  0x0000025267d6f470 JavaThread "Timer-76"                          [_thread_blocked, id=26216, stack(0x00000057bdb00000,0x00000057bdc00000) (1024K)]
  0x0000025267d6fb00 JavaThread "Timer-77"                          [_thread_blocked, id=9960, stack(0x00000057bdd00000,0x00000057bde00000) (1024K)]
  0x0000025267d73610 JavaThread "Timer-78"                          [_thread_blocked, id=31056, stack(0x00000057bdf00000,0x00000057be000000) (1024K)]
  0x0000025267d75050 JavaThread "Timer-79"                          [_thread_blocked, id=8116, stack(0x00000057bc700000,0x00000057bc800000) (1024K)]
  0x0000025267d76a90 JavaThread "Timer-80"                          [_thread_blocked, id=22488, stack(0x00000057be000000,0x00000057be100000) (1024K)]
  0x0000025267d76400 JavaThread "Timer-81"                          [_thread_blocked, id=16840, stack(0x00000057be100000,0x00000057be200000) (1024K)]
  0x0000025267d756e0 JavaThread "Timer-82"                          [_thread_blocked, id=11356, stack(0x00000057be200000,0x00000057be300000) (1024K)]
  0x0000025267d73ca0 JavaThread "Timer-83"                          [_thread_blocked, id=21056, stack(0x00000057be400000,0x00000057be500000) (1024K)]
  0x0000025267d749c0 JavaThread "Worker-18: Initialize workspace"        [_thread_blocked, id=31228, stack(0x00000057be600000,0x00000057be700000) (1024K)]
  0x0000025267d74330 JavaThread "Timer-84"                          [_thread_blocked, id=17848, stack(0x00000057be300000,0x00000057be400000) (1024K)]
  0x0000025267d75d70 JavaThread "Timer-85"                          [_thread_blocked, id=14932, stack(0x00000057be700000,0x00000057be800000) (1024K)]
  0x0000025264e27d10 JavaThread "Timer-86"                          [_thread_blocked, id=26144, stack(0x00000057be500000,0x00000057be600000) (1024K)]
  0x0000025267d70190 JavaThread "Timer-87"                          [_thread_blocked, id=7056, stack(0x00000057be800000,0x00000057be900000) (1024K)]
  0x000002527254c130 JavaThread "Timer-88"                          [_thread_blocked, id=25772, stack(0x00000057be900000,0x00000057bea00000) (1024K)]
  0x000002527254a060 JavaThread "Timer-89"                          [_thread_blocked, id=25704, stack(0x00000057bea00000,0x00000057beb00000) (1024K)]
  0x000002527254baa0 JavaThread "Timer-90"                          [_thread_blocked, id=12004, stack(0x00000057beb00000,0x00000057bec00000) (1024K)]
  0x000002527254b410 JavaThread "Timer-91"                          [_thread_blocked, id=19188, stack(0x00000057bec00000,0x00000057bed00000) (1024K)]
  0x000002527254c7c0 JavaThread "Worker-19: Initialize workspace"        [_thread_blocked, id=7164, stack(0x00000057bef00000,0x00000057bf000000) (1024K)]
  0x000002527254ce50 JavaThread "Timer-92"                          [_thread_blocked, id=26948, stack(0x00000057bed00000,0x00000057bee00000) (1024K)]
  0x000002527254ad80 JavaThread "Timer-93"                          [_thread_blocked, id=33604, stack(0x00000057bf000000,0x00000057bf100000) (1024K)]
  0x000002527254db70 JavaThread "Timer-94"                          [_thread_blocked, id=22992, stack(0x00000057bee00000,0x00000057bef00000) (1024K)]
  0x000002527254fc40 JavaThread "Timer-95"                          [_thread_blocked, id=7656, stack(0x00000057bf100000,0x00000057bf200000) (1024K)]
  0x000002527254ef20 JavaThread "Timer-96"                          [_thread_blocked, id=30696, stack(0x00000057bf200000,0x00000057bf300000) (1024K)]
  0x00000252725502d0 JavaThread "Timer-97"                          [_thread_blocked, id=23012, stack(0x00000057bf300000,0x00000057bf400000) (1024K)]
  0x0000025272550960 JavaThread "Timer-98"                          [_thread_blocked, id=38392, stack(0x00000057bf400000,0x00000057bf500000) (1024K)]
  0x0000025272550ff0 JavaThread "Timer-99"                          [_thread_blocked, id=38720, stack(0x00000057bf600000,0x00000057bf700000) (1024K)]
  0x0000025272551d10 JavaThread "Worker-20: Initialize workspace"        [_thread_blocked, id=23464, stack(0x00000057bf800000,0x00000057bf900000) (1024K)]
  0x0000025272551680 JavaThread "Timer-100"                         [_thread_blocked, id=25624, stack(0x00000057bf500000,0x00000057bf600000) (1024K)]
  0x000002527254e200 JavaThread "Timer-101"                         [_thread_blocked, id=22720, stack(0x00000057bf900000,0x00000057bfa00000) (1024K)]
  0x000002527254f5b0 JavaThread "Timer-102"                         [_thread_blocked, id=36308, stack(0x00000057b8600000,0x00000057b8700000) (1024K)]
  0x00000252725523a0 JavaThread "Timer-103"                         [_thread_blocked, id=18640, stack(0x00000057bf700000,0x00000057bf800000) (1024K)]
  0x0000025272554470 JavaThread "Timer-104"                         [_thread_blocked, id=2944, stack(0x00000057bfa00000,0x00000057bfb00000) (1024K)]
  0x0000025272552a30 JavaThread "Timer-105"                         [_thread_blocked, id=5220, stack(0x00000057bfb00000,0x00000057bfc00000) (1024K)]
  0x0000025272554b00 JavaThread "Timer-106"                         [_thread_blocked, id=17380, stack(0x00000057bfc00000,0x00000057bfd00000) (1024K)]
  0x0000025272555820 JavaThread "Timer-107"                         [_thread_blocked, id=37260, stack(0x00000057bfe00000,0x00000057bff00000) (1024K)]
  0x0000025272553750 JavaThread "Worker-21: Initialize workspace"        [_thread_blocked, id=24296, stack(0x00000057c0000000,0x00000057c0100000) (1024K)]
  0x0000025272555190 JavaThread "Timer-108"                         [_thread_blocked, id=38696, stack(0x00000057bfd00000,0x00000057bfe00000) (1024K)]
  0x0000025272553de0 JavaThread "Timer-109"                         [_thread_blocked, id=21308, stack(0x00000057c0100000,0x00000057c0200000) (1024K)]
  0x0000025272555eb0 JavaThread "Timer-110"                         [_thread_blocked, id=25152, stack(0x00000057bff00000,0x00000057c0000000) (1024K)]
  0x0000025272556540 JavaThread "Timer-111"                         [_thread_blocked, id=19572, stack(0x00000057c0200000,0x00000057c0300000) (1024K)]
  0x00000252725530c0 JavaThread "Timer-112"                         [_thread_blocked, id=10920, stack(0x00000057c0300000,0x00000057c0400000) (1024K)]
  0x0000025272557260 JavaThread "Timer-113"                         [_thread_blocked, id=22548, stack(0x00000057c0400000,0x00000057c0500000) (1024K)]
  0x0000025272556bd0 JavaThread "Timer-114"                         [_thread_blocked, id=33588, stack(0x00000057bc500000,0x00000057bc600000) (1024K)]
  0x0000025272557f80 JavaThread "Timer-115"                         [_thread_blocked, id=25056, stack(0x00000057c0500000,0x00000057c0600000) (1024K)]
  0x0000025272558ca0 JavaThread "Worker-22: Initialize workspace"        [_thread_blocked, id=9848, stack(0x00000057c0800000,0x00000057c0900000) (1024K)]
  0x00000252725578f0 JavaThread "Timer-116"                         [_thread_blocked, id=30828, stack(0x00000057c0600000,0x00000057c0700000) (1024K)]
  0x0000025272559330 JavaThread "Timer-117"                         [_thread_blocked, id=10416, stack(0x00000057c0900000,0x00000057c0a00000) (1024K)]
  0x0000025272558610 JavaThread "Worker-23: Initialize workspace"        [_thread_blocked, id=31116, stack(0x00000057c0700000,0x00000057c0800000) (1024K)]
  0x00000252637a3e60 JavaThread "Timer-118"                         [_thread_blocked, id=9280, stack(0x00000057c0a00000,0x00000057c0b00000) (1024K)]
  0x000002527254e890 JavaThread "Timer-119"                         [_thread_blocked, id=3784, stack(0x00000057c0b00000,0x00000057c0c00000) (1024K)]
  0x0000025271edbf90 JavaThread "Timer-120"                         [_thread_blocked, id=21208, stack(0x00000057c0c00000,0x00000057c0d00000) (1024K)]
  0x0000025271ede6f0 JavaThread "Timer-121"                         [_thread_blocked, id=26212, stack(0x00000057c0d00000,0x00000057c0e00000) (1024K)]
  0x0000025271edd340 JavaThread "Timer-122"                         [_thread_blocked, id=36320, stack(0x00000057c0e00000,0x00000057c0f00000) (1024K)]
  0x0000025271edfaa0 JavaThread "Timer-123"                         [_thread_blocked, id=36176, stack(0x00000057c1000000,0x00000057c1100000) (1024K)]
  0x0000025271edc620 JavaThread "Timer-124"                         [_thread_blocked, id=29616, stack(0x00000057b8800000,0x00000057b8900000) (1024K)]
  0x0000025271edd9d0 JavaThread "Timer-125"                         [_thread_blocked, id=5892, stack(0x00000057b8900000,0x00000057b8a00000) (1024K)]
  0x0000025271eded80 JavaThread "Timer-126"                         [_thread_blocked, id=7328, stack(0x00000057b8300000,0x00000057b8400000) (1024K)]
  0x0000025271ee0130 JavaThread "Timer-127"                         [_thread_blocked, id=29472, stack(0x00000057b8a00000,0x00000057b8b00000) (1024K)]
  0x0000025271ee14e0 JavaThread "Timer-128"                         [_thread_blocked, id=2468, stack(0x00000057b8b00000,0x00000057b8c00000) (1024K)]
  0x0000025271edf410 JavaThread "Timer-129"                         [_thread_blocked, id=33704, stack(0x00000057b8d00000,0x00000057b8e00000) (1024K)]
  0x0000025271ee2200 JavaThread "Worker-24: Initialize workspace"        [_thread_blocked, id=8488, stack(0x00000057b8c00000,0x00000057b8d00000) (1024K)]
  0x0000025271ee3c40 JavaThread "Timer-130"                         [_thread_blocked, id=24008, stack(0x00000057b8e00000,0x00000057b8f00000) (1024K)]
  0x0000025271ee07c0 JavaThread "Timer-131"                         [_thread_blocked, id=36168, stack(0x00000057b9100000,0x00000057b9200000) (1024K)]
  0x0000025271ee4960 JavaThread "Timer-132"                         [_thread_blocked, id=10676, stack(0x00000057b9000000,0x00000057b9100000) (1024K)]
  0x0000025271ee4ff0 JavaThread "Timer-133"                         [_thread_blocked, id=25844, stack(0x00000057b9400000,0x00000057b9500000) (1024K)]
  0x0000025271ee2890 JavaThread "Timer-134"                         [_thread_blocked, id=21200, stack(0x00000057b9300000,0x00000057b9400000) (1024K)]
  0x0000025271ee42d0 JavaThread "Timer-135"                         [_thread_blocked, id=7556, stack(0x00000057b9500000,0x00000057b9600000) (1024K)]
  0x0000025271ee1b70 JavaThread "Timer-136"                         [_thread_blocked, id=25688, stack(0x00000057c0f00000,0x00000057c1000000) (1024K)]
  0x0000025271ee0e50 JavaThread "Timer-137"                         [_thread_blocked, id=25552, stack(0x00000057c1100000,0x00000057c1200000) (1024K)]
  0x0000025271ee5680 JavaThread "Timer-138"                         [_thread_blocked, id=23260, stack(0x00000057c1200000,0x00000057c1300000) (1024K)]
  0x0000025271ee5d10 JavaThread "Timer-139"                         [_thread_blocked, id=5904, stack(0x00000057c1400000,0x00000057c1500000) (1024K)]
  0x0000025271ee63a0 JavaThread "Timer-140"                         [_thread_blocked, id=11812, stack(0x00000057c1300000,0x00000057c1400000) (1024K)]
  0x0000025271ee6a30 JavaThread "Timer-141"                         [_thread_blocked, id=11764, stack(0x00000057c1600000,0x00000057c1700000) (1024K)]
  0x0000025271ee35b0 JavaThread "Worker-25: Initialize workspace"        [_thread_blocked, id=22404, stack(0x00000057c1500000,0x00000057c1600000) (1024K)]
  0x0000025271ee7750 JavaThread "Timer-142"                         [_thread_blocked, id=23128, stack(0x00000057c1700000,0x00000057c1800000) (1024K)]
  0x0000025271ee9190 JavaThread "Timer-143"                         [_thread_blocked, id=26988, stack(0x00000057c1800000,0x00000057c1900000) (1024K)]
  0x0000025271ee7de0 JavaThread "Timer-144"                         [_thread_blocked, id=12432, stack(0x00000057c1900000,0x00000057c1a00000) (1024K)]
  0x0000025271ee9eb0 JavaThread "Timer-145"                         [_thread_blocked, id=22348, stack(0x00000057c1b00000,0x00000057c1c00000) (1024K)]
  0x0000025271ee9820 JavaThread "Timer-146"                         [_thread_blocked, id=26680, stack(0x00000057c1a00000,0x00000057c1b00000) (1024K)]
  0x0000025271ee8b00 JavaThread "Timer-147"                         [_thread_blocked, id=27140, stack(0x00000057c1d00000,0x00000057c1e00000) (1024K)]
  0x0000025271ee70c0 JavaThread "Worker-26: Initialize workspace"        [_thread_blocked, id=22752, stack(0x00000057c1f00000,0x00000057c2000000) (1024K)]
  0x0000025271eeabd0 JavaThread "Timer-148"                         [_thread_blocked, id=35432, stack(0x00000057c1c00000,0x00000057c1d00000) (1024K)]
  0x0000025271eea540 JavaThread "Timer-149"                         [_thread_blocked, id=12556, stack(0x00000057c2000000,0x00000057c2100000) (1024K)]
  0x0000025271ee8470 JavaThread "Timer-150"                         [_thread_blocked, id=21396, stack(0x00000057b8700000,0x00000057b8800000) (1024K)]
  0x00000252670d1410 JavaThread "Timer-151"                         [_thread_blocked, id=10264, stack(0x00000057c1e00000,0x00000057c1f00000) (1024K)]
  0x00000252670d4890 JavaThread "Timer-152"                         [_thread_blocked, id=8936, stack(0x00000057c2100000,0x00000057c2200000) (1024K)]
  0x00000252670d1aa0 JavaThread "Timer-153"                         [_thread_blocked, id=13368, stack(0x00000057c2200000,0x00000057c2300000) (1024K)]
  0x00000252670d7d10 JavaThread "Timer-154"                         [_thread_blocked, id=29404, stack(0x00000057c2300000,0x00000057c2400000) (1024K)]
  0x00000252670d6960 JavaThread "Timer-155"                         [_thread_blocked, id=23996, stack(0x00000057c2400000,0x00000057c2500000) (1024K)]
  0x000002525e99b4b0 JavaThread "Worker-27: Initialize workspace"        [_thread_blocked, id=28152, stack(0x00000057c2700000,0x00000057c2800000) (1024K)]
  0x000002525e9993e0 JavaThread "Timer-156"                         [_thread_blocked, id=32816, stack(0x00000057c2500000,0x00000057c2600000) (1024K)]
  0x000002525e99a100 JavaThread "Timer-157"                         [_thread_blocked, id=21288, stack(0x00000057c2600000,0x00000057c2700000) (1024K)]
  0x0000025271ee2f20 JavaThread "Timer-158"                         [_thread_blocked, id=36140, stack(0x00000057c2800000,0x00000057c2900000) (1024K)]
  0x00000252670d6ff0 JavaThread "Timer-159"                         [_thread_blocked, id=21516, stack(0x00000057c2900000,0x00000057c2a00000) (1024K)]
  0x00000252665d6970 JavaThread "Timer-160"                         [_thread_blocked, id=12028, stack(0x00000057c2a00000,0x00000057c2b00000) (1024K)]
  0x00000252665d7d20 JavaThread "Timer-161"                         [_thread_blocked, id=37928, stack(0x00000057c2b00000,0x00000057c2c00000) (1024K)]
  0x0000025271eeb260 JavaThread "Timer-162"                         [_thread_blocked, id=29864, stack(0x00000057c2c00000,0x00000057c2d00000) (1024K)]
  0x0000025265405960 JavaThread "Timer-163"                         [_thread_blocked, id=27708, stack(0x00000057c2d00000,0x00000057c2e00000) (1024K)]
  0x0000025265405ff0 JavaThread "Timer-164"                         [_thread_blocked, id=20864, stack(0x00000057c2e00000,0x00000057c2f00000) (1024K)]
  0x0000025265406680 JavaThread "Timer-165"                         [_thread_blocked, id=18940, stack(0x00000057c3200000,0x00000057c3300000) (1024K)]
  0x00000252654045b0 JavaThread "Timer-166"                         [_thread_blocked, id=11444, stack(0x00000057c2f00000,0x00000057c3000000) (1024K)]
  0x00000252654073a0 JavaThread "Timer-167"                         [_thread_blocked, id=12380, stack(0x00000057c3300000,0x00000057c3400000) (1024K)]
  0x0000025265407a30 JavaThread "Timer-168"                         [_thread_blocked, id=20264, stack(0x00000057c3400000,0x00000057c3500000) (1024K)]
  0x0000025265404c40 JavaThread "Timer-169"                         [_thread_blocked, id=21856, stack(0x00000057c3600000,0x00000057c3700000) (1024K)]
  0x0000025265408750 JavaThread "Worker-28: Initialize workspace"        [_thread_blocked, id=20732, stack(0x00000057c3500000,0x00000057c3600000) (1024K)]
  0x00000252654080c0 JavaThread "Worker-29: Initialize workspace"        [_thread_blocked, id=22924, stack(0x00000057c3700000,0x00000057c3800000) (1024K)]
  0x00000252654052d0 JavaThread "Timer-170"                         [_thread_blocked, id=3748, stack(0x00000057c3800000,0x00000057c3900000) (1024K)]
  0x000002526540b540 JavaThread "Timer-171"                         [_thread_blocked, id=26324, stack(0x00000057c3a00000,0x00000057c3b00000) (1024K)]
  0x000002526540bbd0 JavaThread "Timer-172"                         [_thread_blocked, id=30364, stack(0x00000057c3900000,0x00000057c3a00000) (1024K)]
  0x0000025265409470 JavaThread "Timer-173"                         [_thread_blocked, id=36560, stack(0x00000057c3b00000,0x00000057c3c00000) (1024K)]
  0x0000025265408de0 JavaThread "Timer-174"                         [_thread_blocked, id=8172, stack(0x00000057b8f00000,0x00000057b9000000) (1024K)]
  0x000002526540a190 JavaThread "Timer-175"                         [_thread_blocked, id=37812, stack(0x00000057c3c00000,0x00000057c3d00000) (1024K)]
  0x0000025265406d10 JavaThread "Timer-176"                         [_thread_blocked, id=20580, stack(0x00000057c3d00000,0x00000057c3e00000) (1024K)]
  0x000002526540c260 JavaThread "Timer-177"                         [_thread_blocked, id=10028, stack(0x00000057c3e00000,0x00000057c3f00000) (1024K)]
  0x000002526540cf80 JavaThread "Timer-178"                         [_thread_blocked, id=34416, stack(0x00000057c3f00000,0x00000057c4000000) (1024K)]
  0x000002526540d610 JavaThread "Timer-179"                         [_thread_blocked, id=144, stack(0x00000057c4100000,0x00000057c4200000) (1024K)]
  0x000002526540c8f0 JavaThread "Worker-30: Initialize workspace"        [_thread_blocked, id=3840, stack(0x00000057c4300000,0x00000057c4400000) (1024K)]
  0x000002526540dca0 JavaThread "Timer-180"                         [_thread_blocked, id=11968, stack(0x00000057c4000000,0x00000057c4100000) (1024K)]
  0x000002526540a820 JavaThread "Timer-181"                         [_thread_blocked, id=32208, stack(0x00000057c4600000,0x00000057c4700000) (1024K)]
  0x000002526540e330 JavaThread "Timer-182"                         [_thread_blocked, id=34284, stack(0x00000057c4200000,0x00000057c4300000) (1024K)]
  0x00000252654117b0 JavaThread "Timer-183"                         [_thread_blocked, id=29400, stack(0x00000057b9600000,0x00000057b9700000) (1024K)]
  0x000002526540f6e0 JavaThread "Timer-184"                         [_thread_blocked, id=28612, stack(0x00000057c4700000,0x00000057c4800000) (1024K)]
  0x0000025265411e40 JavaThread "Timer-185"                         [_thread_blocked, id=22780, stack(0x00000057c4800000,0x00000057c4900000) (1024K)]
  0x0000025265410400 JavaThread "Timer-186"                         [_thread_blocked, id=10788, stack(0x00000057c4900000,0x00000057c4a00000) (1024K)]
  0x0000025265410a90 JavaThread "Timer-187"                         [_thread_blocked, id=36564, stack(0x00000057c4b00000,0x00000057c4c00000) (1024K)]
  0x0000025265411120 JavaThread "Worker-31: Initialize workspace"        [_thread_blocked, id=26020, stack(0x00000057c4d00000,0x00000057c4e00000) (1024K)]
  0x000002526540e9c0 JavaThread "Timer-188"                         [_thread_blocked, id=24968, stack(0x00000057c4a00000,0x00000057c4b00000) (1024K)]
  0x00000252654124d0 JavaThread "Timer-189"                         [_thread_blocked, id=25256, stack(0x00000057c4e00000,0x00000057c4f00000) (1024K)]
  0x000002526540fd70 JavaThread "Timer-190"                         [_thread_blocked, id=25948, stack(0x00000057c4c00000,0x00000057c4d00000) (1024K)]
  0x000002526540f050 JavaThread "Timer-191"                         [_thread_blocked, id=12332, stack(0x00000057c3000000,0x00000057c3100000) (1024K)]
  0x0000025265412b60 JavaThread "Timer-192"                         [_thread_blocked, id=30512, stack(0x00000057c3100000,0x00000057c3200000) (1024K)]
  0x00000252654131f0 JavaThread "Timer-193"                         [_thread_blocked, id=36544, stack(0x00000057c4f00000,0x00000057c5000000) (1024K)]
  0x0000025265413880 JavaThread "Timer-194"                         [_thread_blocked, id=32520, stack(0x00000057c5000000,0x00000057c5100000) (1024K)]
  0x00000252670d0d80 JavaThread "Timer-195"                         [_thread_blocked, id=13808, stack(0x00000057c5200000,0x00000057c5300000) (1024K)]
  0x00000252670d2e50 JavaThread "Worker-32: Initialize workspace"        [_thread_blocked, id=21700, stack(0x00000057b8500000,0x00000057b8600000) (1024K)]
  0x00000252670d7680 JavaThread "Timer-196"                         [_thread_blocked, id=28860, stack(0x00000057c5100000,0x00000057c5200000) (1024K)]
  0x00000252665d90d0 JavaThread "Timer-197"                         [_thread_blocked, id=5288, stack(0x00000057c5400000,0x00000057c5500000) (1024K)]
  0x000002527279a150 JavaThread "Timer-198"                         [_thread_blocked, id=20156, stack(0x00000057c5300000,0x00000057c5400000) (1024K)]
  0x0000025272799ac0 JavaThread "Timer-199"                         [_thread_blocked, id=32952, stack(0x00000057c5500000,0x00000057c5600000) (1024K)]
  0x000002527279a7e0 JavaThread "Timer-200"                         [_thread_blocked, id=14580, stack(0x00000057c5600000,0x00000057c5700000) (1024K)]
  0x000002527279ae70 JavaThread "Timer-201"                         [_thread_blocked, id=29048, stack(0x00000057c5800000,0x00000057c5900000) (1024K)]
  0x000002527279b500 JavaThread "Timer-202"                         [_thread_blocked, id=23896, stack(0x00000057c5700000,0x00000057c5800000) (1024K)]
  0x0000025272798da0 JavaThread "Timer-203"                         [_thread_blocked, id=37536, stack(0x00000057c5a00000,0x00000057c5b00000) (1024K)]
  0x0000025272799430 JavaThread "Worker-33: Initialize workspace"        [_thread_blocked, id=20384, stack(0x00000057c5c00000,0x00000057c5d00000) (1024K)]
  0x000002527279bb90 JavaThread "Timer-204"                         [_thread_blocked, id=27036, stack(0x00000057c5900000,0x00000057c5a00000) (1024K)]
  0x0000025272798710 JavaThread "Timer-205"                         [_thread_blocked, id=17628, stack(0x00000057c5d00000,0x00000057c5e00000) (1024K)]
  0x000002527279dc60 JavaThread "Timer-206"                         [_thread_blocked, id=22760, stack(0x00000057c5b00000,0x00000057c5c00000) (1024K)]
  0x000002527279c8b0 JavaThread "Timer-207"                         [_thread_blocked, id=35644, stack(0x00000057c5e00000,0x00000057c5f00000) (1024K)]
  0x000002527279d5d0 JavaThread "Timer-208"                         [_thread_blocked, id=33804, stack(0x00000057c5f00000,0x00000057c6000000) (1024K)]
  0x000002527279e2f0 JavaThread "Timer-209"                         [_thread_blocked, id=24104, stack(0x00000057c6000000,0x00000057c6100000) (1024K)]
  0x000002527279e980 JavaThread "Timer-210"                         [_thread_blocked, id=12448, stack(0x00000057c6100000,0x00000057c6200000) (1024K)]
  0x000002527279f010 JavaThread "Timer-211"                         [_thread_blocked, id=29392, stack(0x00000057c6300000,0x00000057c6400000) (1024K)]
  0x000002527279f6a0 JavaThread "Timer-212"                         [_thread_blocked, id=27980, stack(0x00000057c6200000,0x00000057c6300000) (1024K)]
  0x000002527279c220 JavaThread "Timer-213"                         [_thread_blocked, id=23320, stack(0x00000057c6500000,0x00000057c6600000) (1024K)]
  0x00000252727a31b0 JavaThread "Timer-214"                         [_thread_blocked, id=33548, stack(0x00000057c6400000,0x00000057c6500000) (1024K)]
  0x000002527279fd30 JavaThread "Timer-215"                         [_thread_blocked, id=26276, stack(0x00000057c6600000,0x00000057c6700000) (1024K)]
  0x00000252727a10e0 JavaThread "Timer-216"                         [_thread_blocked, id=21352, stack(0x00000057c6700000,0x00000057c6800000) (1024K)]
  0x00000252727a2490 JavaThread "Timer-217"                         [_thread_blocked, id=20036, stack(0x00000057c6900000,0x00000057c6a00000) (1024K)]
  0x00000252727a1770 JavaThread "Worker-34: Initialize workspace"        [_thread_blocked, id=10316, stack(0x00000057c6a00000,0x00000057c6b00000) (1024K)]
  0x00000252727a3840 JavaThread "Worker-35: Initialize workspace"        [_thread_blocked, id=1996, stack(0x00000057c6b00000,0x00000057c6c00000) (1024K)]
  0x00000252727a1e00 JavaThread "Timer-218"                         [_thread_blocked, id=20920, stack(0x00000057c6c00000,0x00000057c6d00000) (1024K)]
  0x00000252727a3ed0 JavaThread "Timer-219"                         [_thread_blocked, id=4084, stack(0x00000057c6e00000,0x00000057c6f00000) (1024K)]
  0x00000252727a03c0 JavaThread "Timer-220"                         [_thread_blocked, id=13228, stack(0x00000057c6d00000,0x00000057c6e00000) (1024K)]
  0x00000252727a0a50 JavaThread "Timer-221"                         [_thread_blocked, id=3100, stack(0x00000057c7000000,0x00000057c7100000) (1024K)]
  0x00000252727a4560 JavaThread "Timer-222"                         [_thread_blocked, id=19912, stack(0x00000057c6f00000,0x00000057c7000000) (1024K)]
  0x00000252727a5280 JavaThread "Timer-223"                         [_thread_blocked, id=27420, stack(0x00000057c7100000,0x00000057c7200000) (1024K)]
  0x00000252727a4bf0 JavaThread "Timer-224"                         [_thread_blocked, id=12108, stack(0x00000057c7200000,0x00000057c7300000) (1024K)]
  0x00000252727a5910 JavaThread "Timer-225"                         [_thread_blocked, id=24564, stack(0x00000057c7300000,0x00000057c7400000) (1024K)]
  0x00000252727a5fa0 JavaThread "Timer-226"                         [_thread_blocked, id=25504, stack(0x00000057c7400000,0x00000057c7500000) (1024K)]
  0x00000252727a2b20 JavaThread "Timer-227"                         [_thread_blocked, id=36356, stack(0x00000057c7600000,0x00000057c7700000) (1024K)]
  0x00000252727a7350 JavaThread "Worker-36: Initialize workspace"        [_thread_blocked, id=25396, stack(0x00000057c7800000,0x00000057c7900000) (1024K)]
  0x00000252727a6630 JavaThread "Timer-228"                         [_thread_blocked, id=28436, stack(0x00000057c7500000,0x00000057c7600000) (1024K)]
  0x00000252727a6cc0 JavaThread "Timer-229"                         [_thread_blocked, id=27452, stack(0x00000057c7900000,0x00000057c7a00000) (1024K)]
  0x000002526540aeb0 JavaThread "Timer-230"                         [_thread_blocked, id=32928, stack(0x00000057c7700000,0x00000057c7800000) (1024K)]
  0x00000252727daaf0 JavaThread "Timer-231"                         [_thread_blocked, id=10808, stack(0x00000057c7a00000,0x00000057c7b00000) (1024K)]
  0x00000252727db180 JavaThread "Timer-232"                         [_thread_blocked, id=18836, stack(0x00000057c7b00000,0x00000057c7c00000) (1024K)]
  0x00000252727dbea0 JavaThread "Timer-233"                         [_thread_blocked, id=7384, stack(0x00000057c7c00000,0x00000057c7d00000) (1024K)]
  0x00000252727dcbc0 JavaThread "Timer-234"                         [_thread_blocked, id=22092, stack(0x00000057c7d00000,0x00000057c7e00000) (1024K)]
  0x00000252727d9740 JavaThread "Timer-235"                         [_thread_blocked, id=21012, stack(0x00000057c7f00000,0x00000057c8000000) (1024K)]
  0x00000252727dd250 JavaThread "Worker-37: Initialize workspace"        [_thread_blocked, id=27056, stack(0x00000057c8100000,0x00000057c8200000) (1024K)]
  0x00000252727db810 JavaThread "Timer-236"                         [_thread_blocked, id=9428, stack(0x00000057c7e00000,0x00000057c7f00000) (1024K)]
  0x00000252727dc530 JavaThread "Timer-237"                         [_thread_blocked, id=19496, stack(0x00000057c8200000,0x00000057c8300000) (1024K)]
  0x00000252727d9dd0 JavaThread "Timer-238"                         [_thread_blocked, id=11308, stack(0x00000057c8000000,0x00000057c8100000) (1024K)]
  0x00000252727da460 JavaThread "Timer-239"                         [_thread_blocked, id=33888, stack(0x00000057c6800000,0x00000057c6900000) (1024K)]
  0x00000252727dec90 JavaThread "Timer-240"                         [_thread_blocked, id=19152, stack(0x00000057c8300000,0x00000057c8400000) (1024K)]
  0x00000252727e0040 JavaThread "Timer-241"                         [_thread_blocked, id=20752, stack(0x00000057c8400000,0x00000057c8500000) (1024K)]
  0x00000252727df320 JavaThread "Timer-242"                         [_thread_blocked, id=27748, stack(0x00000057c8500000,0x00000057c8600000) (1024K)]
  0x00000252727df9b0 JavaThread "Timer-243"                         [_thread_blocked, id=11736, stack(0x00000057c8700000,0x00000057c8800000) (1024K)]
  0x00000252727e06d0 JavaThread "Timer-244"                         [_thread_blocked, id=24980, stack(0x00000057c8600000,0x00000057c8700000) (1024K)]
  0x00000252727e0d60 JavaThread "Timer-245"                         [_thread_blocked, id=38140, stack(0x00000057c8900000,0x00000057c8a00000) (1024K)]
  0x00000252727e13f0 JavaThread "Timer-246"                         [_thread_blocked, id=26812, stack(0x00000057c8800000,0x00000057c8900000) (1024K)]
  0x00000252727ddf70 JavaThread "Timer-247"                         [_thread_blocked, id=38884, stack(0x00000057c8a00000,0x00000057c8b00000) (1024K)]
  0x00000252727e1a80 JavaThread "Timer-248"                         [_thread_blocked, id=27732, stack(0x00000057c8b00000,0x00000057c8c00000) (1024K)]
  0x00000252727de600 JavaThread "Timer-249"                         [_thread_blocked, id=19832, stack(0x00000057c8d00000,0x00000057c8e00000) (1024K)]
  0x00000252727e27a0 JavaThread "Worker-38: Initialize workspace"        [_thread_blocked, id=38724, stack(0x00000057c8c00000,0x00000057c8d00000) (1024K)]
  0x00000252727e3b50 JavaThread "Worker-39: Initialize workspace"        [_thread_blocked, id=15044, stack(0x00000057c8e00000,0x00000057c8f00000) (1024K)]
  0x00000252727e2e30 JavaThread "Timer-250"                         [_thread_blocked, id=27556, stack(0x00000057c8f00000,0x00000057c9000000) (1024K)]
  0x00000252727e34c0 JavaThread "Timer-251"                         [_thread_blocked, id=25708, stack(0x00000057c9100000,0x00000057c9200000) (1024K)]
  0x00000252727e2110 JavaThread "Timer-252"                         [_thread_blocked, id=12508, stack(0x00000057c9000000,0x00000057c9100000) (1024K)]
  0x00000252727e4f00 JavaThread "Timer-253"                         [_thread_blocked, id=22552, stack(0x00000057c9300000,0x00000057c9400000) (1024K)]
  0x00000252727e6fd0 JavaThread "Timer-254"                         [_thread_blocked, id=11616, stack(0x00000057c9200000,0x00000057c9300000) (1024K)]
  0x00000252727e6940 JavaThread "Timer-255"                         [_thread_blocked, id=33780, stack(0x00000057c9400000,0x00000057c9500000) (1024K)]
  0x00000252727e62b0 JavaThread "Timer-256"                         [_thread_blocked, id=30424, stack(0x00000057c9500000,0x00000057c9600000) (1024K)]
  0x00000252727e5c20 JavaThread "Timer-257"                         [_thread_blocked, id=36184, stack(0x00000057c9700000,0x00000057c9800000) (1024K)]
  0x00000252727e7660 JavaThread "Timer-258"                         [_thread_blocked, id=17416, stack(0x00000057c9600000,0x00000057c9700000) (1024K)]
  0x00000252727e4870 JavaThread "Timer-259"                         [_thread_blocked, id=38448, stack(0x00000057c9900000,0x00000057c9a00000) (1024K)]
  0x00000252727e90a0 JavaThread "Worker-40: Initialize workspace"        [_thread_blocked, id=33360, stack(0x00000057c9b00000,0x00000057c9c00000) (1024K)]
  0x00000252727e41e0 JavaThread "Timer-260"                         [_thread_blocked, id=6692, stack(0x00000057c9800000,0x00000057c9900000) (1024K)]
  0x00000252727e7cf0 JavaThread "Timer-261"                         [_thread_blocked, id=27808, stack(0x00000057c9a00000,0x00000057c9b00000) (1024K)]
  0x00000252727e8380 JavaThread "Timer-262"                         [_thread_blocked, id=24928, stack(0x00000057c9c00000,0x00000057c9d00000) (1024K)]
  0x00000252727e8a10 JavaThread "Timer-263"                         [_thread_blocked, id=26984, stack(0x00000057c9d00000,0x00000057c9e00000) (1024K)]
  0x00000252727e5590 JavaThread "Timer-264"                         [_thread_blocked, id=38628, stack(0x00000057c9e00000,0x00000057c9f00000) (1024K)]
  0x00000252727e9730 JavaThread "Timer-265"                         [_thread_blocked, id=784, stack(0x00000057ca000000,0x00000057ca100000) (1024K)]
  0x0000025272798080 JavaThread "Timer-266"                         [_thread_blocked, id=356, stack(0x00000057c9f00000,0x00000057ca000000) (1024K)]
  0x000002527073bbb0 JavaThread "Timer-267"                         [_thread_blocked, id=11980, stack(0x00000057ca100000,0x00000057ca200000) (1024K)]
  0x000002527073b520 JavaThread "Worker-41: Initialize workspace"        [_thread_blocked, id=11412, stack(0x00000057ca400000,0x00000057ca500000) (1024K)]
  0x000002527073a170 JavaThread "Timer-268"                         [_thread_blocked, id=21608, stack(0x00000057ca200000,0x00000057ca300000) (1024K)]
  0x0000025270739ae0 JavaThread "Timer-269"                         [_thread_blocked, id=21340, stack(0x00000057ca500000,0x00000057ca600000) (1024K)]
  0x000002527073c240 JavaThread "Timer-270"                         [_thread_blocked, id=13936, stack(0x00000057ca300000,0x00000057ca400000) (1024K)]
  0x000002527073cf60 JavaThread "Timer-271"                         [_thread_blocked, id=8624, stack(0x00000057ca600000,0x00000057ca700000) (1024K)]
  0x000002527073d5f0 JavaThread "Timer-272"                         [_thread_blocked, id=30500, stack(0x00000057ca700000,0x00000057ca800000) (1024K)]
  0x000002527073dc80 JavaThread "Timer-273"                         [_thread_blocked, id=18604, stack(0x00000057ca900000,0x00000057caa00000) (1024K)]
  0x000002527073a800 JavaThread "Timer-274"                         [_thread_blocked, id=38672, stack(0x00000057ca800000,0x00000057ca900000) (1024K)]
  0x000002527073e310 JavaThread "Timer-275"                         [_thread_blocked, id=19164, stack(0x00000057cab00000,0x00000057cac00000) (1024K)]
  0x000002527073fd50 JavaThread "Worker-42: Initialize workspace"        [_thread_blocked, id=35528, stack(0x00000057cad00000,0x00000057cae00000) (1024K)]
  0x000002527073ae90 JavaThread "Timer-276"                         [_thread_blocked, id=16788, stack(0x00000057caa00000,0x00000057cab00000) (1024K)]
  0x000002527073f6c0 JavaThread "Timer-277"                         [_thread_blocked, id=33580, stack(0x00000057cac00000,0x00000057cad00000) (1024K)]
  0x0000025270740a70 JavaThread "Timer-278"                         [_thread_blocked, id=26824, stack(0x00000057cae00000,0x00000057caf00000) (1024K)]
  0x000002527073c8d0 JavaThread "Timer-279"                         [_thread_blocked, id=27428, stack(0x00000057caf00000,0x00000057cb000000) (1024K)]
  0x0000025270741100 JavaThread "Timer-280"                         [_thread_blocked, id=980, stack(0x00000057cb000000,0x00000057cb100000) (1024K)]
  0x000002527073f030 JavaThread "Timer-281"                         [_thread_blocked, id=25672, stack(0x00000057cb100000,0x00000057cb200000) (1024K)]
  0x0000025270741790 JavaThread "Timer-282"                         [_thread_blocked, id=35100, stack(0x00000057cb200000,0x00000057cb300000) (1024K)]
  0x0000025270741e20 JavaThread "Timer-283"                         [_thread_blocked, id=23448, stack(0x00000057cb300000,0x00000057cb400000) (1024K)]
  0x00000252707424b0 JavaThread "Worker-43: Initialize workspace"        [_thread_blocked, id=38436, stack(0x00000057cb600000,0x00000057cb700000) (1024K)]
  0x00000252707431d0 JavaThread "Timer-284"                         [_thread_blocked, id=8376, stack(0x00000057cb400000,0x00000057cb500000) (1024K)]
  0x0000025270742b40 JavaThread "Timer-285"                         [_thread_blocked, id=26492, stack(0x00000057cb500000,0x00000057cb600000) (1024K)]
  0x0000025270743860 JavaThread "Timer-286"                         [_thread_blocked, id=25148, stack(0x00000057cb700000,0x00000057cb800000) (1024K)]
  0x000002527073e9a0 JavaThread "Timer-287"                         [_thread_blocked, id=23428, stack(0x00000057cb800000,0x00000057cb900000) (1024K)]
  0x00000252707452a0 JavaThread "Timer-288"                         [_thread_blocked, id=37724, stack(0x00000057cb900000,0x00000057cba00000) (1024K)]
  0x0000025270744580 JavaThread "Timer-289"                         [_thread_blocked, id=28880, stack(0x00000057cbb00000,0x00000057cbc00000) (1024K)]
  0x0000025270745930 JavaThread "Timer-290"                         [_thread_blocked, id=25432, stack(0x00000057cba00000,0x00000057cbb00000) (1024K)]
  0x0000025270744c10 JavaThread "Timer-291"                         [_thread_blocked, id=27040, stack(0x00000057cbc00000,0x00000057cbd00000) (1024K)]
  0x0000025270749ad0 JavaThread "Worker-44: Initialize workspace"        [_thread_blocked, id=34044, stack(0x00000057cbf00000,0x00000057cc000000) (1024K)]
  0x0000025270745fc0 JavaThread "Timer-292"                         [_thread_blocked, id=28332, stack(0x00000057cbd00000,0x00000057cbe00000) (1024K)]
  0x0000025270746650 JavaThread "Timer-293"                         [_thread_blocked, id=5304, stack(0x00000057cc000000,0x00000057cc100000) (1024K)]
  0x0000025270743ef0 JavaThread "Timer-294"                         [_thread_blocked, id=13428, stack(0x00000057cbe00000,0x00000057cbf00000) (1024K)]
  0x0000025270748720 JavaThread "Timer-295"                         [_thread_blocked, id=26064, stack(0x00000057cc100000,0x00000057cc200000) (1024K)]
  0x0000025270749440 JavaThread "Timer-296"                         [_thread_blocked, id=28336, stack(0x00000057cc200000,0x00000057cc300000) (1024K)]
  0x0000025270747370 JavaThread "Timer-297"                         [_thread_blocked, id=35512, stack(0x00000057cc400000,0x00000057cc500000) (1024K)]
  0x0000025270748db0 JavaThread "Timer-298"                         [_thread_blocked, id=19816, stack(0x00000057cc300000,0x00000057cc400000) (1024K)]
  0x000002527074a160 JavaThread "Timer-299"                         [_thread_blocked, id=21412, stack(0x00000057cc600000,0x00000057cc700000) (1024K)]
  0x000002527074dc70 JavaThread "Worker-45: Initialize workspace"        [_thread_blocked, id=4360, stack(0x00000057cc800000,0x00000057cc900000) (1024K)]
  0x000002527074a7f0 JavaThread "Timer-300"                         [_thread_blocked, id=29776, stack(0x00000057cc500000,0x00000057cc600000) (1024K)]
  0x000002527074ae80 JavaThread "Timer-301"                         [_thread_blocked, id=26500, stack(0x00000057cc700000,0x00000057cc800000) (1024K)]
  0x0000025270748090 JavaThread "Timer-302"                         [_thread_blocked, id=22080, stack(0x00000057cc900000,0x00000057cca00000) (1024K)]
  0x0000025270747a00 JavaThread "Timer-303"                         [_thread_blocked, id=35192, stack(0x00000057cca00000,0x00000057ccb00000) (1024K)]
  0x000002527074bba0 JavaThread "Timer-304"                         [_thread_blocked, id=10440, stack(0x00000057ccb00000,0x00000057ccc00000) (1024K)]
  0x000002527074c8c0 JavaThread "Timer-305"                         [_thread_blocked, id=36372, stack(0x00000057ccc00000,0x00000057ccd00000) (1024K)]
  0x000002527074c230 JavaThread "Timer-306"                         [_thread_blocked, id=2460, stack(0x00000057ccd00000,0x00000057cce00000) (1024K)]
  0x000002527074cf50 JavaThread "Timer-307"                         [_thread_blocked, id=4060, stack(0x00000057cce00000,0x00000057ccf00000) (1024K)]
  0x000002527074e990 JavaThread "Worker-46: Initialize workspace"        [_thread_blocked, id=32196, stack(0x00000057cd100000,0x00000057cd200000) (1024K)]
  0x000002527074b510 JavaThread "Timer-308"                         [_thread_blocked, id=24060, stack(0x00000057ccf00000,0x00000057cd000000) (1024K)]
  0x000002527074e300 JavaThread "Timer-309"                         [_thread_blocked, id=11380, stack(0x00000057cd200000,0x00000057cd300000) (1024K)]
  0x000002527074f6b0 JavaThread "Timer-310"                         [_thread_blocked, id=27816, stack(0x00000057cd000000,0x00000057cd100000) (1024K)]
  0x000002527074d5e0 JavaThread "Timer-311"                         [_thread_blocked, id=21196, stack(0x00000057cd300000,0x00000057cd400000) (1024K)]
  0x00000252707503d0 JavaThread "Timer-312"                         [_thread_blocked, id=14440, stack(0x00000057cd400000,0x00000057cd500000) (1024K)]
  0x00000252707510f0 JavaThread "Timer-313"                         [_thread_blocked, id=20160, stack(0x00000057cd500000,0x00000057cd600000) (1024K)]
  0x0000025270750a60 JavaThread "Timer-314"                         [_thread_blocked, id=28536, stack(0x00000057cd600000,0x00000057cd700000) (1024K)]
  0x0000025270751780 JavaThread "Timer-315"                         [_thread_blocked, id=33200, stack(0x00000057cd800000,0x00000057cd900000) (1024K)]
  0x00000252707524a0 JavaThread "Worker-47: Initialize workspace"        [_thread_blocked, id=31824, stack(0x00000057cda00000,0x00000057cdb00000) (1024K)]
  0x0000025270751e10 JavaThread "Timer-316"                         [_thread_blocked, id=21556, stack(0x00000057cd700000,0x00000057cd800000) (1024K)]
  0x000002527074f020 JavaThread "Timer-317"                         [_thread_blocked, id=26740, stack(0x00000057cd900000,0x00000057cda00000) (1024K)]
  0x0000025270752b30 JavaThread "Timer-318"                         [_thread_blocked, id=20996, stack(0x00000057cdb00000,0x00000057cdc00000) (1024K)]
  0x00000252707531c0 JavaThread "Timer-319"                         [_thread_blocked, id=24664, stack(0x00000057cdc00000,0x00000057cdd00000) (1024K)]
  0x000002527074fd40 JavaThread "Timer-320"                         [_thread_blocked, id=20540, stack(0x00000057cdd00000,0x00000057cde00000) (1024K)]
  0x0000025270753850 JavaThread "Timer-321"                         [_thread_blocked, id=37820, stack(0x00000057cdf00000,0x00000057ce000000) (1024K)]
  0x0000025270754c00 JavaThread "Timer-322"                         [_thread_blocked, id=27412, stack(0x00000057cde00000,0x00000057cdf00000) (1024K)]
  0x0000025270756640 JavaThread "Timer-323"                         [_thread_blocked, id=35368, stack(0x00000057ce000000,0x00000057ce100000) (1024K)]
  0x0000025270755290 JavaThread "Worker-48: Initialize workspace"        [_thread_blocked, id=20484, stack(0x00000057ce300000,0x00000057ce400000) (1024K)]
  0x0000025270756cd0 JavaThread "Timer-324"                         [_thread_blocked, id=35532, stack(0x00000057ce100000,0x00000057ce200000) (1024K)]
  0x0000025270755fb0 JavaThread "Timer-325"                         [_thread_blocked, id=26188, stack(0x00000057ce400000,0x00000057ce500000) (1024K)]
  0x0000025270757360 JavaThread "Timer-326"                         [_thread_blocked, id=21328, stack(0x00000057ce200000,0x00000057ce300000) (1024K)]
  0x0000025270753ee0 JavaThread "Timer-327"                         [_thread_blocked, id=11000, stack(0x00000057ce500000,0x00000057ce600000) (1024K)]
  0x0000025270755920 JavaThread "Timer-328"                         [_thread_blocked, id=20804, stack(0x00000057ce600000,0x00000057ce700000) (1024K)]
  0x00000252707579f0 JavaThread "Timer-329"                         [_thread_blocked, id=12872, stack(0x00000057ce800000,0x00000057ce900000) (1024K)]
  0x0000025270754570 JavaThread "Timer-330"                         [_thread_blocked, id=12048, stack(0x00000057ce700000,0x00000057ce800000) (1024K)]
  0x0000025270758710 JavaThread "Timer-331"                         [_thread_blocked, id=33412, stack(0x00000057cea00000,0x00000057ceb00000) (1024K)]
  0x0000025270758da0 JavaThread "Timer-332"                         [_thread_blocked, id=35560, stack(0x00000057ce900000,0x00000057cea00000) (1024K)]
  0x0000025270758080 JavaThread "Timer-333"                         [_thread_blocked, id=38548, stack(0x00000057ced00000,0x00000057cee00000) (1024K)]
  0x0000025271af3550 JavaThread "Timer-334"                         [_thread_blocked, id=33192, stack(0x00000057cec00000,0x00000057ced00000) (1024K)]
  0x0000025271af2ec0 JavaThread "Timer-335"                         [_thread_blocked, id=9596, stack(0x00000057cee00000,0x00000057cef00000) (1024K)]
  0x0000025271af00d0 JavaThread "Timer-336"                         [_thread_blocked, id=19940, stack(0x00000057cef00000,0x00000057cf000000) (1024K)]
  0x0000025271af1b10 JavaThread "Timer-337"                         [_thread_blocked, id=33048, stack(0x00000057cf000000,0x00000057cf100000) (1024K)]
  0x0000025271af3be0 JavaThread "Timer-338"                         [_thread_blocked, id=19824, stack(0x00000057cf100000,0x00000057cf200000) (1024K)]
  0x0000025271af0760 JavaThread "Timer-339"                         [_thread_blocked, id=11888, stack(0x00000057cf300000,0x00000057cf400000) (1024K)]
  0x0000025271af0df0 JavaThread "Worker-50: Initialize workspace"        [_thread_blocked, id=12968, stack(0x00000057cf500000,0x00000057cf600000) (1024K)]
  0x0000025271af4270 JavaThread "Timer-340"                         [_thread_blocked, id=19384, stack(0x00000057cf200000,0x00000057cf300000) (1024K)]
  0x0000025271af21a0 JavaThread "Timer-341"                         [_thread_blocked, id=19812, stack(0x00000057cf600000,0x00000057cf700000) (1024K)]
  0x0000025271af4900 JavaThread "Timer-342"                         [_thread_blocked, id=10184, stack(0x00000057cf400000,0x00000057cf500000) (1024K)]
  0x0000025271af1480 JavaThread "Timer-343"                         [_thread_blocked, id=21064, stack(0x00000057cf700000,0x00000057cf800000) (1024K)]
  0x0000025271af6340 JavaThread "Timer-344"                         [_thread_blocked, id=8628, stack(0x00000057cf800000,0x00000057cf900000) (1024K)]
  0x0000025271af7060 JavaThread "Timer-345"                         [_thread_blocked, id=38108, stack(0x00000057cfa00000,0x00000057cfb00000) (1024K)]
  0x0000025271af76f0 JavaThread "Timer-346"                         [_thread_blocked, id=38368, stack(0x00000057cf900000,0x00000057cfa00000) (1024K)]
  0x0000025271af4f90 JavaThread "Timer-347"                         [_thread_blocked, id=15468, stack(0x00000057cfc00000,0x00000057cfd00000) (1024K)]
  0x0000025271af8410 JavaThread "Worker-51: Initialize workspace"        [_thread_blocked, id=28576, stack(0x00000057cfe00000,0x00000057cff00000) (1024K)]
  0x0000025271af8aa0 JavaThread "Timer-348"                         [_thread_blocked, id=30852, stack(0x00000057cfb00000,0x00000057cfc00000) (1024K)]
  0x0000025271af69d0 JavaThread "Timer-349"                         [_thread_blocked, id=23120, stack(0x00000057cfd00000,0x00000057cfe00000) (1024K)]
  0x0000025271af5cb0 JavaThread "Timer-350"                         [_thread_blocked, id=17480, stack(0x00000057cff00000,0x00000057d0000000) (1024K)]
  0x0000025271af2830 JavaThread "Timer-351"                         [_thread_blocked, id=28628, stack(0x00000057d0000000,0x00000057d0100000) (1024K)]
  0x0000025271afb200 JavaThread "Timer-352"                         [_thread_blocked, id=23544, stack(0x00000057d0100000,0x00000057d0200000) (1024K)]
  0x0000025271af9e50 JavaThread "Timer-353"                         [_thread_blocked, id=23816, stack(0x00000057d0300000,0x00000057d0400000) (1024K)]
  0x0000025271af9130 JavaThread "Timer-354"                         [_thread_blocked, id=28636, stack(0x00000057d0200000,0x00000057d0300000) (1024K)]
  0x0000025271afab70 JavaThread "Timer-355"                         [_thread_blocked, id=24836, stack(0x00000057d0500000,0x00000057d0600000) (1024K)]
  0x0000025271afa4e0 JavaThread "Timer-356"                         [_thread_blocked, id=30336, stack(0x00000057d0400000,0x00000057d0500000) (1024K)]
  0x0000025271af7d80 JavaThread "Timer-357"                         [_thread_blocked, id=31736, stack(0x00000057d0800000,0x00000057d0900000) (1024K)]
  0x0000025271af97c0 JavaThread "Timer-358"                         [_thread_blocked, id=9060, stack(0x00000057d0600000,0x00000057d0700000) (1024K)]
  0x0000025271afb890 JavaThread "Timer-359"                         [_thread_blocked, id=33228, stack(0x00000057d0900000,0x00000057d0a00000) (1024K)]
  0x0000025271afc5b0 JavaThread "Timer-360"                         [_thread_blocked, id=28184, stack(0x00000057d0a00000,0x00000057d0b00000) (1024K)]
  0x0000025271afdff0 JavaThread "Timer-361"                         [_thread_blocked, id=9388, stack(0x00000057d0b00000,0x00000057d0c00000) (1024K)]
  0x0000025271afe680 JavaThread "Timer-362"                         [_thread_blocked, id=10012, stack(0x00000057d0c00000,0x00000057d0d00000) (1024K)]
  0x0000025271afed10 JavaThread "Timer-363"                         [_thread_blocked, id=26016, stack(0x00000057d0d00000,0x00000057d0e00000) (1024K)]
  0x0000025271aff3a0 JavaThread "Timer-364"                         [_thread_blocked, id=38596, stack(0x00000057d0e00000,0x00000057d0f00000) (1024K)]
  0x0000025271afbf20 JavaThread "Timer-365"                         [_thread_blocked, id=14856, stack(0x00000057d1000000,0x00000057d1100000) (1024K)]
  0x0000025271b00750 JavaThread "Timer-366"                         [_thread_blocked, id=32420, stack(0x00000057d1100000,0x00000057d1200000) (1024K)]
  0x0000025271afd960 JavaThread "Timer-367"                         [_thread_blocked, id=21336, stack(0x00000057d1200000,0x00000057d1300000) (1024K)]
  0x0000025271affa30 JavaThread "Timer-368"                         [_thread_blocked, id=21436, stack(0x00000057d1300000,0x00000057d1400000) (1024K)]
  0x0000025271afd2d0 JavaThread "Timer-369"                         [_thread_blocked, id=18716, stack(0x00000057d1500000,0x00000057d1600000) (1024K)]
  0x0000025271b00de0 JavaThread "Timer-370"                         [_thread_blocked, id=11140, stack(0x00000057d1400000,0x00000057d1500000) (1024K)]
  0x0000025271b02190 JavaThread "Timer-371"                         [_thread_blocked, id=25180, stack(0x00000057d1700000,0x00000057d1800000) (1024K)]
  0x0000025271b01470 JavaThread "Worker-54: Initialize workspace"        [_thread_blocked, id=32124, stack(0x00000057d1900000,0x00000057d1a00000) (1024K)]
  0x0000025271b02eb0 JavaThread "Timer-372"                         [_thread_blocked, id=16156, stack(0x00000057d1600000,0x00000057d1700000) (1024K)]
  0x0000025271b048f0 JavaThread "Timer-373"                         [_thread_blocked, id=37752, stack(0x00000057d1800000,0x00000057d1900000) (1024K)]
  0x0000025271b04f80 JavaThread "Timer-374"                         [_thread_blocked, id=38272, stack(0x00000057d1a00000,0x00000057d1b00000) (1024K)]
  0x0000025271b01b00 JavaThread "Timer-375"                         [_thread_blocked, id=1808, stack(0x00000057d1b00000,0x00000057d1c00000) (1024K)]
  0x0000025271b02820 JavaThread "Timer-376"                         [_thread_blocked, id=34236, stack(0x00000057d1c00000,0x00000057d1d00000) (1024K)]
  0x0000025271b05610 JavaThread "Timer-377"                         [_thread_blocked, id=8336, stack(0x00000057d1e00000,0x00000057d1f00000) (1024K)]
  0x0000025271b03540 JavaThread "Timer-378"                         [_thread_blocked, id=21476, stack(0x00000057d1d00000,0x00000057d1e00000) (1024K)]
  0x0000025271b06330 JavaThread "Timer-379"                         [_thread_blocked, id=13348, stack(0x00000057d2000000,0x00000057d2100000) (1024K)]
  0x0000025271b069c0 JavaThread "Timer-380"                         [_thread_blocked, id=35476, stack(0x00000057d1f00000,0x00000057d2000000) (1024K)]
  0x0000025271b07050 JavaThread "Timer-381"                         [_thread_blocked, id=10496, stack(0x00000057d2300000,0x00000057d2400000) (1024K)]
  0x0000025271b076e0 JavaThread "Timer-382"                         [_thread_blocked, id=26748, stack(0x00000057ceb00000,0x00000057cec00000) (1024K)]
  0x0000025271b08a90 JavaThread "Worker-58: Initialize workspace"        [_thread_blocked, id=23928, stack(0x00000057d2600000,0x00000057d2700000) (1024K)]
  0x0000025271afcc40 JavaThread "Timer-383"                         [_thread_blocked, id=200, stack(0x00000057d0700000,0x00000057d0800000) (1024K)]
  0x0000025271b04260 JavaThread "Timer-384"                         [_thread_blocked, id=21380, stack(0x00000057d2400000,0x00000057d2500000) (1024K)]
  0x0000025271b09120 JavaThread "Timer-385"                         [_thread_blocked, id=20984, stack(0x00000057d2500000,0x00000057d2600000) (1024K)]
  0x0000025271b097b0 JavaThread "Timer-386"                         [_thread_blocked, id=23656, stack(0x00000057d2700000,0x00000057d2800000) (1024K)]
  0x0000025271b07d70 JavaThread "Timer-387"                         [_thread_blocked, id=1880, stack(0x00000057d2900000,0x00000057d2a00000) (1024K)]
  0x0000025271b000c0 JavaThread "Timer-388"                         [_thread_blocked, id=35300, stack(0x00000057d0f00000,0x00000057d1000000) (1024K)]
  0x0000025271b09e40 JavaThread "Timer-389"                         [_thread_blocked, id=10188, stack(0x00000057d2a00000,0x00000057d2b00000) (1024K)]
  0x0000025271b0b880 JavaThread "Timer-390"                         [_thread_blocked, id=36556, stack(0x00000057d2b00000,0x00000057d2c00000) (1024K)]
  0x0000025271b0c5a0 JavaThread "Worker-62: Initialize workspace"        [_thread_blocked, id=12104, stack(0x00000057d2e00000,0x00000057d2f00000) (1024K)]
  0x0000025271af5620 JavaThread "Worker-65: Initialize workspace"        [_thread_blocked, id=12560, stack(0x00000057b8200000,0x00000057b8300000) (1024K)]
  0x0000025271b03bd0 JavaThread "Timer-391"                         [_thread_blocked, id=33972, stack(0x00000057d2800000,0x00000057d2900000) (1024K)]
  0x0000025271b0cc30 JavaThread "Timer-392"                         [_thread_blocked, id=16500, stack(0x00000057d2c00000,0x00000057d2d00000) (1024K)]
  0x0000025271b0ab60 JavaThread "Timer-393"                         [_thread_blocked, id=27192, stack(0x00000057d2f00000,0x00000057d3000000) (1024K)]
  0x0000025271b0b1f0 JavaThread "Timer-394"                         [_thread_blocked, id=11820, stack(0x00000057d2d00000,0x00000057d2e00000) (1024K)]
  0x0000025271b0bf10 JavaThread "Timer-395"                         [_thread_blocked, id=34792, stack(0x00000057d3000000,0x00000057d3100000) (1024K)]
  0x0000025271b0d2c0 JavaThread "Timer-396"                         [_thread_blocked, id=10928, stack(0x00000057d3100000,0x00000057d3200000) (1024K)]
  0x0000025271b0d950 JavaThread "Timer-397"                         [_thread_blocked, id=20840, stack(0x00000057d3300000,0x00000057d3400000) (1024K)]
  0x0000025271b0dfe0 JavaThread "Timer-398"                         [_thread_blocked, id=6152, stack(0x00000057d2200000,0x00000057d2300000) (1024K)]
  0x0000025271b0f390 JavaThread "Timer-399"                         [_thread_blocked, id=24336, stack(0x00000057d3400000,0x00000057d3500000) (1024K)]
  0x0000025271b0e670 JavaThread "Timer-400"                         [_thread_blocked, id=25340, stack(0x00000057d3500000,0x00000057d3600000) (1024K)]
  0x0000025271b0ed00 JavaThread "Timer-401"                         [_thread_blocked, id=21456, stack(0x00000057d3700000,0x00000057d3800000) (1024K)]
  0x0000025271b08400 JavaThread "Timer-402"                         [_thread_blocked, id=25364, stack(0x00000057d3600000,0x00000057d3700000) (1024K)]
  0x00000252707403e0 JavaThread "Timer-403"                         [_thread_blocked, id=28324, stack(0x00000057d3900000,0x00000057d3a00000) (1024K)]
  0x00000252727dd8e0 JavaThread "Timer-404"                         [_thread_blocked, id=10044, stack(0x00000057d3800000,0x00000057d3900000) (1024K)]
  0x000002527811ce50 JavaThread "Timer-405"                         [_thread_blocked, id=1720, stack(0x00000057d3b00000,0x00000057d3c00000) (1024K)]
  0x000002527811b410 JavaThread "Timer-406"                         [_thread_blocked, id=24640, stack(0x00000057d3a00000,0x00000057d3b00000) (1024K)]
  0x000002527811d4e0 JavaThread "Worker-97: Initialize workspace"        [_thread_blocked, id=15232, stack(0x00000057d2100000,0x00000057d2200000) (1024K)]
  0x000002527811a060 JavaThread "Timer-407"                         [_thread_blocked, id=22112, stack(0x00000057d3d00000,0x00000057d3e00000) (1024K)]
  0x000002527811e200 JavaThread "Timer-408"                         [_thread_blocked, id=2112, stack(0x00000057d3e00000,0x00000057d3f00000) (1024K)]
  0x000002527811baa0 JavaThread "Timer-409"                         [_thread_blocked, id=21616, stack(0x00000057d4000000,0x00000057d4100000) (1024K)]
  0x000002527811ad80 JavaThread "Timer-410"                         [_thread_blocked, id=19720, stack(0x00000057d3f00000,0x00000057d4000000) (1024K)]
  0x000002527811db70 JavaThread "Timer-411"                         [_thread_blocked, id=30092, stack(0x00000057d4200000,0x00000057d4300000) (1024K)]
  0x000002527811ef20 JavaThread "Timer-412"                         [_thread_blocked, id=35260, stack(0x00000057d4100000,0x00000057d4200000) (1024K)]
  0x000002527811e890 JavaThread "Timer-413"                         [_thread_blocked, id=1964, stack(0x00000057d4400000,0x00000057d4500000) (1024K)]
  0x000002527811f5b0 JavaThread "Timer-414"                         [_thread_blocked, id=36344, stack(0x00000057d4300000,0x00000057d4400000) (1024K)]
  0x000002527811a6f0 JavaThread "Worker-118: Initialize workspace"        [_thread_blocked, id=25052, stack(0x00000057d3c00000,0x00000057d3d00000) (1024K)]
  0x0000025278121680 JavaThread "Timer-415"                         [_thread_blocked, id=38740, stack(0x00000057d4800000,0x00000057d4900000) (1024K)]
  0x00000252781230c0 JavaThread "Timer-416"                         [_thread_blocked, id=19300, stack(0x00000057d4900000,0x00000057d4a00000) (1024K)]
  0x0000025278121d10 JavaThread "Timer-417"                         [_thread_blocked, id=36780, stack(0x00000057d4b00000,0x00000057d4c00000) (1024K)]
  0x00000252781223a0 JavaThread "Timer-418"                         [_thread_blocked, id=36672, stack(0x00000057d4a00000,0x00000057d4b00000) (1024K)]
  0x0000025278122a30 JavaThread "Timer-419"                         [_thread_blocked, id=33696, stack(0x00000057d4d00000,0x00000057d4e00000) (1024K)]
  0x0000025278123750 JavaThread "Timer-420"                         [_thread_blocked, id=8056, stack(0x00000057d4c00000,0x00000057d4d00000) (1024K)]
  0x00000252781202d0 JavaThread "Timer-421"                         [_thread_blocked, id=11360, stack(0x00000057d4f00000,0x00000057d5000000) (1024K)]
  0x0000025278123de0 JavaThread "Timer-422"                         [_thread_blocked, id=33620, stack(0x00000057d4e00000,0x00000057d4f00000) (1024K)]
  0x000002527811fc40 JavaThread "Worker-137: Initialize workspace"        [_thread_blocked, id=34220, stack(0x00000057d4500000,0x00000057d4600000) (1024K)]
  0x0000025278120ff0 JavaThread "Timer-423"                         [_thread_blocked, id=28824, stack(0x00000057d5100000,0x00000057d5200000) (1024K)]
  0x0000025278125820 JavaThread "Timer-424"                         [_thread_blocked, id=32508, stack(0x00000057d5200000,0x00000057d5300000) (1024K)]
  0x00000252781278f0 JavaThread "Timer-425"                         [_thread_blocked, id=12292, stack(0x00000057d5300000,0x00000057d5400000) (1024K)]
  0x0000025278125190 JavaThread "Timer-426"                         [_thread_blocked, id=22784, stack(0x00000057d5400000,0x00000057d5500000) (1024K)]
  0x0000025278125eb0 JavaThread "Timer-427"                         [_thread_blocked, id=25820, stack(0x00000057d5600000,0x00000057d5700000) (1024K)]
  0x0000025278127260 JavaThread "Timer-428"                         [_thread_blocked, id=31544, stack(0x00000057d5500000,0x00000057d5600000) (1024K)]
  0x0000025278124b00 JavaThread "Timer-429"                         [_thread_blocked, id=14496, stack(0x00000057d5800000,0x00000057d5900000) (1024K)]
  0x0000025278128ca0 JavaThread "Timer-430"                         [_thread_blocked, id=33212, stack(0x00000057d5700000,0x00000057d5800000) (1024K)]
  0x0000025278126540 JavaThread "Worker-156: Initialize workspace"        [_thread_blocked, id=24524, stack(0x00000057d5000000,0x00000057d5100000) (1024K)]
  0x0000025278124470 JavaThread "Timer-431"                         [_thread_blocked, id=36280, stack(0x00000057d5a00000,0x00000057d5b00000) (1024K)]
  0x0000025278129330 JavaThread "Timer-432"                         [_thread_blocked, id=3260, stack(0x00000057d5b00000,0x00000057d5c00000) (1024K)]
  0x00000252781299c0 JavaThread "Timer-433"                         [_thread_blocked, id=34924, stack(0x00000057d5c00000,0x00000057d5d00000) (1024K)]
  0x000002527812a050 JavaThread "Timer-434"                         [_thread_blocked, id=3676, stack(0x00000057d5d00000,0x00000057d5e00000) (1024K)]
  0x0000025278128610 JavaThread "Timer-435"                         [_thread_blocked, id=26416, stack(0x00000057d5f00000,0x00000057d6000000) (1024K)]
  0x000002527812a6e0 JavaThread "Timer-436"                         [_thread_blocked, id=34444, stack(0x00000057d5e00000,0x00000057d5f00000) (1024K)]
  0x000002527812ad70 JavaThread "Timer-437"                         [_thread_blocked, id=14528, stack(0x00000057d6100000,0x00000057d6200000) (1024K)]
  0x000002527812b400 JavaThread "Timer-438"                         [_thread_blocked, id=19364, stack(0x00000057d6000000,0x00000057d6100000) (1024K)]
  0x000002527811c130 JavaThread "Worker-178: Initialize workspace"        [_thread_blocked, id=12540, stack(0x00000057d3200000,0x00000057d3300000) (1024K)]
  0x000002527812d4d0 JavaThread "Timer-439"                         [_thread_blocked, id=25136, stack(0x00000057d6300000,0x00000057d6400000) (1024K)]
  0x000002527812db60 JavaThread "Timer-440"                         [_thread_blocked, id=35336, stack(0x00000057d6400000,0x00000057d6500000) (1024K)]
  0x000002527812e1f0 JavaThread "Timer-441"                         [_thread_blocked, id=24820, stack(0x00000057d6600000,0x00000057d6700000) (1024K)]
  0x000002527812c7b0 JavaThread "Timer-442"                         [_thread_blocked, id=28116, stack(0x00000057d6500000,0x00000057d6600000) (1024K)]
  0x000002527812ce40 JavaThread "Timer-443"                         [_thread_blocked, id=12744, stack(0x00000057d6800000,0x00000057d6900000) (1024K)]
  0x000002527812e880 JavaThread "Timer-444"                         [_thread_blocked, id=19576, stack(0x00000057d6700000,0x00000057d6800000) (1024K)]
  0x000002527812ef10 JavaThread "Timer-445"                         [_thread_blocked, id=25848, stack(0x00000057d6a00000,0x00000057d6b00000) (1024K)]
  0x000002527812c120 JavaThread "Timer-446"                         [_thread_blocked, id=5564, stack(0x00000057d6c00000,0x00000057d6d00000) (1024K)]
  0x0000025278127f80 JavaThread "Worker-199: Initialize workspace"        [_thread_blocked, id=15048, stack(0x00000057d5900000,0x00000057d5a00000) (1024K)]
  0x000002527812fc30 JavaThread "Timer-447"                         [_thread_blocked, id=26360, stack(0x00000057d6b00000,0x00000057d6c00000) (1024K)]
  0x0000025278132390 JavaThread "Timer-448"                         [_thread_blocked, id=35144, stack(0x00000057d6d00000,0x00000057d6e00000) (1024K)]
  0x0000025278131d00 JavaThread "Timer-449"                         [_thread_blocked, id=18224, stack(0x00000057d6e00000,0x00000057d6f00000) (1024K)]
  0x0000025278132a20 JavaThread "Timer-450"                         [_thread_blocked, id=23036, stack(0x00000057d6f00000,0x00000057d7000000) (1024K)]
  0x000002527812f5a0 JavaThread "Timer-451"                         [_thread_blocked, id=16076, stack(0x00000057d7100000,0x00000057d7200000) (1024K)]
  0x0000025200000000 
[error occurred during error reporting (printing all threads), id 0xc0000005, EXCEPTION_ACCESS_VIOLATION (0xc0000005) at pc=0x00007ffa310aa95b]
VM state: not at safepoint (normal execution)

VM Mutex/Monitor currently owned by a thread: None

Heap address: 0x0000000080000000, size: 2048 MB, Compressed Oops mode: 32-bit

CDS archive(s) mapped at: [0x0000025200000000-0x0000025200ba0000-0x0000025200ba0000), size 12189696, SharedBaseAddress: 0x0000025200000000, ArchiveRelocationMode: 1.
Compressed class space mapped at: 0x0000025201000000-0x0000025241000000, reserved size: 1073741824
Narrow klass base: 0x0000025200000000, Narrow klass shift: 0, Narrow klass range: 0x100000000

GC Precious Log:
 CardTable entry size: 512
 CPUs: 8 total, 8 available
 Memory: 16107M
 Large Page Support: Disabled
 NUMA Support: Disabled
 Compressed Oops: Enabled (32-bit)
 Alignments: Space 512K, Generation 512K, Heap 2M
 Heap Min Capacity: 100M
 Heap Initial Capacity: 100M
 Heap Max Capacity: 2G
 Pre-touch: Disabled
 Parallel Workers: 8

Heap:
 PSYoungGen      total 18432K, used 17398K [0x00000000d5580000, 0x00000000d6a00000, 0x0000000100000000)
  eden space 17408K, 94% used [0x00000000d5580000,0x00000000d6595b28,0x00000000d6680000)
  from space 1024K, 90% used [0x00000000d6900000,0x00000000d69e8000,0x00000000d6a00000)
  to   space 1536K, 0% used [0x00000000d6700000,0x00000000d6700000,0x00000000d6880000)
 ParOldGen       total 107008K, used 88287K [0x0000000080000000, 0x0000000086880000, 0x00000000d5580000)
  object space 107008K, 82% used [0x0000000080000000,0x0000000085637e00,0x0000000086880000)
 Metaspace       used 87720K, committed 89536K, reserved 1179648K
  class space    used 9936K, committed 10880K, reserved 1048576K

Card table byte_map: [0x0000025245a50000,0x0000025245e60000] _byte_map_base: 0x0000025245650000

Marking Bits: (ParMarkBitMap*) 0x00007ffa315044a0
 Begin Bits: [0x0000025258560000, 0x000002525a560000)
 End Bits:   [0x000002525a560000, 0x000002525c560000)

Polling page: 0x0000025244210000

Metaspace:

Usage:
  Non-class:     75.96 MB used.
      Class:      9.70 MB used.
       Both:     85.66 MB used.

Virtual space:
  Non-class space:      128.00 MB reserved,      76.81 MB ( 60%) committed,  2 nodes.
      Class space:        1.00 GB reserved,      10.62 MB (  1%) committed,  1 nodes.
             Both:        1.12 GB reserved,      87.44 MB (  8%) committed. 

Chunk freelists:
   Non-Class:  2.41 MB
       Class:  5.54 MB
        Both:  7.94 MB

MaxMetaspaceSize: unlimited
CompressedClassSpaceSize: 1.00 GB
Initial GC threshold: 21.00 MB
Current GC threshold: 145.31 MB
CDS: on
 - commit_granule_bytes: 65536.
 - commit_granule_words: 8192.
 - virtual_space_node_default_size: 8388608.
 - enlarge_chunks_in_place: 1.
 - use_allocation_guard: 0.


Internal statistics:

num_allocs_failed_limit: 11.
num_arena_births: 2164.
num_arena_deaths: 638.
num_vsnodes_births: 3.
num_vsnodes_deaths: 0.
num_space_committed: 1399.
num_space_uncommitted: 0.
num_chunks_returned_to_freelist: 765.
num_chunks_taken_from_freelist: 6863.
num_chunk_merges: 207.
num_chunk_splits: 3934.
num_chunks_enlarged: 2084.
num_inconsistent_stats: 0.

CodeHeap 'non-profiled nmethods': size=120000Kb used=18715Kb max_used=20443Kb free=101284Kb
 bounds [0x0000025250d80000, 0x0000025252190000, 0x00000252582b0000]
CodeHeap 'profiled nmethods': size=120000Kb used=31408Kb max_used=45352Kb free=88591Kb
 bounds [0x00000252492b0000, 0x000002524bf00000, 0x00000252507e0000]
CodeHeap 'non-nmethods': size=5760Kb used=1456Kb max_used=1535Kb free=4303Kb
 bounds [0x00000252507e0000, 0x0000025250a50000, 0x0000025250d80000]
CodeCache: size=245760Kb, used=51579Kb, max_used=67330Kb, free=194178Kb
 total_blobs=15979, nmethods=15214, adapters=669, full_count=0
Compilation: enabled, stopped_count=0, restarted_count=0

Compilation events (20 events):
Event: 3761.751 Thread 0x0000025246047630 nmethod 22060 0x000002524a712790 code [0x000002524a7129e0, 0x000002524a713088]
Event: 3761.751 Thread 0x0000025246047630 22061       1       org.eclipse.jdt.ls.core.internal.preferences.Preferences::isAutobuildEnabled (5 bytes)
Event: 3761.751 Thread 0x0000025246047630 nmethod 22061 0x0000025251200f90 code [0x0000025251201120, 0x00000252512011f0]
Event: 3761.752 Thread 0x000002525ea26630 nmethod 22064 0x0000025251ea6710 code [0x0000025251ea68a0, 0x0000025251ea6bd0]
Event: 3761.752 Thread 0x0000025246047630 22065       3       java.lang.StackFrameInfo::<init> (25 bytes)
Event: 3761.752 Thread 0x0000025246047630 nmethod 22065 0x0000025249d14310 code [0x0000025249d144e0, 0x0000025249d14810]
Event: 3761.752 Thread 0x0000025246047630 22066       3       java.lang.invoke.MethodHandleImpl$1::newMemberName (8 bytes)
Event: 3761.752 Thread 0x0000025246047630 nmethod 22066 0x0000025249e44f10 code [0x0000025249e450c0, 0x0000025249e452f0]
Event: 3761.756 Thread 0x0000025246047630 22067       1       org.gradle.process.internal.DefaultExecHandle::access$100 (5 bytes)
Event: 3761.756 Thread 0x0000025246047630 nmethod 22067 0x0000025251200b10 code [0x0000025251200ca0, 0x0000025251200d50]
Event: 3761.756 Thread 0x0000025246047630 22068       1       org.gradle.process.internal.DefaultExecHandle::access$200 (5 bytes)
Event: 3761.756 Thread 0x0000025246047630 nmethod 22068 0x0000025251ea6290 code [0x0000025251ea6420, 0x0000025251ea64d0]
Event: 3761.760 Thread 0x000002525ea26630 22069       4       org.gradle.internal.concurrent.CompositeStoppable::add (17 bytes)
Event: 3761.766 Thread 0x000002525ea26630 nmethod 22069 0x0000025251023910 code [0x0000025251023b00, 0x0000025251024298]
Event: 3761.767 Thread 0x0000025246047630 22070       3       java.security.AccessControlContext::combine (205 bytes)
Event: 3761.768 Thread 0x0000025246047630 nmethod 22070 0x0000025249b77a90 code [0x0000025249b77cc0, 0x0000025249b78768]
Event: 3761.795 Thread 0x0000025246047630 22071       3       java.io.FileDescriptor$1::registerCleanup (5 bytes)
Event: 3761.795 Thread 0x0000025246047630 nmethod 22071 0x0000025249a51b10 code [0x0000025249a51cc0, 0x0000025249a51df8]
Event: 3761.805 Thread 0x000002525ea26630 22072       4       java.nio.CharBuffer::position (8 bytes)
Event: 3761.805 Thread 0x000002525ea26630 nmethod 22072 0x000002525106c090 code [0x000002525106c220, 0x000002525106c310]

GC Heap History (20 events):
Event: 3758.044 GC heap before
{Heap before GC invocations=103364 (full 8):
 PSYoungGen      total 21504K, used 21429K [0x00000000d5580000, 0x00000000d6f00000, 0x0000000100000000)
  eden space 20480K, 100% used [0x00000000d5580000,0x00000000d6980000,0x00000000d6980000)
  from space 1024K, 92% used [0x00000000d6c00000,0x00000000d6ced610,0x00000000d6d00000)
  to   space 1536K, 0% used [0x00000000d6d80000,0x00000000d6d80000,0x00000000d6f00000)
 ParOldGen       total 107008K, used 78373K [0x0000000080000000, 0x0000000086880000, 0x00000000d5580000)
  object space 107008K, 73% used [0x0000000080000000,0x0000000084c89490,0x0000000086880000)
 Metaspace       used 87493K, committed 89472K, reserved 1179648K
  class space    used 9920K, committed 10880K, reserved 1048576K
}
Event: 3758.045 GC heap after
{Heap after GC invocations=103364 (full 8):
 PSYoungGen      total 21504K, used 624K [0x00000000d5580000, 0x00000000d6e80000, 0x0000000100000000)
  eden space 20480K, 0% used [0x00000000d5580000,0x00000000d5580000,0x00000000d6980000)
  from space 1024K, 60% used [0x00000000d6d80000,0x00000000d6e1c090,0x00000000d6e80000)
  to   space 1024K, 0% used [0x00000000d6c00000,0x00000000d6c00000,0x00000000d6d00000)
 ParOldGen       total 107008K, used 78949K [0x0000000080000000, 0x0000000086880000, 0x00000000d5580000)
  object space 107008K, 73% used [0x0000000080000000,0x0000000084d19540,0x0000000086880000)
 Metaspace       used 87493K, committed 89472K, reserved 1179648K
  class space    used 9920K, committed 10880K, reserved 1048576K
}
Event: 3758.094 GC heap before
{Heap before GC invocations=103365 (full 8):
 PSYoungGen      total 21504K, used 21104K [0x00000000d5580000, 0x00000000d6e80000, 0x0000000100000000)
  eden space 20480K, 100% used [0x00000000d5580000,0x00000000d6980000,0x00000000d6980000)
  from space 1024K, 60% used [0x00000000d6d80000,0x00000000d6e1c090,0x00000000d6e80000)
  to   space 1024K, 0% used [0x00000000d6c00000,0x00000000d6c00000,0x00000000d6d00000)
 ParOldGen       total 107008K, used 78949K [0x0000000080000000, 0x0000000086880000, 0x00000000d5580000)
  object space 107008K, 73% used [0x0000000080000000,0x0000000084d19540,0x0000000086880000)
 Metaspace       used 87516K, committed 89472K, reserved 1179648K
  class space    used 9924K, committed 10880K, reserved 1048576K
}
Event: 3758.096 GC heap after
{Heap after GC invocations=103365 (full 8):
 PSYoungGen      total 21504K, used 544K [0x00000000d5580000, 0x00000000d6e00000, 0x0000000100000000)
  eden space 20480K, 0% used [0x00000000d5580000,0x00000000d5580000,0x00000000d6980000)
  from space 1024K, 53% used [0x00000000d6c00000,0x00000000d6c88060,0x00000000d6d00000)
  to   space 1024K, 0% used [0x00000000d6d00000,0x00000000d6d00000,0x00000000d6e00000)
 ParOldGen       total 107008K, used 79341K [0x0000000080000000, 0x0000000086880000, 0x00000000d5580000)
  object space 107008K, 74% used [0x0000000080000000,0x0000000084d7b5c0,0x0000000086880000)
 Metaspace       used 87516K, committed 89472K, reserved 1179648K
  class space    used 9924K, committed 10880K, reserved 1048576K
}
Event: 3758.154 GC heap before
{Heap before GC invocations=103366 (full 8):
 PSYoungGen      total 21504K, used 21024K [0x00000000d5580000, 0x00000000d6e00000, 0x0000000100000000)
  eden space 20480K, 100% used [0x00000000d5580000,0x00000000d6980000,0x00000000d6980000)
  from space 1024K, 53% used [0x00000000d6c00000,0x00000000d6c88060,0x00000000d6d00000)
  to   space 1024K, 0% used [0x00000000d6d00000,0x00000000d6d00000,0x00000000d6e00000)
 ParOldGen       total 107008K, used 79341K [0x0000000080000000, 0x0000000086880000, 0x00000000d5580000)
  object space 107008K, 74% used [0x0000000080000000,0x0000000084d7b5c0,0x0000000086880000)
 Metaspace       used 87538K, committed 89472K, reserved 1179648K
  class space    used 9925K, committed 10880K, reserved 1048576K
}
Event: 3758.155 GC heap after
{Heap after GC invocations=103366 (full 8):
 PSYoungGen      total 21504K, used 992K [0x00000000d5580000, 0x00000000d6e00000, 0x0000000100000000)
  eden space 20480K, 0% used [0x00000000d5580000,0x00000000d5580000,0x00000000d6980000)
  from space 1024K, 96% used [0x00000000d6d00000,0x00000000d6df80c0,0x00000000d6e00000)
  to   space 2048K, 0% used [0x00000000d6a00000,0x00000000d6a00000,0x00000000d6c00000)
 ParOldGen       total 107008K, used 79829K [0x0000000080000000, 0x0000000086880000, 0x00000000d5580000)
  object space 107008K, 74% used [0x0000000080000000,0x0000000084df5620,0x0000000086880000)
 Metaspace       used 87538K, committed 89472K, reserved 1179648K
  class space    used 9925K, committed 10880K, reserved 1048576K
}
Event: 3758.191 GC heap before
{Heap before GC invocations=103367 (full 8):
 PSYoungGen      total 21504K, used 21472K [0x00000000d5580000, 0x00000000d6e00000, 0x0000000100000000)
  eden space 20480K, 100% used [0x00000000d5580000,0x00000000d6980000,0x00000000d6980000)
  from space 1024K, 96% used [0x00000000d6d00000,0x00000000d6df80c0,0x00000000d6e00000)
  to   space 2048K, 0% used [0x00000000d6a00000,0x00000000d6a00000,0x00000000d6c00000)
 ParOldGen       total 107008K, used 79829K [0x0000000080000000, 0x0000000086880000, 0x00000000d5580000)
  object space 107008K, 74% used [0x0000000080000000,0x0000000084df5620,0x0000000086880000)
 Metaspace       used 87545K, committed 89472K, reserved 1179648K
  class space    used 9925K, committed 10880K, reserved 1048576K
}
Event: 3758.194 GC heap after
{Heap after GC invocations=103367 (full 8):
 PSYoungGen      total 22528K, used 992K [0x00000000d5580000, 0x00000000d6d80000, 0x0000000100000000)
  eden space 20480K, 0% used [0x00000000d5580000,0x00000000d5580000,0x00000000d6980000)
  from space 2048K, 48% used [0x00000000d6a00000,0x00000000d6af80e0,0x00000000d6c00000)
  to   space 1536K, 0% used [0x00000000d6c00000,0x00000000d6c00000,0x00000000d6d80000)
 ParOldGen       total 107008K, used 80838K [0x0000000080000000, 0x0000000086880000, 0x00000000d5580000)
  object space 107008K, 75% used [0x0000000080000000,0x0000000084ef1820,0x0000000086880000)
 Metaspace       used 87545K, committed 89472K, reserved 1179648K
  class space    used 9925K, committed 10880K, reserved 1048576K
}
Event: 3758.292 GC heap before
{Heap before GC invocations=103368 (full 8):
 PSYoungGen      total 22528K, used 21472K [0x00000000d5580000, 0x00000000d6d80000, 0x0000000100000000)
  eden space 20480K, 99% used [0x00000000d5580000,0x00000000d697fff0,0x00000000d6980000)
  from space 2048K, 48% used [0x00000000d6a00000,0x00000000d6af80e0,0x00000000d6c00000)
  to   space 1536K, 0% used [0x00000000d6c00000,0x00000000d6c00000,0x00000000d6d80000)
 ParOldGen       total 107008K, used 80838K [0x0000000080000000, 0x0000000086880000, 0x00000000d5580000)
  object space 107008K, 75% used [0x0000000080000000,0x0000000084ef1820,0x0000000086880000)
 Metaspace       used 87563K, committed 89472K, reserved 1179648K
  class space    used 9925K, committed 10880K, reserved 1048576K
}
Event: 3758.295 GC heap after
{Heap after GC invocations=103368 (full 8):
 PSYoungGen      total 22016K, used 1408K [0x00000000d5580000, 0x00000000d6d80000, 0x0000000100000000)
  eden space 20480K, 0% used [0x00000000d5580000,0x00000000d5580000,0x00000000d6980000)
  from space 1536K, 91% used [0x00000000d6c00000,0x00000000d6d60000,0x00000000d6d80000)
  to   space 1536K, 0% used [0x00000000d6a80000,0x00000000d6a80000,0x00000000d6c00000)
 ParOldGen       total 107008K, used 81594K [0x0000000080000000, 0x0000000086880000, 0x00000000d5580000)
  object space 107008K, 76% used [0x0000000080000000,0x0000000084fae910,0x0000000086880000)
 Metaspace       used 87563K, committed 89472K, reserved 1179648K
  class space    used 9925K, committed 10880K, reserved 1048576K
}
Event: 3758.378 GC heap before
{Heap before GC invocations=103369 (full 8):
 PSYoungGen      total 22016K, used 21888K [0x00000000d5580000, 0x00000000d6d80000, 0x0000000100000000)
  eden space 20480K, 100% used [0x00000000d5580000,0x00000000d6980000,0x00000000d6980000)
  from space 1536K, 91% used [0x00000000d6c00000,0x00000000d6d60000,0x00000000d6d80000)
  to   space 1536K, 0% used [0x00000000d6a80000,0x00000000d6a80000,0x00000000d6c00000)
 ParOldGen       total 107008K, used 81594K [0x0000000080000000, 0x0000000086880000, 0x00000000d5580000)
  object space 107008K, 76% used [0x0000000080000000,0x0000000084fae910,0x0000000086880000)
 Metaspace       used 87591K, committed 89472K, reserved 1179648K
  class space    used 9925K, committed 10880K, reserved 1048576K
}
Event: 3758.380 GC heap after
{Heap after GC invocations=103369 (full 8):
 PSYoungGen      total 22016K, used 1248K [0x00000000d5580000, 0x00000000d6c80000, 0x0000000100000000)
  eden space 20480K, 0% used [0x00000000d5580000,0x00000000d5580000,0x00000000d6980000)
  from space 1536K, 81% used [0x00000000d6a80000,0x00000000d6bb8000,0x00000000d6c00000)
  to   space 512K, 0% used [0x00000000d6c00000,0x00000000d6c00000,0x00000000d6c80000)
 ParOldGen       total 107008K, used 82750K [0x0000000080000000, 0x0000000086880000, 0x00000000d5580000)
  object space 107008K, 77% used [0x0000000080000000,0x00000000850cf940,0x0000000086880000)
 Metaspace       used 87591K, committed 89472K, reserved 1179648K
  class space    used 9925K, committed 10880K, reserved 1048576K
}
Event: 3758.464 GC heap before
{Heap before GC invocations=103370 (full 8):
 PSYoungGen      total 22016K, used 21728K [0x00000000d5580000, 0x00000000d6c80000, 0x0000000100000000)
  eden space 20480K, 100% used [0x00000000d5580000,0x00000000d6980000,0x00000000d6980000)
  from space 1536K, 81% used [0x00000000d6a80000,0x00000000d6bb8000,0x00000000d6c00000)
  to   space 512K, 0% used [0x00000000d6c00000,0x00000000d6c00000,0x00000000d6c80000)
 ParOldGen       total 107008K, used 82750K [0x0000000080000000, 0x0000000086880000, 0x00000000d5580000)
  object space 107008K, 77% used [0x0000000080000000,0x00000000850cf940,0x0000000086880000)
 Metaspace       used 87602K, committed 89472K, reserved 1179648K
  class space    used 9925K, committed 10880K, reserved 1048576K
}
Event: 3758.466 GC heap after
{Heap after GC invocations=103370 (full 8):
 PSYoungGen      total 20480K, used 512K [0x00000000d5580000, 0x00000000d6f80000, 0x0000000100000000)
  eden space 19968K, 0% used [0x00000000d5580000,0x00000000d5580000,0x00000000d6900000)
  from space 512K, 100% used [0x00000000d6c00000,0x00000000d6c80000,0x00000000d6c80000)
  to   space 3072K, 0% used [0x00000000d6900000,0x00000000d6900000,0x00000000d6c00000)
 ParOldGen       total 107008K, used 84634K [0x0000000080000000, 0x0000000086880000, 0x00000000d5580000)
  object space 107008K, 79% used [0x0000000080000000,0x00000000852a6970,0x0000000086880000)
 Metaspace       used 87602K, committed 89472K, reserved 1179648K
  class space    used 9925K, committed 10880K, reserved 1048576K
}
Event: 3758.563 GC heap before
{Heap before GC invocations=103371 (full 8):
 PSYoungGen      total 20480K, used 20479K [0x00000000d5580000, 0x00000000d6f80000, 0x0000000100000000)
  eden space 19968K, 99% used [0x00000000d5580000,0x00000000d68fffe8,0x00000000d6900000)
  from space 512K, 100% used [0x00000000d6c00000,0x00000000d6c80000,0x00000000d6c80000)
  to   space 3072K, 0% used [0x00000000d6900000,0x00000000d6900000,0x00000000d6c00000)
 ParOldGen       total 107008K, used 84634K [0x0000000080000000, 0x0000000086880000, 0x00000000d5580000)
  object space 107008K, 79% used [0x0000000080000000,0x00000000852a6970,0x0000000086880000)
 Metaspace       used 87605K, committed 89472K, reserved 1179648K
  class space    used 9925K, committed 10880K, reserved 1048576K
}
Event: 3758.565 GC heap after
{Heap after GC invocations=103371 (full 8):
 PSYoungGen      total 21504K, used 1248K [0x00000000d5580000, 0x00000000d6d00000, 0x0000000100000000)
  eden space 19968K, 0% used [0x00000000d5580000,0x00000000d5580000,0x00000000d6900000)
  from space 1536K, 81% used [0x00000000d6900000,0x00000000d6a38000,0x00000000d6a80000)
  to   space 2048K, 0% used [0x00000000d6b00000,0x00000000d6b00000,0x00000000d6d00000)
 ParOldGen       total 107008K, used 85174K [0x0000000080000000, 0x0000000086880000, 0x00000000d5580000)
  object space 107008K, 79% used [0x0000000080000000,0x000000008532d980,0x0000000086880000)
 Metaspace       used 87605K, committed 89472K, reserved 1179648K
  class space    used 9925K, committed 10880K, reserved 1048576K
}
Event: 3758.923 GC heap before
{Heap before GC invocations=103372 (full 8):
 PSYoungGen      total 21504K, used 21216K [0x00000000d5580000, 0x00000000d6d00000, 0x0000000100000000)
  eden space 19968K, 100% used [0x00000000d5580000,0x00000000d6900000,0x00000000d6900000)
  from space 1536K, 81% used [0x00000000d6900000,0x00000000d6a38000,0x00000000d6a80000)
  to   space 2048K, 0% used [0x00000000d6b00000,0x00000000d6b00000,0x00000000d6d00000)
 ParOldGen       total 107008K, used 85174K [0x0000000080000000, 0x0000000086880000, 0x00000000d5580000)
  object space 107008K, 79% used [0x0000000080000000,0x000000008532d980,0x0000000086880000)
 Metaspace       used 87609K, committed 89472K, reserved 1179648K
  class space    used 9925K, committed 10880K, reserved 1048576K
}
Event: 3758.926 GC heap after
{Heap after GC invocations=103372 (full 8):
 PSYoungGen      total 19456K, used 2048K [0x00000000d5580000, 0x00000000d7200000, 0x0000000100000000)
  eden space 17408K, 0% used [0x00000000d5580000,0x00000000d5580000,0x00000000d6680000)
  from space 2048K, 100% used [0x00000000d6b00000,0x00000000d6d00000,0x00000000d6d00000)
  to   space 4608K, 0% used [0x00000000d6680000,0x00000000d6680000,0x00000000d6b00000)
 ParOldGen       total 107008K, used 86818K [0x0000000080000000, 0x0000000086880000, 0x00000000d5580000)
  object space 107008K, 81% used [0x0000000080000000,0x00000000854c8a50,0x0000000086880000)
 Metaspace       used 87609K, committed 89472K, reserved 1179648K
  class space    used 9925K, committed 10880K, reserved 1048576K
}
Event: 3761.714 GC heap before
{Heap before GC invocations=103373 (full 8):
 PSYoungGen      total 19456K, used 19455K [0x00000000d5580000, 0x00000000d7200000, 0x0000000100000000)
  eden space 17408K, 99% used [0x00000000d5580000,0x00000000d667fe68,0x00000000d6680000)
  from space 2048K, 100% used [0x00000000d6b00000,0x00000000d6d00000,0x00000000d6d00000)
  to   space 4608K, 0% used [0x00000000d6680000,0x00000000d6680000,0x00000000d6b00000)
 ParOldGen       total 107008K, used 86818K [0x0000000080000000, 0x0000000086880000, 0x00000000d5580000)
  object space 107008K, 81% used [0x0000000080000000,0x00000000854c8a50,0x0000000086880000)
 Metaspace       used 87684K, committed 89536K, reserved 1179648K
  class space    used 9935K, committed 10880K, reserved 1048576K
}
Event: 3761.716 GC heap after
{Heap after GC invocations=103373 (full 8):
 PSYoungGen      total 18944K, used 1312K [0x00000000d5580000, 0x00000000d6b80000, 0x0000000100000000)
  eden space 17408K, 0% used [0x00000000d5580000,0x00000000d5580000,0x00000000d6680000)
  from space 1536K, 85% used [0x00000000d6680000,0x00000000d67c8000,0x00000000d6800000)
  to   space 2560K, 0% used [0x00000000d6900000,0x00000000d6900000,0x00000000d6b80000)
 ParOldGen       total 107008K, used 87310K [0x0000000080000000, 0x0000000086880000, 0x00000000d5580000)
  object space 107008K, 81% used [0x0000000080000000,0x0000000085543b80,0x0000000086880000)
 Metaspace       used 87684K, committed 89536K, reserved 1179648K
  class space    used 9935K, committed 10880K, reserved 1048576K
}

Dll operation events (20 events):
Event: 0.544 Attempting to load shared library C:\Users\user\.vscode\extensions\redhat.java-1.56.0-win32-x64\jre\21.0.12.1-win32-x86_64\bin\zip.dll
Event: 0.544 Loaded shared library C:\Users\user\.vscode\extensions\redhat.java-1.56.0-win32-x64\jre\21.0.12.1-win32-x86_64\bin\zip.dll
Event: 0.630 Attempting to load shared library C:\Users\user\.vscode\extensions\redhat.java-1.56.0-win32-x64\jre\21.0.12.1-win32-x86_64\bin\jimage.dll
Event: 0.630 Loaded shared library C:\Users\user\.vscode\extensions\redhat.java-1.56.0-win32-x64\jre\21.0.12.1-win32-x86_64\bin\jimage.dll
Event: 1.161 Attempting to load shared library c:\Users\user\.vscode\extensions\redhat.java-1.56.0-win32-x64\jre\21.0.12.1-win32-x86_64\bin\verify.dll
Event: 1.173 Loaded shared library c:\Users\user\.vscode\extensions\redhat.java-1.56.0-win32-x64\jre\21.0.12.1-win32-x86_64\bin\verify.dll
Event: 9.196 Attempting to load shared library C:\Users\user\AppData\Roaming\Code\User\globalStorage\redhat.java\1.56.0\config_win\org.eclipse.equinox.launcher\org.eclipse.equinox.launcher.win32.win32.x86_64_1.3.100.v20260804-1928\eclipse_11924.dll
Event: 9.202 Loaded shared library C:\Users\user\AppData\Roaming\Code\User\globalStorage\redhat.java\1.56.0\config_win\org.eclipse.equinox.launcher\org.eclipse.equinox.launcher.win32.win32.x86_64_1.3.100.v20260804-1928\eclipse_11924.dll
Event: 18.796 Attempting to load shared library C:\Users\user\AppData\Local\Temp\jna-3599307\jna17522186517412230673.dll
Event: 18.888 Loaded shared library C:\Users\user\AppData\Local\Temp\jna-3599307\jna17522186517412230673.dll
Event: 26.764 Attempting to load shared library C:\Users\user\.gradle\native\660c5614fbf4a5f2a75b1949f50a0caf5cd603558e7d8a26e50b933a0cfb79d1\windows-amd64\native-platform.dll
Event: 26.774 Loaded shared library C:\Users\user\.gradle\native\660c5614fbf4a5f2a75b1949f50a0caf5cd603558e7d8a26e50b933a0cfb79d1\windows-amd64\native-platform.dll
Event: 27.638 Attempting to load shared library C:\Users\user\.vscode\extensions\redhat.java-1.56.0-win32-x64\jre\21.0.12.1-win32-x86_64\bin\management.dll
Event: 27.652 Loaded shared library C:\Users\user\.vscode\extensions\redhat.java-1.56.0-win32-x64\jre\21.0.12.1-win32-x86_64\bin\management.dll
Event: 27.679 Attempting to load shared library C:\Users\user\.vscode\extensions\redhat.java-1.56.0-win32-x64\jre\21.0.12.1-win32-x86_64\bin\management_ext.dll
Event: 27.692 Loaded shared library C:\Users\user\.vscode\extensions\redhat.java-1.56.0-win32-x64\jre\21.0.12.1-win32-x86_64\bin\management_ext.dll
Event: 77.580 Attempting to load shared library C:\Users\user\.vscode\extensions\redhat.java-1.56.0-win32-x64\jre\21.0.12.1-win32-x86_64\bin\extnet.dll
Event: 77.596 Loaded shared library C:\Users\user\.vscode\extensions\redhat.java-1.56.0-win32-x64\jre\21.0.12.1-win32-x86_64\bin\extnet.dll
Event: 95.198 Attempting to load shared library C:\Users\user\.vscode\extensions\redhat.java-1.56.0-win32-x64\jre\21.0.12.1-win32-x86_64\bin\sunmscapi.dll
Event: 95.235 Loaded shared library C:\Users\user\.vscode\extensions\redhat.java-1.56.0-win32-x64\jre\21.0.12.1-win32-x86_64\bin\sunmscapi.dll

Deoptimization events (20 events):
Event: 3759.613 Thread 0x000002527a6d8ce0 Uncommon trap: trap_request=0xffffffc6 fr.pc=0x0000025251da3710 relative=0x0000000000000650
Event: 3759.613 Thread 0x000002527a6d8ce0 Uncommon trap: reason=bimorphic_or_optimized_type_check action=maybe_recompile pc=0x0000025251da3710 method=java.nio.charset.CharsetEncoder.encode(Ljava/nio/CharBuffer;Ljava/nio/ByteBuffer;Z)Ljava/nio/charset/CoderResult; @ 57 c2
Event: 3759.613 Thread 0x000002527a6d8ce0 DEOPT PACKING pc=0x0000025251da3710 sp=0x00000057826fe500
Event: 3759.613 Thread 0x000002527a6d8ce0 DEOPT UNPACKING pc=0x0000025250836da2 sp=0x00000057826fe4a8 mode 2
Event: 3760.213 Thread 0x00000252785cd2a0 Uncommon trap: trap_request=0xffffff45 fr.pc=0x0000025251f7ec38 relative=0x0000000000000458
Event: 3760.213 Thread 0x00000252785cd2a0 Uncommon trap: reason=unstable_if action=reinterpret pc=0x0000025251f7ec38 method=sun.nio.ch.PendingFuture.get()Ljava/lang/Object; @ 27 c2
Event: 3760.213 Thread 0x00000252785cd2a0 DEOPT PACKING pc=0x0000025251f7ec38 sp=0x00000057febfe8f0
Event: 3760.213 Thread 0x00000252785cd2a0 DEOPT UNPACKING pc=0x0000025250836da2 sp=0x00000057febfe8c8 mode 2
Event: 3760.214 Thread 0x00000252785cd2a0 Uncommon trap: trap_request=0xffffffc6 fr.pc=0x0000025251da3710 relative=0x0000000000000650
Event: 3760.214 Thread 0x00000252785cd2a0 Uncommon trap: reason=bimorphic_or_optimized_type_check action=maybe_recompile pc=0x0000025251da3710 method=java.nio.charset.CharsetEncoder.encode(Ljava/nio/CharBuffer;Ljava/nio/ByteBuffer;Z)Ljava/nio/charset/CoderResult; @ 57 c2
Event: 3760.214 Thread 0x00000252785cd2a0 DEOPT PACKING pc=0x0000025251da3710 sp=0x00000057febfe5e0
Event: 3760.214 Thread 0x00000252785cd2a0 DEOPT UNPACKING pc=0x0000025250836da2 sp=0x00000057febfe588 mode 2
Event: 3760.667 Thread 0x0000025271af5620 Uncommon trap: trap_request=0xffffff54 fr.pc=0x00000252511cc648 relative=0x00000000000051e8
Event: 3760.667 Thread 0x0000025271af5620 Uncommon trap: reason=speculate_null_assert action=make_not_entrant pc=0x00000252511cc648 method=jdk.internal.util.ReferencedKeyMap.existingKey(Ljdk/internal/util/ReferencedKeyMap;Ljava/lang/Object;)Ljava/lang/Object; @ 18 c2
Event: 3760.667 Thread 0x0000025271af5620 DEOPT PACKING pc=0x00000252511cc648 sp=0x00000057b82fe1b0
Event: 3760.667 Thread 0x0000025271af5620 DEOPT UNPACKING pc=0x0000025250836da2 sp=0x00000057b82fe080 mode 2
Event: 3760.693 Thread 0x0000025271ee2200 Uncommon trap: trap_request=0xffffffc6 fr.pc=0x0000025251da3710 relative=0x0000000000000650
Event: 3760.693 Thread 0x0000025271ee2200 Uncommon trap: reason=bimorphic_or_optimized_type_check action=maybe_recompile pc=0x0000025251da3710 method=java.nio.charset.CharsetEncoder.encode(Ljava/nio/CharBuffer;Ljava/nio/ByteBuffer;Z)Ljava/nio/charset/CoderResult; @ 57 c2
Event: 3760.693 Thread 0x0000025271ee2200 DEOPT PACKING pc=0x0000025251da3710 sp=0x00000057b8cfe290
Event: 3760.693 Thread 0x0000025271ee2200 DEOPT UNPACKING pc=0x0000025250836da2 sp=0x00000057b8cfe238 mode 2

Classes loaded (20 events):
Event: 203.928 Loading class jdk/internal/module/IllegalAccessLogger
Event: 203.928 Loading class jdk/internal/module/IllegalAccessLogger done
Event: 343.437 Loading class java/util/stream/Nodes$CollectorTask$OfRef
Event: 343.437 Loading class java/util/stream/Nodes$CollectorTask
Event: 343.438 Loading class java/util/stream/Nodes$CollectorTask done
Event: 343.438 Loading class java/util/stream/Nodes$CollectorTask$OfRef done
Event: 343.438 Loading class java/util/stream/Nodes$ConcNode
Event: 343.438 Loading class java/util/stream/Nodes$AbstractConcNode
Event: 343.438 Loading class java/util/stream/Nodes$AbstractConcNode done
Event: 343.438 Loading class java/util/stream/Nodes$ConcNode done
Event: 1078.193 Loading class java/nio/channels/CompletionHandler
Event: 1078.194 Loading class java/nio/channels/CompletionHandler done
Event: 3653.567 Loading class java/net/DatagramPacket
Event: 3653.568 Loading class java/net/DatagramPacket done
Event: 3725.019 Loading class sun/net/ConnectionResetException
Event: 3725.022 Loading class sun/net/ConnectionResetException done
Event: 3725.185 Loading class sun/misc/SharedSecrets
Event: 3725.186 Loading class sun/misc/SharedSecrets done
Event: 3760.666 Loading class java/util/LinkedList$LLSpliterator
Event: 3760.667 Loading class java/util/LinkedList$LLSpliterator done

Classes unloaded (20 events):
Event: 3757.789 Thread 0x000002524616eb90 Unloading class 0x0000025201761000 'java/lang/invoke/LambdaForm$MH+0x0000025201761000'
Event: 3757.789 Thread 0x000002524616eb90 Unloading class 0x0000025201778000 'java/lang/invoke/LambdaForm$MH+0x0000025201778000'
Event: 3757.789 Thread 0x000002524616eb90 Unloading class 0x0000025201788800 'java/lang/invoke/LambdaForm$MH+0x0000025201788800'
Event: 3757.789 Thread 0x000002524616eb90 Unloading class 0x0000025201789c00 'java/lang/invoke/LambdaForm$MH+0x0000025201789c00'
Event: 3757.789 Thread 0x000002524616eb90 Unloading class 0x0000025201799800 'java/lang/invoke/LambdaForm$MH+0x0000025201799800'
Event: 3757.789 Thread 0x000002524616eb90 Unloading class 0x00000252017a5800 'java/lang/invoke/LambdaForm$MH+0x00000252017a5800'
Event: 3757.789 Thread 0x000002524616eb90 Unloading class 0x00000252017d8000 'java/lang/invoke/LambdaForm$MH+0x00000252017d8000'
Event: 3757.789 Thread 0x000002524616eb90 Unloading class 0x0000025201900400 'java/lang/invoke/LambdaForm$MH+0x0000025201900400'
Event: 3757.789 Thread 0x000002524616eb90 Unloading class 0x000002520190d000 'java/lang/invoke/LambdaForm$MH+0x000002520190d000'
Event: 3757.789 Thread 0x000002524616eb90 Unloading class 0x000002520191dc00 'java/lang/invoke/LambdaForm$MH+0x000002520191dc00'
Event: 3757.789 Thread 0x000002524616eb90 Unloading class 0x000002520191e400 'java/lang/invoke/LambdaForm$MH+0x000002520191e400'
Event: 3757.789 Thread 0x000002524616eb90 Unloading class 0x000002520191e800 'java/lang/invoke/LambdaForm$MH+0x000002520191e800'
Event: 3757.789 Thread 0x000002524616eb90 Unloading class 0x0000025201925000 'java/lang/invoke/LambdaForm$MH+0x0000025201925000'
Event: 3757.789 Thread 0x000002524616eb90 Unloading class 0x0000025201931000 'java/lang/invoke/LambdaForm$MH+0x0000025201931000'
Event: 3757.789 Thread 0x000002524616eb90 Unloading class 0x0000025201925800 'java/lang/invoke/LambdaForm$MH+0x0000025201925800'
Event: 3757.789 Thread 0x000002524616eb90 Unloading class 0x0000025201931800 'java/lang/invoke/LambdaForm$MH+0x0000025201931800'
Event: 3757.789 Thread 0x000002524616eb90 Unloading class 0x0000025201932800 'java/lang/invoke/LambdaForm$MH+0x0000025201932800'
Event: 3757.789 Thread 0x000002524616eb90 Unloading class 0x0000025201932400 'java/lang/invoke/LambdaForm$MH+0x0000025201932400'
Event: 3757.789 Thread 0x000002524616eb90 Unloading class 0x0000025201988400 'java/lang/invoke/LambdaForm$MH+0x0000025201988400'
Event: 3757.789 Thread 0x000002524616eb90 Unloading class 0x0000025201988800 'java/lang/invoke/LambdaForm$MH+0x0000025201988800'

Classes redefined (0 events):
No events

Internal exceptions (20 events):
Event: 3760.738 Thread 0x00000252727e27a0 Exception <a 'java/io/IOException'{0x00000000d6661160}> (0x00000000d6661160) 
thrown [s\src\hotspot\share\prims\jni.cpp, line 520]
Event: 3761.719 Thread 0x0000025278126540 Exception <a 'java/io/IOException'{0x00000000d55c0bd0}> (0x00000000d55c0bd0) 
thrown [s\src\hotspot\share\prims\jni.cpp, line 520]
Event: 3761.729 Thread 0x0000025271ca0620 Exception <a 'sun/nio/fs/WindowsException'{0x00000000d57c4f40}> (0x00000000d57c4f40) 
thrown [s\src\hotspot\share\prims\jni.cpp, line 520]
Event: 3761.733 Thread 0x000002527823ce30 Exception <a 'sun/nio/fs/WindowsException'{0x00000000d570d6b0}> (0x00000000d570d6b0) 
thrown [s\src\hotspot\share\prims\jni.cpp, line 520]
Event: 3761.735 Thread 0x0000025278963640 Exception <a 'sun/nio/fs/WindowsException'{0x00000000d57f8e28}> (0x00000000d57f8e28) 
thrown [s\src\hotspot\share\prims\jni.cpp, line 520]
Event: 3761.735 Thread 0x00000252727a7350 Exception <a 'sun/nio/fs/WindowsException'{0x00000000d570be10}> (0x00000000d570be10) 
thrown [s\src\hotspot\share\prims\jni.cpp, line 520]
Event: 3761.735 Thread 0x00000252670d27c0 Exception <a 'sun/nio/fs/WindowsException'{0x00000000d572e428}> (0x00000000d572e428) 
thrown [s\src\hotspot\share\prims\jni.cpp, line 520]
Event: 3761.736 Thread 0x0000025278807f30 Exception <a 'sun/nio/fs/WindowsException'{0x00000000d57fd080}> (0x00000000d57fd080) 
thrown [s\src\hotspot\share\prims\jni.cpp, line 520]
Event: 3761.736 Thread 0x00000252785bf380 Exception <a 'sun/nio/fs/WindowsException'{0x00000000d5730d88}> (0x00000000d5730d88) 
thrown [s\src\hotspot\share\prims\jni.cpp, line 520]
Event: 3761.737 Thread 0x000002527823ce30 Exception <a 'java/io/IOException'{0x00000000d582db28}> (0x00000000d582db28) 
thrown [s\src\hotspot\share\prims\jni.cpp, line 520]
Event: 3761.738 Thread 0x00000252785bf380 Exception <a 'java/io/IOException'{0x00000000d5875338}> (0x00000000d5875338) 
thrown [s\src\hotspot\share\prims\jni.cpp, line 520]
Event: 3761.742 Thread 0x0000025278807f30 Exception <a 'java/io/IOException'{0x00000000d5996298}> (0x00000000d5996298) 
thrown [s\src\hotspot\share\prims\jni.cpp, line 520]
Event: 3761.745 Thread 0x00000252670d27c0 Exception <a 'java/io/IOException'{0x00000000d5a3f7c0}> (0x00000000d5a3f7c0) 
thrown [s\src\hotspot\share\prims\jni.cpp, line 520]
Event: 3761.749 Thread 0x0000025278963640 Exception <a 'java/io/IOException'{0x00000000d5a7b230}> (0x00000000d5a7b230) 
thrown [s\src\hotspot\share\prims\jni.cpp, line 520]
Event: 3761.752 Thread 0x00000252727a7350 Exception <a 'java/io/IOException'{0x00000000d5ad89e0}> (0x00000000d5ad89e0) 
thrown [s\src\hotspot\share\prims\jni.cpp, line 520]
Event: 3761.753 Thread 0x0000025271ca0620 Exception <a 'java/io/IOException'{0x00000000d5b0ed78}> (0x00000000d5b0ed78) 
thrown [s\src\hotspot\share\prims\jni.cpp, line 520]
Event: 3761.847 Thread 0x000002527881b3a0 Exception <a 'sun/nio/fs/WindowsException'{0x00000000d65ff870}> (0x00000000d65ff870) 
thrown [s\src\hotspot\share\prims\jni.cpp, line 520]
Event: 3761.848 Thread 0x000002527881b3a0 Exception <a 'java/io/IOException'{0x00000000d6616bb0}> (0x00000000d6616bb0) 
thrown [s\src\hotspot\share\prims\jni.cpp, line 520]
Event: 3761.851 Thread 0x0000025270749ad0 Exception <a 'sun/nio/fs/WindowsException'{0x00000000d66209c8}> (0x00000000d66209c8) 
thrown [s\src\hotspot\share\prims\jni.cpp, line 520]
Event: 3761.853 Thread 0x0000025270749ad0 Exception <a 'java/io/IOException'{0x00000000d6636690}> (0x00000000d6636690) 
thrown [s\src\hotspot\share\prims\jni.cpp, line 520]

ZGC Phase Switch (0 events):
No events

VM Operations (20 events):
Event: 3758.094 Executing non-safepoint VM operation: HandshakeAllThreads (Deoptimize) done
Event: 3758.094 Executing safepoint VM operation: ParallelGCFailedAllocation (Allocation Failure)
Event: 3758.096 Executing safepoint VM operation: ParallelGCFailedAllocation (Allocation Failure) done
Event: 3758.150 Executing safepoint VM operation: ParallelGCFailedAllocation (Allocation Failure)
Event: 3758.155 Executing safepoint VM operation: ParallelGCFailedAllocation (Allocation Failure) done
Event: 3758.190 Executing safepoint VM operation: ParallelGCFailedAllocation (Allocation Failure)
Event: 3758.194 Executing safepoint VM operation: ParallelGCFailedAllocation (Allocation Failure) done
Event: 3758.292 Executing safepoint VM operation: ParallelGCFailedAllocation (Allocation Failure)
Event: 3758.295 Executing safepoint VM operation: ParallelGCFailedAllocation (Allocation Failure) done
Event: 3758.378 Executing safepoint VM operation: ParallelGCFailedAllocation (Allocation Failure)
Event: 3758.380 Executing safepoint VM operation: ParallelGCFailedAllocation (Allocation Failure) done
Event: 3758.464 Executing safepoint VM operation: ParallelGCFailedAllocation (Allocation Failure)
Event: 3758.466 Executing safepoint VM operation: ParallelGCFailedAllocation (Allocation Failure) done
Event: 3758.563 Executing safepoint VM operation: ParallelGCFailedAllocation (Allocation Failure)
Event: 3758.565 Executing safepoint VM operation: ParallelGCFailedAllocation (Allocation Failure) done
Event: 3758.906 Executing safepoint VM operation: ParallelGCFailedAllocation (Allocation Failure)
Event: 3758.926 Executing safepoint VM operation: ParallelGCFailedAllocation (Allocation Failure) done
Event: 3760.739 Executing safepoint VM operation: ParallelGCFailedAllocation (Allocation Failure)
Event: 3761.717 Executing safepoint VM operation: ParallelGCFailedAllocation (Allocation Failure) done
Event: 3761.854 Executing safepoint VM operation: ParallelGCFailedAllocation (Allocation Failure)

Memory protections (0 events):
No events

Nmethod flushes (20 events):
Event: 3757.817 Thread 0x000002524616eb90 flushing  nmethod 0x000002524adb1490
Event: 3757.817 Thread 0x000002524616eb90 flushing  nmethod 0x000002524ae57a10
Event: 3757.817 Thread 0x000002524616eb90 flushing  nmethod 0x000002524ae80010
Event: 3757.817 Thread 0x000002524616eb90 flushing  nmethod 0x000002524aeeb390
Event: 3757.817 Thread 0x000002524616eb90 flushing  nmethod 0x000002524aeec310
Event: 3757.817 Thread 0x000002524616eb90 flushing  nmethod 0x000002524aeec690
Event: 3757.817 Thread 0x000002524616eb90 flushing  nmethod 0x000002524af3fa90
Event: 3757.817 Thread 0x000002524616eb90 flushing  nmethod 0x000002524b232f90
Event: 3757.817 Thread 0x000002524616eb90 flushing  nmethod 0x000002524b233410
Event: 3757.817 Thread 0x000002524616eb90 flushing  nmethod 0x000002524b233790
Event: 3757.817 Thread 0x000002524616eb90 flushing  nmethod 0x000002524b241890
Event: 3757.817 Thread 0x000002524616eb90 flushing  nmethod 0x000002524b2b8f90
Event: 3757.817 Thread 0x000002524616eb90 flushing  nmethod 0x000002524b343890
Event: 3757.817 Thread 0x000002524616eb90 flushing  nmethod 0x000002524b373890
Event: 3757.817 Thread 0x000002524616eb90 flushing  nmethod 0x000002524b4d8210
Event: 3757.817 Thread 0x000002524616eb90 flushing  nmethod 0x000002524b4e3090
Event: 3757.817 Thread 0x000002524616eb90 flushing  nmethod 0x000002524b538a90
Event: 3757.817 Thread 0x000002524616eb90 flushing  nmethod 0x000002524b867190
Event: 3757.817 Thread 0x000002524616eb90 flushing  nmethod 0x000002524b8d0690
Event: 3757.817 Thread 0x000002524616eb90 flushing  nmethod 0x000002524bcfc090

Events (20 events):
Event: 3761.755 Thread 0x0000025271ca0620 Thread added: 0x000002527a6f23c0
Event: 3761.756 Thread 0x000002527a6f5ed0 Thread added: 0x000002527a6f2a50
Event: 3761.756 Thread 0x000002527a6f5ed0 Thread added: 0x000002527a6f02f0
Event: 3761.767 Thread 0x000002527a6f2a50 Thread exited: 0x000002527a6f2a50
Event: 3761.767 Thread 0x000002527a6f9350 Thread added: 0x000002527a6f99e0
Event: 3761.768 Thread 0x000002527a6f9350 Thread added: 0x000002527a6f6560
Event: 3761.774 Thread 0x000002527a6d44b0 Thread exited: 0x000002527a6d44b0
Event: 3761.783 Thread 0x000002527a6f8630 Thread added: 0x000002527a6d44b0
Event: 3761.784 Thread 0x000002527a6f8630 Thread added: 0x000002527a6ddba0
Event: 3761.785 Thread 0x000002527a6d44b0 Thread exited: 0x000002527a6d44b0
Event: 3761.795 Thread 0x000002527a6f5840 Thread added: 0x000002527a6d44b0
Event: 3761.796 Thread 0x000002527a6f5840 Thread added: 0x000002527a6de8c0
Event: 3761.807 Thread 0x000002527a6f8cc0 Thread added: 0x000002527a6e23d0
Event: 3761.807 Thread 0x000002527a6f8cc0 Thread added: 0x000002527a6e0990
Event: 3761.811 Thread 0x000002527a6e23d0 Thread exited: 0x000002527a6e23d0
Event: 3761.818 Thread 0x000002527a6f4490 Thread added: 0x000002527a6e23d0
Event: 3761.818 Thread 0x000002527a6f4490 Thread added: 0x000002527a6df5e0
Event: 3761.829 Thread 0x000002527a6f30e0 Thread added: 0x000002527a6e5ee0
Event: 3761.830 Thread 0x000002527a6f30e0 Thread added: 0x000002527a6e30f0
Event: 3761.830 Thread 0x000002527a6e5ee0 Thread exited: 0x000002527a6e5ee0


Dynamic libraries:
0x00007ff61f170000 - 0x00007ff61f17e000 	c:\Users\user\.vscode\extensions\redhat.java-1.56.0-win32-x64\jre\21.0.12.1-win32-x86_64\bin\java.exe
0x00007ffac7aa0000 - 0x00007ffac7d06000 	C:\WINDOWS\SYSTEM32\ntdll.dll
0x00007ffac6670000 - 0x00007ffac6739000 	C:\WINDOWS\System32\KERNEL32.DLL
0x00007ffac52d0000 - 0x00007ffac56cf000 	C:\WINDOWS\System32\KERNELBASE.dll
0x00007ffac4cb0000 - 0x00007ffac4dfc000 	C:\WINDOWS\System32\ucrtbase.dll
0x00007ffa90750000 - 0x00007ffa9076e000 	c:\Users\user\.vscode\extensions\redhat.java-1.56.0-win32-x64\jre\21.0.12.1-win32-x86_64\bin\VCRUNTIME140.dll
0x00007ffa85660000 - 0x00007ffa85678000 	c:\Users\user\.vscode\extensions\redhat.java-1.56.0-win32-x64\jre\21.0.12.1-win32-x86_64\bin\jli.dll
0x00007ffac59d0000 - 0x00007ffac5b96000 	C:\WINDOWS\System32\USER32.dll
0x00007ffac56e0000 - 0x00007ffac5707000 	C:\WINDOWS\System32\win32u.dll
0x00007ffac7a30000 - 0x00007ffac7a5b000 	C:\WINDOWS\System32\GDI32.dll
0x00007ffac4e10000 - 0x00007ffac4f39000 	C:\WINDOWS\System32\gdi32full.dll
0x00007ffac4f40000 - 0x00007ffac4fe3000 	C:\WINDOWS\System32\msvcp_win.dll
0x00007ffaadc40000 - 0x00007ffaaded1000 	C:\WINDOWS\WinSxS\amd64_microsoft.windows.common-controls_6595b64144ccf1df_6.0.26100.8972_none_3e0da176e32f9d4b\COMCTL32.dll
0x00007ffac7830000 - 0x00007ffac78d9000 	C:\WINDOWS\System32\msvcrt.dll
0x00007ffac5d10000 - 0x00007ffac5d42000 	C:\WINDOWS\System32\IMM32.DLL
0x00007ffabb5c0000 - 0x00007ffabb5cc000 	c:\Users\user\.vscode\extensions\redhat.java-1.56.0-win32-x64\jre\21.0.12.1-win32-x86_64\bin\vcruntime140_1.dll
0x00007ffa855a0000 - 0x00007ffa8562d000 	c:\Users\user\.vscode\extensions\redhat.java-1.56.0-win32-x64\jre\21.0.12.1-win32-x86_64\bin\msvcp140.dll
0x00007ffa30840000 - 0x00007ffa315e2000 	c:\Users\user\.vscode\extensions\redhat.java-1.56.0-win32-x64\jre\21.0.12.1-win32-x86_64\bin\server\jvm.dll
0x00007ffac71c0000 - 0x00007ffac727c000 	C:\WINDOWS\System32\ADVAPI32.dll
0x00007ffac65c0000 - 0x00007ffac666a000 	C:\WINDOWS\System32\sechost.dll
0x00007ffac78e0000 - 0x00007ffac79f8000 	C:\WINDOWS\System32\RPCRT4.dll
0x00007ffac5940000 - 0x00007ffac59c2000 	C:\WINDOWS\System32\WS2_32.dll
0x00007ffac4b10000 - 0x00007ffac4b6e000 	C:\WINDOWS\SYSTEM32\POWRPROF.dll
0x00007ffaba9f0000 - 0x00007ffaba9fb000 	C:\WINDOWS\SYSTEM32\VERSION.dll
0x00007ffaad970000 - 0x00007ffaad9a6000 	C:\WINDOWS\SYSTEM32\WINMM.dll
0x00007ffac4af0000 - 0x00007ffac4b05000 	C:\WINDOWS\SYSTEM32\UMPDC.dll
0x00007ffac39a0000 - 0x00007ffac39bb000 	C:\WINDOWS\SYSTEM32\kernel.appcore.dll
0x00007ffab09f0000 - 0x00007ffab09fa000 	c:\Users\user\.vscode\extensions\redhat.java-1.56.0-win32-x64\jre\21.0.12.1-win32-x86_64\bin\jimage.dll
0x00007ffac2420000 - 0x00007ffac2662000 	C:\WINDOWS\SYSTEM32\DBGHELP.DLL
0x00007ffac5ef0000 - 0x00007ffac6275000 	C:\WINDOWS\System32\combase.dll
0x00007ffac64e0000 - 0x00007ffac65b9000 	C:\WINDOWS\System32\OLEAUT32.dll
0x00007ffaa3250000 - 0x00007ffaa328b000 	C:\WINDOWS\SYSTEM32\dbgcore.DLL
0x00007ffac4ff0000 - 0x00007ffac509c000 	C:\WINDOWS\System32\bcryptPrimitives.dll
0x00007ffa90740000 - 0x00007ffa9074f000 	c:\Users\user\.vscode\extensions\redhat.java-1.56.0-win32-x64\jre\21.0.12.1-win32-x86_64\bin\instrument.dll
0x00007ffa85580000 - 0x00007ffa855a0000 	c:\Users\user\.vscode\extensions\redhat.java-1.56.0-win32-x64\jre\21.0.12.1-win32-x86_64\bin\java.dll
0x00007ffac6a30000 - 0x00007ffac71b8000 	C:\WINDOWS\System32\SHELL32.dll
0x00007ffac2780000 - 0x00007ffac301b000 	C:\WINDOWS\SYSTEM32\windows.storage.dll
0x00007ffac7290000 - 0x00007ffac7389000 	C:\WINDOWS\System32\SHCORE.dll
0x00007ffac68b0000 - 0x00007ffac6916000 	C:\WINDOWS\System32\shlwapi.dll
0x00007ffac4bd0000 - 0x00007ffac4bf9000 	C:\WINDOWS\SYSTEM32\profapi.dll
0x00007ffa85560000 - 0x00007ffa85578000 	c:\Users\user\.vscode\extensions\redhat.java-1.56.0-win32-x64\jre\21.0.12.1-win32-x86_64\bin\zip.dll
0x00007ffaa3d90000 - 0x00007ffaa3da0000 	C:\Users\user\.vscode\extensions\redhat.java-1.56.0-win32-x64\jre\21.0.12.1-win32-x86_64\bin\net.dll
0x00007ffaba1c0000 - 0x00007ffaba2e8000 	C:\WINDOWS\SYSTEM32\WINHTTP.dll
0x00007ffac3f50000 - 0x00007ffac3fbc000 	C:\WINDOWS\system32\mswsock.dll
0x00007ffa85540000 - 0x00007ffa85556000 	C:\Users\user\.vscode\extensions\redhat.java-1.56.0-win32-x64\jre\21.0.12.1-win32-x86_64\bin\nio.dll
0x00007ffaa3d60000 - 0x00007ffaa3d70000 	c:\Users\user\.vscode\extensions\redhat.java-1.56.0-win32-x64\jre\21.0.12.1-win32-x86_64\bin\verify.dll
0x00007ffa83320000 - 0x00007ffa83365000 	C:\Users\user\AppData\Roaming\Code\User\globalStorage\redhat.java\1.56.0\config_win\org.eclipse.equinox.launcher\org.eclipse.equinox.launcher.win32.win32.x86_64_1.3.100.v20260804-1928\eclipse_11924.dll
0x00007ffac5d50000 - 0x00007ffac5ee9000 	C:\WINDOWS\System32\ole32.dll
0x00007ffac4240000 - 0x00007ffac425b000 	C:\WINDOWS\SYSTEM32\CRYPTSP.dll
0x00007ffac3900000 - 0x00007ffac3939000 	C:\WINDOWS\system32\rsaenh.dll
0x00007ffac4000000 - 0x00007ffac4032000 	C:\WINDOWS\SYSTEM32\USERENV.dll
0x00007ffac4ba0000 - 0x00007ffac4bca000 	C:\WINDOWS\SYSTEM32\bcrypt.dll
0x00007ffac4260000 - 0x00007ffac426c000 	C:\WINDOWS\SYSTEM32\CRYPTBASE.dll
0x00007ffac3370000 - 0x00007ffac33a3000 	C:\WINDOWS\SYSTEM32\IPHLPAPI.DLL
0x00007ffac7a20000 - 0x00007ffac7a2a000 	C:\WINDOWS\System32\NSI.dll
0x00007ffa7c2d0000 - 0x00007ffa7c319000 	C:\Users\user\AppData\Local\Temp\jna-3599307\jna17522186517412230673.dll
0x00007ffac6920000 - 0x00007ffac6928000 	C:\WINDOWS\System32\PSAPI.DLL
0x00007ffabaa50000 - 0x00007ffabaa6d000 	C:\WINDOWS\SYSTEM32\dhcpcsvc6.DLL
0x00007ffabaa20000 - 0x00007ffabaa45000 	C:\WINDOWS\SYSTEM32\dhcpcsvc.DLL
0x00007ffabb5d0000 - 0x00007ffabb5f7000 	C:\Users\user\.gradle\native\660c5614fbf4a5f2a75b1949f50a0caf5cd603558e7d8a26e50b933a0cfb79d1\windows-amd64\native-platform.dll
0x00007ffa85650000 - 0x00007ffa8565a000 	C:\Users\user\.vscode\extensions\redhat.java-1.56.0-win32-x64\jre\21.0.12.1-win32-x86_64\bin\management.dll
0x00007ffa85500000 - 0x00007ffa8550c000 	C:\Users\user\.vscode\extensions\redhat.java-1.56.0-win32-x64\jre\21.0.12.1-win32-x86_64\bin\management_ext.dll
0x00007ffa854f0000 - 0x00007ffa854f9000 	C:\Users\user\.vscode\extensions\redhat.java-1.56.0-win32-x64\jre\21.0.12.1-win32-x86_64\bin\extnet.dll
0x00007ffaa7040000 - 0x00007ffaa704e000 	C:\Users\user\.vscode\extensions\redhat.java-1.56.0-win32-x64\jre\21.0.12.1-win32-x86_64\bin\sunmscapi.dll
0x00007ffac5140000 - 0x00007ffac52be000 	C:\WINDOWS\System32\CRYPT32.dll
0x00007ffac4480000 - 0x00007ffac44b0000 	C:\WINDOWS\SYSTEM32\ncrypt.dll
0x00007ffac4430000 - 0x00007ffac446f000 	C:\WINDOWS\SYSTEM32\NTASN1.dll
0x00007ffa8b0f0000 - 0x00007ffa8b0f8000 	C:\WINDOWS\system32\wshunix.dll

JVMTI agents:
c:\Users\user\.vscode\extensions\redhat.java-1.56.0-win32-x64\lombok\lombok-1.18.39-4050.jar path:c:\Users\user\.vscode\extensions\redhat.java-1.56.0-win32-x64\jre\21.0.12.1-win32-x86_64\bin\instrument.dll, loaded, initialized, instrumentlib options:none

dbghelp: loaded successfully - version: 4.0.5 - missing functions: none
symbol engine: initialized successfully - sym options: 0x614 - pdb path: .;c:\Users\user\.vscode\extensions\redhat.java-1.56.0-win32-x64\jre\21.0.12.1-win32-x86_64\bin;C:\WINDOWS\SYSTEM32;C:\WINDOWS\WinSxS\amd64_microsoft.windows.common-controls_6595b64144ccf1df_6.0.26100.8972_none_3e0da176e32f9d4b;c:\Users\user\.vscode\extensions\redhat.java-1.56.0-win32-x64\jre\21.0.12.1-win32-x86_64\bin\server;C:\Users\user\AppData\Roaming\Code\User\globalStorage\redhat.java\1.56.0\config_win\org.eclipse.equinox.launcher\org.eclipse.equinox.launcher.win32.win32.x86_64_1.3.100.v20260804-1928;C:\Users\user\AppData\Local\Temp\jna-3599307;C:\Users\user\.gradle\native\660c5614fbf4a5f2a75b1949f50a0caf5cd603558e7d8a26e50b933a0cfb79d1\windows-amd64

VM Arguments:
jvm_args: --add-modules=ALL-SYSTEM --add-opens=java.base/java.util=ALL-UNNAMED --add-opens=java.base/java.lang=ALL-UNNAMED --add-opens=java.base/sun.nio.fs=ALL-UNNAMED -Declipse.application=org.eclipse.jdt.ls.core.id1 -Dosgi.bundles.defaultStartLevel=4 -Declipse.product=org.eclipse.jdt.ls.core.product -Djava.import.generatesMetadataFilesAtProjectRoot=false -Dm2e.project.cache.size=50 -DDetectVMInstallationsJob.disabled=true -Dfile.encoding=utf8 -XX:+UseParallelGC -XX:GCTimeRatio=4 -XX:AdaptiveSizePolicyWeight=90 -Dsun.zip.disableMemoryMapping=true -Xmx2G -Xms100m -Xlog:disable -javaagent:c:\Users\user\.vscode\extensions\redhat.java-1.56.0-win32-x64\lombok\lombok-1.18.39-4050.jar -XX:+HeapDumpOnOutOfMemoryError -XX:HeapDumpPath=c:\Users\user\AppData\Roaming\Code\User\workspaceStorage\1ce6a6e17a27a5c59e90c4fca4451367\redhat.java -Daether.dependencyCollector.impl=bf 
java_command: c:\Users\user\.vscode\extensions\redhat.java-1.56.0-win32-x64\server\plugins\org.eclipse.equinox.launcher_1.8.0.v20260804-1928.jar -configuration c:\Users\user\AppData\Roaming\Code\User\globalStorage\redhat.java\1.56.0\config_win -data c:\Users\user\AppData\Roaming\Code\User\workspaceStorage\1ce6a6e17a27a5c59e90c4fca4451367\redhat.java\jdt_ws --pipe=\\.\pipe\lsp-79930d525bf0d6be114019270701af95-sock
java_class_path (initial): c:\Users\user\.vscode\extensions\redhat.java-1.56.0-win32-x64\server\plugins\org.eclipse.equinox.launcher_1.8.0.v20260804-1928.jar
Launcher Type: SUN_STANDARD

[Global flags]
    uintx AdaptiveSizePolicyWeight                 = 90                                        {product} {command line}
     intx CICompilerCount                          = 4                                         {product} {ergonomic}
    uintx GCTimeRatio                              = 4                                         {product} {command line}
     bool HeapDumpOnOutOfMemoryError               = true                                   {manageable} {command line}
    ccstr HeapDumpPath                             = c:\Users\user\AppData\Roaming\Code\User\workspaceStorage\1ce6a6e17a27a5c59e90c4fca4451367\redhat.java         {manageable} {command line}
   size_t InitialHeapSize                          = 104857600                                 {product} {command line}
   size_t MaxHeapSize                              = 2147483648                                {product} {command line}
   size_t MaxNewSize                               = 715653120                                 {product} {ergonomic}
   size_t MinHeapDeltaBytes                        = 524288                                    {product} {ergonomic}
   size_t MinHeapSize                              = 104857600                                 {product} {command line}
   size_t NewSize                                  = 34603008                                  {product} {ergonomic}
    uintx NonNMethodCodeHeapSize                   = 5839372                                {pd product} {ergonomic}
    uintx NonProfiledCodeHeapSize                  = 122909434                              {pd product} {ergonomic}
   size_t OldSize                                  = 70254592                                  {product} {ergonomic}
    uintx ProfiledCodeHeapSize                     = 122909434                              {pd product} {ergonomic}
    uintx ReservedCodeCacheSize                    = 251658240                              {pd product} {ergonomic}
     bool SegmentedCodeCache                       = true                                      {product} {ergonomic}
   size_t SoftMaxHeapSize                          = 2147483648                             {manageable} {ergonomic}
     bool UseCompressedOops                        = true                           {product lp64_product} {ergonomic}
     bool UseLargePagesIndividualAllocation        = false                                  {pd product} {ergonomic}
     bool UseParallelGC                            = true                                      {product} {command line}

Logging:
Log output configuration:
 #0: stdout all=off uptime,level,tags foldmultilines=false
 #1: stderr all=off uptime,level,tags foldmultilines=false

Release file:
JAVA_VERSION="21.0.12.1" 
MODULES="java.base java.compiler java.datatransfer java.xml java.prefs java.desktop java.instrument java.logging java.management java.security.sasl java.naming java.rmi java.management.rmi java.net.http java.scripting java.security.jgss java.transaction.xa java.sql java.sql.rowset java.xml.crypto java.se java.smartcardio jdk.accessibility jdk.internal.jvmstat jdk.attach jdk.charsets jdk.internal.opt jdk.zipfs jdk.compiler jdk.crypto.ec jdk.crypto.cryptoki jdk.crypto.mscapi jdk.dynalink jdk.internal.ed jdk.editpad jdk.hotspot.agent jdk.httpserver jdk.internal.le jdk.internal.vm.ci jdk.internal.vm.compiler jdk.internal.vm.compiler.management jdk.jartool jdk.javadoc jdk.jcmd jdk.management jdk.management.agent jdk.jconsole jdk.jdeps jdk.jdwp.agent jdk.jdi jdk.jfr jdk.jshell jdk.jsobject jdk.jstatd jdk.localedata jdk.management.jfr jdk.naming.dns jdk.naming.rmi jdk.net jdk.nio.mapmode jdk.random jdk.sctp jdk.security.auth jdk.security.jgss jdk.unsupported jdk.unsupported.desktop jdk.xml.dom" 

Environment Variables:
PATH=C:\Program Files\Common Files\Oracle\Java\javapath;C:\Program Files\Python313\Scripts\;C:\Program Files\Python313\;C:\WINDOWS\system32;C:\WINDOWS;C:\WINDOWS\System32\Wbem;C:\WINDOWS\System32\WindowsPowerShell\v1.0\;C:\WINDOWS\System32\OpenSSH\;C:\Program Files\nodejs\;C:\Program Files\Git\cmd;C:\Program Files (x86)\cloudflared\;C:\Users\user\Desktop\Scripts\;C:\Users\user\Desktop\;C:\Users\user\AppData\Local\Microsoft\WindowsApps;C:\Users\user\AppData\Local\Programs\Microsoft VS Code\bin;C:\Program Files\Multipass\bin;C:\Users\user\AppData\Roaming\npm;C:\intelFPGA_lite\18.1\modelsim_ase\win32aloem;C:\Users\user\Desktop\opencv\build\x64\vc15\bin;
USERNAME=user
OS=Windows_NT
PROCESSOR_IDENTIFIER=Intel64 Family 6 Model 140 Stepping 1, GenuineIntel
TMP=C:\Users\user\AppData\Local\Temp
TEMP=C:\Users\user\AppData\Local\Temp




Periodic native trim disabled

---------------  S Y S T E M  ---------------

OS:
 Windows 11 , 64 bit Build 26100 (10.0.26100.9168)
OS uptime: 0 days 1:37 hours

CPU: total 8 (initial active 8) (4 cores per cpu, 2 threads per core) family 6 model 140 stepping 1 microcode 0x8a, cx8, cmov, fxsr, ht, mmx, 3dnowpref, sse, sse2, sse3, ssse3, sse4.1, sse4.2, popcnt, lzcnt, tsc, tscinvbit, avx, avx2, aes, erms, clmul, bmi1, bmi2, adx, avx512f, avx512dq, avx512cd, avx512bw, avx512vl, sha, fma, vzeroupper, avx512_vpopcntdq, avx512_vpclmulqdq, avx512_vaes, avx512_vnni, clflush, clflushopt, clwb, avx512_vbmi2, avx512_vbmi, rdtscp, rdpid, fsrm, gfni, avx512_bitalg, f16c, pku, cet_ibt, cet_ss, avx512_ifma
Processor Information for the first 8 processors :
  Max Mhz: 2419, Current Mhz: 2419, Mhz Limit: 2419

Memory: 4k page, system-wide physical 16107M (1437M free)
TotalPageFile size 46495M (AvailPageFile size 3M)
current process WorkingSet (physical memory assigned to process): 485M, peak: 934M
current process commit charge ("private bytes"): 683M, peak: 1910M

vm_info: OpenJDK 64-Bit Server VM (21.0.12.1+1-LTS) for windows-amd64 JRE (21.0.12.1+1-LTS), built on 2026-08-18T00:00:00Z by "admin" with MS VC++ 17.12 (VS2022)

END.
