#
# There is insufficient memory for the Java Runtime Environment to continue.
# Native memory allocation (mmap) failed to map 65536 bytes. Error detail: Failed to commit metaspace.
# Possible reasons:
#   The system is out of physical RAM or swap space
#   This process is running with CompressedOops enabled, and the Java Heap may be blocking the growth of the native heap
# Possible solutions:
#   Reduce memory load on the system
#   Increase physical memory or swap space
#   Check if swap backing store is full
#   Decrease Java heap size (-Xmx/-Xms)
#   Decrease number of Java threads
#   Decrease Java thread stack sizes (-Xss)
#   Set larger code cache with -XX:ReservedCodeCacheSize=
#   JVM is running with Unscaled Compressed Oops mode in which the Java heap is
#     placed in the first 4GB address space. The Java Heap base address is the
#     maximum limit for the native heap growth. Please use -XX:HeapBaseMinAddress
#     to set the Java Heap base and to place the Java Heap above 4GB virtual address.
# This output file may be truncated or incomplete.
#
#  Out of Memory Error (virtualSpaceNode.cpp:113), pid=25436, tid=14388
#
# JRE version: OpenJDK Runtime Environment Temurin-21.0.12.1+1 (21.0.12.1+1) (build 21.0.12.1+1-LTS)
# Java VM: OpenJDK 64-Bit Server VM Temurin-21.0.12.1+1 (21.0.12.1+1-LTS, mixed mode, sharing, tiered, compressed oops, compressed class ptrs, g1 gc, windows-amd64)
# No core dump will be written. Minidumps are not enabled by default on client versions of Windows
#

---------------  S U M M A R Y ------------

Command Line: --add-opens=java.base/java.lang=ALL-UNNAMED --add-opens=java.base/java.lang.invoke=ALL-UNNAMED --add-opens=java.base/java.util=ALL-UNNAMED --add-opens=java.prefs/java.util.prefs=ALL-UNNAMED --add-exports=jdk.compiler/com.sun.tools.javac.api=ALL-UNNAMED --add-exports=jdk.compiler/com.sun.tools.javac.util=ALL-UNNAMED --add-opens=java.base/java.nio.charset=ALL-UNNAMED --add-opens=java.base/java.net=ALL-UNNAMED --add-opens=java.base/java.util.concurrent=ALL-UNNAMED --add-opens=java.base/java.util.concurrent.atomic=ALL-UNNAMED --add-opens=java.xml/javax.xml.namespace=ALL-UNNAMED --add-opens=java.base/java.time=ALL-UNNAMED -XX:MaxMetaspaceSize=384m -XX:+HeapDumpOnOutOfMemoryError -Xms256m -Xmx512m -Dfile.encoding=UTF-8 -Duser.country=KR -Duser.language=ko -Duser.variant -javaagent:C:\Users\user\.gradle\wrapper\dists\gradle-9.5.1-bin\iq79hdu3mqx29lgffhp8bfmx\gradle-9.5.1\lib\agents\gradle-instrumentation-agent-9.5.1.jar org.gradle.launcher.daemon.bootstrap.GradleDaemon 9.5.1

Host: 11th Gen Intel(R) Core(TM) i5-1135G7 @ 2.40GHz, 8 cores, 15G,  Windows 11 , 64 bit Build 26100 (10.0.26100.9168)
Time: Tue Sep  8 10:23:13 2026 elapsed time: 147.365925 seconds (0d 0h 2m 27s)

---------------  T H R E A D  ---------------

Current thread (0x00000164fb0dc6d0):  JavaThread "Daemon worker"        [_thread_in_vm, id=14388, stack(0x0000002d96900000,0x0000002d96a00000) (1024K)]

Stack: [0x0000002d96900000,0x0000002d96a00000]
Native frames: (J=compiled Java code, j=interpreted, Vv=VM code, C=native code)
V  [jvm.dll+0x6d83e9]
V  [jvm.dll+0x8b5736]
V  [jvm.dll+0x8b7cee]
V  [jvm.dll+0x8b83d3]
V  [jvm.dll+0x284596]
V  [jvm.dll+0x8b147e]
V  [jvm.dll+0x679ad4]
V  [jvm.dll+0x1e849b]
V  [jvm.dll+0x1e825e]
V  [jvm.dll+0x67c3d2]
V  [jvm.dll+0x67c202]
V  [jvm.dll+0x67a4ae]
V  [jvm.dll+0x3c7a23]
V  [jvm.dll+0x2118db]
V  [jvm.dll+0x5b6aa9]
V  [jvm.dll+0x82f606]
V  [jvm.dll+0x4792f8]
V  [jvm.dll+0x47f128]
C  [java.dll+0x17ec]

Java frames: (J=compiled Java code, j=interpreted, Vv=VM code)
J 705  java.lang.ClassLoader.defineClass1(Ljava/lang/ClassLoader;Ljava/lang/String;[BIILjava/security/ProtectionDomain;Ljava/lang/String;)Ljava/lang/Class; java.base@21.0.12.1 (0 bytes) @ 0x00000164d5abab91 [0x00000164d5abaac0+0x00000000000000d1]
J 1158 c1 java.lang.ClassLoader.defineClass(Ljava/lang/String;[BIILjava/security/ProtectionDomain;)Ljava/lang/Class; java.base@21.0.12.1 (43 bytes) @ 0x00000164ce1925f4 [0x00000164ce1922a0+0x0000000000000354]
J 1008 c1 java.security.SecureClassLoader.defineClass(Ljava/lang/String;[BIILjava/security/CodeSource;)Ljava/lang/Class; java.base@21.0.12.1 (16 bytes) @ 0x00000164ce15231c [0x00000164ce152240+0x00000000000000dc]
J 973 c1 java.net.URLClassLoader.defineClass(Ljava/lang/String;Ljdk/internal/loader/Resource;)Ljava/lang/Class; java.base@21.0.12.1 (224 bytes) @ 0x00000164ce138ed4 [0x00000164ce137780+0x0000000000001754]
J 822 c1 java.net.URLClassLoader$1.run()Ljava/lang/Class; java.base@21.0.12.1 (81 bytes) @ 0x00000164ce0f2afc [0x00000164ce0f1ec0+0x0000000000000c3c]
J 821 c1 java.net.URLClassLoader$1.run()Ljava/lang/Object; java.base@21.0.12.1 (5 bytes) @ 0x00000164ce0f1954 [0x00000164ce0f18c0+0x0000000000000094]
J 622 c1 java.security.AccessController.doPrivileged(Ljava/security/PrivilegedExceptionAction;Ljava/security/AccessControlContext;)Ljava/lang/Object; java.base@21.0.12.1 (26 bytes) @ 0x00000164ce08e18c [0x00000164ce08dfa0+0x00000000000001ec]
J 771 c1 java.net.URLClassLoader.findClass(Ljava/lang/String;)Ljava/lang/Class; java.base@21.0.12.1 (47 bytes) @ 0x00000164ce0e014c [0x00000164ce0dffa0+0x00000000000001ac]
J 699 c1 java.lang.ClassLoader.loadClass(Ljava/lang/String;Z)Ljava/lang/Class; java.base@21.0.12.1 (121 bytes) @ 0x00000164ce0bc5a4 [0x00000164ce0bbfe0+0x00000000000005c4]
J 724 c1 java.lang.ClassLoader.loadClass(Ljava/lang/String;)Ljava/lang/Class; java.base@21.0.12.1 (7 bytes) @ 0x00000164ce0cc7d4 [0x00000164ce0cc6c0+0x0000000000000114]
v  ~StubRoutines::call_stub 0x00000164d54d10e7
j  org.gradle.api.internal.model.NamedObjectInstantiator.<clinit>()V+42
v  ~StubRoutines::call_stub 0x00000164d54d10e7
j  org.gradle.internal.service.scopes.WorkerSharedGlobalScopeServices.createNamedObjectInstantiator(Lorg/gradle/cache/internal/CrossBuildInMemoryCacheFactory;)Lorg/gradle/api/internal/model/NamedObjectInstantiator;+0
j  java.lang.invoke.LambdaForm$DMH+0x00000164e203a400.invokeVirtual(Ljava/lang/Object;Ljava/lang/Object;Ljava/lang/Object;)Ljava/lang/Object;+11 java.base@21.0.12.1
j  java.lang.invoke.LambdaForm$MH+0x00000164e203b000.invoke(Ljava/lang/Object;Ljava/lang/Object;Ljava/lang/Object;)Ljava/lang/Object;+52 java.base@21.0.12.1
J 2129 c1 jdk.internal.reflect.DirectMethodHandleAccessor.invoke(Ljava/lang/Object;[Ljava/lang/Object;)Ljava/lang/Object; java.base@21.0.12.1 (92 bytes) @ 0x00000164ce3b303c [0x00000164ce3b1440+0x0000000000001bfc]
J 2128 c1 java.lang.reflect.Method.invoke(Ljava/lang/Object;[Ljava/lang/Object;)Ljava/lang/Object; java.base@21.0.12.1 (108 bytes) @ 0x00000164ce3b0bd4 [0x00000164ce3b06c0+0x0000000000000514]
j  org.gradle.internal.reflect.JavaMethod.invoke(Ljava/lang/Object;[Ljava/lang/Object;)Ljava/lang/Object;+6
j  org.gradle.internal.service.ReflectionBasedServiceMethod.invoke(Ljava/lang/Object;[Ljava/lang/Object;)Ljava/lang/Object;+6
j  org.gradle.internal.service.DefaultServiceRegistry$FactoryMethodService.invokeMethod([Ljava/lang/Object;)Ljava/lang/Object;+28
j  org.gradle.internal.service.DefaultServiceRegistry$FactoryService.createServiceInstance()Ljava/lang/Object;+7
j  org.gradle.internal.service.DefaultServiceRegistry$FactoryMethodService.createServiceInstance()Ljava/lang/Object;+1
j  org.gradle.internal.service.DefaultServiceRegistry$ManagedObjectServiceProvider.getInstance()Ljava/lang/Object;+24
j  org.gradle.internal.service.DefaultServiceRegistry$SingletonService.get()Ljava/lang/Object;+1
j  org.gradle.internal.service.DefaultServiceRegistry$FactoryService.assembleParameters()[Ljava/lang/Object;+75
j  org.gradle.internal.service.DefaultServiceRegistry$FactoryService.createServiceInstance()Ljava/lang/Object;+1
j  org.gradle.internal.service.DefaultServiceRegistry$FactoryMethodService.createServiceInstance()Ljava/lang/Object;+1
j  org.gradle.internal.service.DefaultServiceRegistry$ManagedObjectServiceProvider.getInstance()Ljava/lang/Object;+24
j  org.gradle.internal.service.DefaultServiceRegistry$SingletonService.get()Ljava/lang/Object;+1
j  org.gradle.internal.service.DefaultServiceRegistry$FactoryService.assembleParameters()[Ljava/lang/Object;+75
j  org.gradle.internal.service.DefaultServiceRegistry$FactoryService.createServiceInstance()Ljava/lang/Object;+1
j  org.gradle.internal.service.DefaultServiceRegistry$FactoryMethodService.createServiceInstance()Ljava/lang/Object;+1
j  org.gradle.internal.service.DefaultServiceRegistry$ManagedObjectServiceProvider.getInstance()Ljava/lang/Object;+24
j  org.gradle.internal.service.DefaultServiceRegistry$SingletonService.get()Ljava/lang/Object;+1
j  org.gradle.internal.service.DefaultServiceRegistry.applyConfigureMethod(Lorg/gradle/internal/service/ServiceAccessToken;Lorg/gradle/internal/service/ServiceMethod;Ljava/lang/Object;)V+132
j  org.gradle.internal.service.DefaultServiceRegistry.findProviderMethods(Lorg/gradle/internal/service/ServiceRegistrationProvider;Lorg/gradle/internal/service/ServiceAccessToken;)V+215
j  org.gradle.internal.service.DefaultServiceRegistry.addProvider(Lorg/gradle/internal/service/ServiceRegistrationProvider;)Lorg/gradle/internal/service/DefaultServiceRegistry;+18
j  org.gradle.internal.service.DefaultServiceRegistry$1.addProvider(Lorg/gradle/internal/service/ServiceRegistrationProvider;)V+5
j  org.gradle.internal.service.scopes.GradleUserHomeScopeServices.configure(Lorg/gradle/internal/service/ServiceRegistration;)V+13
j  java.lang.invoke.DirectMethodHandle$Holder.invokeVirtual(Ljava/lang/Object;Ljava/lang/Object;Ljava/lang/Object;)V+11 java.base@21.0.12.1
j  java.lang.invoke.LambdaForm$MH+0x00000164e203a000.invoke(Ljava/lang/Object;Ljava/lang/Object;)Ljava/lang/Object;+39 java.base@21.0.12.1
j  java.lang.invoke.LambdaForm$MH+0x00000164e2039800.invoke(Ljava/lang/Object;Ljava/lang/Object;Ljava/lang/Object;)Ljava/lang/Object;+45 java.base@21.0.12.1
j  java.lang.invoke.Invokers$Holder.invokeExact_MT(Ljava/lang/Object;Ljava/lang/Object;Ljava/lang/Object;Ljava/lang/Object;)Ljava/lang/Object;+20 java.base@21.0.12.1
j  java.lang.invoke.MethodHandle.invokeWithArguments([Ljava/lang/Object;)Ljava/lang/Object;+28 java.base@21.0.12.1
j  org.gradle.internal.service.MethodHandleBasedServiceMethod.invoke(Ljava/lang/Object;[Ljava/lang/Object;)Ljava/lang/Object;+9
j  org.gradle.internal.service.DefaultServiceRegistry.applyConfigureMethod(Lorg/gradle/internal/service/ServiceAccessToken;Lorg/gradle/internal/service/ServiceMethod;Ljava/lang/Object;)V+148
j  org.gradle.internal.service.DefaultServiceRegistry.findProviderMethods(Lorg/gradle/internal/service/ServiceRegistrationProvider;Lorg/gradle/internal/service/ServiceAccessToken;)V+215
j  org.gradle.internal.service.DefaultServiceRegistry.addProvider(Lorg/gradle/internal/service/ServiceRegistrationProvider;)Lorg/gradle/internal/service/DefaultServiceRegistry;+18
j  org.gradle.internal.service.ServiceRegistryBuilder.build()Lorg/gradle/internal/service/CloseableServiceRegistry;+93
j  org.gradle.internal.service.scopes.DefaultGradleUserHomeScopeServiceRegistry.getServicesFor(Ljava/io/File;)Lorg/gradle/internal/service/ServiceRegistry;+152
j  org.gradle.internal.session.BuildSessionState.<init>(Lorg/gradle/internal/service/scopes/GradleUserHomeScopeServiceRegistry;Lorg/gradle/internal/session/CrossBuildSessionState;Lorg/gradle/api/internal/StartParameterInternal;Lorg/gradle/initialization/BuildRequestMetaData;Lorg/gradle/internal/classpath/ClassPath;Lorg/gradle/initialization/BuildCancellationToken;Lorg/gradle/initialization/BuildClientMetaData;Lorg/gradle/initialization/BuildEventConsumer;)V+15
j  org.gradle.internal.buildprocess.execution.BuildSessionLifecycleBuildActionExecutor.execute(Lorg/gradle/internal/invocation/BuildAction;Lorg/gradle/launcher/exec/BuildActionParameters;Lorg/gradle/initialization/BuildRequestContext;)Lorg/gradle/launcher/exec/BuildActionResult;+96
j  org.gradle.internal.buildprocess.execution.BuildSessionLifecycleBuildActionExecutor.execute(Lorg/gradle/internal/invocation/BuildAction;Ljava/lang/Object;Ljava/lang/Object;)Lorg/gradle/launcher/exec/BuildActionResult;+10
j  org.gradle.internal.buildprocess.execution.StartParamsValidatingActionExecutor.execute(Lorg/gradle/internal/invocation/BuildAction;Lorg/gradle/launcher/exec/BuildActionParameters;Lorg/gradle/initialization/BuildRequestContext;)Lorg/gradle/launcher/exec/BuildActionResult;+142
j  org.gradle.internal.buildprocess.execution.StartParamsValidatingActionExecutor.execute(Lorg/gradle/internal/invocation/BuildAction;Ljava/lang/Object;Ljava/lang/Object;)Lorg/gradle/launcher/exec/BuildActionResult;+10
j  org.gradle.internal.buildprocess.execution.SessionFailureReportingActionExecutor.execute(Lorg/gradle/internal/invocation/BuildAction;Lorg/gradle/launcher/exec/BuildActionParameters;Lorg/gradle/initialization/BuildRequestContext;)Lorg/gradle/launcher/exec/BuildActionResult;+7
j  org.gradle.internal.buildprocess.execution.SessionFailureReportingActionExecutor.execute(Lorg/gradle/internal/invocation/BuildAction;Ljava/lang/Object;Ljava/lang/Object;)Lorg/gradle/launcher/exec/BuildActionResult;+10
j  org.gradle.internal.buildprocess.execution.SetupLoggingActionExecutor.execute(Lorg/gradle/internal/invocation/BuildAction;Lorg/gradle/launcher/exec/BuildActionParameters;Lorg/gradle/initialization/BuildRequestContext;)Lorg/gradle/launcher/exec/BuildActionResult;+50
j  org.gradle.internal.buildprocess.execution.SetupLoggingActionExecutor.execute(Lorg/gradle/internal/invocation/BuildAction;Ljava/lang/Object;Ljava/lang/Object;)Lorg/gradle/launcher/exec/BuildActionResult;+10
j  org.gradle.launcher.daemon.server.exec.ExecuteBuild.doBuild(Lorg/gradle/launcher/daemon/server/api/DaemonCommandExecution;Lorg/gradle/launcher/daemon/protocol/Build;)V+147
j  org.gradle.launcher.daemon.server.exec.BuildCommandOnly.execute(Lorg/gradle/launcher/daemon/server/api/DaemonCommandExecution;)V+49
j  org.gradle.launcher.daemon.server.api.DaemonCommandExecution.proceed()Z+23
j  org.gradle.launcher.daemon.server.exec.WatchForDisconnection.execute(Lorg/gradle/launcher/daemon/server/api/DaemonCommandExecution;)V+19
j  org.gradle.launcher.daemon.server.api.DaemonCommandExecution.proceed()Z+23
j  org.gradle.launcher.daemon.server.exec.ResetDeprecationLogger.execute(Lorg/gradle/launcher/daemon/server/api/DaemonCommandExecution;)V+7
j  org.gradle.launcher.daemon.server.api.DaemonCommandExecution.proceed()Z+23
j  org.gradle.launcher.daemon.server.exec.RequestStopIfSingleUsedDaemon.execute(Lorg/gradle/launcher/daemon/server/api/DaemonCommandExecution;)V+33
j  org.gradle.launcher.daemon.server.api.DaemonCommandExecution.proceed()Z+23
j  org.gradle.launcher.daemon.server.exec.ForwardClientInput.lambda$execute$0(Lorg/gradle/launcher/daemon/server/api/DaemonCommandExecution;Lorg/gradle/internal/daemon/clientinput/StdinHandler;)Ljava/lang/Object;+11
j  org.gradle.launcher.daemon.server.exec.ForwardClientInput$$Lambda+0x00000164e21939c0.apply(Ljava/lang/Object;)Ljava/lang/Object;+8
j  org.gradle.internal.daemon.clientinput.ClientInputForwarder.forwardInput(Ljava/util/function/Function;)Ljava/lang/Object;+46
j  org.gradle.launcher.daemon.server.exec.ForwardClientInput.execute(Lorg/gradle/launcher/daemon/server/api/DaemonCommandExecution;)V+10
j  org.gradle.launcher.daemon.server.api.DaemonCommandExecution.proceed()Z+23
j  org.gradle.launcher.daemon.server.exec.LogAndCheckHealth.execute(Lorg/gradle/launcher/daemon/server/api/DaemonCommandExecution;)V+51
j  org.gradle.launcher.daemon.server.api.DaemonCommandExecution.proceed()Z+23
j  org.gradle.launcher.daemon.server.exec.LogToClient.doBuild(Lorg/gradle/launcher/daemon/server/api/DaemonCommandExecution;Lorg/gradle/launcher/daemon/protocol/Build;)V+87
j  org.gradle.launcher.daemon.server.exec.BuildCommandOnly.execute(Lorg/gradle/launcher/daemon/server/api/DaemonCommandExecution;)V+49
j  org.gradle.launcher.daemon.server.api.DaemonCommandExecution.proceed()Z+23
j  org.gradle.launcher.daemon.server.exec.EstablishBuildEnvironment.doBuild(Lorg/gradle/launcher/daemon/server/api/DaemonCommandExecution;Lorg/gradle/launcher/daemon/protocol/Build;)V+356
j  org.gradle.launcher.daemon.server.exec.BuildCommandOnly.execute(Lorg/gradle/launcher/daemon/server/api/DaemonCommandExecution;)V+49
j  org.gradle.launcher.daemon.server.api.DaemonCommandExecution.proceed()Z+23
j  org.gradle.launcher.daemon.server.exec.StartBuildOrRespondWithBusy$1.run()V+44
j  org.gradle.launcher.daemon.server.DaemonStateCoordinator.lambda$runCommand$0(Ljava/lang/Runnable;)V+1
j  org.gradle.launcher.daemon.server.DaemonStateCoordinator$$Lambda+0x00000164e2192550.run()V+8
j  org.gradle.internal.concurrent.ExecutorPolicy$CatchAndRecordFailures.onExecute(Ljava/lang/Runnable;)V+1
j  org.gradle.internal.concurrent.AbstractManagedExecutor$1.run()V+25
j  java.util.concurrent.ThreadPoolExecutor.runWorker(Ljava/util/concurrent/ThreadPoolExecutor$Worker;)V+92 java.base@21.0.12.1
j  java.util.concurrent.ThreadPoolExecutor$Worker.run()V+5 java.base@21.0.12.1
j  java.lang.Thread.runWith(Ljava/lang/Object;Ljava/lang/Runnable;)V+5 java.base@21.0.12.1
j  java.lang.Thread.run()V+19 java.base@21.0.12.1
v  ~StubRoutines::call_stub 0x00000164d54d10e7

Compiled method (n/a) 147609  705     n 0       java.lang.ClassLoader::defineClass1 (native)
 total in heap  [0x00000164d5aba910,0x00000164d5abafa8] = 1688
 relocation     [0x00000164d5abaa70,0x00000164d5abaaa8] = 56
 main code      [0x00000164d5abaac0,0x00000164d5abafa7] = 1255
 stub code      [0x00000164d5abafa7,0x00000164d5abafa8] = 1

[Constant Pool (empty)]

[MachCode]
[Entry Point]
  # {method} {0x00000164e1434c38} 'defineClass1' '(Ljava/lang/ClassLoader;Ljava/lang/String;[BIILjava/security/ProtectionDomain;Ljava/lang/String;)Ljava/lang/Class;' in 'java/lang/ClassLoader'
  # parm0:    rdx:rdx   = 'java/lang/ClassLoader'
  # parm1:    r8:r8     = 'java/lang/String'
  # parm2:    r9:r9     = '[B'
  # parm3:    rdi       = int
  # parm4:    rsi       = int
  # parm5:    rcx:rcx   = 'java/security/ProtectionDomain'
  # parm6:    [sp+0xa0]   = 'java/lang/String'  (sp of caller)
  0x00000164d5abaac0: 448b 5208 | 49bb 0000 | 00e1 6401 | 0000 4d03 | d349 3bc2 | 0f84 0600 

  0x00000164d5abaad8: ;   {runtime_call ic_miss_stub}
  0x00000164d5abaad8: 0000 e9a1 | 3ea6 ff90 
[Verified Entry Point]
  0x00000164d5abaae0: 8984 2400 | 80ff ff55 | 488b ec48 | 81ec 9000 | 0000 6690 | 4181 7f20 | 0100 0000 

  0x00000164d5abaafc: ;   {runtime_call StubRoutines (final stubs)}
  0x00000164d5abaafc: 7405 e89d | d7a4 ff48 | 837d 1000 | 488d 4510 | 480f 4445 | 1048 8944 | 2440 4889 | 4c24 7048 
  0x00000164d5abab1c: 83f9 0048 | 8d44 2470 | 480f 4444 | 2470 4889 | 4424 3848 | 8974 2430 | 4889 7c24 | 284c 894c 
  0x00000164d5abab3c: 2458 4983 | f900 488d | 4424 5848 | 0f44 4424 | 5848 8944 | 2420 4c89 | 4424 5049 | 83f8 004c 
  0x00000164d5abab5c: 8d4c 2450 | 4c0f 444c | 2450 4889 | 5424 4848 | 83fa 004c | 8d44 2448 | 4c0f 4444 

  0x00000164d5abab78: ;   {oop(a 'java/lang/Class'{0x00000000e06d9ce0} = 'java/lang/ClassLoader')}
  0x00000164d5abab78: 2448 49be | e09c 6de0 | 0000 0000 | 4c89 7424 | 784c 8d74 | 2478 498b | d6c5 f877 

  0x00000164d5abab94: ;   {internal_word}
  0x00000164d5abab94: 49ba 91ab | abd5 6401 | 0000 4d89 | 97a8 0300 | 0049 89a7 | a003 0000 

  0x00000164d5ababac: ;   {external_word}
  0x00000164d5ababac: 49ba 066d | 4e31 fa7f | 0000 4180 | 3a00 0f84 | 4e00 0000 | 5241 5041 

  0x00000164d5ababc4: ;   {metadata({method} {0x00000164e1434c38} 'defineClass1' '(Ljava/lang/ClassLoader;Ljava/lang/String;[BIILjava/security/ProtectionDomain;Ljava/lang/String;)Ljava/lang/Class;' in 'java/lang/ClassLoader')}
  0x00000164d5ababc4: 5148 ba30 | 4c43 e164 | 0100 0049 | 8bcf 4883 | ec20 40f6 | c40f 0f84 | 1900 0000 | 4883 ec08 
  0x00000164d5ababe4: ;   {runtime_call}
  0x00000164d5ababe4: 48b8 e0ea | f730 fa7f | 0000 ffd0 | 4883 c408 | e90c 0000 

  0x00000164d5ababf8: ;   {runtime_call}
  0x00000164d5ababf8: 0048 b8e0 | eaf7 30fa | 7f00 00ff | d048 83c4 | 2041 5941 | 585a 498d | 8fc0 0300 | 0041 c787 
  0x00000164d5abac18: 4c04 0000 | 0400 0000 

  0x00000164d5abac20: ;   {runtime_call}
  0x00000164d5abac20: 48b8 ac16 | 5885 fa7f | 0000 ffd0 | c5f8 7741 | c787 4c04 | 0000 0500 | 0000 f083 | 4424 c000 
  0x00000164d5abac40: 493b af50 | 0400 000f | 870e 0000 | 0041 83bf | 4804 0000 | 000f 842b | 0000 00c5 | f877 4889 
  0x00000164d5abac60: 45f8 498b | cf4c 8be4 | 4883 ec20 | 4883 e4f0 

  0x00000164d5abac70: ;   {runtime_call}
  0x00000164d5abac70: 48b8 0058 | c330 fa7f | 0000 ffd0 | 498b e44d | 33e4 488b | 45f8 41c7 | 874c 0400 | 0008 0000 
  0x00000164d5abac90: 0041 83bf | c804 0000 | 020f 84db 

  0x00000164d5abac9c: ;   {external_word}
  0x00000164d5abac9c: 0200 0049 | ba06 6d4e | 31fa 7f00 | 0041 803a | 000f 844c | 0000 0048 

  0x00000164d5abacb4: ;   {metadata({method} {0x00000164e1434c38} 'defineClass1' '(Ljava/lang/ClassLoader;Ljava/lang/String;[BIILjava/security/ProtectionDomain;Ljava/lang/String;)Ljava/lang/Class;' in 'java/lang/ClassLoader')}
  0x00000164d5abacb4: 8945 f848 | ba30 4c43 | e164 0100 | 0049 8bcf | 4883 ec20 | 40f6 c40f | 0f84 1900 | 0000 4883 
  0x00000164d5abacd4: ;   {runtime_call}
  0x00000164d5abacd4: ec08 48b8 | e0ea f730 | fa7f 0000 | ffd0 4883 | c408 e90c 

  0x00000164d5abace8: ;   {runtime_call}
  0x00000164d5abace8: 0000 0048 | b8e0 eaf7 | 30fa 7f00 | 00ff d048 | 83c4 2048 | 8b45 f849 | c787 a003 | 0000 0000 
  0x00000164d5abad08: 0000 49c7 | 87a8 0300 | 0000 0000 | 00c5 f877 | 4885 c00f | 8436 0200 | 00a8 030f | 8508 0000 
  0x00000164d5abad28: 0048 8b00 | e926 0200 | 00a8 010f | 8509 0000 | 0048 8b40 | fee9 1502 | 0000 488b | 40ff 4180 
  0x00000164d5abad48: 7f40 000f | 8406 0200 | 0048 83f8 | 000f 84fc | 0100 0049 | 8b4f 2848 | 83f9 000f | 8414 0000 
  0x00000164d5abad68: 0048 83e9 | 0849 894f | 2849 034f | 3848 8901 | e9da 0100 | 0048 81ec | f000 0000 | 4889 0424 
  0x00000164d5abad88: 4889 4c24 | 0848 8954 | 2410 4c89 | 4424 184c | 894c 2420 | 4c89 5424 | 284c 895c | 2430 c5fb 
  0x00000164d5abada8: 1144 2440 | c5fb 114c | 2448 c5fb | 1154 2450 | c5fb 115c | 2458 c5fb | 1164 2460 | c5fb 116c 
  0x00000164d5abadc8: 2468 62e1 | ff08 1144 | 240e 62e1 | ff08 114c | 240f 62e1 | ff08 1154 | 2410 62e1 | ff08 115c 
  0x00000164d5abade8: ;   {no_reloc}
  0x00000164d5abade8: 2411 62e1 | ff08 1164 | 2412 62e1 | ff08 116c | 2413 62e1 | ff08 1174 | 2414 62e1 | ff08 117c 
  0x00000164d5abae08: 2415 6261 | ff08 1144 | 2416 6261 | ff08 114c | 2417 6261 | ff08 1154 | 2418 6261 | ff08 115c 
  0x00000164d5abae28: 2419 6261 | ff08 1164 | 241a 6261 | ff08 116c | 241b 6261 | ff08 1174 | 241c 6261 | ff08 117c 
  0x00000164d5abae48: 241d 498b | d748 8bc8 | 4883 ec20 | 40f6 c40f | 0f84 1900 | 0000 4883 

  0x00000164d5abae60: ;   {runtime_call}
  0x00000164d5abae60: ec08 48b8 | 20a4 b630 | fa7f 0000 | ffd0 4883 | c408 e90c 

  0x00000164d5abae74: ;   {runtime_call}
  0x00000164d5abae74: 0000 0048 | b820 a4b6 | 30fa 7f00 | 00ff d048 | 83c4 2062 | 61ff 0810 | 7c24 1d62 | 61ff 0810 
  0x00000164d5abae94: 7424 1c62 | 61ff 0810 | 6c24 1b62 | 61ff 0810 | 6424 1a62 | 61ff 0810 | 5c24 1962 | 61ff 0810 
  0x00000164d5abaeb4: 5424 1862 | 61ff 0810 | 4c24 1762 | 61ff 0810 | 4424 1662 | e1ff 0810 | 7c24 1562 | e1ff 0810 
  0x00000164d5abaed4: 7424 1462 | e1ff 0810 | 6c24 1362 | e1ff 0810 | 6424 1262 | e1ff 0810 | 5c24 1162 | e1ff 0810 
  0x00000164d5abaef4: 5424 1062 | e1ff 0810 | 4c24 0f62 | e1ff 0810 | 4424 0ec5 | fb10 6c24 | 68c5 fb10 | 6424 60c5 
  0x00000164d5abaf14: fb10 5c24 | 58c5 fb10 | 5424 50c5 | fb10 4c24 | 48c5 fb10 | 4424 404c | 8b5c 2430 | 4c8b 5424 
  0x00000164d5abaf34: 284c 8b4c | 2420 4c8b | 4424 1848 | 8b54 2410 | 488b 4c24 | 0848 8b04 | 2448 81c4 | f000 0000 
  0x00000164d5abaf54: c5f8 7749 | 8b8f 3004 | 0000 c781 | 0001 0000 | 0000 0000 | c949 837f | 0800 0f85 | 0100 0000 
  0x00000164d5abaf74: ;   {runtime_call StubRoutines (initial stubs)}
  0x00000164d5abaf74: c3e9 865f | a1ff c5f8 | 7748 8945 | f84c 8be4 | 4883 ec20 | 4883 e4f0 

  0x00000164d5abaf8c: ;   {runtime_call}
  0x00000164d5abaf8c: 48b8 3022 | f830 fa7f | 0000 ffd0 | 498b e44d | 33e4 488b | 45f8 e9f8 | fcff fff4 
[/MachCode]


Compiled method (c1) 147790 1158       3       java.lang.ClassLoader::defineClass (43 bytes)
 total in heap  [0x00000164ce192090,0x00000164ce1929e0] = 2384
 relocation     [0x00000164ce1921f0,0x00000164ce192290] = 160
 main code      [0x00000164ce1922a0,0x00000164ce192738] = 1176
 stub code      [0x00000164ce192738,0x00000164ce1927b0] = 120
 metadata       [0x00000164ce1927b0,0x00000164ce1927e0] = 48
 scopes data    [0x00000164ce1927e0,0x00000164ce1928d0] = 240
 scopes pcs     [0x00000164ce1928d0,0x00000164ce1929b0] = 224
 dependencies   [0x00000164ce1929b0,0x00000164ce1929b8] = 8
 nul chk table  [0x00000164ce1929b8,0x00000164ce1929e0] = 40

[Constant Pool (empty)]

[MachCode]
[Entry Point]
  # {method} {0x00000164e1434fb8} 'defineClass' '(Ljava/lang/String;[BIILjava/security/ProtectionDomain;)Ljava/lang/Class;' in 'java/lang/ClassLoader'
  # this:     rdx:rdx   = 'java/lang/ClassLoader'
  # parm0:    r8:r8     = 'java/lang/String'
  # parm1:    r9:r9     = '[B'
  # parm2:    rdi       = int
  # parm3:    rsi       = int
  # parm4:    rcx:rcx   = 'java/security/ProtectionDomain'
  #           [sp+0xc0]  (sp of caller)
  0x00000164ce1922a0: 448b 5208 | 49bb 0000 | 00e1 6401 | 0000 4d03 | d34c 3bd0 

  0x00000164ce1922b4: ;   {runtime_call ic_miss_stub}
  0x00000164ce1922b4: 0f85 c6c6 | 3807 660f | 1f44 0000 
[Verified Entry Point]
  0x00000164ce1922c0: 8984 2400 | 80ff ff55 | 4881 ecb0 | 0000 0090 | 4181 7f20 | 0100 0000 

  0x00000164ce1922d8: ;   {runtime_call StubRoutines (final stubs)}
  0x00000164ce1922d8: 7405 e8c1 | 5f37 0748 | 8954 2478 

  0x00000164ce1922e4: ;   {metadata(method data for {method} {0x00000164e1434fb8} 'defineClass' '(Ljava/lang/String;[BIILjava/security/ProtectionDomain;)Ljava/lang/Class;' in 'java/lang/ClassLoader')}
  0x00000164ce1922e4: 48bb e8d7 | 18f6 6401 | 0000 8b83 | cc00 0000 | 83c0 0289 | 83cc 0000 | 0025 fe07 | 0000 85c0 
  0x00000164ce192304: 0f84 5003 | 0000 89b4 | 2494 0000 | 0089 bc24 | 9000 0000 | 4c89 8c24 | 8800 0000 

  0x00000164ce192320: ;   {metadata(method data for {method} {0x00000164e1434fb8} 'defineClass' '(Ljava/lang/String;[BIILjava/security/ProtectionDomain;)Ljava/lang/Class;' in 'java/lang/ClassLoader')}
  0x00000164ce192320: 488b da48 | b8e8 d718 | f664 0100 | 0048 8380 | 1001 0000 | 0149 8bd8 | 4c8b c34c | 8bc9 488b 
  0x00000164ce192340: ca48 8bd1 | 4889 9c24 | 8000 0000 

  0x00000164ce19234c: ;   {optimized virtual_call}
  0x00000164ce19234c: 6666 90e8 

  0x00000164ce192350: ; ImmutableOopMap {[120]=Oop [128]=Oop [136]=Oop }
                      ;*invokevirtual preDefineClass {reexecute=0 rethrow=0 return_oop=0}
                      ; - java.lang.ClassLoader::defineClass@4
  0x00000164ce192350: 4c54 fcff 

  0x00000164ce192354: ;   {other}
  0x00000164ce192354: 0f1f 8400 | c402 0000 | 4889 8424 | 9800 0000 | 488b 5424 

  0x00000164ce192368: ;   {metadata(method data for {method} {0x00000164e1434fb8} 'defineClass' '(Ljava/lang/String;[BIILjava/security/ProtectionDomain;)Ljava/lang/Class;' in 'java/lang/ClassLoader')}
  0x00000164ce192368: 7849 b8e8 | d718 f664 | 0100 0049 | 8380 4801 

  0x00000164ce192378: ;   {metadata(method data for {method} {0x00000164e1434ca0} 'defineClassSourceLocation' '(Ljava/security/ProtectionDomain;)Ljava/lang/String;' in 'java/lang/ClassLoader')}
  0x00000164ce192378: 0000 0149 | b8a0 4919 | f664 0100 | 0041 8b90 | cc00 0000 | 83c2 0241 | 8990 cc00 | 0000 81e2 
  0x00000164ce192398: feff 1f00 | 85d2 0f84 | d702 0000 

  0x00000164ce1923a4: ; implicit exception: dispatches to 0x00000164ce19269c
  0x00000164ce1923a4: 483b 004c 

  0x00000164ce1923a8: ;   {metadata(method data for {method} {0x00000164e1434ca0} 'defineClassSourceLocation' '(Ljava/security/ProtectionDomain;)Ljava/lang/String;' in 'java/lang/ClassLoader')}
  0x00000164ce1923a8: 8bc0 48ba | a049 19f6 | 6401 0000 | 4883 8210 | 0100 0001 | 448b 4010 

  0x00000164ce1923c0: ;   {metadata(method data for {method} {0x00000164e1434ca0} 'defineClassSourceLocation' '(Ljava/security/ProtectionDomain;)Ljava/lang/String;' in 'java/lang/ClassLoader')}
  0x00000164ce1923c0: 4d85 c048 | baa0 4919 | f664 0100 | 0048 c7c6 | 5801 0000 | 7507 48c7 | c648 0100 | 0048 8b3c 
  0x00000164ce1923e0: 3248 8d7f | 0148 893c | 320f 850f 

  0x00000164ce1923ec: ;   {oop(nullptr)}
  0x00000164ce1923ec: 0000 0048 | bb00 0000 | 0000 0000 | 00e9 a101 | 0000 493b | 0049 8bd0 

  0x00000164ce192404: ;   {metadata(method data for {method} {0x00000164e1434ca0} 'defineClassSourceLocation' '(Ljava/security/ProtectionDomain;)Ljava/lang/String;' in 'java/lang/ClassLoader')}
  0x00000164ce192404: 48be a049 | 19f6 6401 | 0000 4883 | 8668 0100 | 0001 418b | 500c 4885 

  0x00000164ce19241c: ;   {metadata(method data for {method} {0x00000164e1434ca0} 'defineClassSourceLocation' '(Ljava/security/ProtectionDomain;)Ljava/lang/String;' in 'java/lang/ClassLoader')}
  0x00000164ce19241c: d248 bea0 | 4919 f664 | 0100 0048 | c7c7 b001 | 0000 7507 | 48c7 c7a0 | 0100 0048 | 8b1c 3e48 
  0x00000164ce19243c: 8d5b 0148 | 891c 3e0f | 850f 0000 

  0x00000164ce192448: ;   {oop(nullptr)}
  0x00000164ce192448: 0048 bb00 | 0000 0000 | 0000 00e9 | 4701 0000 

  0x00000164ce192458: ;   {metadata(method data for {method} {0x00000164e1434ca0} 'defineClassSourceLocation' '(Ljava/security/ProtectionDomain;)Ljava/lang/String;' in 'java/lang/ClassLoader')}
  0x00000164ce192458: 48be a049 | 19f6 6401 | 0000 4883 | 86c0 0100 | 0001 483b | 024c 8bc2 

  0x00000164ce192470: ;   {metadata(method data for {method} {0x00000164e1434ca0} 'defineClassSourceLocation' '(Ljava/security/ProtectionDomain;)Ljava/lang/String;' in 'java/lang/ClassLoader')}
  0x00000164ce192470: 48be a049 | 19f6 6401 | 0000 4883 | 86f8 0100 

  0x00000164ce192480: ;   {metadata(method data for {method} {0x00000164e101abf0} 'toString' '()Ljava/lang/String;' in 'java/net/URL')}
  0x00000164ce192480: 0001 49b8 | f888 0ef6 | 6401 0000 | 418b b0cc | 0000 0083 | c602 4189 | b0cc 0000 | 0081 e6fe 
  0x00000164ce1924a0: ff1f 0085 | f60f 8400 | 0200 004c 

  0x00000164ce1924ac: ;   {metadata(method data for {method} {0x00000164e101abf0} 'toString' '()Ljava/lang/String;' in 'java/net/URL')}
  0x00000164ce1924ac: 8bc2 48be | f888 0ef6 | 6401 0000 | 4883 8610 | 0100 0001 

  0x00000164ce1924c0: ;   {metadata(method data for {method} {0x00000164e1428840} 'toExternalForm' '()Ljava/lang/String;' in 'java/net/URL')}
  0x00000164ce1924c0: 49b8 808a | 0ef6 6401 | 0000 418b | b0cc 0000 | 0083 c602 | 4189 b0cc | 0000 0081 | e6fe ff1f 
  0x00000164ce1924e0: 0085 f60f | 84e3 0100 | 008b 7238 

  0x00000164ce1924ec: ; implicit exception: dispatches to 0x00000164ce1926ed
  0x00000164ce1924ec: 483b 064c 

  0x00000164ce1924f0: ;   {metadata(method data for {method} {0x00000164e1428840} 'toExternalForm' '()Ljava/lang/String;' in 'java/net/URL')}
  0x00000164ce1924f0: 8bc6 48bf | 808a 0ef6 | 6401 0000 | 458b 4008 | 49ba 0000 | 00e1 6401 | 0000 4d03 | c24c 3b87 
  0x00000164ce192510: 2001 0000 | 750d 4883 | 8728 0100 | 0001 e960 | 0000 004c | 3b87 3001 | 0000 750d | 4883 8738 
  0x00000164ce192530: 0100 0001 | e94a 0000 | 0048 83bf | 2001 0000 | 0075 174c | 8987 2001 | 0000 48c7 | 8728 0100 
  0x00000164ce192550: 0001 0000 | 00e9 2900 | 0000 4883 | bf30 0100 | 0000 7517 | 4c89 8730 | 0100 0048 | c787 3801 
  0x00000164ce192570: 0000 0100 | 0000 e908 | 0000 0048 | 8387 1001 | 0000 014c | 8bc2 488b | d666 0f1f 

  0x00000164ce19258c: ;   {optimized virtual_call}
  0x00000164ce19258c: 4400 00e8 

  0x00000164ce192590: ; ImmutableOopMap {[120]=Oop [128]=Oop [136]=Oop [152]=Oop }
                      ;*invokevirtual toExternalForm {reexecute=0 rethrow=0 return_oop=0}
                      ; - java.net.URL::toExternalForm@5
                      ; - java.net.URL::toString@1
                      ; - java.lang.ClassLoader::defineClassSourceLocation@22
                      ; - java.lang.ClassLoader::defineClass@12
  0x00000164ce192590: 8cee f4ff 

  0x00000164ce192594: ;   {other}
  0x00000164ce192594: 0f1f 8400 | 0405 0001 | 488b d848 | 8b84 2498 | 0000 008b | b424 9400 | 0000 8bbc | 2490 0000 
  0x00000164ce1925b4: 004c 8b8c | 2488 0000 | 004c 8b84 | 2480 0000 | 0048 8b54 

  0x00000164ce1925c8: ;   {metadata(method data for {method} {0x00000164e1434fb8} 'defineClass' '(Ljava/lang/String;[BIILjava/security/ProtectionDomain;)Ljava/lang/Class;' in 'java/lang/ClassLoader')}
  0x00000164ce1925c8: 2478 48b9 | e8d7 18f6 | 6401 0000 | 4883 8180 | 0100 0001 | 4c8b da49 | 8bd3 488b | c848 891c 
  0x00000164ce1925e8: 2466 0f1f 

  0x00000164ce1925ec: ;   {static_call}
  0x00000164ce1925ec: 4400 00e8 

  0x00000164ce1925f0: ; ImmutableOopMap {[120]=Oop [152]=Oop }
                      ;*invokestatic defineClass1 {reexecute=0 rethrow=0 return_oop=0}
                      ; - java.lang.ClassLoader::defineClass@27
  0x00000164ce1925f0: ec84 9207 

  0x00000164ce1925f4: ;   {other}
  0x00000164ce1925f4: 0f1f 8400 | 6405 0002 | 488b 5424 

  0x00000164ce192600: ;   {metadata(method data for {method} {0x00000164e1434fb8} 'defineClass' '(Ljava/lang/String;[BIILjava/security/ProtectionDomain;)Ljava/lang/Class;' in 'java/lang/ClassLoader')}
  0x00000164ce192600: 7849 b8e8 | d718 f664 | 0100 0049 | 8380 9001 | 0000 014c | 8bc0 4c8b | 8c24 9800 | 0000 488b 
  0x00000164ce192620: 5424 7848 | 8984 24a0 | 0000 000f 

  0x00000164ce19262c: ;   {optimized virtual_call}
  0x00000164ce19262c: 1f40 00e8 

  0x00000164ce192630: ; ImmutableOopMap {[160]=Oop }
                      ;*invokevirtual postDefineClass {reexecute=0 rethrow=0 return_oop=0}
                      ; - java.lang.ClassLoader::defineClass@37
  0x00000164ce192630: 6c51 0000 

  0x00000164ce192634: ;   {other}
  0x00000164ce192634: 0f1f 8400 | a405 0003 | 488b 8424 | a000 0000 | 4881 c4b0 | 0000 005d 

  0x00000164ce19264c: ;   {poll_return}
  0x00000164ce19264c: 493b a750 | 0400 000f | 8799 0000 

  0x00000164ce192658: ;   {metadata({method} {0x00000164e1434fb8} 'defineClass' '(Ljava/lang/String;[BIILjava/security/ProtectionDomain;)Ljava/lang/Class;' in 'java/lang/ClassLoader')}
  0x00000164ce192658: 00c3 49ba | b04f 43e1 | 6401 0000 | 4c89 5424 | 0848 c704 | 24ff ffff 

  0x00000164ce192670: ;   {runtime_call counter_overflow Runtime1 stub}
  0x00000164ce192670: ffe8 8a12 

  0x00000164ce192674: ; ImmutableOopMap {rdx=Oop r8=Oop r9=Oop rcx=Oop [120]=Oop }
                      ;*synchronization entry
                      ; - java.lang.ClassLoader::defineClass@-1
  0x00000164ce192674: 4807 e98f 

  0x00000164ce192678: ;   {metadata({method} {0x00000164e1434ca0} 'defineClassSourceLocation' '(Ljava/security/ProtectionDomain;)Ljava/lang/String;' in 'java/lang/ClassLoader')}
  0x00000164ce192678: fcff ff49 | ba98 4c43 | e164 0100 | 004c 8954 | 2408 48c7 | 0424 ffff 

  0x00000164ce192690: ;   {runtime_call counter_overflow Runtime1 stub}
  0x00000164ce192690: ffff e869 

  0x00000164ce192694: ; ImmutableOopMap {rax=Oop [120]=Oop [128]=Oop [136]=Oop [152]=Oop }
                      ;*synchronization entry
                      ; - java.lang.ClassLoader::defineClassSourceLocation@-1
                      ; - java.lang.ClassLoader::defineClass@12
  0x00000164ce192694: 1248 07e9 | 08fd ffff 

  0x00000164ce19269c: ;   {runtime_call throw_null_pointer_exception Runtime1 stub}
  0x00000164ce19269c: e8ff c13e 

  0x00000164ce1926a0: ; ImmutableOopMap {rax=Oop [120]=Oop [128]=Oop [136]=Oop [152]=Oop }
                      ;*invokevirtual getCodeSource {reexecute=0 rethrow=0 return_oop=0}
                      ; - java.lang.ClassLoader::defineClassSourceLocation@1
                      ; - java.lang.ClassLoader::defineClass@12
                      ;   {runtime_call throw_null_pointer_exception Runtime1 stub}
  0x00000164ce1926a0: 07e8 fac1 

  0x00000164ce1926a4: ; ImmutableOopMap {rax=Oop r8=Oop [120]=Oop [128]=Oop [136]=Oop [152]=Oop }
                      ;*invokevirtual getLocation {reexecute=0 rethrow=0 return_oop=0}
                      ; - java.lang.ClassLoader::defineClassSourceLocation@12
                      ; - java.lang.ClassLoader::defineClass@12
                      ;   {runtime_call throw_null_pointer_exception Runtime1 stub}
  0x00000164ce1926a4: 3e07 e8f5 

  0x00000164ce1926a8: ; ImmutableOopMap {rdx=Oop [120]=Oop [128]=Oop [136]=Oop [152]=Oop }
                      ;*invokevirtual toString {reexecute=0 rethrow=0 return_oop=0}
                      ; - java.lang.ClassLoader::defineClassSourceLocation@22
                      ; - java.lang.ClassLoader::defineClass@12
                      ;   {metadata({method} {0x00000164e101abf0} 'toString' '()Ljava/lang/String;' in 'java/net/URL')}
  0x00000164ce1926a8: c13e 0749 | bae8 ab01 | e164 0100 | 004c 8954 | 2408 48c7 | 0424 ffff 

  0x00000164ce1926c0: ;   {runtime_call counter_overflow Runtime1 stub}
  0x00000164ce1926c0: ffff e839 

  0x00000164ce1926c4: ; ImmutableOopMap {rdx=Oop [120]=Oop [128]=Oop [136]=Oop [152]=Oop }
                      ;*synchronization entry
                      ; - java.net.URL::toString@-1
                      ; - java.lang.ClassLoader::defineClassSourceLocation@22
                      ; - java.lang.ClassLoader::defineClass@12
  0x00000164ce1926c4: 1248 07e9 | dffd ffff 

  0x00000164ce1926cc: ;   {metadata({method} {0x00000164e1428840} 'toExternalForm' '()Ljava/lang/String;' in 'java/net/URL')}
  0x00000164ce1926cc: 49ba 3888 | 42e1 6401 | 0000 4c89 | 5424 0848 | c704 24ff 

  0x00000164ce1926e0: ;   {runtime_call counter_overflow Runtime1 stub}
  0x00000164ce1926e0: ffff ffe8 

  0x00000164ce1926e4: ; ImmutableOopMap {rdx=Oop [120]=Oop [128]=Oop [136]=Oop [152]=Oop }
                      ;*synchronization entry
                      ; - java.net.URL::toExternalForm@-1
                      ; - java.net.URL::toString@1
                      ; - java.lang.ClassLoader::defineClassSourceLocation@22
                      ; - java.lang.ClassLoader::defineClass@12
  0x00000164ce1926e4: 1812 4807 | e9fc fdff 

  0x00000164ce1926ec: ;   {runtime_call throw_null_pointer_exception Runtime1 stub}
  0x00000164ce1926ec: ffe8 aec1 

  0x00000164ce1926f0: ; ImmutableOopMap {rdx=Oop rsi=Oop [120]=Oop [128]=Oop [136]=Oop [152]=Oop }
                      ;*invokevirtual toExternalForm {reexecute=0 rethrow=0 return_oop=0}
                      ; - java.net.URL::toExternalForm@5
                      ; - java.net.URL::toString@1
                      ; - java.lang.ClassLoader::defineClassSourceLocation@22
                      ; - java.lang.ClassLoader::defineClass@12
                      ;   {internal_word}
  0x00000164ce1926f0: 3e07 49ba | 4c26 19ce | 6401 0000 | 4d89 9768 

  0x00000164ce192700: ;   {runtime_call SafepointBlob}
  0x00000164ce192700: 0400 00e9 | 7842 3907 | 498b 8700 | 0500 0049 | c787 0005 | 0000 0000 | 0000 49c7 | 8708 0500 
  0x00000164ce192720: 0000 0000 | 0048 81c4 | b000 0000 

  0x00000164ce19272c: ;   {runtime_call unwind_exception Runtime1 stub}
  0x00000164ce19272c: 5de9 4ed0 | 3e07 f4f4 | f4f4 f4f4 
[Stub Code]
  0x00000164ce192738: ;   {no_reloc}
  0x00000164ce192738: 0f1f 4400 

  0x00000164ce19273c: ;   {static_stub}
  0x00000164ce19273c: 0048 bb00 | 0000 0000 

  0x00000164ce192744: ;   {runtime_call nmethod}
  0x00000164ce192744: 0000 00e9 | fbff ffff 

  0x00000164ce19274c: ;   {static_stub}
  0x00000164ce19274c: 48bb 0000 | 0000 0000 

  0x00000164ce192754: ;   {runtime_call nmethod}
  0x00000164ce192754: 0000 e9fb 

  0x00000164ce192758: ;   {static_stub}
  0x00000164ce192758: ffff ff48 | bb00 0000 | 0000 0000 

  0x00000164ce192764: ;   {runtime_call nmethod}
  0x00000164ce192764: 00e9 fbff 

  0x00000164ce192768: ;   {static_stub}
  0x00000164ce192768: ffff 48bb | d84b 43e1 | 6401 0000 

  0x00000164ce192774: ;   {runtime_call I2C/C2I adapters}
  0x00000164ce192774: e9f2 8938 

  0x00000164ce192778: ;   {runtime_call handle_exception_from_callee Runtime1 stub}
  0x00000164ce192778: 07e8 02d5 

  0x00000164ce19277c: ;   {external_word}
  0x00000164ce19277c: 4707 48b9 | 5063 2431 | fa7f 0000 | 4883 e4f0 

  0x00000164ce19278c: ;   {runtime_call}
  0x00000164ce19278c: 48b8 c0c9 | e630 fa7f | 0000 ffd0 

  0x00000164ce192798: ;   {section_word}
  0x00000164ce192798: f449 ba99 | 2719 ce64 | 0100 0041 

  0x00000164ce1927a4: ;   {runtime_call DeoptimizationBlob}
  0x00000164ce1927a4: 52e9 7656 | 3907 f4f4 | f4f4 f4f4 
[/MachCode]


Compiled method (c1) 148337 1008       3       java.security.SecureClassLoader::defineClass (16 bytes)
 total in heap  [0x00000164ce152090,0x00000164ce152490] = 1024
 relocation     [0x00000164ce1521f0,0x00000164ce152240] = 80
 main code      [0x00000164ce152240,0x00000164ce152398] = 344
 stub code      [0x00000164ce152398,0x00000164ce1523e8] = 80
 metadata       [0x00000164ce1523e8,0x00000164ce1523f0] = 8
 scopes data    [0x00000164ce1523f0,0x00000164ce152438] = 72
 scopes pcs     [0x00000164ce152438,0x00000164ce152488] = 80
 dependencies   [0x00000164ce152488,0x00000164ce152490] = 8

[Constant Pool (empty)]

[MachCode]
[Entry Point]
  # {method} {0x00000164e104e0e8} 'defineClass' '(Ljava/lang/String;[BIILjava/security/CodeSource;)Ljava/lang/Class;' in 'java/security/SecureClassLoader'
  # this:     rdx:rdx   = 'java/security/SecureClassLoader'
  # parm0:    r8:r8     = 'java/lang/String'
  # parm1:    r9:r9     = '[B'
  # parm2:    rdi       = int
  # parm3:    rsi       = int
  # parm4:    rcx:rcx   = 'java/security/CodeSource'
  #           [sp+0x80]  (sp of caller)
  0x00000164ce152240: 448b 5208 | 49bb 0000 | 00e1 6401 | 0000 4d03 | d34c 3bd0 

  0x00000164ce152254: ;   {runtime_call ic_miss_stub}
  0x00000164ce152254: 0f85 26c7 | 3c07 660f | 1f44 0000 
[Verified Entry Point]
  0x00000164ce152260: 8984 2400 | 80ff ff55 | 4883 ec70 | 4181 7f20 | 0100 0000 

  0x00000164ce152274: ;   {runtime_call StubRoutines (final stubs)}
  0x00000164ce152274: 7405 e825 

  0x00000164ce152278: ;   {metadata(method data for {method} {0x00000164e104e0e8} 'defineClass' '(Ljava/lang/String;[BIILjava/security/CodeSource;)Ljava/lang/Class;' in 'java/security/SecureClassLoader')}
  0x00000164ce152278: 603b 0748 | bb80 f417 | f664 0100 | 008b 83cc | 0000 0083 | c002 8983 | cc00 0000 | 25fe 0700 
  0x00000164ce152298: 0085 c00f | 8496 0000 | 0089 7424 | 5c89 7c24 | 584c 894c | 2450 4c89 | 4424 4848 

  0x00000164ce1522b4: ;   {metadata(method data for {method} {0x00000164e104e0e8} 'defineClass' '(Ljava/lang/String;[BIILjava/security/CodeSource;)Ljava/lang/Class;' in 'java/security/SecureClassLoader')}
  0x00000164ce1522b4: 8bda 48b8 | 80f4 17f6 | 6401 0000 | 4883 8010 | 0100 0001 | 4c8b c148 | 8bc2 488b | d048 8944 
  0x00000164ce1522d4: ;   {optimized virtual_call}
  0x00000164ce1522d4: 2440 90e8 

  0x00000164ce1522d8: ; ImmutableOopMap {[64]=Oop [72]=Oop [80]=Oop }
                      ;*invokevirtual getProtectionDomain {reexecute=0 rethrow=0 return_oop=0}
                      ; - java.security.SecureClassLoader::defineClass@9
  0x00000164ce1522d8: 44f5 0300 

  0x00000164ce1522dc: ;   {other}
  0x00000164ce1522dc: 0f1f 8400 | 4c02 0000 | 488b 5424 

  0x00000164ce1522e8: ;   {metadata(method data for {method} {0x00000164e104e0e8} 'defineClass' '(Ljava/lang/String;[BIILjava/security/CodeSource;)Ljava/lang/Class;' in 'java/security/SecureClassLoader')}
  0x00000164ce1522e8: 4049 b880 | f417 f664 | 0100 0049 | 8380 4801 | 0000 014c | 8b44 2448 | 4c8b 4c24 | 508b 7c24 
  0x00000164ce152308: 588b 7424 | 5c48 8bc8 | 488b 5424 

  0x00000164ce152314: ;   {optimized virtual_call}
  0x00000164ce152314: 4066 90e8 

  0x00000164ce152318: ; ImmutableOopMap {}
                      ;*invokevirtual defineClass {reexecute=0 rethrow=0 return_oop=0}
                      ; - java.security.SecureClassLoader::defineClass@12
  0x00000164ce152318: a4ff 0300 

  0x00000164ce15231c: ;   {other}
  0x00000164ce15231c: 0f1f 8400 | 8c02 0001 | 4883 c470 

  0x00000164ce152328: ;   {poll_return}
  0x00000164ce152328: 5d49 3ba7 | 5004 0000 | 0f87 2200 

  0x00000164ce152334: ;   {metadata({method} {0x00000164e104e0e8} 'defineClass' '(Ljava/lang/String;[BIILjava/security/CodeSource;)Ljava/lang/Class;' in 'java/security/SecureClassLoader')}
  0x00000164ce152334: 0000 c349 | bae0 e004 | e164 0100 | 004c 8954 | 2408 48c7 | 0424 ffff 

  0x00000164ce15234c: ;   {runtime_call counter_overflow Runtime1 stub}
  0x00000164ce15234c: ffff e8ad 

  0x00000164ce152350: ; ImmutableOopMap {rdx=Oop r8=Oop r9=Oop rcx=Oop }
                      ;*synchronization entry
                      ; - java.security.SecureClassLoader::defineClass@-1
  0x00000164ce152350: 154c 07e9 | 49ff ffff 

  0x00000164ce152358: ;   {internal_word}
  0x00000164ce152358: 49ba 2923 | 15ce 6401 | 0000 4d89 | 9768 0400 

  0x00000164ce152368: ;   {runtime_call SafepointBlob}
  0x00000164ce152368: 00e9 1246 | 3d07 498b | 8700 0500 | 0049 c787 | 0005 0000 | 0000 0000 | 49c7 8708 | 0500 0000 
  0x00000164ce152388: 0000 0048 | 83c4 705d 

  0x00000164ce152390: ;   {runtime_call unwind_exception Runtime1 stub}
  0x00000164ce152390: e9eb d342 | 07f4 f4f4 
[Stub Code]
  0x00000164ce152398: ;   {no_reloc}
  0x00000164ce152398: 48bb 30e0 | 04e1 6401 

  0x00000164ce1523a0: ;   {runtime_call I2C/C2I adapters}
  0x00000164ce1523a0: 0000 e9c0 

  0x00000164ce1523a4: ;   {static_stub}
  0x00000164ce1523a4: 293d 0748 | bbb0 4f43 | e164 0100 

  0x00000164ce1523b0: ;   {runtime_call I2C/C2I adapters}
  0x00000164ce1523b0: 00e9 3fe3 

  0x00000164ce1523b4: ;   {runtime_call handle_exception_from_callee Runtime1 stub}
  0x00000164ce1523b4: 3b07 e8c5 

  0x00000164ce1523b8: ;   {external_word}
  0x00000164ce1523b8: d84b 0748 | b950 6324 | 31fa 7f00 | 0048 83e4 

  0x00000164ce1523c8: ;   {runtime_call}
  0x00000164ce1523c8: f048 b8c0 | c9e6 30fa | 7f00 00ff 

  0x00000164ce1523d4: ;   {section_word}
  0x00000164ce1523d4: d0f4 49ba | d623 15ce | 6401 0000 

  0x00000164ce1523e0: ;   {runtime_call DeoptimizationBlob}
  0x00000164ce1523e0: 4152 e939 | 5a3d 07f4 
[/MachCode]


---------------  P R O C E S S  ---------------

Threads class SMR info:
_java_thread_list=0x00000164fb8a0d20, length=21, elements={
0x00000164cad9f010, 0x00000164e0765b60, 0x00000164e07696f0, 0x00000164e076a150,
0x00000164e0770080, 0x00000164e07706f0, 0x00000164e0771150, 0x00000164e0771ee0,
0x00000164e0775e00, 0x00000164e07f9b80, 0x00000164e0927de0, 0x00000164fa868640,
0x00000164fb2358e0, 0x00000164fb8ae050, 0x00000164fa642e80, 0x00000164fb5639c0,
0x00000164fb5e58c0, 0x00000164fb0dc6d0, 0x00000164fa4b0860, 0x00000164fa4b3ce0,
0x00000164fa4b2930
}

Java Threads: ( => current thread )
  0x00000164cad9f010 JavaThread "main"                              [_thread_blocked, id=35192, stack(0x0000002d94a00000,0x0000002d94b00000) (1024K)]
  0x00000164e0765b60 JavaThread "Reference Handler"          daemon [_thread_blocked, id=36372, stack(0x0000002d95300000,0x0000002d95400000) (1024K)]
  0x00000164e07696f0 JavaThread "Finalizer"                  daemon [_thread_blocked, id=36376, stack(0x0000002d95400000,0x0000002d95500000) (1024K)]
  0x00000164e076a150 JavaThread "Signal Dispatcher"          daemon [_thread_blocked, id=36380, stack(0x0000002d95500000,0x0000002d95600000) (1024K)]
  0x00000164e0770080 JavaThread "Attach Listener"            daemon [_thread_blocked, id=36384, stack(0x0000002d95600000,0x0000002d95700000) (1024K)]
  0x00000164e07706f0 JavaThread "Service Thread"             daemon [_thread_blocked, id=36388, stack(0x0000002d95700000,0x0000002d95800000) (1024K)]
  0x00000164e0771150 JavaThread "Monitor Deflation Thread"   daemon [_thread_blocked, id=36392, stack(0x0000002d95800000,0x0000002d95900000) (1024K)]
  0x00000164e0771ee0 JavaThread "C2 CompilerThread0"         daemon [_thread_blocked, id=36396, stack(0x0000002d95900000,0x0000002d95a00000) (1024K)]
  0x00000164e0775e00 JavaThread "C1 CompilerThread0"         daemon [_thread_in_vm, id=36432, stack(0x0000002d95a00000,0x0000002d95b00000) (1024K)]
  0x00000164e07f9b80 JavaThread "Common-Cleaner"             daemon [_thread_blocked, id=36576, stack(0x0000002d95b00000,0x0000002d95c00000) (1024K)]
  0x00000164e0927de0 JavaThread "Notification Thread"        daemon [_thread_blocked, id=32836, stack(0x0000002d95c00000,0x0000002d95d00000) (1024K)]
  0x00000164fa868640 JavaThread "Daemon health stats"               [_thread_blocked, id=24336, stack(0x0000002d94b00000,0x0000002d94c00000) (1024K)]
  0x00000164fb2358e0 JavaThread "Incoming local TCP Connector on port 52263"        [_thread_in_native, id=23056, stack(0x0000002d96200000,0x0000002d96300000) (1024K)]
  0x00000164fb8ae050 JavaThread "Daemon periodic checks"            [_thread_blocked, id=22724, stack(0x0000002d96300000,0x0000002d96400000) (1024K)]
  0x00000164fa642e80 JavaThread "Daemon"                            [_thread_blocked, id=33000, stack(0x0000002d96600000,0x0000002d96700000) (1024K)]
  0x00000164fb5639c0 JavaThread "Handler for socket connection from /127.0.0.1:52263 to /127.0.0.1:52275"        [_thread_in_native, id=36256, stack(0x0000002d96700000,0x0000002d96800000) (1024K)]
  0x00000164fb5e58c0 JavaThread "Cancel handler"                    [_thread_blocked, id=34968, stack(0x0000002d96800000,0x0000002d96900000) (1024K)]
=>0x00000164fb0dc6d0 JavaThread "Daemon worker"                     [_thread_in_vm, id=14388, stack(0x0000002d96900000,0x0000002d96a00000) (1024K)]
  0x00000164fa4b0860 JavaThread "Asynchronous log dispatcher for DefaultDaemonConnection: socket connection from /127.0.0.1:52263 to /127.0.0.1:52275"        [_thread_blocked, id=33804, stack(0x0000002d96a00000,0x0000002d96b00000) (1024K)]
  0x00000164fa4b3ce0 JavaThread "Stdin handler"                     [_thread_blocked, id=38628, stack(0x0000002d96b00000,0x0000002d96c00000) (1024K)]
  0x00000164fa4b2930 JavaThread "Daemon client event forwarder"        [_thread_blocked, id=35624, stack(0x0000002d96c00000,0x0000002d96d00000) (1024K)]
Total: 21

Other Threads:
  0x00000164e07427a0 VMThread "VM Thread"                           [id=24580, stack(0x0000002d95200000,0x0000002d95300000) (1024K)]
  0x00000164e072fe20 WatcherThread "VM Periodic Task Thread"        [id=35616, stack(0x0000002d95100000,0x0000002d95200000) (1024K)]
  0x00000164cadcc260 WorkerThread "GC Thread#0"                     [id=35312, stack(0x0000002d94c00000,0x0000002d94d00000) (1024K)]
  0x00000164fa930010 WorkerThread "GC Thread#1"                     [id=30288, stack(0x0000002d95d00000,0x0000002d95e00000) (1024K)]
  0x00000164fa3acf30 WorkerThread "GC Thread#2"                     [id=30356, stack(0x0000002d95e00000,0x0000002d95f00000) (1024K)]
  0x00000164fa3ad2e0 WorkerThread "GC Thread#3"                     [id=24236, stack(0x0000002d95f00000,0x0000002d96000000) (1024K)]
  0x00000164fa3ad690 WorkerThread "GC Thread#4"                     [id=30032, stack(0x0000002d96000000,0x0000002d96100000) (1024K)]
  0x00000164fa3ada40 WorkerThread "GC Thread#5"                     [id=30276, stack(0x0000002d96100000,0x0000002d96200000) (1024K)]
  0x00000164cadd1160 ConcurrentGCThread "G1 Main Marker"            [id=35020, stack(0x0000002d94d00000,0x0000002d94e00000) (1024K)]
  0x00000164cadd3210 WorkerThread "G1 Conc#0"                       [id=31812, stack(0x0000002d94e00000,0x0000002d94f00000) (1024K)]
  0x00000164e06031e0 ConcurrentGCThread "G1 Refine#0"               [id=35200, stack(0x0000002d94f00000,0x0000002d95000000) (1024K)]
  0x00000164e0603a10 ConcurrentGCThread "G1 Service"                [id=32800, stack(0x0000002d95000000,0x0000002d95100000) (1024K)]
Total: 12

Threads with active compile tasks:
C1 CompilerThread0  148439 2614       3       org.gradle.internal.serialize.InputStreamBackedDecoder::readByte (13 bytes)
Total: 1

VM state: not at safepoint (normal execution)

VM Mutex/Monitor currently owned by a thread:  ([mutex/lock_event])
[0x00007ffa314fd530] Metaspace_lock - owner thread: 0x00000164fb0dc6d0

Heap address: 0x00000000e0000000, size: 512 MB, Compressed Oops mode: 32-bit

CDS archive(s) mapped at: [0x00000164e1000000-0x00000164e1ba0000-0x00000164e1ba0000), size 12189696, SharedBaseAddress: 0x00000164e1000000, ArchiveRelocationMode: 1.
Compressed class space mapped at: 0x00000164e2000000-0x00000164f6000000, reserved size: 335544320
Narrow klass base: 0x00000164e1000000, Narrow klass shift: 0, Narrow klass range: 0x100000000

GC Precious Log:
 CardTable entry size: 512
 Card Set container configuration: InlinePtr #cards 5 size 8 Array Of Cards #cards 12 size 40 Howl #buckets 4 coarsen threshold 1843 Howl Bitmap #cards 512 size 80 coarsen threshold 460 Card regions per heap region 1 cards per card region 2048
 CPUs: 8 total, 8 available
 Memory: 16107M
 Large Page Support: Disabled
 NUMA Support: Disabled
 Compressed Oops: Enabled (32-bit)
 Heap Region Size: 1M
 Heap Min Capacity: 256M
 Heap Initial Capacity: 256M
 Heap Max Capacity: 512M
 Pre-touch: Disabled
 Parallel Workers: 8
 Concurrent Workers: 2
 Concurrent Refinement Workers: 8
 Periodic GC: Disabled

Heap:
 garbage-first heap   total 262144K, used 71778K [0x00000000e0000000, 0x0000000100000000)
  region size 1024K, 59 young (60416K), 2 survivors (2048K)
 Metaspace       used 12656K, committed 12992K, reserved 393216K
  class space    used 1715K, committed 1856K, reserved 327680K

Heap Regions: E=young(eden), S=young(survivor), O=old, HS=humongous(starts), HC=humongous(continues), CS=collection set, F=free, TAMS=top-at-mark-start, PB=parsable bottom
|   0|0x00000000e0000000, 0x00000000e0100000, 0x00000000e0100000|100%|HS|  |TAMS 0x00000000e0000000| PB 0x00000000e0000000| Complete 
|   1|0x00000000e0100000, 0x00000000e0200000, 0x00000000e0200000|100%|HC|  |TAMS 0x00000000e0100000| PB 0x00000000e0100000| Complete 
|   2|0x00000000e0200000, 0x00000000e0300000, 0x00000000e0300000|100%|HC|  |TAMS 0x00000000e0200000| PB 0x00000000e0200000| Complete 
|   3|0x00000000e0300000, 0x00000000e0400000, 0x00000000e0400000|100%|HC|  |TAMS 0x00000000e0300000| PB 0x00000000e0300000| Complete 
|   4|0x00000000e0400000, 0x00000000e0500000, 0x00000000e0500000|100%| O|  |TAMS 0x00000000e0400000| PB 0x00000000e0400000| Untracked 
|   5|0x00000000e0500000, 0x00000000e0600000, 0x00000000e0600000|100%| O|  |TAMS 0x00000000e0500000| PB 0x00000000e0500000| Untracked 
|   6|0x00000000e0600000, 0x00000000e0700000, 0x00000000e0700000|100%| O|  |TAMS 0x00000000e0600000| PB 0x00000000e0600000| Untracked 
|   7|0x00000000e0700000, 0x00000000e0800000, 0x00000000e0800000|100%| O|  |TAMS 0x00000000e0700000| PB 0x00000000e0700000| Untracked 
|   8|0x00000000e0800000, 0x00000000e0900000, 0x00000000e0900000|100%|HS|  |TAMS 0x00000000e0800000| PB 0x00000000e0800000| Complete 
|   9|0x00000000e0900000, 0x00000000e0900000, 0x00000000e0a00000|  0%| F|  |TAMS 0x00000000e0900000| PB 0x00000000e0900000| Untracked 
|  10|0x00000000e0a00000, 0x00000000e0b00000, 0x00000000e0b00000|100%| O|  |TAMS 0x00000000e0a00000| PB 0x00000000e0a00000| Untracked 
|  11|0x00000000e0b00000, 0x00000000e0c00000, 0x00000000e0c00000|100%| O|  |TAMS 0x00000000e0b00000| PB 0x00000000e0b00000| Untracked 
|  12|0x00000000e0c00000, 0x00000000e0d00000, 0x00000000e0d00000|100%| O|  |TAMS 0x00000000e0c00000| PB 0x00000000e0c00000| Untracked 
|  13|0x00000000e0d00000, 0x00000000e0d45c00, 0x00000000e0e00000| 27%| O|  |TAMS 0x00000000e0d00000| PB 0x00000000e0d00000| Untracked 
|  14|0x00000000e0e00000, 0x00000000e0e00000, 0x00000000e0f00000|  0%| F|  |TAMS 0x00000000e0e00000| PB 0x00000000e0e00000| Untracked 
|  15|0x00000000e0f00000, 0x00000000e0f00000, 0x00000000e1000000|  0%| F|  |TAMS 0x00000000e0f00000| PB 0x00000000e0f00000| Untracked 
|  16|0x00000000e1000000, 0x00000000e1000000, 0x00000000e1100000|  0%| F|  |TAMS 0x00000000e1000000| PB 0x00000000e1000000| Untracked 
|  17|0x00000000e1100000, 0x00000000e1100000, 0x00000000e1200000|  0%| F|  |TAMS 0x00000000e1100000| PB 0x00000000e1100000| Untracked 
|  18|0x00000000e1200000, 0x00000000e1200000, 0x00000000e1300000|  0%| F|  |TAMS 0x00000000e1200000| PB 0x00000000e1200000| Untracked 
|  19|0x00000000e1300000, 0x00000000e1300000, 0x00000000e1400000|  0%| F|  |TAMS 0x00000000e1300000| PB 0x00000000e1300000| Untracked 
|  20|0x00000000e1400000, 0x00000000e1400000, 0x00000000e1500000|  0%| F|  |TAMS 0x00000000e1400000| PB 0x00000000e1400000| Untracked 
|  21|0x00000000e1500000, 0x00000000e1500000, 0x00000000e1600000|  0%| F|  |TAMS 0x00000000e1500000| PB 0x00000000e1500000| Untracked 
|  22|0x00000000e1600000, 0x00000000e1600000, 0x00000000e1700000|  0%| F|  |TAMS 0x00000000e1600000| PB 0x00000000e1600000| Untracked 
|  23|0x00000000e1700000, 0x00000000e1700000, 0x00000000e1800000|  0%| F|  |TAMS 0x00000000e1700000| PB 0x00000000e1700000| Untracked 
|  24|0x00000000e1800000, 0x00000000e1800000, 0x00000000e1900000|  0%| F|  |TAMS 0x00000000e1800000| PB 0x00000000e1800000| Untracked 
|  25|0x00000000e1900000, 0x00000000e1900000, 0x00000000e1a00000|  0%| F|  |TAMS 0x00000000e1900000| PB 0x00000000e1900000| Untracked 
|  26|0x00000000e1a00000, 0x00000000e1a00000, 0x00000000e1b00000|  0%| F|  |TAMS 0x00000000e1a00000| PB 0x00000000e1a00000| Untracked 
|  27|0x00000000e1b00000, 0x00000000e1b00000, 0x00000000e1c00000|  0%| F|  |TAMS 0x00000000e1b00000| PB 0x00000000e1b00000| Untracked 
|  28|0x00000000e1c00000, 0x00000000e1c00000, 0x00000000e1d00000|  0%| F|  |TAMS 0x00000000e1c00000| PB 0x00000000e1c00000| Untracked 
|  29|0x00000000e1d00000, 0x00000000e1d00000, 0x00000000e1e00000|  0%| F|  |TAMS 0x00000000e1d00000| PB 0x00000000e1d00000| Untracked 
|  30|0x00000000e1e00000, 0x00000000e1e00000, 0x00000000e1f00000|  0%| F|  |TAMS 0x00000000e1e00000| PB 0x00000000e1e00000| Untracked 
|  31|0x00000000e1f00000, 0x00000000e1f00000, 0x00000000e2000000|  0%| F|  |TAMS 0x00000000e1f00000| PB 0x00000000e1f00000| Untracked 
|  32|0x00000000e2000000, 0x00000000e2000000, 0x00000000e2100000|  0%| F|  |TAMS 0x00000000e2000000| PB 0x00000000e2000000| Untracked 
|  33|0x00000000e2100000, 0x00000000e2100000, 0x00000000e2200000|  0%| F|  |TAMS 0x00000000e2100000| PB 0x00000000e2100000| Untracked 
|  34|0x00000000e2200000, 0x00000000e2200000, 0x00000000e2300000|  0%| F|  |TAMS 0x00000000e2200000| PB 0x00000000e2200000| Untracked 
|  35|0x00000000e2300000, 0x00000000e2300000, 0x00000000e2400000|  0%| F|  |TAMS 0x00000000e2300000| PB 0x00000000e2300000| Untracked 
|  36|0x00000000e2400000, 0x00000000e2400000, 0x00000000e2500000|  0%| F|  |TAMS 0x00000000e2400000| PB 0x00000000e2400000| Untracked 
|  37|0x00000000e2500000, 0x00000000e2500000, 0x00000000e2600000|  0%| F|  |TAMS 0x00000000e2500000| PB 0x00000000e2500000| Untracked 
|  38|0x00000000e2600000, 0x00000000e2600000, 0x00000000e2700000|  0%| F|  |TAMS 0x00000000e2600000| PB 0x00000000e2600000| Untracked 
|  39|0x00000000e2700000, 0x00000000e2700000, 0x00000000e2800000|  0%| F|  |TAMS 0x00000000e2700000| PB 0x00000000e2700000| Untracked 
|  40|0x00000000e2800000, 0x00000000e2800000, 0x00000000e2900000|  0%| F|  |TAMS 0x00000000e2800000| PB 0x00000000e2800000| Untracked 
|  41|0x00000000e2900000, 0x00000000e2900000, 0x00000000e2a00000|  0%| F|  |TAMS 0x00000000e2900000| PB 0x00000000e2900000| Untracked 
|  42|0x00000000e2a00000, 0x00000000e2a00000, 0x00000000e2b00000|  0%| F|  |TAMS 0x00000000e2a00000| PB 0x00000000e2a00000| Untracked 
|  43|0x00000000e2b00000, 0x00000000e2b00000, 0x00000000e2c00000|  0%| F|  |TAMS 0x00000000e2b00000| PB 0x00000000e2b00000| Untracked 
|  44|0x00000000e2c00000, 0x00000000e2c00000, 0x00000000e2d00000|  0%| F|  |TAMS 0x00000000e2c00000| PB 0x00000000e2c00000| Untracked 
|  45|0x00000000e2d00000, 0x00000000e2d00000, 0x00000000e2e00000|  0%| F|  |TAMS 0x00000000e2d00000| PB 0x00000000e2d00000| Untracked 
|  46|0x00000000e2e00000, 0x00000000e2e00000, 0x00000000e2f00000|  0%| F|  |TAMS 0x00000000e2e00000| PB 0x00000000e2e00000| Untracked 
|  47|0x00000000e2f00000, 0x00000000e2f00000, 0x00000000e3000000|  0%| F|  |TAMS 0x00000000e2f00000| PB 0x00000000e2f00000| Untracked 
|  48|0x00000000e3000000, 0x00000000e3000000, 0x00000000e3100000|  0%| F|  |TAMS 0x00000000e3000000| PB 0x00000000e3000000| Untracked 
|  49|0x00000000e3100000, 0x00000000e3100000, 0x00000000e3200000|  0%| F|  |TAMS 0x00000000e3100000| PB 0x00000000e3100000| Untracked 
|  50|0x00000000e3200000, 0x00000000e3200000, 0x00000000e3300000|  0%| F|  |TAMS 0x00000000e3200000| PB 0x00000000e3200000| Untracked 
|  51|0x00000000e3300000, 0x00000000e3300000, 0x00000000e3400000|  0%| F|  |TAMS 0x00000000e3300000| PB 0x00000000e3300000| Untracked 
|  52|0x00000000e3400000, 0x00000000e3400000, 0x00000000e3500000|  0%| F|  |TAMS 0x00000000e3400000| PB 0x00000000e3400000| Untracked 
|  53|0x00000000e3500000, 0x00000000e3500000, 0x00000000e3600000|  0%| F|  |TAMS 0x00000000e3500000| PB 0x00000000e3500000| Untracked 
|  54|0x00000000e3600000, 0x00000000e3600000, 0x00000000e3700000|  0%| F|  |TAMS 0x00000000e3600000| PB 0x00000000e3600000| Untracked 
|  55|0x00000000e3700000, 0x00000000e3700000, 0x00000000e3800000|  0%| F|  |TAMS 0x00000000e3700000| PB 0x00000000e3700000| Untracked 
|  56|0x00000000e3800000, 0x00000000e3800000, 0x00000000e3900000|  0%| F|  |TAMS 0x00000000e3800000| PB 0x00000000e3800000| Untracked 
|  57|0x00000000e3900000, 0x00000000e3900000, 0x00000000e3a00000|  0%| F|  |TAMS 0x00000000e3900000| PB 0x00000000e3900000| Untracked 
|  58|0x00000000e3a00000, 0x00000000e3a00000, 0x00000000e3b00000|  0%| F|  |TAMS 0x00000000e3a00000| PB 0x00000000e3a00000| Untracked 
|  59|0x00000000e3b00000, 0x00000000e3b00000, 0x00000000e3c00000|  0%| F|  |TAMS 0x00000000e3b00000| PB 0x00000000e3b00000| Untracked 
|  60|0x00000000e3c00000, 0x00000000e3c00000, 0x00000000e3d00000|  0%| F|  |TAMS 0x00000000e3c00000| PB 0x00000000e3c00000| Untracked 
|  61|0x00000000e3d00000, 0x00000000e3d00000, 0x00000000e3e00000|  0%| F|  |TAMS 0x00000000e3d00000| PB 0x00000000e3d00000| Untracked 
|  62|0x00000000e3e00000, 0x00000000e3e00000, 0x00000000e3f00000|  0%| F|  |TAMS 0x00000000e3e00000| PB 0x00000000e3e00000| Untracked 
|  63|0x00000000e3f00000, 0x00000000e3f00000, 0x00000000e4000000|  0%| F|  |TAMS 0x00000000e3f00000| PB 0x00000000e3f00000| Untracked 
|  64|0x00000000e4000000, 0x00000000e4000000, 0x00000000e4100000|  0%| F|  |TAMS 0x00000000e4000000| PB 0x00000000e4000000| Untracked 
|  65|0x00000000e4100000, 0x00000000e4100000, 0x00000000e4200000|  0%| F|  |TAMS 0x00000000e4100000| PB 0x00000000e4100000| Untracked 
|  66|0x00000000e4200000, 0x00000000e4200000, 0x00000000e4300000|  0%| F|  |TAMS 0x00000000e4200000| PB 0x00000000e4200000| Untracked 
|  67|0x00000000e4300000, 0x00000000e4300000, 0x00000000e4400000|  0%| F|  |TAMS 0x00000000e4300000| PB 0x00000000e4300000| Untracked 
|  68|0x00000000e4400000, 0x00000000e4400000, 0x00000000e4500000|  0%| F|  |TAMS 0x00000000e4400000| PB 0x00000000e4400000| Untracked 
|  69|0x00000000e4500000, 0x00000000e4500000, 0x00000000e4600000|  0%| F|  |TAMS 0x00000000e4500000| PB 0x00000000e4500000| Untracked 
|  70|0x00000000e4600000, 0x00000000e4600000, 0x00000000e4700000|  0%| F|  |TAMS 0x00000000e4600000| PB 0x00000000e4600000| Untracked 
|  71|0x00000000e4700000, 0x00000000e4700000, 0x00000000e4800000|  0%| F|  |TAMS 0x00000000e4700000| PB 0x00000000e4700000| Untracked 
|  72|0x00000000e4800000, 0x00000000e4800000, 0x00000000e4900000|  0%| F|  |TAMS 0x00000000e4800000| PB 0x00000000e4800000| Untracked 
|  73|0x00000000e4900000, 0x00000000e4900000, 0x00000000e4a00000|  0%| F|  |TAMS 0x00000000e4900000| PB 0x00000000e4900000| Untracked 
|  74|0x00000000e4a00000, 0x00000000e4a00000, 0x00000000e4b00000|  0%| F|  |TAMS 0x00000000e4a00000| PB 0x00000000e4a00000| Untracked 
|  75|0x00000000e4b00000, 0x00000000e4b00000, 0x00000000e4c00000|  0%| F|  |TAMS 0x00000000e4b00000| PB 0x00000000e4b00000| Untracked 
|  76|0x00000000e4c00000, 0x00000000e4c00000, 0x00000000e4d00000|  0%| F|  |TAMS 0x00000000e4c00000| PB 0x00000000e4c00000| Untracked 
|  77|0x00000000e4d00000, 0x00000000e4d00000, 0x00000000e4e00000|  0%| F|  |TAMS 0x00000000e4d00000| PB 0x00000000e4d00000| Untracked 
|  78|0x00000000e4e00000, 0x00000000e4e00000, 0x00000000e4f00000|  0%| F|  |TAMS 0x00000000e4e00000| PB 0x00000000e4e00000| Untracked 
|  79|0x00000000e4f00000, 0x00000000e4f00000, 0x00000000e5000000|  0%| F|  |TAMS 0x00000000e4f00000| PB 0x00000000e4f00000| Untracked 
|  80|0x00000000e5000000, 0x00000000e5000000, 0x00000000e5100000|  0%| F|  |TAMS 0x00000000e5000000| PB 0x00000000e5000000| Untracked 
|  81|0x00000000e5100000, 0x00000000e5100000, 0x00000000e5200000|  0%| F|  |TAMS 0x00000000e5100000| PB 0x00000000e5100000| Untracked 
|  82|0x00000000e5200000, 0x00000000e5200000, 0x00000000e5300000|  0%| F|  |TAMS 0x00000000e5200000| PB 0x00000000e5200000| Untracked 
|  83|0x00000000e5300000, 0x00000000e5300000, 0x00000000e5400000|  0%| F|  |TAMS 0x00000000e5300000| PB 0x00000000e5300000| Untracked 
|  84|0x00000000e5400000, 0x00000000e5400000, 0x00000000e5500000|  0%| F|  |TAMS 0x00000000e5400000| PB 0x00000000e5400000| Untracked 
|  85|0x00000000e5500000, 0x00000000e5500000, 0x00000000e5600000|  0%| F|  |TAMS 0x00000000e5500000| PB 0x00000000e5500000| Untracked 
|  86|0x00000000e5600000, 0x00000000e5600000, 0x00000000e5700000|  0%| F|  |TAMS 0x00000000e5600000| PB 0x00000000e5600000| Untracked 
|  87|0x00000000e5700000, 0x00000000e5700000, 0x00000000e5800000|  0%| F|  |TAMS 0x00000000e5700000| PB 0x00000000e5700000| Untracked 
|  88|0x00000000e5800000, 0x00000000e5800000, 0x00000000e5900000|  0%| F|  |TAMS 0x00000000e5800000| PB 0x00000000e5800000| Untracked 
|  89|0x00000000e5900000, 0x00000000e5900000, 0x00000000e5a00000|  0%| F|  |TAMS 0x00000000e5900000| PB 0x00000000e5900000| Untracked 
|  90|0x00000000e5a00000, 0x00000000e5a00000, 0x00000000e5b00000|  0%| F|  |TAMS 0x00000000e5a00000| PB 0x00000000e5a00000| Untracked 
|  91|0x00000000e5b00000, 0x00000000e5b00000, 0x00000000e5c00000|  0%| F|  |TAMS 0x00000000e5b00000| PB 0x00000000e5b00000| Untracked 
|  92|0x00000000e5c00000, 0x00000000e5c00000, 0x00000000e5d00000|  0%| F|  |TAMS 0x00000000e5c00000| PB 0x00000000e5c00000| Untracked 
|  93|0x00000000e5d00000, 0x00000000e5d00000, 0x00000000e5e00000|  0%| F|  |TAMS 0x00000000e5d00000| PB 0x00000000e5d00000| Untracked 
|  94|0x00000000e5e00000, 0x00000000e5e00000, 0x00000000e5f00000|  0%| F|  |TAMS 0x00000000e5e00000| PB 0x00000000e5e00000| Untracked 
|  95|0x00000000e5f00000, 0x00000000e5f00000, 0x00000000e6000000|  0%| F|  |TAMS 0x00000000e5f00000| PB 0x00000000e5f00000| Untracked 
|  96|0x00000000e6000000, 0x00000000e6000000, 0x00000000e6100000|  0%| F|  |TAMS 0x00000000e6000000| PB 0x00000000e6000000| Untracked 
|  97|0x00000000e6100000, 0x00000000e6100000, 0x00000000e6200000|  0%| F|  |TAMS 0x00000000e6100000| PB 0x00000000e6100000| Untracked 
|  98|0x00000000e6200000, 0x00000000e6200000, 0x00000000e6300000|  0%| F|  |TAMS 0x00000000e6200000| PB 0x00000000e6200000| Untracked 
|  99|0x00000000e6300000, 0x00000000e6300000, 0x00000000e6400000|  0%| F|  |TAMS 0x00000000e6300000| PB 0x00000000e6300000| Untracked 
| 100|0x00000000e6400000, 0x00000000e6400000, 0x00000000e6500000|  0%| F|  |TAMS 0x00000000e6400000| PB 0x00000000e6400000| Untracked 
| 101|0x00000000e6500000, 0x00000000e6500000, 0x00000000e6600000|  0%| F|  |TAMS 0x00000000e6500000| PB 0x00000000e6500000| Untracked 
| 102|0x00000000e6600000, 0x00000000e6600000, 0x00000000e6700000|  0%| F|  |TAMS 0x00000000e6600000| PB 0x00000000e6600000| Untracked 
| 103|0x00000000e6700000, 0x00000000e6700000, 0x00000000e6800000|  0%| F|  |TAMS 0x00000000e6700000| PB 0x00000000e6700000| Untracked 
| 104|0x00000000e6800000, 0x00000000e6800000, 0x00000000e6900000|  0%| F|  |TAMS 0x00000000e6800000| PB 0x00000000e6800000| Untracked 
| 105|0x00000000e6900000, 0x00000000e6900000, 0x00000000e6a00000|  0%| F|  |TAMS 0x00000000e6900000| PB 0x00000000e6900000| Untracked 
| 106|0x00000000e6a00000, 0x00000000e6a00000, 0x00000000e6b00000|  0%| F|  |TAMS 0x00000000e6a00000| PB 0x00000000e6a00000| Untracked 
| 107|0x00000000e6b00000, 0x00000000e6b00000, 0x00000000e6c00000|  0%| F|  |TAMS 0x00000000e6b00000| PB 0x00000000e6b00000| Untracked 
| 108|0x00000000e6c00000, 0x00000000e6c00000, 0x00000000e6d00000|  0%| F|  |TAMS 0x00000000e6c00000| PB 0x00000000e6c00000| Untracked 
| 109|0x00000000e6d00000, 0x00000000e6d00000, 0x00000000e6e00000|  0%| F|  |TAMS 0x00000000e6d00000| PB 0x00000000e6d00000| Untracked 
| 110|0x00000000e6e00000, 0x00000000e6e00000, 0x00000000e6f00000|  0%| F|  |TAMS 0x00000000e6e00000| PB 0x00000000e6e00000| Untracked 
| 111|0x00000000e6f00000, 0x00000000e6f00000, 0x00000000e7000000|  0%| F|  |TAMS 0x00000000e6f00000| PB 0x00000000e6f00000| Untracked 
| 112|0x00000000e7000000, 0x00000000e7000000, 0x00000000e7100000|  0%| F|  |TAMS 0x00000000e7000000| PB 0x00000000e7000000| Untracked 
| 113|0x00000000e7100000, 0x00000000e7100000, 0x00000000e7200000|  0%| F|  |TAMS 0x00000000e7100000| PB 0x00000000e7100000| Untracked 
| 114|0x00000000e7200000, 0x00000000e7200000, 0x00000000e7300000|  0%| F|  |TAMS 0x00000000e7200000| PB 0x00000000e7200000| Untracked 
| 115|0x00000000e7300000, 0x00000000e7300000, 0x00000000e7400000|  0%| F|  |TAMS 0x00000000e7300000| PB 0x00000000e7300000| Untracked 
| 116|0x00000000e7400000, 0x00000000e7400000, 0x00000000e7500000|  0%| F|  |TAMS 0x00000000e7400000| PB 0x00000000e7400000| Untracked 
| 117|0x00000000e7500000, 0x00000000e7500000, 0x00000000e7600000|  0%| F|  |TAMS 0x00000000e7500000| PB 0x00000000e7500000| Untracked 
| 118|0x00000000e7600000, 0x00000000e7600000, 0x00000000e7700000|  0%| F|  |TAMS 0x00000000e7600000| PB 0x00000000e7600000| Untracked 
| 119|0x00000000e7700000, 0x00000000e7700000, 0x00000000e7800000|  0%| F|  |TAMS 0x00000000e7700000| PB 0x00000000e7700000| Untracked 
| 120|0x00000000e7800000, 0x00000000e7800000, 0x00000000e7900000|  0%| F|  |TAMS 0x00000000e7800000| PB 0x00000000e7800000| Untracked 
| 121|0x00000000e7900000, 0x00000000e7900000, 0x00000000e7a00000|  0%| F|  |TAMS 0x00000000e7900000| PB 0x00000000e7900000| Untracked 
| 122|0x00000000e7a00000, 0x00000000e7a00000, 0x00000000e7b00000|  0%| F|  |TAMS 0x00000000e7a00000| PB 0x00000000e7a00000| Untracked 
| 123|0x00000000e7b00000, 0x00000000e7b00000, 0x00000000e7c00000|  0%| F|  |TAMS 0x00000000e7b00000| PB 0x00000000e7b00000| Untracked 
| 124|0x00000000e7c00000, 0x00000000e7c00000, 0x00000000e7d00000|  0%| F|  |TAMS 0x00000000e7c00000| PB 0x00000000e7c00000| Untracked 
| 125|0x00000000e7d00000, 0x00000000e7d00000, 0x00000000e7e00000|  0%| F|  |TAMS 0x00000000e7d00000| PB 0x00000000e7d00000| Untracked 
| 126|0x00000000e7e00000, 0x00000000e7e00000, 0x00000000e7f00000|  0%| F|  |TAMS 0x00000000e7e00000| PB 0x00000000e7e00000| Untracked 
| 127|0x00000000e7f00000, 0x00000000e7f00000, 0x00000000e8000000|  0%| F|  |TAMS 0x00000000e7f00000| PB 0x00000000e7f00000| Untracked 
| 128|0x00000000e8000000, 0x00000000e8000000, 0x00000000e8100000|  0%| F|  |TAMS 0x00000000e8000000| PB 0x00000000e8000000| Untracked 
| 129|0x00000000e8100000, 0x00000000e8100000, 0x00000000e8200000|  0%| F|  |TAMS 0x00000000e8100000| PB 0x00000000e8100000| Untracked 
| 130|0x00000000e8200000, 0x00000000e8200000, 0x00000000e8300000|  0%| F|  |TAMS 0x00000000e8200000| PB 0x00000000e8200000| Untracked 
| 131|0x00000000e8300000, 0x00000000e8300000, 0x00000000e8400000|  0%| F|  |TAMS 0x00000000e8300000| PB 0x00000000e8300000| Untracked 
| 132|0x00000000e8400000, 0x00000000e8400000, 0x00000000e8500000|  0%| F|  |TAMS 0x00000000e8400000| PB 0x00000000e8400000| Untracked 
| 133|0x00000000e8500000, 0x00000000e8500000, 0x00000000e8600000|  0%| F|  |TAMS 0x00000000e8500000| PB 0x00000000e8500000| Untracked 
| 134|0x00000000e8600000, 0x00000000e8600000, 0x00000000e8700000|  0%| F|  |TAMS 0x00000000e8600000| PB 0x00000000e8600000| Untracked 
| 135|0x00000000e8700000, 0x00000000e8700000, 0x00000000e8800000|  0%| F|  |TAMS 0x00000000e8700000| PB 0x00000000e8700000| Untracked 
| 136|0x00000000e8800000, 0x00000000e8800000, 0x00000000e8900000|  0%| F|  |TAMS 0x00000000e8800000| PB 0x00000000e8800000| Untracked 
| 137|0x00000000e8900000, 0x00000000e8900000, 0x00000000e8a00000|  0%| F|  |TAMS 0x00000000e8900000| PB 0x00000000e8900000| Untracked 
| 138|0x00000000e8a00000, 0x00000000e8a00000, 0x00000000e8b00000|  0%| F|  |TAMS 0x00000000e8a00000| PB 0x00000000e8a00000| Untracked 
| 139|0x00000000e8b00000, 0x00000000e8b00000, 0x00000000e8c00000|  0%| F|  |TAMS 0x00000000e8b00000| PB 0x00000000e8b00000| Untracked 
| 140|0x00000000e8c00000, 0x00000000e8c00000, 0x00000000e8d00000|  0%| F|  |TAMS 0x00000000e8c00000| PB 0x00000000e8c00000| Untracked 
| 141|0x00000000e8d00000, 0x00000000e8d00000, 0x00000000e8e00000|  0%| F|  |TAMS 0x00000000e8d00000| PB 0x00000000e8d00000| Untracked 
| 142|0x00000000e8e00000, 0x00000000e8e00000, 0x00000000e8f00000|  0%| F|  |TAMS 0x00000000e8e00000| PB 0x00000000e8e00000| Untracked 
| 143|0x00000000e8f00000, 0x00000000e8f00000, 0x00000000e9000000|  0%| F|  |TAMS 0x00000000e8f00000| PB 0x00000000e8f00000| Untracked 
| 144|0x00000000e9000000, 0x00000000e9000000, 0x00000000e9100000|  0%| F|  |TAMS 0x00000000e9000000| PB 0x00000000e9000000| Untracked 
| 145|0x00000000e9100000, 0x00000000e9100000, 0x00000000e9200000|  0%| F|  |TAMS 0x00000000e9100000| PB 0x00000000e9100000| Untracked 
| 146|0x00000000e9200000, 0x00000000e9200000, 0x00000000e9300000|  0%| F|  |TAMS 0x00000000e9200000| PB 0x00000000e9200000| Untracked 
| 147|0x00000000e9300000, 0x00000000e9300000, 0x00000000e9400000|  0%| F|  |TAMS 0x00000000e9300000| PB 0x00000000e9300000| Untracked 
| 148|0x00000000e9400000, 0x00000000e9400000, 0x00000000e9500000|  0%| F|  |TAMS 0x00000000e9400000| PB 0x00000000e9400000| Untracked 
| 149|0x00000000e9500000, 0x00000000e9500000, 0x00000000e9600000|  0%| F|  |TAMS 0x00000000e9500000| PB 0x00000000e9500000| Untracked 
| 150|0x00000000e9600000, 0x00000000e9600000, 0x00000000e9700000|  0%| F|  |TAMS 0x00000000e9600000| PB 0x00000000e9600000| Untracked 
| 151|0x00000000e9700000, 0x00000000e9700000, 0x00000000e9800000|  0%| F|  |TAMS 0x00000000e9700000| PB 0x00000000e9700000| Untracked 
| 152|0x00000000e9800000, 0x00000000e9800000, 0x00000000e9900000|  0%| F|  |TAMS 0x00000000e9800000| PB 0x00000000e9800000| Untracked 
| 153|0x00000000e9900000, 0x00000000e9900000, 0x00000000e9a00000|  0%| F|  |TAMS 0x00000000e9900000| PB 0x00000000e9900000| Untracked 
| 154|0x00000000e9a00000, 0x00000000e9a00000, 0x00000000e9b00000|  0%| F|  |TAMS 0x00000000e9a00000| PB 0x00000000e9a00000| Untracked 
| 155|0x00000000e9b00000, 0x00000000e9b00000, 0x00000000e9c00000|  0%| F|  |TAMS 0x00000000e9b00000| PB 0x00000000e9b00000| Untracked 
| 156|0x00000000e9c00000, 0x00000000e9c00000, 0x00000000e9d00000|  0%| F|  |TAMS 0x00000000e9c00000| PB 0x00000000e9c00000| Untracked 
| 157|0x00000000e9d00000, 0x00000000e9d00000, 0x00000000e9e00000|  0%| F|  |TAMS 0x00000000e9d00000| PB 0x00000000e9d00000| Untracked 
| 158|0x00000000e9e00000, 0x00000000e9e00000, 0x00000000e9f00000|  0%| F|  |TAMS 0x00000000e9e00000| PB 0x00000000e9e00000| Untracked 
| 159|0x00000000e9f00000, 0x00000000e9f00000, 0x00000000ea000000|  0%| F|  |TAMS 0x00000000e9f00000| PB 0x00000000e9f00000| Untracked 
| 160|0x00000000ea000000, 0x00000000ea000000, 0x00000000ea100000|  0%| F|  |TAMS 0x00000000ea000000| PB 0x00000000ea000000| Untracked 
| 161|0x00000000ea100000, 0x00000000ea100000, 0x00000000ea200000|  0%| F|  |TAMS 0x00000000ea100000| PB 0x00000000ea100000| Untracked 
| 162|0x00000000ea200000, 0x00000000ea200000, 0x00000000ea300000|  0%| F|  |TAMS 0x00000000ea200000| PB 0x00000000ea200000| Untracked 
| 163|0x00000000ea300000, 0x00000000ea300000, 0x00000000ea400000|  0%| F|  |TAMS 0x00000000ea300000| PB 0x00000000ea300000| Untracked 
| 164|0x00000000ea400000, 0x00000000ea400000, 0x00000000ea500000|  0%| F|  |TAMS 0x00000000ea400000| PB 0x00000000ea400000| Untracked 
| 165|0x00000000ea500000, 0x00000000ea500000, 0x00000000ea600000|  0%| F|  |TAMS 0x00000000ea500000| PB 0x00000000ea500000| Untracked 
| 166|0x00000000ea600000, 0x00000000ea600000, 0x00000000ea700000|  0%| F|  |TAMS 0x00000000ea600000| PB 0x00000000ea600000| Untracked 
| 167|0x00000000ea700000, 0x00000000ea700000, 0x00000000ea800000|  0%| F|  |TAMS 0x00000000ea700000| PB 0x00000000ea700000| Untracked 
| 168|0x00000000ea800000, 0x00000000ea800000, 0x00000000ea900000|  0%| F|  |TAMS 0x00000000ea800000| PB 0x00000000ea800000| Untracked 
| 169|0x00000000ea900000, 0x00000000ea900000, 0x00000000eaa00000|  0%| F|  |TAMS 0x00000000ea900000| PB 0x00000000ea900000| Untracked 
| 170|0x00000000eaa00000, 0x00000000eaa00000, 0x00000000eab00000|  0%| F|  |TAMS 0x00000000eaa00000| PB 0x00000000eaa00000| Untracked 
| 171|0x00000000eab00000, 0x00000000eab00000, 0x00000000eac00000|  0%| F|  |TAMS 0x00000000eab00000| PB 0x00000000eab00000| Untracked 
| 172|0x00000000eac00000, 0x00000000eac00000, 0x00000000ead00000|  0%| F|  |TAMS 0x00000000eac00000| PB 0x00000000eac00000| Untracked 
| 173|0x00000000ead00000, 0x00000000ead00000, 0x00000000eae00000|  0%| F|  |TAMS 0x00000000ead00000| PB 0x00000000ead00000| Untracked 
| 174|0x00000000eae00000, 0x00000000eae00000, 0x00000000eaf00000|  0%| F|  |TAMS 0x00000000eae00000| PB 0x00000000eae00000| Untracked 
| 175|0x00000000eaf00000, 0x00000000eaf00000, 0x00000000eb000000|  0%| F|  |TAMS 0x00000000eaf00000| PB 0x00000000eaf00000| Untracked 
| 176|0x00000000eb000000, 0x00000000eb000000, 0x00000000eb100000|  0%| F|  |TAMS 0x00000000eb000000| PB 0x00000000eb000000| Untracked 
| 177|0x00000000eb100000, 0x00000000eb100000, 0x00000000eb200000|  0%| F|  |TAMS 0x00000000eb100000| PB 0x00000000eb100000| Untracked 
| 178|0x00000000eb200000, 0x00000000eb200000, 0x00000000eb300000|  0%| F|  |TAMS 0x00000000eb200000| PB 0x00000000eb200000| Untracked 
| 179|0x00000000eb300000, 0x00000000eb300000, 0x00000000eb400000|  0%| F|  |TAMS 0x00000000eb300000| PB 0x00000000eb300000| Untracked 
| 180|0x00000000eb400000, 0x00000000eb400000, 0x00000000eb500000|  0%| F|  |TAMS 0x00000000eb400000| PB 0x00000000eb400000| Untracked 
| 181|0x00000000eb500000, 0x00000000eb500000, 0x00000000eb600000|  0%| F|  |TAMS 0x00000000eb500000| PB 0x00000000eb500000| Untracked 
| 182|0x00000000eb600000, 0x00000000eb600000, 0x00000000eb700000|  0%| F|  |TAMS 0x00000000eb600000| PB 0x00000000eb600000| Untracked 
| 183|0x00000000eb700000, 0x00000000eb700000, 0x00000000eb800000|  0%| F|  |TAMS 0x00000000eb700000| PB 0x00000000eb700000| Untracked 
| 184|0x00000000eb800000, 0x00000000eb800000, 0x00000000eb900000|  0%| F|  |TAMS 0x00000000eb800000| PB 0x00000000eb800000| Untracked 
| 185|0x00000000eb900000, 0x00000000eb900000, 0x00000000eba00000|  0%| F|  |TAMS 0x00000000eb900000| PB 0x00000000eb900000| Untracked 
| 186|0x00000000eba00000, 0x00000000eba00000, 0x00000000ebb00000|  0%| F|  |TAMS 0x00000000eba00000| PB 0x00000000eba00000| Untracked 
| 187|0x00000000ebb00000, 0x00000000ebb00000, 0x00000000ebc00000|  0%| F|  |TAMS 0x00000000ebb00000| PB 0x00000000ebb00000| Untracked 
| 188|0x00000000ebc00000, 0x00000000ebc00000, 0x00000000ebd00000|  0%| F|  |TAMS 0x00000000ebc00000| PB 0x00000000ebc00000| Untracked 
| 189|0x00000000ebd00000, 0x00000000ebd00000, 0x00000000ebe00000|  0%| F|  |TAMS 0x00000000ebd00000| PB 0x00000000ebd00000| Untracked 
| 190|0x00000000ebe00000, 0x00000000ebe00000, 0x00000000ebf00000|  0%| F|  |TAMS 0x00000000ebe00000| PB 0x00000000ebe00000| Untracked 
| 191|0x00000000ebf00000, 0x00000000ebf00000, 0x00000000ec000000|  0%| F|  |TAMS 0x00000000ebf00000| PB 0x00000000ebf00000| Untracked 
| 192|0x00000000ec000000, 0x00000000ec000000, 0x00000000ec100000|  0%| F|  |TAMS 0x00000000ec000000| PB 0x00000000ec000000| Untracked 
| 193|0x00000000ec100000, 0x00000000ec100000, 0x00000000ec200000|  0%| F|  |TAMS 0x00000000ec100000| PB 0x00000000ec100000| Untracked 
| 194|0x00000000ec200000, 0x00000000ec200000, 0x00000000ec300000|  0%| F|  |TAMS 0x00000000ec200000| PB 0x00000000ec200000| Untracked 
| 195|0x00000000ec300000, 0x00000000ec300000, 0x00000000ec400000|  0%| F|  |TAMS 0x00000000ec300000| PB 0x00000000ec300000| Untracked 
| 196|0x00000000ec400000, 0x00000000ec400000, 0x00000000ec500000|  0%| F|  |TAMS 0x00000000ec400000| PB 0x00000000ec400000| Untracked 
| 197|0x00000000ec500000, 0x00000000ec580000, 0x00000000ec600000| 50%| E|  |TAMS 0x00000000ec500000| PB 0x00000000ec500000| Complete 
| 198|0x00000000ec600000, 0x00000000ec700000, 0x00000000ec700000|100%| E|CS|TAMS 0x00000000ec600000| PB 0x00000000ec600000| Complete 
| 199|0x00000000ec700000, 0x00000000ec800000, 0x00000000ec800000|100%| E|CS|TAMS 0x00000000ec700000| PB 0x00000000ec700000| Complete 
| 200|0x00000000ec800000, 0x00000000ec900000, 0x00000000ec900000|100%| E|CS|TAMS 0x00000000ec800000| PB 0x00000000ec800000| Complete 
| 201|0x00000000ec900000, 0x00000000eca00000, 0x00000000eca00000|100%| E|CS|TAMS 0x00000000ec900000| PB 0x00000000ec900000| Complete 
| 202|0x00000000eca00000, 0x00000000ecb00000, 0x00000000ecb00000|100%| E|CS|TAMS 0x00000000eca00000| PB 0x00000000eca00000| Complete 
| 203|0x00000000ecb00000, 0x00000000ecc00000, 0x00000000ecc00000|100%| E|CS|TAMS 0x00000000ecb00000| PB 0x00000000ecb00000| Complete 
| 204|0x00000000ecc00000, 0x00000000ecd00000, 0x00000000ecd00000|100%| E|CS|TAMS 0x00000000ecc00000| PB 0x00000000ecc00000| Complete 
| 205|0x00000000ecd00000, 0x00000000ece00000, 0x00000000ece00000|100%| E|CS|TAMS 0x00000000ecd00000| PB 0x00000000ecd00000| Complete 
| 206|0x00000000ece00000, 0x00000000ecf00000, 0x00000000ecf00000|100%| E|CS|TAMS 0x00000000ece00000| PB 0x00000000ece00000| Complete 
| 207|0x00000000ecf00000, 0x00000000ed000000, 0x00000000ed000000|100%| E|CS|TAMS 0x00000000ecf00000| PB 0x00000000ecf00000| Complete 
| 208|0x00000000ed000000, 0x00000000ed100000, 0x00000000ed100000|100%| E|CS|TAMS 0x00000000ed000000| PB 0x00000000ed000000| Complete 
| 209|0x00000000ed100000, 0x00000000ed200000, 0x00000000ed200000|100%| E|CS|TAMS 0x00000000ed100000| PB 0x00000000ed100000| Complete 
| 210|0x00000000ed200000, 0x00000000ed300000, 0x00000000ed300000|100%| E|CS|TAMS 0x00000000ed200000| PB 0x00000000ed200000| Complete 
| 211|0x00000000ed300000, 0x00000000ed400000, 0x00000000ed400000|100%| E|CS|TAMS 0x00000000ed300000| PB 0x00000000ed300000| Complete 
| 212|0x00000000ed400000, 0x00000000ed500000, 0x00000000ed500000|100%| E|CS|TAMS 0x00000000ed400000| PB 0x00000000ed400000| Complete 
| 213|0x00000000ed500000, 0x00000000ed600000, 0x00000000ed600000|100%| E|CS|TAMS 0x00000000ed500000| PB 0x00000000ed500000| Complete 
| 214|0x00000000ed600000, 0x00000000ed700000, 0x00000000ed700000|100%| E|CS|TAMS 0x00000000ed600000| PB 0x00000000ed600000| Complete 
| 215|0x00000000ed700000, 0x00000000ed800000, 0x00000000ed800000|100%| E|CS|TAMS 0x00000000ed700000| PB 0x00000000ed700000| Complete 
| 216|0x00000000ed800000, 0x00000000ed900000, 0x00000000ed900000|100%| E|CS|TAMS 0x00000000ed800000| PB 0x00000000ed800000| Complete 
| 217|0x00000000ed900000, 0x00000000eda00000, 0x00000000eda00000|100%| E|CS|TAMS 0x00000000ed900000| PB 0x00000000ed900000| Complete 
| 218|0x00000000eda00000, 0x00000000edb00000, 0x00000000edb00000|100%| E|CS|TAMS 0x00000000eda00000| PB 0x00000000eda00000| Complete 
| 219|0x00000000edb00000, 0x00000000edc00000, 0x00000000edc00000|100%| E|CS|TAMS 0x00000000edb00000| PB 0x00000000edb00000| Complete 
| 220|0x00000000edc00000, 0x00000000edd00000, 0x00000000edd00000|100%| E|CS|TAMS 0x00000000edc00000| PB 0x00000000edc00000| Complete 
| 221|0x00000000edd00000, 0x00000000ede00000, 0x00000000ede00000|100%| E|CS|TAMS 0x00000000edd00000| PB 0x00000000edd00000| Complete 
| 222|0x00000000ede00000, 0x00000000edf00000, 0x00000000edf00000|100%| E|CS|TAMS 0x00000000ede00000| PB 0x00000000ede00000| Complete 
| 223|0x00000000edf00000, 0x00000000ee000000, 0x00000000ee000000|100%| E|CS|TAMS 0x00000000edf00000| PB 0x00000000edf00000| Complete 
| 224|0x00000000ee000000, 0x00000000ee100000, 0x00000000ee100000|100%| E|CS|TAMS 0x00000000ee000000| PB 0x00000000ee000000| Complete 
| 225|0x00000000ee100000, 0x00000000ee1d2d28, 0x00000000ee200000| 82%| S|CS|TAMS 0x00000000ee100000| PB 0x00000000ee100000| Complete 
| 226|0x00000000ee200000, 0x00000000ee300000, 0x00000000ee300000|100%| S|CS|TAMS 0x00000000ee200000| PB 0x00000000ee200000| Complete 
| 227|0x00000000ee300000, 0x00000000ee400000, 0x00000000ee400000|100%| E|CS|TAMS 0x00000000ee300000| PB 0x00000000ee300000| Complete 
| 228|0x00000000ee400000, 0x00000000ee500000, 0x00000000ee500000|100%| E|CS|TAMS 0x00000000ee400000| PB 0x00000000ee400000| Complete 
| 229|0x00000000ee500000, 0x00000000ee600000, 0x00000000ee600000|100%| E|CS|TAMS 0x00000000ee500000| PB 0x00000000ee500000| Complete 
| 230|0x00000000ee600000, 0x00000000ee700000, 0x00000000ee700000|100%| E|CS|TAMS 0x00000000ee600000| PB 0x00000000ee600000| Complete 
| 231|0x00000000ee700000, 0x00000000ee800000, 0x00000000ee800000|100%| E|CS|TAMS 0x00000000ee700000| PB 0x00000000ee700000| Complete 
| 232|0x00000000ee800000, 0x00000000ee900000, 0x00000000ee900000|100%| E|CS|TAMS 0x00000000ee800000| PB 0x00000000ee800000| Complete 
| 233|0x00000000ee900000, 0x00000000eea00000, 0x00000000eea00000|100%| E|CS|TAMS 0x00000000ee900000| PB 0x00000000ee900000| Complete 
| 234|0x00000000eea00000, 0x00000000eeb00000, 0x00000000eeb00000|100%| E|CS|TAMS 0x00000000eea00000| PB 0x00000000eea00000| Complete 
| 235|0x00000000eeb00000, 0x00000000eec00000, 0x00000000eec00000|100%| E|CS|TAMS 0x00000000eeb00000| PB 0x00000000eeb00000| Complete 
| 236|0x00000000eec00000, 0x00000000eed00000, 0x00000000eed00000|100%| E|CS|TAMS 0x00000000eec00000| PB 0x00000000eec00000| Complete 
| 237|0x00000000eed00000, 0x00000000eee00000, 0x00000000eee00000|100%| E|CS|TAMS 0x00000000eed00000| PB 0x00000000eed00000| Complete 
| 238|0x00000000eee00000, 0x00000000eef00000, 0x00000000eef00000|100%| E|CS|TAMS 0x00000000eee00000| PB 0x00000000eee00000| Complete 
| 239|0x00000000eef00000, 0x00000000ef000000, 0x00000000ef000000|100%| E|CS|TAMS 0x00000000eef00000| PB 0x00000000eef00000| Complete 
| 240|0x00000000ef000000, 0x00000000ef100000, 0x00000000ef100000|100%| E|CS|TAMS 0x00000000ef000000| PB 0x00000000ef000000| Complete 
| 241|0x00000000ef100000, 0x00000000ef200000, 0x00000000ef200000|100%| E|CS|TAMS 0x00000000ef100000| PB 0x00000000ef100000| Complete 
| 242|0x00000000ef200000, 0x00000000ef300000, 0x00000000ef300000|100%| E|CS|TAMS 0x00000000ef200000| PB 0x00000000ef200000| Complete 
| 243|0x00000000ef300000, 0x00000000ef400000, 0x00000000ef400000|100%| E|CS|TAMS 0x00000000ef300000| PB 0x00000000ef300000| Complete 
| 244|0x00000000ef400000, 0x00000000ef500000, 0x00000000ef500000|100%| E|CS|TAMS 0x00000000ef400000| PB 0x00000000ef400000| Complete 
| 245|0x00000000ef500000, 0x00000000ef600000, 0x00000000ef600000|100%| E|CS|TAMS 0x00000000ef500000| PB 0x00000000ef500000| Complete 
| 246|0x00000000ef600000, 0x00000000ef700000, 0x00000000ef700000|100%| E|CS|TAMS 0x00000000ef600000| PB 0x00000000ef600000| Complete 
| 247|0x00000000ef700000, 0x00000000ef800000, 0x00000000ef800000|100%| E|CS|TAMS 0x00000000ef700000| PB 0x00000000ef700000| Complete 
| 248|0x00000000ef800000, 0x00000000ef900000, 0x00000000ef900000|100%| E|CS|TAMS 0x00000000ef800000| PB 0x00000000ef800000| Complete 
| 249|0x00000000ef900000, 0x00000000efa00000, 0x00000000efa00000|100%| E|CS|TAMS 0x00000000ef900000| PB 0x00000000ef900000| Complete 
| 250|0x00000000efa00000, 0x00000000efb00000, 0x00000000efb00000|100%| E|CS|TAMS 0x00000000efa00000| PB 0x00000000efa00000| Complete 
| 251|0x00000000efb00000, 0x00000000efc00000, 0x00000000efc00000|100%| E|CS|TAMS 0x00000000efb00000| PB 0x00000000efb00000| Complete 
| 252|0x00000000efc00000, 0x00000000efd00000, 0x00000000efd00000|100%| E|CS|TAMS 0x00000000efc00000| PB 0x00000000efc00000| Complete 
| 253|0x00000000efd00000, 0x00000000efe00000, 0x00000000efe00000|100%| E|CS|TAMS 0x00000000efd00000| PB 0x00000000efd00000| Complete 
| 254|0x00000000efe00000, 0x00000000eff00000, 0x00000000eff00000|100%| E|CS|TAMS 0x00000000efe00000| PB 0x00000000efe00000| Complete 
| 255|0x00000000eff00000, 0x00000000f0000000, 0x00000000f0000000|100%| E|CS|TAMS 0x00000000eff00000| PB 0x00000000eff00000| Complete 

Card table byte_map: [0x00000164dd3d0000,0x00000164dd4d0000] _byte_map_base: 0x00000164dccd0000

Marking Bits: (CMBitMap*) 0x00000164cadcc880
 Bits: [0x00000164dd4d0000, 0x00000164ddcd0000)

Polling page: 0x00000164c8c90000

Metaspace:

Usage:
  Non-class:     10.69 MB used.
      Class:      1.68 MB used.
       Both:     12.36 MB used.

Virtual space:
  Non-class space:       64.00 MB reserved,      10.88 MB ( 17%) committed,  1 nodes.
      Class space:      320.00 MB reserved,       1.81 MB ( <1%) committed,  1 nodes.
             Both:      384.00 MB reserved,      12.69 MB (  3%) committed. 

Chunk freelists:
   Non-Class:  4.95 MB
       Class:  14.17 MB
        Both:  19.12 MB

MaxMetaspaceSize: 384.00 MB
CompressedClassSpaceSize: 320.00 MB
Initial GC threshold: 21.00 MB
Current GC threshold: 21.00 MB
CDS: on
 - commit_granule_bytes: 65536.
 - commit_granule_words: 8192.
 - virtual_space_node_default_size: 8388608.
 - enlarge_chunks_in_place: 1.
 - use_allocation_guard: 0.


Internal statistics:

num_allocs_failed_limit: 0.
num_arena_births: 368.
num_arena_deaths: 0.
num_vsnodes_births: 2.
num_vsnodes_deaths: 0.
num_space_committed: 203.
num_space_uncommitted: 0.
num_chunks_returned_to_freelist: 0.
num_chunks_taken_from_freelist: 742.
num_chunk_merges: 0.
num_chunk_splits: 504.
num_chunks_enlarged: 356.
num_inconsistent_stats: 0.

CodeHeap 'non-profiled nmethods': size=120000Kb used=1079Kb max_used=1079Kb free=118920Kb
 bounds [0x00000164d5a70000, 0x00000164d5ce0000, 0x00000164dcfa0000]
CodeHeap 'profiled nmethods': size=120000Kb used=5153Kb max_used=5153Kb free=114846Kb
 bounds [0x00000164cdfa0000, 0x00000164ce4b0000, 0x00000164d54d0000]
CodeHeap 'non-nmethods': size=5760Kb used=1511Kb max_used=1529Kb free=4248Kb
 bounds [0x00000164d54d0000, 0x00000164d5740000, 0x00000164d5a70000]
CodeCache: size=245760Kb, used=7743Kb, max_used=7761Kb, free=238014Kb
 total_blobs=3160, nmethods=2613, adapters=451, full_count=0
Compilation: enabled, stopped_count=0, restarted_count=0

Compilation events (20 events):
Event: 144.289 Thread 0x00000164e0775e00 2603       3       java.util.Collections$UnmodifiableCollection::contains (11 bytes)
Event: 144.289 Thread 0x00000164e0775e00 nmethod 2603 0x00000164ce4a6590 code [0x00000164ce4a6740, 0x00000164ce4a6918]
Event: 144.289 Thread 0x00000164e0775e00 2604       3       java.util.stream.AbstractPipeline::close (48 bytes)
Event: 144.289 Thread 0x00000164e0775e00 nmethod 2604 0x00000164ce4a6a10 code [0x00000164ce4a6bc0, 0x00000164ce4a6e60]
Event: 144.290 Thread 0x00000164e0775e00 2605       1       java.util.stream.Collectors$CollectorImpl::characteristics (5 bytes)
Event: 144.290 Thread 0x00000164e0775e00 nmethod 2605 0x00000164d5b7cf90 code [0x00000164d5b7d120, 0x00000164d5b7d1e8]
Event: 144.678 Thread 0x00000164e0771ee0 2607       4       jdk.internal.misc.Unsafe::putReferenceOpaque (9 bytes)
Event: 144.679 Thread 0x00000164e0771ee0 nmethod 2607 0x00000164d5b7d590 code [0x00000164d5b7d720, 0x00000164d5b7d878]
Event: 145.306 Thread 0x00000164e0775e00 2608       3       org.gradle.internal.time.TimeSource$1::nanoTime (4 bytes)
Event: 145.777 Thread 0x00000164e0775e00 nmethod 2608 0x00000164ce4a6f90 code [0x00000164ce4a7140, 0x00000164ce4a7270]
Event: 145.827 Thread 0x00000164e0775e00 2609       3       java.lang.invoke.MemberName::isProtected (8 bytes)
Event: 145.827 Thread 0x00000164e0775e00 nmethod 2609 0x00000164ce4a7310 code [0x00000164ce4a74c0, 0x00000164ce4a7680]
Event: 145.837 Thread 0x00000164e0771ee0 2610       4       java.util.jar.JarFile::maybeInstantiateVerifier (42 bytes)
Event: 145.838 Thread 0x00000164e0771ee0 nmethod 2610 0x00000164d5b7d910 code [0x00000164d5b7daa0, 0x00000164d5b7db90]
Event: 146.291 Thread 0x00000164e0775e00 2611       3       java.util.HashMap$HashMapSpliterator::getFence (53 bytes)
Event: 146.291 Thread 0x00000164e0775e00 nmethod 2611 0x00000164ce4a7710 code [0x00000164ce4a78c0, 0x00000164ce4a7a68]
Event: 146.291 Thread 0x00000164e0775e00 2612       3       javax.management.ObjectName::isPropertyListPattern (17 bytes)
Event: 146.291 Thread 0x00000164e0775e00 nmethod 2612 0x00000164ce4a7b90 code [0x00000164ce4a7d20, 0x00000164ce4a7e88]
Event: 147.288 Thread 0x00000164e0775e00 2613       3       java.util.ComparableTimSort::reverseRange (32 bytes)
Event: 147.288 Thread 0x00000164e0775e00 nmethod 2613 0x00000164ce4a7f10 code [0x00000164ce4a80e0, 0x00000164ce4a85d0]

GC Heap History (4 events):
Event: 52.290 GC heap before
{Heap before GC invocations=0 (full 0):
 garbage-first heap   total 262144K, used 26624K [0x00000000e0000000, 0x0000000100000000)
  region size 1024K, 23 young (23552K), 0 survivors (0K)
 Metaspace       used 3125K, committed 3264K, reserved 393216K
  class space    used 378K, committed 448K, reserved 327680K
}
Event: 52.772 GC heap after
{Heap after GC invocations=1 (full 0):
 garbage-first heap   total 262144K, used 11263K [0x00000000e0000000, 0x0000000100000000)
  region size 1024K, 3 young (3072K), 3 survivors (3072K)
 Metaspace       used 3125K, committed 3264K, reserved 393216K
  class space    used 378K, committed 448K, reserved 327680K
}
Event: 74.922 GC heap before
{Heap before GC invocations=1 (full 0):
 garbage-first heap   total 262144K, used 39935K [0x00000000e0000000, 0x0000000100000000)
  region size 1024K, 29 young (29696K), 3 survivors (3072K)
 Metaspace       used 4639K, committed 4864K, reserved 393216K
  class space    used 595K, committed 704K, reserved 327680K
}
Event: 74.925 GC heap after
{Heap after GC invocations=2 (full 0):
 garbage-first heap   total 262144K, used 14434K [0x00000000e0000000, 0x0000000100000000)
  region size 1024K, 2 young (2048K), 2 survivors (2048K)
 Metaspace       used 4639K, committed 4864K, reserved 393216K
  class space    used 595K, committed 704K, reserved 327680K
}

Dll operation events (20 events):
Event: 8.189 Attempting to load shared library C:\Users\user\.vscode\extensions\redhat.java-1.56.0-win32-x64\jre\21.0.12.1-win32-x86_64\bin\nio.dll
Event: 8.199 Loaded shared library C:\Users\user\.vscode\extensions\redhat.java-1.56.0-win32-x64\jre\21.0.12.1-win32-x86_64\bin\nio.dll
Event: 8.234 Attempting to load shared library C:\Users\user\.vscode\extensions\redhat.java-1.56.0-win32-x64\jre\21.0.12.1-win32-x86_64\bin\zip.dll
Event: 8.234 Loaded shared library C:\Users\user\.vscode\extensions\redhat.java-1.56.0-win32-x64\jre\21.0.12.1-win32-x86_64\bin\zip.dll
Event: 10.494 Attempting to load shared library C:\Users\user\.vscode\extensions\redhat.java-1.56.0-win32-x64\jre\21.0.12.1-win32-x86_64\bin\jimage.dll
Event: 10.494 Loaded shared library C:\Users\user\.vscode\extensions\redhat.java-1.56.0-win32-x64\jre\21.0.12.1-win32-x86_64\bin\jimage.dll
Event: 41.947 Attempting to load shared library C:\Users\user\.vscode\extensions\redhat.java-1.56.0-win32-x64\jre\21.0.12.1-win32-x86_64\bin\verify.dll
Event: 42.100 Loaded shared library C:\Users\user\.vscode\extensions\redhat.java-1.56.0-win32-x64\jre\21.0.12.1-win32-x86_64\bin\verify.dll
Event: 44.762 Attempting to load shared library C:\Users\user\.gradle\native\660c5614fbf4a5f2a75b1949f50a0caf5cd603558e7d8a26e50b933a0cfb79d1\windows-amd64\native-platform.dll
Event: 45.248 Loaded shared library C:\Users\user\.gradle\native\660c5614fbf4a5f2a75b1949f50a0caf5cd603558e7d8a26e50b933a0cfb79d1\windows-amd64\native-platform.dll
Event: 46.382 Attempting to load shared library C:\Users\user\.gradle\native\0.2.8\x86_64-windows-gnu\gradle-fileevents.dll
Event: 46.407 Loaded shared library C:\Users\user\.gradle\native\0.2.8\x86_64-windows-gnu\gradle-fileevents.dll
Event: 117.825 Attempting to load shared library C:\Users\user\.vscode\extensions\redhat.java-1.56.0-win32-x64\jre\21.0.12.1-win32-x86_64\bin\management.dll
Event: 117.902 Loaded shared library C:\Users\user\.vscode\extensions\redhat.java-1.56.0-win32-x64\jre\21.0.12.1-win32-x86_64\bin\management.dll
Event: 118.056 Attempting to load shared library C:\Users\user\.vscode\extensions\redhat.java-1.56.0-win32-x64\jre\21.0.12.1-win32-x86_64\bin\management_ext.dll
Event: 118.143 Loaded shared library C:\Users\user\.vscode\extensions\redhat.java-1.56.0-win32-x64\jre\21.0.12.1-win32-x86_64\bin\management_ext.dll
Event: 120.155 Attempting to load shared library C:\Users\user\.vscode\extensions\redhat.java-1.56.0-win32-x64\jre\21.0.12.1-win32-x86_64\bin\extnet.dll
Event: 120.251 Loaded shared library C:\Users\user\.vscode\extensions\redhat.java-1.56.0-win32-x64\jre\21.0.12.1-win32-x86_64\bin\extnet.dll
Event: 126.326 Attempting to load shared library C:\Users\user\.vscode\extensions\redhat.java-1.56.0-win32-x64\jre\21.0.12.1-win32-x86_64\bin\sunmscapi.dll
Event: 126.467 Loaded shared library C:\Users\user\.vscode\extensions\redhat.java-1.56.0-win32-x64\jre\21.0.12.1-win32-x86_64\bin\sunmscapi.dll

Deoptimization events (20 events):
Event: 127.755 Thread 0x00000164fb2358e0 Uncommon trap: trap_request=0xffffffc6 fr.pc=0x00000164d5aee6b4 relative=0x0000000000000094
Event: 127.755 Thread 0x00000164fb2358e0 Uncommon trap: reason=bimorphic_or_optimized_type_check action=maybe_recompile pc=0x00000164d5aee6b4 method=java.util.AbstractList$Itr.hasNext()Z @ 8 c2
Event: 127.755 Thread 0x00000164fb2358e0 DEOPT PACKING pc=0x00000164d5aee6b4 sp=0x0000002d962fdfd0
Event: 127.755 Thread 0x00000164fb2358e0 DEOPT UNPACKING pc=0x00000164d5527ba2 sp=0x0000002d962fdf68 mode 2
Event: 127.755 Thread 0x00000164fb2358e0 Uncommon trap: trap_request=0xffffffc6 fr.pc=0x00000164d5aeee3c relative=0x000000000000017c
Event: 127.755 Thread 0x00000164fb2358e0 Uncommon trap: reason=bimorphic_or_optimized_type_check action=maybe_recompile pc=0x00000164d5aeee3c method=java.util.AbstractList$Itr.next()Ljava/lang/Object; @ 14 c2
Event: 127.755 Thread 0x00000164fb2358e0 DEOPT PACKING pc=0x00000164d5aeee3c sp=0x0000002d962fdfc0
Event: 127.755 Thread 0x00000164fb2358e0 DEOPT UNPACKING pc=0x00000164d5527ba2 sp=0x0000002d962fdf58 mode 2
Event: 128.479 Thread 0x00000164fb2358e0 Uncommon trap: trap_request=0xffffff45 fr.pc=0x00000164d5b0fed8 relative=0x0000000000001f98
Event: 128.479 Thread 0x00000164fb2358e0 Uncommon trap: reason=unstable_if action=reinterpret pc=0x00000164d5b0fed8 method=sun.nio.fs.WindowsPathParser.nextNonSlash(Ljava/lang/String;II)I @ 2 c2
Event: 128.479 Thread 0x00000164fb2358e0 DEOPT PACKING pc=0x00000164d5b0fed8 sp=0x0000002d962fe5a0
Event: 128.479 Thread 0x00000164fb2358e0 DEOPT UNPACKING pc=0x00000164d5527ba2 sp=0x0000002d962fe540 mode 2
Event: 131.933 Thread 0x00000164fb0dc6d0 Uncommon trap: trap_request=0xffffff6e fr.pc=0x00000164d5b158ac relative=0x00000000000003ec
Event: 131.933 Thread 0x00000164fb0dc6d0 Uncommon trap: reason=loop_limit_check action=maybe_recompile pc=0x00000164d5b158ac method=java.lang.StringLatin1.indexOf([BI[BII)I @ 37 c2
Event: 131.934 Thread 0x00000164fb0dc6d0 DEOPT PACKING pc=0x00000164d5b158ac sp=0x0000002d969fec50
Event: 131.934 Thread 0x00000164fb0dc6d0 DEOPT UNPACKING pc=0x00000164d5527ba2 sp=0x0000002d969febd8 mode 2
Event: 135.091 Thread 0x00000164fb8ae050 Uncommon trap: trap_request=0xffffff45 fr.pc=0x00000164d5ab9bec relative=0x000000000000070c
Event: 135.091 Thread 0x00000164fb8ae050 Uncommon trap: reason=unstable_if action=reinterpret pc=0x00000164d5ab9bec method=java.lang.AbstractStringBuilder.append(Ljava/lang/String;)Ljava/lang/AbstractStringBuilder; @ 1 c2
Event: 135.091 Thread 0x00000164fb8ae050 DEOPT PACKING pc=0x00000164d5ab9bec sp=0x0000002d963feb30
Event: 135.091 Thread 0x00000164fb8ae050 DEOPT UNPACKING pc=0x00000164d5527ba2 sp=0x0000002d963feb08 mode 2

Classes loaded (20 events):
Event: 132.050 Loading class java/math/BigDecimal
Event: 132.051 Loading class java/math/BigDecimal done
Event: 132.202 Loading class jdk/internal/event/ThreadSleepEvent
Event: 132.202 Loading class jdk/internal/event/ThreadSleepEvent done
Event: 132.203 Loading class java/lang/ThreadLocal$SuppliedThreadLocal
Event: 132.203 Loading class java/lang/ThreadLocal$SuppliedThreadLocal done
Event: 133.846 Loading class sun/reflect/generics/tree/VoidDescriptor
Event: 133.846 Loading class sun/reflect/generics/tree/VoidDescriptor done
Event: 135.004 Loading class java/util/concurrent/LinkedBlockingDeque$Itr
Event: 135.004 Loading class java/util/concurrent/LinkedBlockingDeque$AbstractItr
Event: 135.005 Loading class java/util/concurrent/LinkedBlockingDeque$AbstractItr done
Event: 135.005 Loading class java/util/concurrent/LinkedBlockingDeque$Itr done
Event: 135.034 Loading class java/util/LinkedList$ListItr
Event: 135.035 Loading class java/util/LinkedList$ListItr done
Event: 135.599 Loading class java/util/HashMap$EntrySpliterator
Event: 135.599 Loading class java/util/HashMap$EntrySpliterator done
Event: 143.336 Loading class java/util/concurrent/atomic/AtomicReferenceArray
Event: 143.336 Loading class java/util/concurrent/atomic/AtomicReferenceArray done
Event: 143.336 Loading class java/lang/invoke/VarHandleReferences$Array
Event: 143.337 Loading class java/lang/invoke/VarHandleReferences$Array done

Classes unloaded (0 events):
No events

Classes redefined (0 events):
No events

Internal exceptions (20 events):
Event: 116.503 Thread 0x00000164cad9f010 Exception <a 'java/lang/NoSuchMethodError'{0x00000000ee6ed6e8}: 'int java.lang.invoke.DelegatingMethodHandle$Holder.reinvoke_L(java.lang.Object)'> (0x00000000ee6ed6e8) 
thrown [s\src\hotspot\share\interpreter\linkResolver.cpp, line 773]
Event: 117.310 Thread 0x00000164cad9f010 Exception <a 'java/lang/NoSuchMethodError'{0x00000000ee3855e8}: 'java.lang.Object java.lang.invoke.DirectMethodHandle$Holder.invokeVirtual(java.lang.Object, java.lang.Object, java.lang.Object, java.lang.Object, java.lang.Object)'> (0x00000000ee3855e8) 
thrown [s\src\hotspot\share\interpreter\linkResolver.cpp, line 773]
Event: 117.320 Thread 0x00000164cad9f010 Exception <a 'java/lang/NoSuchMethodError'{0x00000000ee39ac90}: 'java.lang.Object java.lang.invoke.Invokers$Holder.invokeExact_MT(java.lang.Object, java.lang.Object, java.lang.Object, java.lang.Object, java.lang.Object, java.lang.Object)'> (0x00000000ee39ac90) 
thrown [s\src\hotspot\share\interpreter\linkResolver.cpp, line 773]
Event: 117.364 Thread 0x00000164cad9f010 Exception <a 'java/lang/NoSuchMethodError'{0x00000000ee3f0360}: 'java.lang.Object java.lang.invoke.DirectMethodHandle$Holder.invokeVirtual(java.lang.Object, java.lang.Object, java.lang.Object, java.lang.Object, java.lang.Object, java.lang.Object)'> (0x00000000ee3f0360) 
thrown [s\src\hotspot\share\interpreter\linkResolver.cpp, line 773]
Event: 118.296 Thread 0x00000164cad9f010 Exception <a 'java/lang/NoSuchMethodError'{0x00000000edff83c0}: 'java.lang.Object java.lang.invoke.DelegatingMethodHandle$Holder.reinvoke_L(java.lang.Object, java.lang.Object, java.lang.Object, java.lang.Object, java.lang.Object, java.lang.Object, java.lang.Object, java.lang.Object, java.lang.Object, java.lang.Object, java.lang.Object, java.lang.Object, java.lang.Object, java.lang.Object)'> (0x00000000edff83c0) 
thrown [s\src\hotspot\share\interpreter\linkResolver.cpp, line 773]
Event: 118.310 Thread 0x00000164cad9f010 Exception <a 'java/lang/NoSuchMethodError'{0x00000000ede45648}: 'java.lang.Object java.lang.invoke.DirectMethodHandle$Holder.invokeStatic(java.lang.Object, java.lang.Object, java.lang.Object, java.lang.Object, java.lang.Object, java.lang.Object, java.lang.Object, java.lang.Object, java.lang.Object, java.lang.Object, java.lang.Object, java.lang.Object, java.lang.Object)'> (0x00000000ede45648) 
thrown [s\src\hotspot\share\interpreter\linkResolver.cpp, line 773]
Event: 118.314 Thread 0x00000164cad9f010 Exception <a 'java/lang/NoSuchMethodError'{0x00000000ede64c50}: 'java.lang.Object java.lang.invoke.DirectMethodHandle$Holder.invokeStatic(java.lang.Object, java.lang.Object, java.lang.Object, java.lang.Object, java.lang.Object, java.lang.Object, java.lang.Object, java.lang.Object, java.lang.Object, java.lang.Object, java.lang.Object, java.lang.Object, java.lang.Object, java.lang.Object)'> (0x00000000ede64c50) 
thrown [s\src\hotspot\share\interpreter\linkResolver.cpp, line 773]
Event: 118.317 Thread 0x00000164cad9f010 Exception <a 'java/lang/NoSuchMethodError'{0x00000000ede85588}: 'java.lang.Object java.lang.invoke.DirectMethodHandle$Holder.invokeStatic(java.lang.Object, java.lang.Object, java.lang.Object, java.lang.Object, java.lang.Object, java.lang.Object, java.lang.Object, java.lang.Object, java.lang.Object, java.lang.Object, java.lang.Object, java.lang.Object, java.lang.Object, java.lang.Object, java.lang.Object)'> (0x00000000ede85588) 
thrown [s\src\hotspot\share\interpreter\linkResolver.cpp, line 773]
Event: 118.321 Thread 0x00000164cad9f010 Exception <a 'java/lang/NoSuchMethodError'{0x00000000edea8158}: 'java.lang.Object java.lang.invoke.DirectMethodHandle$Holder.invokeStatic(java.lang.Object, java.lang.Object, java.lang.Object, java.lang.Object, java.lang.Object, java.lang.Object, java.lang.Object, java.lang.Object, java.lang.Object, java.lang.Object, java.lang.Object, java.lang.Object, java.lang.Object, java.lang.Object, java.lang.Object, java.lang.Object)'> (0x00000000edea8158) 
thrown [s\src\hotspot\share\interpreter\linkResolver.cpp, lin
Event: 120.774 Thread 0x00000164cad9f010 Exception <a 'java/lang/NoSuchMethodError'{0x00000000edaf7418}: 'java.lang.Object java.lang.invoke.DirectMethodHandle$Holder.invokeVirtual(java.lang.Object, java.lang.Object, java.lang.Object, java.lang.Object, java.lang.Object, java.lang.Object, java.lang.Object, java.lang.Object, java.lang.Object)'> (0x00000000edaf7418) 
thrown [s\src\hotspot\share\interpreter\linkResolver.cpp, line 773]
Event: 121.406 Thread 0x00000164cad9f010 Exception <a 'java/lang/NoSuchMethodError'{0x00000000ed878398}: 'java.lang.Object java.lang.invoke.DirectMethodHandle$Holder.invokeStaticInit(java.lang.Object, int, int, int, int)'> (0x00000000ed878398) 
thrown [s\src\hotspot\share\interpreter\linkResolver.cpp, line 773]
Event: 121.872 Thread 0x00000164cad9f010 Exception <a 'java/lang/NoSuchMethodError'{0x00000000ed727108}: 'java.lang.Object java.lang.invoke.DirectMethodHandle$Holder.invokeStaticInit(java.lang.Object, java.lang.Object, int, int, int, int)'> (0x00000000ed727108) 
thrown [s\src\hotspot\share\interpreter\linkResolver.cpp, line 773]
Event: 124.914 Thread 0x00000164cad9f010 Exception <a 'java/io/IOException'{0x00000000ed43fed8}> (0x00000000ed43fed8) 
thrown [s\src\hotspot\share\prims\jni.cpp, line 520]
Event: 124.959 Thread 0x00000164cad9f010 Implicit null exception at 0x00000164d5ab87a4 to 0x00000164d5ab8e68
Event: 124.977 Thread 0x00000164cad9f010 Exception <a 'java/lang/NoSuchMethodError'{0x00000000ed4b0680}: 'java.lang.Object java.lang.invoke.DirectMethodHandle$Holder.newInvokeSpecial(java.lang.Object, java.lang.Object, java.lang.Object, java.lang.Object, java.lang.Object)'> (0x00000000ed4b0680) 
thrown [s\src\hotspot\share\interpreter\linkResolver.cpp, line 773]
Event: 124.999 Thread 0x00000164cad9f010 Exception <a 'java/lang/NoSuchMethodError'{0x00000000ed4d2ff8}: 'void java.lang.invoke.DirectMethodHandle$Holder.invokeSpecial(java.lang.Object, java.lang.Object, java.lang.Object)'> (0x00000000ed4d2ff8) 
thrown [s\src\hotspot\share\interpreter\linkResolver.cpp, line 773]
Event: 135.091 Thread 0x00000164fb8ae050 Implicit null exception at 0x00000164d5ab9520 to 0x00000164d5ab9bd4
Event: 137.532 Thread 0x00000164fb0dc6d0 Exception <a 'java/lang/NoSuchMethodError'{0x00000000ecaa2f58}: 'java.lang.Object java.lang.invoke.DirectMethodHandle$Holder.invokeVirtual(java.lang.Object, java.lang.Object, java.lang.Object, java.lang.Object, java.lang.Object, java.lang.Object, java.lang.Object)'> (0x00000000ecaa2f58) 
thrown [s\src\hotspot\share\interpreter\linkResolver.cpp, line 773]
Event: 137.567 Thread 0x00000164fb0dc6d0 Exception <a 'java/lang/NoSuchMethodError'{0x00000000ec940490}: 'long java.lang.invoke.DirectMethodHandle$Holder.invokeInterface(java.lang.Object, java.lang.Object)'> (0x00000000ec940490) 
thrown [s\src\hotspot\share\interpreter\linkResolver.cpp, line 773]
Event: 144.533 Thread 0x00000164fb0dc6d0 Exception <a 'java/lang/NoSuchMethodError'{0x00000000ec5028d8}: 'void java.lang.invoke.DirectMethodHandle$Holder.invokeStatic(java.lang.Object, java.lang.Object)'> (0x00000000ec5028d8) 
thrown [s\src\hotspot\share\interpreter\linkResolver.cpp, line 773]

ZGC Phase Switch (0 events):
No events

VM Operations (20 events):
Event: 131.190 Executing safepoint VM operation: Cleanup
Event: 131.190 Executing safepoint VM operation: Cleanup done
Event: 132.274 Executing safepoint VM operation: Cleanup
Event: 132.402 Executing safepoint VM operation: Cleanup done
Event: 134.423 Executing safepoint VM operation: Cleanup
Event: 134.423 Executing safepoint VM operation: Cleanup done
Event: 135.437 Executing safepoint VM operation: Cleanup
Event: 135.437 Executing safepoint VM operation: Cleanup done
Event: 136.450 Executing safepoint VM operation: Cleanup
Event: 136.450 Executing safepoint VM operation: Cleanup done
Event: 138.473 Executing safepoint VM operation: Cleanup
Event: 138.473 Executing safepoint VM operation: Cleanup done
Event: 139.483 Executing safepoint VM operation: Cleanup
Event: 139.483 Executing safepoint VM operation: Cleanup done
Event: 140.491 Executing safepoint VM operation: Cleanup
Event: 140.491 Executing safepoint VM operation: Cleanup done
Event: 142.513 Executing safepoint VM operation: Cleanup
Event: 142.513 Executing safepoint VM operation: Cleanup done
Event: 144.537 Executing safepoint VM operation: Cleanup
Event: 144.537 Executing safepoint VM operation: Cleanup done

Memory protections (0 events):
No events

Nmethod flushes (0 events):
No events

Events (20 events):
Event: 6.885 Thread 0x00000164cad9f010 Thread added: 0x00000164e0765b60
Event: 6.885 Thread 0x00000164cad9f010 Thread added: 0x00000164e07696f0
Event: 6.886 Thread 0x00000164cad9f010 Thread added: 0x00000164e076a150
Event: 6.886 Thread 0x00000164cad9f010 Thread added: 0x00000164e0770080
Event: 6.886 Thread 0x00000164cad9f010 Thread added: 0x00000164e07706f0
Event: 6.886 Thread 0x00000164cad9f010 Thread added: 0x00000164e0771150
Event: 6.886 Thread 0x00000164cad9f010 Thread added: 0x00000164e0771ee0
Event: 6.904 Thread 0x00000164cad9f010 Thread added: 0x00000164e0775e00
Event: 7.255 Thread 0x00000164cad9f010 Thread added: 0x00000164e07f9b80
Event: 8.313 Thread 0x00000164cad9f010 Thread added: 0x00000164e0927de0
Event: 118.287 Thread 0x00000164cad9f010 Thread added: 0x00000164fa868640
Event: 122.024 Thread 0x00000164cad9f010 Thread added: 0x00000164fb2358e0
Event: 125.001 Thread 0x00000164cad9f010 Thread added: 0x00000164fb8ae050
Event: 128.612 Thread 0x00000164fb2358e0 Thread added: 0x00000164fa642e80
Event: 128.844 Thread 0x00000164fa642e80 Thread added: 0x00000164fb5639c0
Event: 129.559 Thread 0x00000164fa642e80 Thread added: 0x00000164fb5e58c0
Event: 131.644 Thread 0x00000164fa642e80 Thread added: 0x00000164fb0dc6d0
Event: 132.049 Thread 0x00000164fb0dc6d0 Thread added: 0x00000164fa4b0860
Event: 132.057 Thread 0x00000164fb0dc6d0 Thread added: 0x00000164fa4b3ce0
Event: 132.215 Thread 0x00000164fb0dc6d0 Thread added: 0x00000164fa4b2930


Dynamic libraries:
0x00007ff61f170000 - 0x00007ff61f17e000 	C:\Users\user\.vscode\extensions\redhat.java-1.56.0-win32-x64\jre\21.0.12.1-win32-x86_64\bin\java.exe
0x00007ffac7aa0000 - 0x00007ffac7d06000 	C:\WINDOWS\SYSTEM32\ntdll.dll
0x00007ffac6670000 - 0x00007ffac6739000 	C:\WINDOWS\System32\KERNEL32.DLL
0x00007ffac52d0000 - 0x00007ffac56cf000 	C:\WINDOWS\System32\KERNELBASE.dll
0x00007ffac4cb0000 - 0x00007ffac4dfc000 	C:\WINDOWS\System32\ucrtbase.dll
0x00007ffa85660000 - 0x00007ffa85678000 	C:\Users\user\.vscode\extensions\redhat.java-1.56.0-win32-x64\jre\21.0.12.1-win32-x86_64\bin\jli.dll
0x00007ffac59d0000 - 0x00007ffac5b96000 	C:\WINDOWS\System32\USER32.dll
0x00007ffac56e0000 - 0x00007ffac5707000 	C:\WINDOWS\System32\win32u.dll
0x00007ffac7a30000 - 0x00007ffac7a5b000 	C:\WINDOWS\System32\GDI32.dll
0x00007ffac4e10000 - 0x00007ffac4f39000 	C:\WINDOWS\System32\gdi32full.dll
0x00007ffac4f40000 - 0x00007ffac4fe3000 	C:\WINDOWS\System32\msvcp_win.dll
0x00007ffa90750000 - 0x00007ffa9076e000 	C:\Users\user\.vscode\extensions\redhat.java-1.56.0-win32-x64\jre\21.0.12.1-win32-x86_64\bin\VCRUNTIME140.dll
0x00007ffaadc40000 - 0x00007ffaaded1000 	C:\WINDOWS\WinSxS\amd64_microsoft.windows.common-controls_6595b64144ccf1df_6.0.26100.8972_none_3e0da176e32f9d4b\COMCTL32.dll
0x00007ffac7830000 - 0x00007ffac78d9000 	C:\WINDOWS\System32\msvcrt.dll
0x00007ffac5d10000 - 0x00007ffac5d42000 	C:\WINDOWS\System32\IMM32.DLL
0x00007ffabb5c0000 - 0x00007ffabb5cc000 	C:\Users\user\.vscode\extensions\redhat.java-1.56.0-win32-x64\jre\21.0.12.1-win32-x86_64\bin\vcruntime140_1.dll
0x00007ffa855a0000 - 0x00007ffa8562d000 	C:\Users\user\.vscode\extensions\redhat.java-1.56.0-win32-x64\jre\21.0.12.1-win32-x86_64\bin\msvcp140.dll
0x00007ffa30840000 - 0x00007ffa315e2000 	C:\Users\user\.vscode\extensions\redhat.java-1.56.0-win32-x64\jre\21.0.12.1-win32-x86_64\bin\server\jvm.dll
0x00007ffac71c0000 - 0x00007ffac727c000 	C:\WINDOWS\System32\ADVAPI32.dll
0x00007ffac65c0000 - 0x00007ffac666a000 	C:\WINDOWS\System32\sechost.dll
0x00007ffac78e0000 - 0x00007ffac79f8000 	C:\WINDOWS\System32\RPCRT4.dll
0x00007ffac5940000 - 0x00007ffac59c2000 	C:\WINDOWS\System32\WS2_32.dll
0x00007ffac4b10000 - 0x00007ffac4b6e000 	C:\WINDOWS\SYSTEM32\POWRPROF.dll
0x00007ffaad970000 - 0x00007ffaad9a6000 	C:\WINDOWS\SYSTEM32\WINMM.dll
0x00007ffaba9f0000 - 0x00007ffaba9fb000 	C:\WINDOWS\SYSTEM32\VERSION.dll
0x00007ffac4af0000 - 0x00007ffac4b05000 	C:\WINDOWS\SYSTEM32\UMPDC.dll
0x00007ffac39a0000 - 0x00007ffac39bb000 	C:\WINDOWS\SYSTEM32\kernel.appcore.dll
0x00007ffab09f0000 - 0x00007ffab09fa000 	C:\Users\user\.vscode\extensions\redhat.java-1.56.0-win32-x64\jre\21.0.12.1-win32-x86_64\bin\jimage.dll
0x00007ffac2420000 - 0x00007ffac2662000 	C:\WINDOWS\SYSTEM32\DBGHELP.DLL
0x00007ffac5ef0000 - 0x00007ffac6275000 	C:\WINDOWS\System32\combase.dll
0x00007ffac64e0000 - 0x00007ffac65b9000 	C:\WINDOWS\System32\OLEAUT32.dll
0x00007ffaa3250000 - 0x00007ffaa328b000 	C:\WINDOWS\SYSTEM32\dbgcore.DLL
0x00007ffac4ff0000 - 0x00007ffac509c000 	C:\WINDOWS\System32\bcryptPrimitives.dll
0x00007ffa90740000 - 0x00007ffa9074f000 	C:\Users\user\.vscode\extensions\redhat.java-1.56.0-win32-x64\jre\21.0.12.1-win32-x86_64\bin\instrument.dll
0x00007ffa85580000 - 0x00007ffa855a0000 	C:\Users\user\.vscode\extensions\redhat.java-1.56.0-win32-x64\jre\21.0.12.1-win32-x86_64\bin\java.dll
0x00007ffac6a30000 - 0x00007ffac71b8000 	C:\WINDOWS\System32\SHELL32.dll
0x00007ffac2780000 - 0x00007ffac301b000 	C:\WINDOWS\SYSTEM32\windows.storage.dll
0x00007ffac7290000 - 0x00007ffac7389000 	C:\WINDOWS\System32\SHCORE.dll
0x00007ffac68b0000 - 0x00007ffac6916000 	C:\WINDOWS\System32\shlwapi.dll
0x00007ffac4bd0000 - 0x00007ffac4bf9000 	C:\WINDOWS\SYSTEM32\profapi.dll
0x00007ffa85560000 - 0x00007ffa85578000 	C:\Users\user\.vscode\extensions\redhat.java-1.56.0-win32-x64\jre\21.0.12.1-win32-x86_64\bin\zip.dll
0x00007ffaa3d90000 - 0x00007ffaa3da0000 	C:\Users\user\.vscode\extensions\redhat.java-1.56.0-win32-x64\jre\21.0.12.1-win32-x86_64\bin\net.dll
0x00007ffaba1c0000 - 0x00007ffaba2e8000 	C:\WINDOWS\SYSTEM32\WINHTTP.dll
0x00007ffac3f50000 - 0x00007ffac3fbc000 	C:\WINDOWS\system32\mswsock.dll
0x00007ffa85540000 - 0x00007ffa85556000 	C:\Users\user\.vscode\extensions\redhat.java-1.56.0-win32-x64\jre\21.0.12.1-win32-x86_64\bin\nio.dll
0x00007ffaa3d60000 - 0x00007ffaa3d70000 	C:\Users\user\.vscode\extensions\redhat.java-1.56.0-win32-x64\jre\21.0.12.1-win32-x86_64\bin\verify.dll
0x00007ffabb5d0000 - 0x00007ffabb5f7000 	C:\Users\user\.gradle\native\660c5614fbf4a5f2a75b1949f50a0caf5cd603558e7d8a26e50b933a0cfb79d1\windows-amd64\native-platform.dll
0x00007ffa55e20000 - 0x00007ffa55e97000 	C:\Users\user\.gradle\native\0.2.8\x86_64-windows-gnu\gradle-fileevents.dll
0x00007ffa85650000 - 0x00007ffa8565a000 	C:\Users\user\.vscode\extensions\redhat.java-1.56.0-win32-x64\jre\21.0.12.1-win32-x86_64\bin\management.dll
0x00007ffa85500000 - 0x00007ffa8550c000 	C:\Users\user\.vscode\extensions\redhat.java-1.56.0-win32-x64\jre\21.0.12.1-win32-x86_64\bin\management_ext.dll
0x00007ffac6920000 - 0x00007ffac6928000 	C:\WINDOWS\System32\PSAPI.DLL
0x00007ffac3370000 - 0x00007ffac33a3000 	C:\WINDOWS\SYSTEM32\IPHLPAPI.DLL
0x00007ffac7a20000 - 0x00007ffac7a2a000 	C:\WINDOWS\System32\NSI.dll
0x00007ffa854f0000 - 0x00007ffa854f9000 	C:\Users\user\.vscode\extensions\redhat.java-1.56.0-win32-x64\jre\21.0.12.1-win32-x86_64\bin\extnet.dll
0x00007ffac4240000 - 0x00007ffac425b000 	C:\WINDOWS\SYSTEM32\CRYPTSP.dll
0x00007ffac3900000 - 0x00007ffac3939000 	C:\WINDOWS\system32\rsaenh.dll
0x00007ffac4000000 - 0x00007ffac4032000 	C:\WINDOWS\SYSTEM32\USERENV.dll
0x00007ffac4ba0000 - 0x00007ffac4bca000 	C:\WINDOWS\SYSTEM32\bcrypt.dll
0x00007ffac4260000 - 0x00007ffac426c000 	C:\WINDOWS\SYSTEM32\CRYPTBASE.dll
0x00007ffaa7040000 - 0x00007ffaa704e000 	C:\Users\user\.vscode\extensions\redhat.java-1.56.0-win32-x64\jre\21.0.12.1-win32-x86_64\bin\sunmscapi.dll
0x00007ffac5140000 - 0x00007ffac52be000 	C:\WINDOWS\System32\CRYPT32.dll
0x00007ffac4480000 - 0x00007ffac44b0000 	C:\WINDOWS\SYSTEM32\ncrypt.dll
0x00007ffac4430000 - 0x00007ffac446f000 	C:\WINDOWS\SYSTEM32\NTASN1.dll
0x00007ffa8b0f0000 - 0x00007ffa8b0f8000 	C:\WINDOWS\system32\wshunix.dll

JVMTI agents:
C:\Users\user\.gradle\wrapper\dists\gradle-9.5.1-bin\iq79hdu3mqx29lgffhp8bfmx\gradle-9.5.1\lib\agents\gradle-instrumentation-agent-9.5.1.jar path:C:\Users\user\.vscode\extensions\redhat.java-1.56.0-win32-x64\jre\21.0.12.1-win32-x86_64\bin\instrument.dll, loaded, initialized, instrumentlib options:none

dbghelp: loaded successfully - version: 4.0.5 - missing functions: none
symbol engine: initialized successfully - sym options: 0x614 - pdb path: .;C:\Users\user\.vscode\extensions\redhat.java-1.56.0-win32-x64\jre\21.0.12.1-win32-x86_64\bin;C:\WINDOWS\SYSTEM32;C:\WINDOWS\WinSxS\amd64_microsoft.windows.common-controls_6595b64144ccf1df_6.0.26100.8972_none_3e0da176e32f9d4b;C:\Users\user\.vscode\extensions\redhat.java-1.56.0-win32-x64\jre\21.0.12.1-win32-x86_64\bin\server;C:\Users\user\.gradle\native\660c5614fbf4a5f2a75b1949f50a0caf5cd603558e7d8a26e50b933a0cfb79d1\windows-amd64;C:\Users\user\.gradle\native\0.2.8\x86_64-windows-gnu

VM Arguments:
jvm_args: --add-opens=java.base/java.lang=ALL-UNNAMED --add-opens=java.base/java.lang.invoke=ALL-UNNAMED --add-opens=java.base/java.util=ALL-UNNAMED --add-opens=java.prefs/java.util.prefs=ALL-UNNAMED --add-exports=jdk.compiler/com.sun.tools.javac.api=ALL-UNNAMED --add-exports=jdk.compiler/com.sun.tools.javac.util=ALL-UNNAMED --add-opens=java.base/java.nio.charset=ALL-UNNAMED --add-opens=java.base/java.net=ALL-UNNAMED --add-opens=java.base/java.util.concurrent=ALL-UNNAMED --add-opens=java.base/java.util.concurrent.atomic=ALL-UNNAMED --add-opens=java.xml/javax.xml.namespace=ALL-UNNAMED --add-opens=java.base/java.time=ALL-UNNAMED -XX:MaxMetaspaceSize=384m -XX:+HeapDumpOnOutOfMemoryError -Xms256m -Xmx512m -Dfile.encoding=UTF-8 -Duser.country=KR -Duser.language=ko -Duser.variant -javaagent:C:\Users\user\.gradle\wrapper\dists\gradle-9.5.1-bin\iq79hdu3mqx29lgffhp8bfmx\gradle-9.5.1\lib\agents\gradle-instrumentation-agent-9.5.1.jar 
java_command: org.gradle.launcher.daemon.bootstrap.GradleDaemon 9.5.1
java_class_path (initial): C:\Users\user\.gradle\wrapper\dists\gradle-9.5.1-bin\iq79hdu3mqx29lgffhp8bfmx\gradle-9.5.1\lib\gradle-daemon-main-9.5.1.jar
Launcher Type: SUN_STANDARD

[Global flags]
     intx CICompilerCount                          = 4                                         {product} {ergonomic}
   size_t CompressedClassSpaceSize                 = 335544320                                 {product} {ergonomic}
     uint ConcGCThreads                            = 2                                         {product} {ergonomic}
     uint G1ConcRefinementThreads                  = 8                                         {product} {ergonomic}
   size_t G1HeapRegionSize                         = 1048576                                   {product} {ergonomic}
    uintx GCDrainStackTargetSize                   = 64                                        {product} {ergonomic}
     bool HeapDumpOnOutOfMemoryError               = true                                   {manageable} {command line}
   size_t InitialHeapSize                          = 268435456                                 {product} {command line}
   size_t MarkStackSize                            = 4194304                                   {product} {ergonomic}
   size_t MaxHeapSize                              = 536870912                                 {product} {command line}
   size_t MaxMetaspaceSize                         = 402653184                                 {product} {command line}
   size_t MaxNewSize                               = 321912832                                 {product} {ergonomic}
   size_t MinHeapDeltaBytes                        = 1048576                                   {product} {ergonomic}
   size_t MinHeapSize                              = 268435456                                 {product} {command line}
    uintx NonNMethodCodeHeapSize                   = 5839372                                {pd product} {ergonomic}
    uintx NonProfiledCodeHeapSize                  = 122909434                              {pd product} {ergonomic}
    uintx ProfiledCodeHeapSize                     = 122909434                              {pd product} {ergonomic}
    uintx ReservedCodeCacheSize                    = 251658240                              {pd product} {ergonomic}
     bool SegmentedCodeCache                       = true                                      {product} {ergonomic}
   size_t SoftMaxHeapSize                          = 536870912                              {manageable} {ergonomic}
     bool UseCompressedOops                        = true                           {product lp64_product} {ergonomic}
     bool UseG1GC                                  = true                                      {product} {ergonomic}
     bool UseLargePagesIndividualAllocation        = false                                  {pd product} {ergonomic}

Logging:
Log output configuration:
 #0: stdout all=warning uptime,level,tags foldmultilines=false
 #1: stderr all=off uptime,level,tags foldmultilines=false

Release file:
JAVA_VERSION="21.0.12.1" 
MODULES="java.base java.compiler java.datatransfer java.xml java.prefs java.desktop java.instrument java.logging java.management java.security.sasl java.naming java.rmi java.management.rmi java.net.http java.scripting java.security.jgss java.transaction.xa java.sql java.sql.rowset java.xml.crypto java.se java.smartcardio jdk.accessibility jdk.internal.jvmstat jdk.attach jdk.charsets jdk.internal.opt jdk.zipfs jdk.compiler jdk.crypto.ec jdk.crypto.cryptoki jdk.crypto.mscapi jdk.dynalink jdk.internal.ed jdk.editpad jdk.hotspot.agent jdk.httpserver jdk.internal.le jdk.internal.vm.ci jdk.internal.vm.compiler jdk.internal.vm.compiler.management jdk.jartool jdk.javadoc jdk.jcmd jdk.management jdk.management.agent jdk.jconsole jdk.jdeps jdk.jdwp.agent jdk.jdi jdk.jfr jdk.jshell jdk.jsobject jdk.jstatd jdk.localedata jdk.management.jfr jdk.naming.dns jdk.naming.rmi jdk.net jdk.nio.mapmode jdk.random jdk.sctp jdk.security.auth jdk.security.jgss jdk.unsupported jdk.unsupported.desktop jdk.xml.dom" 

Environment Variables:
PATH=C:\Program Files\Common Files\Oracle\Java\javapath;C:\Program Files\Python313\Scripts\;C:\Program Files\Python313\;C:\WINDOWS\system32;C:\WINDOWS;C:\WINDOWS\System32\Wbem;C:\WINDOWS\System32\WindowsPowerShell\v1.0\;C:\WINDOWS\System32\OpenSSH\;C:\Program Files\nodejs\;C:\Program Files\Git\cmd;C:\Program Files (x86)\cloudflared\;C:\Users\user\Desktop\Scripts\;C:\Users\user\Desktop\;C:\Users\user\AppData\Local\Microsoft\WindowsApps;C:\Users\user\AppData\Local\Programs\Microsoft VS Code\bin;C:\Program Files\Multipass\bin;C:\Users\user\AppData\Roaming\npm;C:\intelFPGA_lite\18.1\modelsim_ase\win32aloem;C:\Users\user\Desktop\opencv\build\x64\vc15\bin;
USERNAME=user
OS=Windows_NT
PROCESSOR_IDENTIFIER=Intel64 Family 6 Model 140 Stepping 1, GenuineIntel
TMP=C:\Users\user\AppData\Local\Temp
TEMP=C:\Users\user\AppData\Local\Temp




Periodic native trim disabled

---------------  S Y S T E M  ---------------

OS:
 Windows 11 , 64 bit Build 26100 (10.0.26100.9168)
OS uptime: 0 days 0:33 hours

CPU: total 8 (initial active 8) (4 cores per cpu, 2 threads per core) family 6 model 140 stepping 1 microcode 0x8a, cx8, cmov, fxsr, ht, mmx, 3dnowpref, sse, sse2, sse3, ssse3, sse4.1, sse4.2, popcnt, lzcnt, tsc, tscinvbit, avx, avx2, aes, erms, clmul, bmi1, bmi2, adx, avx512f, avx512dq, avx512cd, avx512bw, avx512vl, sha, fma, vzeroupper, avx512_vpopcntdq, avx512_vpclmulqdq, avx512_vaes, avx512_vnni, clflush, clflushopt, clwb, avx512_vbmi2, avx512_vbmi, rdtscp, rdpid, fsrm, gfni, avx512_bitalg, f16c, pku, cet_ibt, cet_ss, avx512_ifma
Processor Information for the first 8 processors :
  Max Mhz: 2419, Current Mhz: 2419, Mhz Limit: 2419

Memory: 4k page, system-wide physical 16107M (392M free)
TotalPageFile size 46495M (AvailPageFile size 861M)
current process WorkingSet (physical memory assigned to process): 150M, peak: 151M
current process commit charge ("private bytes"): 385M, peak: 387M

vm_info: OpenJDK 64-Bit Server VM (21.0.12.1+1-LTS) for windows-amd64 JRE (21.0.12.1+1-LTS), built on 2026-08-18T00:00:00Z by "admin" with MS VC++ 17.12 (VS2022)

END.
