#
# There is insufficient memory for the Java Runtime Environment to continue.
# Native memory allocation (mmap) failed to map 65536 bytes. Error detail: Failed to commit metaspace.
# Possible reasons:
#   The system is out of physical RAM or swap space
#   This process is running with CompressedOops enabled, and the Java Heap may be blocking the growth of the native heap
# Possible solutions:
#   Reduce memory load on the system
#   Increase physical memory or swap space
#   Check if swap backing store is full
#   Decrease Java heap size (-Xmx/-Xms)
#   Decrease number of Java threads
#   Decrease Java thread stack sizes (-Xss)
#   Set larger code cache with -XX:ReservedCodeCacheSize=
#   JVM is running with Unscaled Compressed Oops mode in which the Java heap is
#     placed in the first 4GB address space. The Java Heap base address is the
#     maximum limit for the native heap growth. Please use -XX:HeapBaseMinAddress
#     to set the Java Heap base and to place the Java Heap above 4GB virtual address.
# This output file may be truncated or incomplete.
#
#  Out of Memory Error (virtualSpaceNode.cpp:113), pid=18348, tid=22504
#
# JRE version: OpenJDK Runtime Environment Temurin-21.0.12.1+1 (21.0.12.1+1) (build 21.0.12.1+1-LTS)
# Java VM: OpenJDK 64-Bit Server VM Temurin-21.0.12.1+1 (21.0.12.1+1-LTS, mixed mode, sharing, tiered, compressed oops, compressed class ptrs, g1 gc, windows-amd64)
# No core dump will be written. Minidumps are not enabled by default on client versions of Windows
#

---------------  S U M M A R Y ------------

Command Line: --add-opens=java.base/java.lang=ALL-UNNAMED --add-opens=java.base/java.lang.invoke=ALL-UNNAMED --add-opens=java.base/java.util=ALL-UNNAMED --add-opens=java.prefs/java.util.prefs=ALL-UNNAMED --add-exports=jdk.compiler/com.sun.tools.javac.api=ALL-UNNAMED --add-exports=jdk.compiler/com.sun.tools.javac.util=ALL-UNNAMED --add-opens=java.base/java.nio.charset=ALL-UNNAMED --add-opens=java.base/java.net=ALL-UNNAMED --add-opens=java.base/java.util.concurrent=ALL-UNNAMED --add-opens=java.base/java.util.concurrent.atomic=ALL-UNNAMED --add-opens=java.xml/javax.xml.namespace=ALL-UNNAMED --add-opens=java.base/java.time=ALL-UNNAMED -XX:MaxMetaspaceSize=384m -XX:+HeapDumpOnOutOfMemoryError -Xms256m -Xmx512m -Dfile.encoding=UTF-8 -Duser.country=KR -Duser.language=ko -Duser.variant -javaagent:C:\Users\user\.gradle\wrapper\dists\gradle-9.5.1-bin\iq79hdu3mqx29lgffhp8bfmx\gradle-9.5.1\lib\agents\gradle-instrumentation-agent-9.5.1.jar org.gradle.launcher.daemon.bootstrap.GradleDaemon 9.5.1

Host: 11th Gen Intel(R) Core(TM) i5-1135G7 @ 2.40GHz, 8 cores, 15G,  Windows 11 , 64 bit Build 26100 (10.0.26100.9444)
Time: Thu Sep 10 10:08:42 2026 elapsed time: 185.027091 seconds (0d 0h 3m 5s)

---------------  T H R E A D  ---------------

Current thread (0x0000020a7da855f0):  JavaThread "Daemon worker"        [_thread_in_vm, id=22504, stack(0x000000933b400000,0x000000933b500000) (1024K)]

Stack: [0x000000933b400000,0x000000933b500000]
Native frames: (J=compiled Java code, j=interpreted, Vv=VM code, C=native code)
V  [jvm.dll+0x6d83e9]
V  [jvm.dll+0x8b5736]
V  [jvm.dll+0x8b7cee]
V  [jvm.dll+0x8b83d3]
V  [jvm.dll+0x284596]
V  [jvm.dll+0x8b147e]
V  [jvm.dll+0x679ad4]
V  [jvm.dll+0x1e849b]
V  [jvm.dll+0x1e825e]
V  [jvm.dll+0x67c3d2]
V  [jvm.dll+0x67c202]
V  [jvm.dll+0x67a4ae]
V  [jvm.dll+0x684758]
V  [jvm.dll+0x21973e]
V  [jvm.dll+0x219be5]
V  [jvm.dll+0x21a5d8]
V  [jvm.dll+0x20f80e]
V  [jvm.dll+0x5b6a7f]
V  [jvm.dll+0x82f606]
V  [jvm.dll+0x4792f8]
V  [jvm.dll+0x47f128]
C  [java.dll+0x17ec]

Java frames: (J=compiled Java code, j=interpreted, Vv=VM code)
J 725  java.lang.ClassLoader.defineClass1(Ljava/lang/ClassLoader;Ljava/lang/String;[BIILjava/security/ProtectionDomain;Ljava/lang/String;)Ljava/lang/Class; java.base@21.0.12.1 (0 bytes) @ 0x0000020a57209691 [0x0000020a572095c0+0x00000000000000d1]
J 4909 c2 java.security.SecureClassLoader.defineClass(Ljava/lang/String;[BIILjava/security/CodeSource;)Ljava/lang/Class; java.base@21.0.12.1 (16 bytes) @ 0x0000020a57465324 [0x0000020a57464c40+0x00000000000006e4]
J 4567 c2 java.net.URLClassLoader.findClass(Ljava/lang/String;)Ljava/lang/Class; java.base@21.0.12.1 (47 bytes) @ 0x0000020a5742dd44 [0x0000020a5742bec0+0x0000000000001e84]
J 3145 c1 org.gradle.internal.classloader.TransformingClassLoader.findClass(Ljava/lang/String;)Ljava/lang/Class; (256 bytes) @ 0x0000020a4fcf3ecc [0x0000020a4fcf2560+0x000000000000196c]
J 4968 c2 java.lang.ClassLoader.loadClass(Ljava/lang/String;Z)Ljava/lang/Class; java.base@21.0.12.1 (121 bytes) @ 0x0000020a57482ebc [0x0000020a57482620+0x000000000000089c]
J 3658 c2 java.lang.ClassLoader.loadClass(Ljava/lang/String;)Ljava/lang/Class; java.base@21.0.12.1 (7 bytes) @ 0x0000020a573af26c [0x0000020a573af220+0x000000000000004c]
v  ~StubRoutines::call_stub 0x0000020a56c210e7
j  org.gradle.api.internal.artifacts.ivyservice.ivyresolve.ErrorHandlingModuleComponentRepository$ErrorHandlingModuleComponentRepositoryAccess.tryResolveAndMaybeDisable(Lorg/gradle/internal/resolve/result/ErroringResolveResult;Ljava/util/concurrent/Callable;Lorg/gradle/api/Transformer;)V+88
j  org.gradle.api.internal.artifacts.ivyservice.ivyresolve.ErrorHandlingModuleComponentRepository$ErrorHandlingModuleComponentRepositoryAccess.performOperationWithRetries(Lorg/gradle/internal/resolve/result/ErroringResolveResult;Ljava/util/concurrent/Callable;Lorg/gradle/api/Transformer;Lorg/gradle/api/Transformer;)V+15
j  org.gradle.api.internal.artifacts.ivyservice.ivyresolve.ErrorHandlingModuleComponentRepository$ErrorHandlingModuleComponentRepositoryAccess.resolveArtifact(Lorg/gradle/internal/component/model/ComponentArtifactMetadata;Lorg/gradle/internal/component/model/ModuleSources;Lorg/gradle/internal/resolve/result/BuildableArtifactFileResolveResult;)V+24
j  org.gradle.api.internal.artifacts.ivyservice.ivyresolve.RepositoryChainArtifactResolver.resolveArtifactLater(Lorg/gradle/internal/component/model/ComponentArtifactMetadata;Lorg/gradle/internal/component/model/ModuleSources;Lorg/gradle/api/internal/artifacts/ivyservice/ivyresolve/ModuleComponentRepository;)Ljava/io/File;+19
j  org.gradle.api.internal.artifacts.ivyservice.ivyresolve.RepositoryChainArtifactResolver.lambda$resolveArtifact$0(Lorg/gradle/internal/component/model/ComponentArtifactMetadata;Lorg/gradle/internal/component/model/ComponentArtifactResolveMetadata;Lorg/gradle/api/internal/artifacts/ivyservice/ivyresolve/ModuleComponentRepository;)Ljava/io/File;+9
j  org.gradle.api.internal.artifacts.ivyservice.ivyresolve.RepositoryChainArtifactResolver$$Lambda+0x0000020a64765730.get()Ljava/lang/Object;+16
j  org.gradle.internal.model.CalculatedValueContainerFactory$SupplierBackedCalculator.calculateValue(Lorg/gradle/api/internal/tasks/NodeExecutionContext;)Ljava/lang/Object;+4
j  org.gradle.internal.model.CalculatedValueContainer$CalculationState.lambda$attachValue$0(Lorg/gradle/api/internal/tasks/NodeExecutionContext;)Ljava/lang/Object;+23
j  org.gradle.internal.model.CalculatedValueContainer$CalculationState$$Lambda+0x0000020a646fb3e8.call()Ljava/lang/Object;+8
j  org.gradle.internal.Try.ofFailable(Ljava/util/concurrent/Callable;)Lorg/gradle/internal/Try;+1
j  org.gradle.internal.model.CalculatedValueContainer$CalculationState.attachValue(Lorg/gradle/internal/model/CalculatedValueContainer;Lorg/gradle/api/internal/tasks/NodeExecutionContext;)V+29
j  org.gradle.internal.model.CalculatedValueContainer.finalizeIfNotAlready(Lorg/gradle/api/internal/tasks/NodeExecutionContext;)V+13
j  org.gradle.internal.model.CalculatedValueContainer.finalizeIfNotAlready()V+2
j  org.gradle.api.internal.artifacts.DefaultResolvableArtifact.getFile()Ljava/io/File;+4
j  org.gradle.internal.resolve.resolver.DefaultComponentArtifactResolver.resolveArtifacts(Ljava/util/List;)Ljava/util/Set;+81
j  org.gradle.api.internal.artifacts.ivyservice.resolveengine.artifact.ArtifactBackedResolvedVariant.getArtifacts()Lorg/gradle/api/internal/artifacts/ivyservice/resolveengine/artifact/ResolvedArtifactSet;+8
j  org.gradle.api.internal.artifacts.transform.AttributeMatchingArtifactVariantSelector.doSelect(Lorg/gradle/api/internal/artifacts/ivyservice/resolveengine/artifact/ResolvedVariantSet;Lorg/gradle/api/internal/attributes/ImmutableAttributes;Z)Lorg/gradle/api/internal/artifacts/ivyservice/resolveengine/artifact/ResolvedArtifactSet;+76
j  org.gradle.api.internal.artifacts.transform.AttributeMatchingArtifactVariantSelector.select(Lorg/gradle/api/internal/artifacts/ivyservice/resolveengine/artifact/ResolvedVariantSet;Lorg/gradle/api/internal/attributes/ImmutableAttributes;Z)Lorg/gradle/api/internal/artifacts/ivyservice/resolveengine/artifact/ResolvedArtifactSet;+4
j  org.gradle.api.internal.artifacts.ivyservice.resolveengine.artifact.VariantResolvingArtifactSet.select(Lorg/gradle/api/internal/artifacts/ivyservice/resolveengine/artifact/ArtifactSelectionServices;Lorg/gradle/api/internal/artifacts/ivyservice/resolveengine/artifact/ArtifactSelectionSpec;)Lorg/gradle/api/internal/artifacts/ivyservice/resolveengine/artifact/ResolvedArtifactSet;+172
j  org.gradle.api.internal.artifacts.ivyservice.resolveengine.artifact.DefaultVisitedArtifactResults.select(Lorg/gradle/api/internal/artifacts/ivyservice/resolveengine/artifact/ArtifactSelectionServices;Lorg/gradle/api/internal/artifacts/ivyservice/resolveengine/artifact/ArtifactSelectionSpec;Z)Lorg/gradle/api/internal/artifacts/ivyservice/resolveengine/artifact/SelectedArtifactResults;+55
j  org.gradle.api.internal.artifacts.ivyservice.resolveengine.artifact.DefaultVisitedArtifactSet.select(Lorg/gradle/api/internal/artifacts/ivyservice/resolveengine/artifact/ArtifactSelectionSpec;)Lorg/gradle/api/internal/artifacts/ivyservice/resolveengine/artifact/SelectedArtifactSet;+10
j  org.gradle.api.internal.artifacts.resolver.DefaultResolutionOutputs$DefaultArtifactView.selectArtifacts(Lorg/gradle/api/internal/artifacts/ResolverResults;)Lorg/gradle/api/internal/artifacts/ivyservice/resolveengine/artifact/SelectedArtifactSet;+53
j  org.gradle.api.internal.artifacts.resolver.DefaultResolutionOutputs$DefaultArtifactView$$Lambda+0x0000020a646fdb88.apply(Ljava/lang/Object;)Ljava/lang/Object;+8
j  org.gradle.api.internal.artifacts.configurations.ResolutionResultProvider$1.getValue()Ljava/lang/Object;+13
j  org.gradle.api.internal.artifacts.configurations.ResolutionResultProviderBackedSelectedArtifactSet.visitArtifacts(Lorg/gradle/api/internal/artifacts/ivyservice/resolveengine/artifact/ArtifactVisitor;Z)V+12
j  org.gradle.api.internal.artifacts.configurations.DefaultArtifactCollection.lambda$new$0(Lorg/gradle/api/internal/attributes/AttributeDesugaring;Lorg/gradle/api/internal/artifacts/ivyservice/resolveengine/artifact/SelectedArtifactSet;ZLorg/gradle/api/internal/artifacts/configurations/ResolutionHost;)Lorg/gradle/api/internal/artifacts/configurations/DefaultArtifactCollection$ArtifactSetResult;+14
j  org.gradle.api.internal.artifacts.configurations.DefaultArtifactCollection$$Lambda+0x0000020a646fe7f0.get()Ljava/lang/Object;+16
j  org.gradle.internal.model.CalculatedValueContainerFactory$SupplierBackedCalculator.calculateValue(Lorg/gradle/api/internal/tasks/NodeExecutionContext;)Ljava/lang/Object;+4
j  org.gradle.internal.model.CalculatedValueContainer$CalculationState.lambda$attachValue$0(Lorg/gradle/api/internal/tasks/NodeExecutionContext;)Ljava/lang/Object;+23
j  org.gradle.internal.model.CalculatedValueContainer$CalculationState$$Lambda+0x0000020a646fb3e8.call()Ljava/lang/Object;+8
j  org.gradle.internal.Try.ofFailable(Ljava/util/concurrent/Callable;)Lorg/gradle/internal/Try;+1
j  org.gradle.internal.model.CalculatedValueContainer$CalculationState.attachValue(Lorg/gradle/internal/model/CalculatedValueContainer;Lorg/gradle/api/internal/tasks/NodeExecutionContext;)V+29
j  org.gradle.internal.model.CalculatedValueContainer.finalizeIfNotAlready(Lorg/gradle/api/internal/tasks/NodeExecutionContext;)V+13
j  org.gradle.internal.model.CalculatedValueContainer.finalizeIfNotAlready()V+2
j  org.gradle.api.internal.artifacts.configurations.DefaultArtifactCollection.ensureResolved()V+4
j  org.gradle.api.internal.artifacts.configurations.DefaultArtifactCollection.getArtifacts()Ljava/util/Set;+1
j  org.gradle.api.internal.initialization.transform.utils.InstrumentationClasspathMerger.mergeToClasspath(Lorg/gradle/api/artifacts/ArtifactCollection;Lorg/gradle/api/artifacts/ArtifactCollection;Lorg/gradle/api/artifacts/ArtifactCollection;)Ljava/util/Map;+1
j  org.gradle.api.internal.initialization.DefaultScriptClassPathResolver.resolveClassPath(Lorg/gradle/api/artifacts/Configuration;Lorg/gradle/api/internal/initialization/ScriptClassPathResolutionContext;)Lorg/gradle/internal/classpath/ClassPath;+82
j  org.gradle.api.internal.initialization.DefaultBuildLogicBuilder$1.lambda$call$0(Lorg/gradle/api/artifacts/Configuration;Lorg/gradle/api/internal/initialization/ScriptClassPathResolutionContext;)Lorg/gradle/internal/classpath/ClassPath;+9
j  org.gradle.api.internal.initialization.DefaultBuildLogicBuilder$1$$Lambda+0x0000020a647ab2f0.get()Ljava/lang/Object;+12
j  org.gradle.api.internal.initialization.DefaultBuildLogicBuildQueue.build(Lorg/gradle/internal/build/BuildState;Ljava/util/List;Ljava/util/function/Supplier;)Ljava/lang/Object;+10
j  org.gradle.api.internal.initialization.DefaultBuildLogicBuilder$1.call(Lorg/gradle/internal/operations/BuildOperationContext;)Lorg/gradle/internal/classpath/ClassPath;+39
j  org.gradle.api.internal.initialization.DefaultBuildLogicBuilder$1.call(Lorg/gradle/internal/operations/BuildOperationContext;)Ljava/lang/Object;+2
j  org.gradle.internal.operations.DefaultBuildOperationRunner$CallableBuildOperationWorker.execute(Lorg/gradle/internal/operations/CallableBuildOperation;Lorg/gradle/internal/operations/BuildOperationContext;)V+3
j  org.gradle.internal.operations.DefaultBuildOperationRunner$CallableBuildOperationWorker.execute(Lorg/gradle/internal/operations/BuildOperation;Lorg/gradle/internal/operations/BuildOperationContext;)V+6
j  org.gradle.internal.operations.DefaultBuildOperationRunner$2.execute(Lorg/gradle/internal/operations/BuildOperationDescriptor;Lorg/gradle/internal/operations/BuildOperationState;Lorg/gradle/internal/operations/BuildOperationState;Lorg/gradle/internal/operations/DefaultBuildOperationRunner$ReadableBuildOperationContext;Lorg/gradle/internal/operations/DefaultBuildOperationRunner$BuildOperationExecutionListener;)Lorg/gradle/internal/operations/BuildOperation;+22
j  org.gradle.internal.operations.DefaultBuildOperationRunner$2.execute(Lorg/gradle/internal/operations/BuildOperationDescriptor;Lorg/gradle/internal/operations/BuildOperationState;Lorg/gradle/internal/operations/BuildOperationState;Lorg/gradle/internal/operations/DefaultBuildOperationRunner$ReadableBuildOperationContext;Lorg/gradle/internal/operations/DefaultBuildOperationRunner$BuildOperationExecutionListener;)Ljava/lang/Object;+8
j  org.gradle.internal.operations.DefaultBuildOperationRunner.execute(Lorg/gradle/internal/operations/BuildOperationDescriptor$Builder;Lorg/gradle/internal/operations/DefaultBuildOperationRunner$BuildOperationExecution;)Ljava/lang/Object;+141
j  org.gradle.internal.operations.DefaultBuildOperationRunner.execute(Lorg/gradle/internal/operations/BuildOperation;Lorg/gradle/internal/operations/BuildOperationWorker;)V+17
j  org.gradle.internal.operations.DefaultBuildOperationRunner.call(Lorg/gradle/internal/operations/CallableBuildOperation;)Ljava/lang/Object;+12
j  org.gradle.api.internal.initialization.DefaultBuildLogicBuilder.resolveClassPath(Lorg/gradle/api/artifacts/Configuration;Lorg/gradle/api/internal/initialization/ScriptClassPathResolutionContext;)Lorg/gradle/internal/classpath/ClassPath;+14
j  org.gradle.api.internal.initialization.DefaultScriptHandler.lambda$getInstrumentedScriptClassPath$0()Lorg/gradle/internal/classpath/ClassPath;+12
j  org.gradle.api.internal.initialization.DefaultScriptHandler$$Lambda+0x0000020a647a7430.create()Ljava/lang/Object;+4
j  org.gradle.api.internal.artifacts.configurations.DefaultConfiguration.callAndResetResolutionState(Lorg/gradle/internal/Factory;)Ljava/lang/Object;+28
j  org.gradle.api.internal.initialization.DefaultScriptHandler.getInstrumentedScriptClassPath()Lorg/gradle/internal/classpath/ClassPath;+54
j  org.gradle.plugin.use.internal.DefaultPluginRequestApplicator.applyPlugins(Lorg/gradle/plugin/management/internal/PluginRequests;Lorg/gradle/api/internal/initialization/ScriptHandlerInternal;Lorg/gradle/api/internal/plugins/PluginManagerInternal;Lorg/gradle/api/internal/initialization/ClassLoaderScope;)V+325
j  org.gradle.configuration.DefaultScriptPluginFactory$ScriptPluginImpl.apply(Ljava/lang/Object;)V+174
j  org.gradle.configuration.BuildOperationScriptPlugin$1.run(Lorg/gradle/internal/operations/BuildOperationContext;)V+11
j  org.gradle.internal.operations.DefaultBuildOperationRunner$1.execute(Lorg/gradle/internal/operations/RunnableBuildOperation;Lorg/gradle/internal/operations/BuildOperationContext;)V+2
j  org.gradle.internal.operations.DefaultBuildOperationRunner$1.execute(Lorg/gradle/internal/operations/BuildOperation;Lorg/gradle/internal/operations/BuildOperationContext;)V+6
j  org.gradle.internal.operations.DefaultBuildOperationRunner$2.execute(Lorg/gradle/internal/operations/BuildOperationDescriptor;Lorg/gradle/internal/operations/BuildOperationState;Lorg/gradle/internal/operations/BuildOperationState;Lorg/gradle/internal/operations/DefaultBuildOperationRunner$ReadableBuildOperationContext;Lorg/gradle/internal/operations/DefaultBuildOperationRunner$BuildOperationExecutionListener;)Lorg/gradle/internal/operations/BuildOperation;+22
j  org.gradle.internal.operations.DefaultBuildOperationRunner$2.execute(Lorg/gradle/internal/operations/BuildOperationDescriptor;Lorg/gradle/internal/operations/BuildOperationState;Lorg/gradle/internal/operations/BuildOperationState;Lorg/gradle/internal/operations/DefaultBuildOperationRunner$ReadableBuildOperationContext;Lorg/gradle/internal/operations/DefaultBuildOperationRunner$BuildOperationExecutionListener;)Ljava/lang/Object;+8
j  org.gradle.internal.operations.DefaultBuildOperationRunner.execute(Lorg/gradle/internal/operations/BuildOperationDescriptor$Builder;Lorg/gradle/internal/operations/DefaultBuildOperationRunner$BuildOperationExecution;)Ljava/lang/Object;+141
j  org.gradle.internal.operations.DefaultBuildOperationRunner.execute(Lorg/gradle/internal/operations/BuildOperation;Lorg/gradle/internal/operations/BuildOperationWorker;)V+17
j  org.gradle.internal.operations.DefaultBuildOperationRunner.run(Lorg/gradle/internal/operations/RunnableBuildOperation;)V+5
j  org.gradle.configuration.BuildOperationScriptPlugin.lambda$apply$0(Ljava/lang/Object;Lorg/gradle/internal/code/UserCodeApplicationId;)V+14
j  org.gradle.configuration.BuildOperationScriptPlugin$$Lambda+0x0000020a64597010.execute(Ljava/lang/Object;)V+12
j  org.gradle.internal.code.DefaultUserCodeApplicationContext.apply(Lorg/gradle/internal/code/UserCodeSource;Lorg/gradle/api/Action;)V+37
j  org.gradle.configuration.BuildOperationScriptPlugin.apply(Ljava/lang/Object;)V+71
j  org.gradle.configuration.project.BuildScriptProcessor$$Lambda+0x0000020a6469f818.accept(Ljava/lang/Object;)V+8
j  org.gradle.api.internal.project.DefaultProjectStateRegistry$ProjectStateImpl.lambda$applyToMutableState$0(Ljava/util/function/Consumer;Lorg/gradle/api/internal/project/ProjectInternal;)Ljava/lang/Object;+2
j  org.gradle.api.internal.project.DefaultProjectStateRegistry$ProjectStateImpl$$Lambda+0x0000020a64662368.apply(Ljava/lang/Object;)Ljava/lang/Object;+8
j  org.gradle.api.internal.project.DefaultProjectStateRegistry$ProjectStateImpl.lambda$fromMutableState$1(Ljava/util/function/Function;)Ljava/lang/Object;+5
j  org.gradle.api.internal.project.DefaultProjectStateRegistry$ProjectStateImpl$$Lambda+0x0000020a646625b0.get()Ljava/lang/Object;+8
j  org.gradle.api.internal.project.DefaultProjectStateRegistry$ProjectStateImpl.runWithModelLock(Ljava/util/function/Supplier;)Ljava/lang/Object;+89
j  org.gradle.api.internal.project.DefaultProjectStateRegistry$ProjectStateImpl.fromMutableState(Ljava/util/function/Function;)Ljava/lang/Object;+8
j  org.gradle.api.internal.project.DefaultProjectStateRegistry$ProjectStateImpl.applyToMutableState(Ljava/util/function/Consumer;)V+7
j  org.gradle.configuration.project.BuildScriptProcessor.execute(Lorg/gradle/api/internal/project/ProjectInternal;)V+88
j  org.gradle.configuration.project.BuildScriptProcessor.execute(Ljava/lang/Object;)V+5
j  org.gradle.configuration.project.ConfigureActionsProjectEvaluator.evaluate(Lorg/gradle/api/internal/project/ProjectInternal;Lorg/gradle/api/internal/project/ProjectStateInternal;)V+33
j  org.gradle.configuration.project.LifecycleProjectEvaluator$EvaluateProject.lambda$run$0(Lorg/gradle/internal/operations/BuildOperationContext;Lorg/gradle/api/internal/project/ProjectInternal;)V+67
j  org.gradle.configuration.project.LifecycleProjectEvaluator$EvaluateProject$$Lambda+0x0000020a64662130.accept(Ljava/lang/Object;)V+12
j  org.gradle.api.internal.project.DefaultProjectStateRegistry$ProjectStateImpl.lambda$applyToMutableState$0(Ljava/util/function/Consumer;Lorg/gradle/api/internal/project/ProjectInternal;)Ljava/lang/Object;+2
j  org.gradle.api.internal.project.DefaultProjectStateRegistry$ProjectStateImpl$$Lambda+0x0000020a64662368.apply(Ljava/lang/Object;)Ljava/lang/Object;+8
j  org.gradle.api.internal.project.DefaultProjectStateRegistry$ProjectStateImpl.lambda$fromMutableState$1(Ljava/util/function/Function;)Ljava/lang/Object;+5
j  org.gradle.api.internal.project.DefaultProjectStateRegistry$ProjectStateImpl$$Lambda+0x0000020a646625b0.get()Ljava/lang/Object;+8
j  org.gradle.api.internal.project.DefaultProjectStateRegistry$ProjectStateImpl$$Lambda+0x0000020a646627d8.create()Ljava/lang/Object;+4
j  org.gradle.internal.work.DefaultWorkerLeaseService.lambda$runAndReleaseLocks$0(Lorg/gradle/internal/Factory;Ljava/util/Collection;)Ljava/lang/Object;+1
j  org.gradle.internal.work.DefaultWorkerLeaseService$$Lambda+0x0000020a642978b8.create()Ljava/lang/Object;+12
j  org.gradle.internal.work.ResourceLockStatistics$1.measure(Ljava/lang/String;Ljava/lang/Iterable;Lorg/gradle/internal/Factory;)Ljava/lang/Object;+1
j  org.gradle.internal.work.DefaultWorkerLeaseService.runAndReleaseLocks(Ljava/util/Collection;Lorg/gradle/internal/Factory;)Ljava/lang/Object;+16
j  org.gradle.internal.work.DefaultWorkerLeaseService.withLocksAcquired(Ljava/util/Collection;Lorg/gradle/internal/Factory;)Ljava/lang/Object;+8
j  org.gradle.internal.work.DefaultWorkerLeaseService.lambda$withReplacedLocks$4(Lorg/gradle/internal/resources/ResourceLock;Lorg/gradle/internal/Factory;)Ljava/lang/Object;+6
j  org.gradle.internal.work.DefaultWorkerLeaseService$$Lambda+0x0000020a64662a00.create()Ljava/lang/Object;+12
j  org.gradle.internal.work.DefaultWorkerLeaseService.withoutLocks(Ljava/util/Collection;Lorg/gradle/internal/Factory;)Ljava/lang/Object;+10
j  org.gradle.internal.work.DefaultWorkerLeaseService.withReplacedLocks(Ljava/util/Collection;Lorg/gradle/internal/resources/ResourceLock;Lorg/gradle/internal/Factory;)Ljava/lang/Object;+27
j  org.gradle.api.internal.project.DefaultProjectStateRegistry$ProjectStateImpl.runWithModelLock(Ljava/util/function/Supplier;)Ljava/lang/Object;+129
j  org.gradle.api.internal.project.DefaultProjectStateRegistry$ProjectStateImpl.fromMutableState(Ljava/util/function/Function;)Ljava/lang/Object;+8
j  org.gradle.api.internal.project.DefaultProjectStateRegistry$ProjectStateImpl.applyToMutableState(Ljava/util/function/Consumer;)V+7
j  org.gradle.configuration.project.LifecycleProjectEvaluator$EvaluateProject.run(Lorg/gradle/internal/operations/BuildOperationContext;)V+16
j  org.gradle.internal.operations.DefaultBuildOperationRunner$1.execute(Lorg/gradle/internal/operations/RunnableBuildOperation;Lorg/gradle/internal/operations/BuildOperationContext;)V+2
j  org.gradle.internal.operations.DefaultBuildOperationRunner$1.execute(Lorg/gradle/internal/operations/BuildOperation;Lorg/gradle/internal/operations/BuildOperationContext;)V+6
j  org.gradle.internal.operations.DefaultBuildOperationRunner$2.execute(Lorg/gradle/internal/operations/BuildOperationDescriptor;Lorg/gradle/internal/operations/BuildOperationState;Lorg/gradle/internal/operations/BuildOperationState;Lorg/gradle/internal/operations/DefaultBuildOperationRunner$ReadableBuildOperationContext;Lorg/gradle/internal/operations/DefaultBuildOperationRunner$BuildOperationExecutionListener;)Lorg/gradle/internal/operations/BuildOperation;+22
j  org.gradle.internal.operations.DefaultBuildOperationRunner$2.execute(Lorg/gradle/internal/operations/BuildOperationDescriptor;Lorg/gradle/internal/operations/BuildOperationState;Lorg/gradle/internal/operations/BuildOperationState;Lorg/gradle/internal/operations/DefaultBuildOperationRunner$ReadableBuildOperationContext;Lorg/gradle/internal/operations/DefaultBuildOperationRunner$BuildOperationExecutionListener;)Ljava/lang/Object;+8
j  org.gradle.internal.operations.DefaultBuildOperationRunner.execute(Lorg/gradle/internal/operations/BuildOperationDescriptor$Builder;Lorg/gradle/internal/operations/DefaultBuildOperationRunner$BuildOperationExecution;)Ljava/lang/Object;+141
j  org.gradle.internal.operations.DefaultBuildOperationRunner.execute(Lorg/gradle/internal/operations/BuildOperation;Lorg/gradle/internal/operations/BuildOperationWorker;)V+17
j  org.gradle.internal.operations.DefaultBuildOperationRunner.run(Lorg/gradle/internal/operations/RunnableBuildOperation;)V+5
j  org.gradle.configuration.project.LifecycleProjectEvaluator.evaluate(Lorg/gradle/api/internal/project/ProjectInternal;Lorg/gradle/api/internal/project/ProjectStateInternal;)V+42
j  org.gradle.api.internal.project.DefaultProject.evaluateUnchecked()Lorg/gradle/api/internal/project/ProjectInternal;+20
j  org.gradle.api.internal.project.ProjectLifecycleController.lambda$ensureSelfConfigured$2()V+4
j  org.gradle.api.internal.project.ProjectLifecycleController$$Lambda+0x0000020a646606c0.run()V+4
j  org.gradle.internal.model.StateTransitionController.lambda$doTransition$15(Ljava/lang/Runnable;)Lorg/gradle/internal/build/ExecutionResult;+1
j  org.gradle.internal.model.StateTransitionController$$Lambda+0x0000020a644525b0.get()Ljava/lang/Object;+4
j  org.gradle.internal.model.StateTransitionController.doTransition(Lorg/gradle/internal/model/StateTransitionController$State;Lorg/gradle/internal/model/StateTransitionController$State;Ljava/util/function/Supplier;)Lorg/gradle/internal/build/ExecutionResult;+24
j  org.gradle.internal.model.StateTransitionController.doTransition(Lorg/gradle/internal/model/StateTransitionController$State;Lorg/gradle/internal/model/StateTransitionController$State;Ljava/lang/Runnable;)V+9
j  org.gradle.internal.model.StateTransitionController.lambda$maybeTransitionIfNotCurrentlyTransitioning$11(Lorg/gradle/internal/model/StateTransitionController$State;Lorg/gradle/internal/model/StateTransitionController$State;Ljava/lang/Runnable;)V+16
j  org.gradle.internal.model.StateTransitionController$$Lambda+0x0000020a646608e8.run()V+16
j  org.gradle.internal.work.DefaultSynchronizer.withLock(Ljava/lang/Runnable;)V+6
j  org.gradle.internal.model.StateTransitionController.maybeTransitionIfNotCurrentlyTransitioning(Lorg/gradle/internal/model/StateTransitionController$State;Lorg/gradle/internal/model/StateTransitionController$State;Ljava/lang/Runnable;)V+13
j  org.gradle.api.internal.project.ProjectLifecycleController.ensureSelfConfigured()V+16
j  org.gradle.api.internal.project.DefaultProjectStateRegistry$ProjectStateImpl.ensureConfigured()V+19
j  org.gradle.execution.TaskPathProjectEvaluator.configure(Lorg/gradle/api/internal/project/ProjectInternal;)V+6
j  org.gradle.execution.TaskPathProjectEvaluator.configureHierarchy(Lorg/gradle/api/internal/project/ProjectInternal;)V+2
j  org.gradle.configuration.DefaultProjectsPreparer.prepareProjects(Lorg/gradle/api/internal/GradleInternal;)V+52
j  org.gradle.configuration.BuildTreePreparingProjectsPreparer.prepareProjects(Lorg/gradle/api/internal/GradleInternal;)V+114
j  org.gradle.configuration.BuildOperationFiringProjectsPreparer$ConfigureBuild.run(Lorg/gradle/internal/operations/BuildOperationContext;)V+11
j  org.gradle.internal.operations.DefaultBuildOperationRunner$1.execute(Lorg/gradle/internal/operations/RunnableBuildOperation;Lorg/gradle/internal/operations/BuildOperationContext;)V+2
j  org.gradle.internal.operations.DefaultBuildOperationRunner$1.execute(Lorg/gradle/internal/operations/BuildOperation;Lorg/gradle/internal/operations/BuildOperationContext;)V+6
j  org.gradle.internal.operations.DefaultBuildOperationRunner$2.execute(Lorg/gradle/internal/operations/BuildOperationDescriptor;Lorg/gradle/internal/operations/BuildOperationState;Lorg/gradle/internal/operations/BuildOperationState;Lorg/gradle/internal/operations/DefaultBuildOperationRunner$ReadableBuildOperationContext;Lorg/gradle/internal/operations/DefaultBuildOperationRunner$BuildOperationExecutionListener;)Lorg/gradle/internal/operations/BuildOperation;+22
j  org.gradle.internal.operations.DefaultBuildOperationRunner$2.execute(Lorg/gradle/internal/operations/BuildOperationDescriptor;Lorg/gradle/internal/operations/BuildOperationState;Lorg/gradle/internal/operations/BuildOperationState;Lorg/gradle/internal/operations/DefaultBuildOperationRunner$ReadableBuildOperationContext;Lorg/gradle/internal/operations/DefaultBuildOperationRunner$BuildOperationExecutionListener;)Ljava/lang/Object;+8
j  org.gradle.internal.operations.DefaultBuildOperationRunner.execute(Lorg/gradle/internal/operations/BuildOperationDescriptor$Builder;Lorg/gradle/internal/operations/DefaultBuildOperationRunner$BuildOperationExecution;)Ljava/lang/Object;+141
j  org.gradle.internal.operations.DefaultBuildOperationRunner.execute(Lorg/gradle/internal/operations/BuildOperation;Lorg/gradle/internal/operations/BuildOperationWorker;)V+17
j  org.gradle.internal.operations.DefaultBuildOperationRunner.run(Lorg/gradle/internal/operations/RunnableBuildOperation;)V+5
j  org.gradle.configuration.BuildOperationFiringProjectsPreparer.prepareProjects(Lorg/gradle/api/internal/GradleInternal;)V+13
j  org.gradle.initialization.VintageBuildModelController.lambda$prepareProjects$2()V+8
j  org.gradle.initialization.VintageBuildModelController$$Lambda+0x0000020a6462a140.run()V+4
j  org.gradle.internal.model.StateTransitionController.lambda$doTransition$15(Ljava/lang/Runnable;)Lorg/gradle/internal/build/ExecutionResult;+1
j  org.gradle.internal.model.StateTransitionController$$Lambda+0x0000020a644525b0.get()Ljava/lang/Object;+4
j  org.gradle.internal.model.StateTransitionController.doTransition(Lorg/gradle/internal/model/StateTransitionController$State;Lorg/gradle/internal/model/StateTransitionController$State;Ljava/util/function/Supplier;)Lorg/gradle/internal/build/ExecutionResult;+24
j  org.gradle.internal.model.StateTransitionController.doTransition(Lorg/gradle/internal/model/StateTransitionController$State;Lorg/gradle/internal/model/StateTransitionController$State;Ljava/lang/Runnable;)V+9
j  org.gradle.internal.model.StateTransitionController.lambda$transitionIfNotPreviously$12(Lorg/gradle/internal/model/StateTransitionController$State;Lorg/gradle/internal/model/StateTransitionController$State;Ljava/lang/Runnable;)V+16
j  org.gradle.internal.model.StateTransitionController$$Lambda+0x0000020a64452388.run()V+16
j  org.gradle.internal.work.DefaultSynchronizer.withLock(Ljava/lang/Runnable;)V+6
j  org.gradle.internal.model.StateTransitionController.transitionIfNotPreviously(Lorg/gradle/internal/model/StateTransitionController$State;Lorg/gradle/internal/model/StateTransitionController$State;Ljava/lang/Runnable;)V+13
j  org.gradle.initialization.VintageBuildModelController.prepareProjects()V+16
j  org.gradle.initialization.VintageBuildModelController.getConfiguredModel()Lorg/gradle/api/internal/GradleInternal;+5
j  org.gradle.internal.build.DefaultBuildLifecycleController$$Lambda+0x0000020a64451d10.get()Ljava/lang/Object;+4
j  org.gradle.internal.model.StateTransitionController.lambda$notInState$3(Lorg/gradle/internal/model/StateTransitionController$State;Ljava/util/function/Supplier;)Ljava/lang/Object;+11
j  org.gradle.internal.model.StateTransitionController$$Lambda+0x0000020a64451f38.create()Ljava/lang/Object;+12
j  org.gradle.internal.work.DefaultSynchronizer.withLock(Lorg/gradle/internal/Factory;)Ljava/lang/Object;+6
j  org.gradle.internal.model.StateTransitionController.notInState(Lorg/gradle/internal/model/StateTransitionController$State;Ljava/util/function/Supplier;)Ljava/lang/Object;+12
j  org.gradle.internal.build.DefaultBuildLifecycleController.configureProjects()V+21
j  org.gradle.internal.build.DefaultBuildToolingModelController$$Lambda+0x0000020a644518c0.run()V+4
j  org.gradle.internal.build.DefaultBuildToolingModelController.lambda$tryRunConfiguration$4(Ljava/lang/Runnable;)Ljava/lang/Void;+1
j  org.gradle.internal.build.DefaultBuildToolingModelController$$Lambda+0x0000020a64451ae8.call()Ljava/lang/Object;+4
j  org.gradle.internal.Try.ofFailable(Ljava/util/concurrent/Callable;)Lorg/gradle/internal/Try;+1
j  org.gradle.internal.build.DefaultBuildToolingModelController.tryRunConfiguration(Ljava/lang/Runnable;)Lorg/gradle/internal/Try;+6
j  org.gradle.internal.build.DefaultBuildToolingModelController.configureBuild()Lorg/gradle/internal/Try;+14
j  org.gradle.internal.build.DefaultBuildToolingModelController.locateBuilderForTarget(Lorg/gradle/internal/buildtree/ToolingModelRequestContext;)Lorg/gradle/tooling/provider/model/internal/ToolingModelScope;+39
j  org.gradle.internal.buildtree.DefaultBuildTreeModelCreator$DefaultBuildTreeModelController.lambda$locateBuilderForBuildTarget$0(Lorg/gradle/internal/buildtree/ToolingModelRequestContext;Lorg/gradle/internal/build/BuildToolingModelController;)Lorg/gradle/tooling/provider/model/internal/ToolingModelScope;+2
j  org.gradle.internal.buildtree.DefaultBuildTreeModelCreator$DefaultBuildTreeModelController$$Lambda+0x0000020a64440000.apply(Ljava/lang/Object;)Ljava/lang/Object;+8
j  org.gradle.internal.build.DefaultBuildLifecycleController.withToolingModels(ZLjava/util/function/Function;)Ljava/lang/Object;+16
j  org.gradle.internal.build.AbstractBuildState.withToolingModels(ZLjava/util/function/Function;)Ljava/lang/Object;+6
j  org.gradle.internal.buildtree.DefaultBuildTreeModelCreator$DefaultBuildTreeModelController.locateBuilderForBuildTarget(Lorg/gradle/internal/build/BuildState;Lorg/gradle/internal/buildtree/ToolingModelRequestContext;)Lorg/gradle/tooling/provider/model/internal/ToolingModelScope;+11
j  org.gradle.internal.buildtree.DefaultBuildTreeModelCreator$DefaultBuildTreeModelController.locateBuilderForDefaultTarget(Lorg/gradle/internal/buildtree/ToolingModelRequestContext;)Lorg/gradle/tooling/provider/model/internal/ToolingModelScope;+9
j  org.gradle.internal.buildtree.DefaultBuildTreeModelCreator$DefaultBuildTreeModelController.locateBuilderForTarget(Lorg/gradle/internal/buildtree/BuildTreeModelTarget;Lorg/gradle/internal/buildtree/ToolingModelRequestContext;)Lorg/gradle/tooling/provider/model/internal/ToolingModelScope;+9
j  org.gradle.internal.buildtree.DefaultBuildTreeModelCreator$DefaultBuildTreeModelController.access$200(Lorg/gradle/internal/buildtree/DefaultBuildTreeModelCreator$DefaultBuildTreeModelController;Lorg/gradle/internal/buildtree/BuildTreeModelTarget;Lorg/gradle/internal/buildtree/ToolingModelRequestContext;)Lorg/gradle/tooling/provider/model/internal/ToolingModelScope;+3
j  org.gradle.internal.buildtree.DefaultBuildTreeModelCreator$DefaultBuildTreeModelController$1.call(Lorg/gradle/internal/operations/BuildOperationContext;)Lorg/gradle/tooling/provider/model/internal/ToolingModelBuilderResultInternal;+12
j  org.gradle.internal.buildtree.DefaultBuildTreeModelCreator$DefaultBuildTreeModelController$1.call(Lorg/gradle/internal/operations/BuildOperationContext;)Ljava/lang/Object;+2
j  org.gradle.internal.operations.DefaultBuildOperationRunner$CallableBuildOperationWorker.execute(Lorg/gradle/internal/operations/CallableBuildOperation;Lorg/gradle/internal/operations/BuildOperationContext;)V+3
j  org.gradle.internal.operations.DefaultBuildOperationRunner$CallableBuildOperationWorker.execute(Lorg/gradle/internal/operations/BuildOperation;Lorg/gradle/internal/operations/BuildOperationContext;)V+6
j  org.gradle.internal.operations.DefaultBuildOperationRunner$2.execute(Lorg/gradle/internal/operations/BuildOperationDescriptor;Lorg/gradle/internal/operations/BuildOperationState;Lorg/gradle/internal/operations/BuildOperationState;Lorg/gradle/internal/operations/DefaultBuildOperationRunner$ReadableBuildOperationContext;Lorg/gradle/internal/operations/DefaultBuildOperationRunner$BuildOperationExecutionListener;)Lorg/gradle/internal/operations/BuildOperation;+22
j  org.gradle.internal.operations.DefaultBuildOperationRunner$2.execute(Lorg/gradle/internal/operations/BuildOperationDescriptor;Lorg/gradle/internal/operations/BuildOperationState;Lorg/gradle/internal/operations/BuildOperationState;Lorg/gradle/internal/operations/DefaultBuildOperationRunner$ReadableBuildOperationContext;Lorg/gradle/internal/operations/DefaultBuildOperationRunner$BuildOperationExecutionListener;)Ljava/lang/Object;+8
j  org.gradle.internal.operations.DefaultBuildOperationRunner.execute(Lorg/gradle/internal/operations/BuildOperationDescriptor$Builder;Lorg/gradle/internal/operations/DefaultBuildOperationRunner$BuildOperationExecution;)Ljava/lang/Object;+141
j  org.gradle.internal.operations.DefaultBuildOperationRunner.execute(Lorg/gradle/internal/operations/BuildOperation;Lorg/gradle/internal/operations/BuildOperationWorker;)V+17
j  org.gradle.internal.operations.DefaultBuildOperationRunner.call(Lorg/gradle/internal/operations/CallableBuildOperation;)Ljava/lang/Object;+12
j  org.gradle.internal.buildtree.DefaultBuildTreeModelCreator$DefaultBuildTreeModelController.getModel(Lorg/gradle/internal/buildtree/BuildTreeModelTarget;Lorg/gradle/internal/buildtree/ToolingModelRequestContext;)Lorg/gradle/tooling/provider/model/internal/ToolingModelBuilderResultInternal;+17
j  org.gradle.tooling.internal.provider.runner.BuildModelActionRunner$ModelCreateAction.fromBuildModel(Lorg/gradle/internal/buildtree/BuildTreeModelController;)Lorg/gradle/tooling/provider/model/internal/ToolingModelBuilderResultInternal;+24
j  org.gradle.tooling.internal.provider.runner.BuildModelActionRunner$ModelCreateAction.fromBuildModel(Lorg/gradle/internal/buildtree/BuildTreeModelController;)Ljava/lang/Object;+2
j  org.gradle.internal.buildtree.DefaultBuildTreeModelCreator.fromBuildModel(Lorg/gradle/internal/buildtree/BuildTreeModelAction;)Ljava/lang/Object;+10
j  org.gradle.internal.cc.impl.barrier.BarrierAwareBuildTreeModelCreator.fromBuildModel$lambda$0(Lorg/gradle/internal/cc/impl/barrier/BarrierAwareBuildTreeModelCreator;Lorg/gradle/internal/buildtree/BuildTreeModelAction;)Ljava/lang/Object;+5
j  org.gradle.internal.cc.impl.barrier.BarrierAwareBuildTreeModelCreator$$Lambda+0x0000020a64420b68.invoke()Ljava/lang/Object;+8
j  org.gradle.internal.cc.impl.barrier.VintageConfigurationTimeActionRunner.runConfigurationTimeAction(Lkotlin/jvm/functions/Function0;)Ljava/lang/Object;+25
j  org.gradle.internal.cc.impl.barrier.BarrierAwareBuildTreeModelCreator.fromBuildModel(Lorg/gradle/internal/buildtree/BuildTreeModelAction;)Ljava/lang/Object;+17
j  org.gradle.internal.buildtree.DefaultBuildTreeLifecycleController.lambda$runFromBuildModel$3(Lorg/gradle/internal/buildtree/BuildTreeModelAction;)Ljava/lang/Object;+5
j  org.gradle.internal.buildtree.DefaultBuildTreeLifecycleController$$Lambda+0x0000020a6443bd80.call()Ljava/lang/Object;+8
j  org.gradle.internal.Try.ofFailable(Ljava/util/concurrent/Callable;)Lorg/gradle/internal/Try;+1
j  org.gradle.internal.buildtree.DefaultBuildTreeLifecycleController.runFromBuildModel(Lorg/gradle/internal/buildtree/BuildTreeModelAction;)Lorg/gradle/internal/build/ExecutionResult;+7
j  org.gradle.internal.buildtree.DefaultBuildTreeLifecycleController.lambda$fromBuildModel$2(Lorg/gradle/internal/buildtree/BuildTreeModelAction;Z)Lorg/gradle/internal/build/ExecutionResult;+25
j  org.gradle.internal.buildtree.DefaultBuildTreeLifecycleController$$Lambda+0x0000020a6443a250.get()Ljava/lang/Object;+12
j  org.gradle.internal.buildtree.DefaultBuildTreeLifecycleController.lambda$runBuild$5(Ljava/util/function/Supplier;)Ljava/lang/Object;+1
j  org.gradle.internal.buildtree.DefaultBuildTreeLifecycleController$$Lambda+0x0000020a6443a478.get()Ljava/lang/Object;+8
j  org.gradle.internal.model.StateTransitionController.lambda$transition$7(Ljava/util/function/Supplier;)Lorg/gradle/internal/build/ExecutionResult;+1
j  org.gradle.internal.model.StateTransitionController$$Lambda+0x0000020a6443a8c8.get()Ljava/lang/Object;+4
j  org.gradle.internal.model.StateTransitionController.doTransition(Lorg/gradle/internal/model/StateTransitionController$State;Lorg/gradle/internal/model/StateTransitionController$State;Ljava/util/function/Supplier;)Lorg/gradle/internal/build/ExecutionResult;+24
j  org.gradle.internal.model.StateTransitionController.lambda$transition$8(Lorg/gradle/internal/model/StateTransitionController$State;Lorg/gradle/internal/model/StateTransitionController$State;Ljava/util/function/Supplier;)Ljava/lang/Object;+9
j  org.gradle.internal.model.StateTransitionController$$Lambda+0x0000020a6443a6a0.create()Ljava/lang/Object;+16
j  org.gradle.internal.work.DefaultSynchronizer.withLock(Lorg/gradle/internal/Factory;)Ljava/lang/Object;+6
j  org.gradle.internal.model.StateTransitionController.transition(Lorg/gradle/internal/model/StateTransitionController$State;Lorg/gradle/internal/model/StateTransitionController$State;Ljava/util/function/Supplier;)Ljava/lang/Object;+13
j  org.gradle.internal.buildtree.DefaultBuildTreeLifecycleController.runBuild(Ljava/util/function/Supplier;)Ljava/lang/Object;+17
j  org.gradle.internal.buildtree.DefaultBuildTreeLifecycleController.fromBuildModel(ZLorg/gradle/internal/buildtree/BuildTreeModelAction;)Ljava/lang/Object;+9
j  org.gradle.tooling.internal.provider.runner.BuildModelActionRunner.run(Lorg/gradle/internal/invocation/BuildAction;Lorg/gradle/internal/buildtree/BuildTreeLifecycleController;)Lorg/gradle/internal/buildtree/BuildActionRunner$Result;+40
j  org.gradle.launcher.exec.ChainingBuildActionRunner.run(Lorg/gradle/internal/invocation/BuildAction;Lorg/gradle/internal/buildtree/BuildTreeLifecycleController;)Lorg/gradle/internal/buildtree/BuildActionRunner$Result;+34
j  org.gradle.internal.buildtree.ProblemReportingBuildActionRunner.run(Lorg/gradle/internal/invocation/BuildAction;Lorg/gradle/internal/buildtree/BuildTreeLifecycleController;)Lorg/gradle/internal/buildtree/BuildActionRunner$Result;+12
j  org.gradle.launcher.exec.BuildOutcomeReportingBuildActionRunner.run(Lorg/gradle/internal/invocation/BuildAction;Lorg/gradle/internal/buildtree/BuildTreeLifecycleController;)Lorg/gradle/internal/buildtree/BuildActionRunner$Result;+69
j  org.gradle.tooling.internal.provider.FileSystemWatchingBuildActionRunner.run(Lorg/gradle/internal/invocation/BuildAction;Lorg/gradle/internal/buildtree/BuildTreeLifecycleController;)Lorg/gradle/internal/buildtree/BuildActionRunner$Result;+317
j  org.gradle.launcher.exec.BuildCompletionNotifyingBuildActionRunner.run(Lorg/gradle/internal/invocation/BuildAction;Lorg/gradle/internal/buildtree/BuildTreeLifecycleController;)Lorg/gradle/internal/buildtree/BuildActionRunner$Result;+6
j  org.gradle.launcher.exec.RootBuildLifecycleBuildActionExecutor.lambda$execute$0(Lorg/gradle/internal/invocation/BuildAction;Lorg/gradle/internal/buildtree/BuildTreeLifecycleController;)Lorg/gradle/internal/buildtree/BuildActionRunner$Result;+6
j  org.gradle.launcher.exec.RootBuildLifecycleBuildActionExecutor$$Lambda+0x0000020a64424d50.apply(Ljava/lang/Object;)Ljava/lang/Object;+12
j  org.gradle.composite.internal.DefaultRootBuildState.run(Ljava/util/function/Function;)Ljava/lang/Object;+92
j  org.gradle.launcher.exec.RootBuildLifecycleBuildActionExecutor.execute(Lorg/gradle/internal/invocation/BuildAction;)Lorg/gradle/internal/buildtree/BuildActionRunner$Result;+91
j  org.gradle.launcher.exec.BuildTreeLifecycleBuildActionExecutor.runRootBuildAction(Lorg/gradle/internal/invocation/BuildAction;Lorg/gradle/internal/service/ServiceRegistry;Lorg/gradle/internal/buildtree/BuildActionModelRequirements;Lorg/gradle/internal/buildtree/BuildModelParameters;)Lorg/gradle/internal/buildtree/BuildActionRunner$Result;+42
j  org.gradle.launcher.exec.BuildTreeLifecycleBuildActionExecutor.execute(Lorg/gradle/internal/invocation/BuildAction;Lorg/gradle/internal/session/BuildSessionContext;)Lorg/gradle/internal/buildtree/BuildActionRunner$Result;+50
j  org.gradle.launcher.exec.RunAsBuildOperationBuildActionExecutor$2.call(Lorg/gradle/internal/operations/BuildOperationContext;)Lorg/gradle/internal/buildtree/BuildActionRunner$Result;+25
j  org.gradle.launcher.exec.RunAsBuildOperationBuildActionExecutor$2.call(Lorg/gradle/internal/operations/BuildOperationContext;)Ljava/lang/Object;+2
j  org.gradle.internal.operations.DefaultBuildOperationRunner$CallableBuildOperationWorker.execute(Lorg/gradle/internal/operations/CallableBuildOperation;Lorg/gradle/internal/operations/BuildOperationContext;)V+3
j  org.gradle.internal.operations.DefaultBuildOperationRunner$CallableBuildOperationWorker.execute(Lorg/gradle/internal/operations/BuildOperation;Lorg/gradle/internal/operations/BuildOperationContext;)V+6
j  org.gradle.internal.operations.DefaultBuildOperationRunner$2.execute(Lorg/gradle/internal/operations/BuildOperationDescriptor;Lorg/gradle/internal/operations/BuildOperationState;Lorg/gradle/internal/operations/BuildOperationState;Lorg/gradle/internal/operations/DefaultBuildOperationRunner$ReadableBuildOperationContext;Lorg/gradle/internal/operations/DefaultBuildOperationRunner$BuildOperationExecutionListener;)Lorg/gradle/internal/operations/BuildOperation;+22
j  org.gradle.internal.operations.DefaultBuildOperationRunner$2.execute(Lorg/gradle/internal/operations/BuildOperationDescriptor;Lorg/gradle/internal/operations/BuildOperationState;Lorg/gradle/internal/operations/BuildOperationState;Lorg/gradle/internal/operations/DefaultBuildOperationRunner$ReadableBuildOperationContext;Lorg/gradle/internal/operations/DefaultBuildOperationRunner$BuildOperationExecutionListener;)Ljava/lang/Object;+8
j  org.gradle.internal.operations.DefaultBuildOperationRunner.execute(Lorg/gradle/internal/operations/BuildOperationDescriptor$Builder;Lorg/gradle/internal/operations/DefaultBuildOperationRunner$BuildOperationExecution;)Ljava/lang/Object;+141
j  org.gradle.internal.operations.DefaultBuildOperationRunner.execute(Lorg/gradle/internal/operations/BuildOperation;Lorg/gradle/internal/operations/BuildOperationWorker;)V+17
j  org.gradle.internal.operations.DefaultBuildOperationRunner.call(Lorg/gradle/internal/operations/CallableBuildOperation;)Ljava/lang/Object;+12
j  org.gradle.launcher.exec.RunAsBuildOperationBuildActionExecutor.execute(Lorg/gradle/internal/invocation/BuildAction;Lorg/gradle/internal/session/BuildSessionContext;)Lorg/gradle/internal/buildtree/BuildActionRunner$Result;+23
j  org.gradle.launcher.exec.RunAsWorkerThreadBuildActionExecutor.lambda$execute$0(Lorg/gradle/internal/invocation/BuildAction;Lorg/gradle/internal/session/BuildSessionContext;)Lorg/gradle/internal/buildtree/BuildActionRunner$Result;+6
j  org.gradle.launcher.exec.RunAsWorkerThreadBuildActionExecutor$$Lambda+0x0000020a6428ab20.create()Ljava/lang/Object;+12
j  org.gradle.internal.work.DefaultWorkerLeaseService.lambda$runAndReleaseLocks$0(Lorg/gradle/internal/Factory;Ljava/util/Collection;)Ljava/lang/Object;+1
j  org.gradle.internal.work.DefaultWorkerLeaseService$$Lambda+0x0000020a642978b8.create()Ljava/lang/Object;+12
j  org.gradle.internal.work.ResourceLockStatistics$1.measure(Ljava/lang/String;Ljava/lang/Iterable;Lorg/gradle/internal/Factory;)Ljava/lang/Object;+1
j  org.gradle.internal.work.DefaultWorkerLeaseService.runAndReleaseLocks(Ljava/util/Collection;Lorg/gradle/internal/Factory;)Ljava/lang/Object;+16
j  org.gradle.internal.work.DefaultWorkerLeaseService.withLocksAcquired(Ljava/util/Collection;Lorg/gradle/internal/Factory;)Ljava/lang/Object;+8
j  org.gradle.internal.work.DefaultWorkerLeaseService.withLocks(Ljava/util/Collection;Lorg/gradle/internal/Factory;)Ljava/lang/Object;+25
j  org.gradle.internal.work.DefaultWorkerLeaseService.runAsWorkerThread(Lorg/gradle/internal/Factory;)Ljava/lang/Object;+33
j  org.gradle.launcher.exec.RunAsWorkerThreadBuildActionExecutor.execute(Lorg/gradle/internal/invocation/BuildAction;Lorg/gradle/internal/session/BuildSessionContext;)Lorg/gradle/internal/buildtree/BuildActionRunner$Result;+12
j  org.gradle.tooling.internal.provider.continuous.ContinuousBuildActionExecutor.execute(Lorg/gradle/internal/invocation/BuildAction;Lorg/gradle/internal/session/BuildSessionContext;)Lorg/gradle/internal/buildtree/BuildActionRunner$Result;+58
j  org.gradle.tooling.internal.provider.SubscribableBuildActionExecutor.execute(Lorg/gradle/internal/invocation/BuildAction;Lorg/gradle/internal/session/BuildSessionContext;)Lorg/gradle/internal/buildtree/BuildActionRunner$Result;+30
j  org.gradle.internal.session.DefaultBuildSessionContext.execute(Lorg/gradle/internal/invocation/BuildAction;)Lorg/gradle/internal/buildtree/BuildActionRunner$Result;+64
j  org.gradle.internal.buildprocess.execution.BuildSessionLifecycleBuildActionExecutor$ActionImpl.apply(Lorg/gradle/internal/session/BuildSessionContext;)Lorg/gradle/launcher/exec/BuildActionResult;+6
j  org.gradle.internal.buildprocess.execution.BuildSessionLifecycleBuildActionExecutor$ActionImpl.apply(Ljava/lang/Object;)Ljava/lang/Object;+5
j  org.gradle.internal.session.BuildSessionState.run(Ljava/util/function/Function;)Ljava/lang/Object;+5
j  org.gradle.internal.buildprocess.execution.BuildSessionLifecycleBuildActionExecutor.execute(Lorg/gradle/internal/invocation/BuildAction;Lorg/gradle/launcher/exec/BuildActionParameters;Lorg/gradle/initialization/BuildRequestContext;)Lorg/gradle/launcher/exec/BuildActionResult;+105
j  org.gradle.internal.buildprocess.execution.BuildSessionLifecycleBuildActionExecutor.execute(Lorg/gradle/internal/invocation/BuildAction;Ljava/lang/Object;Ljava/lang/Object;)Lorg/gradle/launcher/exec/BuildActionResult;+10
j  org.gradle.internal.buildprocess.execution.StartParamsValidatingActionExecutor.execute(Lorg/gradle/internal/invocation/BuildAction;Lorg/gradle/launcher/exec/BuildActionParameters;Lorg/gradle/initialization/BuildRequestContext;)Lorg/gradle/launcher/exec/BuildActionResult;+142
j  org.gradle.internal.buildprocess.execution.StartParamsValidatingActionExecutor.execute(Lorg/gradle/internal/invocation/BuildAction;Ljava/lang/Object;Ljava/lang/Object;)Lorg/gradle/launcher/exec/BuildActionResult;+10
j  org.gradle.internal.buildprocess.execution.SessionFailureReportingActionExecutor.execute(Lorg/gradle/internal/invocation/BuildAction;Lorg/gradle/launcher/exec/BuildActionParameters;Lorg/gradle/initialization/BuildRequestContext;)Lorg/gradle/launcher/exec/BuildActionResult;+7
j  org.gradle.internal.buildprocess.execution.SessionFailureReportingActionExecutor.execute(Lorg/gradle/internal/invocation/BuildAction;Ljava/lang/Object;Ljava/lang/Object;)Lorg/gradle/launcher/exec/BuildActionResult;+10
j  org.gradle.internal.buildprocess.execution.SetupLoggingActionExecutor.execute(Lorg/gradle/internal/invocation/BuildAction;Lorg/gradle/launcher/exec/BuildActionParameters;Lorg/gradle/initialization/BuildRequestContext;)Lorg/gradle/launcher/exec/BuildActionResult;+50
j  org.gradle.internal.buildprocess.execution.SetupLoggingActionExecutor.execute(Lorg/gradle/internal/invocation/BuildAction;Ljava/lang/Object;Ljava/lang/Object;)Lorg/gradle/launcher/exec/BuildActionResult;+10
j  org.gradle.launcher.daemon.server.exec.ExecuteBuild.doBuild(Lorg/gradle/launcher/daemon/server/api/DaemonCommandExecution;Lorg/gradle/launcher/daemon/protocol/Build;)V+147
j  org.gradle.launcher.daemon.server.exec.BuildCommandOnly.execute(Lorg/gradle/launcher/daemon/server/api/DaemonCommandExecution;)V+49
j  org.gradle.launcher.daemon.server.api.DaemonCommandExecution.proceed()Z+23
j  org.gradle.launcher.daemon.server.exec.WatchForDisconnection.execute(Lorg/gradle/launcher/daemon/server/api/DaemonCommandExecution;)V+19
j  org.gradle.launcher.daemon.server.api.DaemonCommandExecution.proceed()Z+23
j  org.gradle.launcher.daemon.server.exec.ResetDeprecationLogger.execute(Lorg/gradle/launcher/daemon/server/api/DaemonCommandExecution;)V+7
j  org.gradle.launcher.daemon.server.api.DaemonCommandExecution.proceed()Z+23
j  org.gradle.launcher.daemon.server.exec.RequestStopIfSingleUsedDaemon.execute(Lorg/gradle/launcher/daemon/server/api/DaemonCommandExecution;)V+33
j  org.gradle.launcher.daemon.server.api.DaemonCommandExecution.proceed()Z+23
j  org.gradle.launcher.daemon.server.exec.ForwardClientInput.lambda$execute$0(Lorg/gradle/launcher/daemon/server/api/DaemonCommandExecution;Lorg/gradle/internal/daemon/clientinput/StdinHandler;)Ljava/lang/Object;+11
j  org.gradle.launcher.daemon.server.exec.ForwardClientInput$$Lambda+0x0000020a641970d0.apply(Ljava/lang/Object;)Ljava/lang/Object;+8
j  org.gradle.internal.daemon.clientinput.ClientInputForwarder.forwardInput(Ljava/util/function/Function;)Ljava/lang/Object;+46
j  org.gradle.launcher.daemon.server.exec.ForwardClientInput.execute(Lorg/gradle/launcher/daemon/server/api/DaemonCommandExecution;)V+10
j  org.gradle.launcher.daemon.server.api.DaemonCommandExecution.proceed()Z+23
j  org.gradle.launcher.daemon.server.exec.LogAndCheckHealth.execute(Lorg/gradle/launcher/daemon/server/api/DaemonCommandExecution;)V+51
j  org.gradle.launcher.daemon.server.api.DaemonCommandExecution.proceed()Z+23
j  org.gradle.launcher.daemon.server.exec.LogToClient.doBuild(Lorg/gradle/launcher/daemon/server/api/DaemonCommandExecution;Lorg/gradle/launcher/daemon/protocol/Build;)V+87
j  org.gradle.launcher.daemon.server.exec.BuildCommandOnly.execute(Lorg/gradle/launcher/daemon/server/api/DaemonCommandExecution;)V+49
j  org.gradle.launcher.daemon.server.api.DaemonCommandExecution.proceed()Z+23
j  org.gradle.launcher.daemon.server.exec.EstablishBuildEnvironment.doBuild(Lorg/gradle/launcher/daemon/server/api/DaemonCommandExecution;Lorg/gradle/launcher/daemon/protocol/Build;)V+356
j  org.gradle.launcher.daemon.server.exec.BuildCommandOnly.execute(Lorg/gradle/launcher/daemon/server/api/DaemonCommandExecution;)V+49
j  org.gradle.launcher.daemon.server.api.DaemonCommandExecution.proceed()Z+23
j  org.gradle.launcher.daemon.server.exec.StartBuildOrRespondWithBusy$1.run()V+44
j  org.gradle.launcher.daemon.server.DaemonStateCoordinator.lambda$runCommand$0(Ljava/lang/Runnable;)V+1
j  org.gradle.launcher.daemon.server.DaemonStateCoordinator$$Lambda+0x0000020a64195e68.run()V+8
j  org.gradle.internal.concurrent.ExecutorPolicy$CatchAndRecordFailures.onExecute(Ljava/lang/Runnable;)V+1
j  org.gradle.internal.concurrent.AbstractManagedExecutor$1.run()V+25
j  java.util.concurrent.ThreadPoolExecutor.runWorker(Ljava/util/concurrent/ThreadPoolExecutor$Worker;)V+92 java.base@21.0.12.1
j  java.util.concurrent.ThreadPoolExecutor$Worker.run()V+5 java.base@21.0.12.1
j  java.lang.Thread.runWith(Ljava/lang/Object;Ljava/lang/Runnable;)V+5 java.base@21.0.12.1
j  java.lang.Thread.run()V+19 java.base@21.0.12.1
v  ~StubRoutines::call_stub 0x0000020a56c210e7

Compiled method (n/a) 187315  725     n 0       java.lang.ClassLoader::defineClass1 (native)
 total in heap  [0x0000020a57209410,0x0000020a57209aa8] = 1688
 relocation     [0x0000020a57209570,0x0000020a572095a8] = 56
 main code      [0x0000020a572095c0,0x0000020a57209aa7] = 1255
 stub code      [0x0000020a57209aa7,0x0000020a57209aa8] = 1

[Constant Pool (empty)]

[MachCode]
[Entry Point]
  # {method} {0x0000020a63434c38} 'defineClass1' '(Ljava/lang/ClassLoader;Ljava/lang/String;[BIILjava/security/ProtectionDomain;Ljava/lang/String;)Ljava/lang/Class;' in 'java/lang/ClassLoader'
  # parm0:    rdx:rdx   = 'java/lang/ClassLoader'
  # parm1:    r8:r8     = 'java/lang/String'
  # parm2:    r9:r9     = '[B'
  # parm3:    rdi       = int
  # parm4:    rsi       = int
  # parm5:    rcx:rcx   = 'java/security/ProtectionDomain'
  # parm6:    [sp+0xa0]   = 'java/lang/String'  (sp of caller)
  0x0000020a572095c0: 448b 5208 | 49bb 0000 | 0063 0a02 | 0000 4d03 | d349 3bc2 | 0f84 0600 

  0x0000020a572095d8: ;   {runtime_call ic_miss_stub}
  0x0000020a572095d8: 0000 e9a1 | 53a6 ff90 
[Verified Entry Point]
  0x0000020a572095e0: 8984 2400 | 80ff ff55 | 488b ec48 | 81ec 9000 | 0000 6690 | 4181 7f20 | 0500 0000 

  0x0000020a572095fc: ;   {runtime_call StubRoutines (final stubs)}
  0x0000020a572095fc: 7405 e89d | eca4 ff48 | 837d 1000 | 488d 4510 | 480f 4445 | 1048 8944 | 2440 4889 | 4c24 7048 
  0x0000020a5720961c: 83f9 0048 | 8d44 2470 | 480f 4444 | 2470 4889 | 4424 3848 | 8974 2430 | 4889 7c24 | 284c 894c 
  0x0000020a5720963c: 2458 4983 | f900 488d | 4424 5848 | 0f44 4424 | 5848 8944 | 2420 4c89 | 4424 5049 | 83f8 004c 
  0x0000020a5720965c: 8d4c 2450 | 4c0f 444c | 2450 4889 | 5424 4848 | 83fa 004c | 8d44 2448 | 4c0f 4444 

  0x0000020a57209678: ;   {oop(a 'java/lang/Class'{0x00000000e06f95f0} = 'java/lang/ClassLoader')}
  0x0000020a57209678: 2448 49be | f095 6fe0 | 0000 0000 | 4c89 7424 | 784c 8d74 | 2478 498b | d6c5 f877 

  0x0000020a57209694: ;   {internal_word}
  0x0000020a57209694: 49ba 9196 | 2057 0a02 | 0000 4d89 | 97a8 0300 | 0049 89a7 | a003 0000 

  0x0000020a572096ac: ;   {external_word}
  0x0000020a572096ac: 49ba 066d | 8710 fe7f | 0000 4180 | 3a00 0f84 | 4e00 0000 | 5241 5041 

  0x0000020a572096c4: ;   {metadata({method} {0x0000020a63434c38} 'defineClass1' '(Ljava/lang/ClassLoader;Ljava/lang/String;[BIILjava/security/ProtectionDomain;Ljava/lang/String;)Ljava/lang/Class;' in 'java/lang/ClassLoader')}
  0x0000020a572096c4: 5148 ba30 | 4c43 630a | 0200 0049 | 8bcf 4883 | ec20 40f6 | c40f 0f84 | 1900 0000 | 4883 ec08 
  0x0000020a572096e4: ;   {runtime_call}
  0x0000020a572096e4: 48b8 e0ea | 3010 fe7f | 0000 ffd0 | 4883 c408 | e90c 0000 

  0x0000020a572096f8: ;   {runtime_call}
  0x0000020a572096f8: 0048 b8e0 | ea30 10fe | 7f00 00ff | d048 83c4 | 2041 5941 | 585a 498d | 8fc0 0300 | 0041 c787 
  0x0000020a57209718: 4c04 0000 | 0400 0000 

  0x0000020a57209720: ;   {runtime_call}
  0x0000020a57209720: 48b8 ac16 | eead fe7f | 0000 ffd0 | c5f8 7741 | c787 4c04 | 0000 0500 | 0000 f083 | 4424 c000 
  0x0000020a57209740: 493b af50 | 0400 000f | 870e 0000 | 0041 83bf | 4804 0000 | 000f 842b | 0000 00c5 | f877 4889 
  0x0000020a57209760: 45f8 498b | cf4c 8be4 | 4883 ec20 | 4883 e4f0 

  0x0000020a57209770: ;   {runtime_call}
  0x0000020a57209770: 48b8 0058 | fc0f fe7f | 0000 ffd0 | 498b e44d | 33e4 488b | 45f8 41c7 | 874c 0400 | 0008 0000 
  0x0000020a57209790: 0041 83bf | c804 0000 | 020f 84db 

  0x0000020a5720979c: ;   {external_word}
  0x0000020a5720979c: 0200 0049 | ba06 6d87 | 10fe 7f00 | 0041 803a | 000f 844c | 0000 0048 

  0x0000020a572097b4: ;   {metadata({method} {0x0000020a63434c38} 'defineClass1' '(Ljava/lang/ClassLoader;Ljava/lang/String;[BIILjava/security/ProtectionDomain;Ljava/lang/String;)Ljava/lang/Class;' in 'java/lang/ClassLoader')}
  0x0000020a572097b4: 8945 f848 | ba30 4c43 | 630a 0200 | 0049 8bcf | 4883 ec20 | 40f6 c40f | 0f84 1900 | 0000 4883 
  0x0000020a572097d4: ;   {runtime_call}
  0x0000020a572097d4: ec08 48b8 | e0ea 3010 | fe7f 0000 | ffd0 4883 | c408 e90c 

  0x0000020a572097e8: ;   {runtime_call}
  0x0000020a572097e8: 0000 0048 | b8e0 ea30 | 10fe 7f00 | 00ff d048 | 83c4 2048 | 8b45 f849 | c787 a003 | 0000 0000 
  0x0000020a57209808: 0000 49c7 | 87a8 0300 | 0000 0000 | 00c5 f877 | 4885 c00f | 8436 0200 | 00a8 030f | 8508 0000 
  0x0000020a57209828: 0048 8b00 | e926 0200 | 00a8 010f | 8509 0000 | 0048 8b40 | fee9 1502 | 0000 488b | 40ff 4180 
  0x0000020a57209848: 7f40 000f | 8406 0200 | 0048 83f8 | 000f 84fc | 0100 0049 | 8b4f 2848 | 83f9 000f | 8414 0000 
  0x0000020a57209868: 0048 83e9 | 0849 894f | 2849 034f | 3848 8901 | e9da 0100 | 0048 81ec | f000 0000 | 4889 0424 
  0x0000020a57209888: 4889 4c24 | 0848 8954 | 2410 4c89 | 4424 184c | 894c 2420 | 4c89 5424 | 284c 895c | 2430 c5fb 
  0x0000020a572098a8: 1144 2440 | c5fb 114c | 2448 c5fb | 1154 2450 | c5fb 115c | 2458 c5fb | 1164 2460 | c5fb 116c 
  0x0000020a572098c8: 2468 62e1 | ff08 1144 | 240e 62e1 | ff08 114c | 240f 62e1 | ff08 1154 | 2410 62e1 | ff08 115c 
  0x0000020a572098e8: ;   {no_reloc}
  0x0000020a572098e8: 2411 62e1 | ff08 1164 | 2412 62e1 | ff08 116c | 2413 62e1 | ff08 1174 | 2414 62e1 | ff08 117c 
  0x0000020a57209908: 2415 6261 | ff08 1144 | 2416 6261 | ff08 114c | 2417 6261 | ff08 1154 | 2418 6261 | ff08 115c 
  0x0000020a57209928: 2419 6261 | ff08 1164 | 241a 6261 | ff08 116c | 241b 6261 | ff08 1174 | 241c 6261 | ff08 117c 
  0x0000020a57209948: 241d 498b | d748 8bc8 | 4883 ec20 | 40f6 c40f | 0f84 1900 | 0000 4883 

  0x0000020a57209960: ;   {runtime_call}
  0x0000020a57209960: ec08 48b8 | 20a4 ef0f | fe7f 0000 | ffd0 4883 | c408 e90c 

  0x0000020a57209974: ;   {runtime_call}
  0x0000020a57209974: 0000 0048 | b820 a4ef | 0ffe 7f00 | 00ff d048 | 83c4 2062 | 61ff 0810 | 7c24 1d62 | 61ff 0810 
  0x0000020a57209994: 7424 1c62 | 61ff 0810 | 6c24 1b62 | 61ff 0810 | 6424 1a62 | 61ff 0810 | 5c24 1962 | 61ff 0810 
  0x0000020a572099b4: 5424 1862 | 61ff 0810 | 4c24 1762 | 61ff 0810 | 4424 1662 | e1ff 0810 | 7c24 1562 | e1ff 0810 
  0x0000020a572099d4: 7424 1462 | e1ff 0810 | 6c24 1362 | e1ff 0810 | 6424 1262 | e1ff 0810 | 5c24 1162 | e1ff 0810 
  0x0000020a572099f4: 5424 1062 | e1ff 0810 | 4c24 0f62 | e1ff 0810 | 4424 0ec5 | fb10 6c24 | 68c5 fb10 | 6424 60c5 
  0x0000020a57209a14: fb10 5c24 | 58c5 fb10 | 5424 50c5 | fb10 4c24 | 48c5 fb10 | 4424 404c | 8b5c 2430 | 4c8b 5424 
  0x0000020a57209a34: 284c 8b4c | 2420 4c8b | 4424 1848 | 8b54 2410 | 488b 4c24 | 0848 8b04 | 2448 81c4 | f000 0000 
  0x0000020a57209a54: c5f8 7749 | 8b8f 3004 | 0000 c781 | 0001 0000 | 0000 0000 | c949 837f | 0800 0f85 | 0100 0000 
  0x0000020a57209a74: ;   {runtime_call StubRoutines (initial stubs)}
  0x0000020a57209a74: c3e9 8674 | a1ff c5f8 | 7748 8945 | f84c 8be4 | 4883 ec20 | 4883 e4f0 

  0x0000020a57209a8c: ;   {runtime_call}
  0x0000020a57209a8c: 48b8 3022 | 3110 fe7f | 0000 ffd0 | 498b e44d | 33e4 488b | 45f8 e9f8 | fcff fff4 
[/MachCode]


Compiled method (c2) 188834 4909       4       java.security.SecureClassLoader::defineClass (16 bytes)
 total in heap  [0x0000020a57464810,0x0000020a57468bb8] = 17320
 relocation     [0x0000020a57464970,0x0000020a57464c28] = 696
 main code      [0x0000020a57464c40,0x0000020a57467270] = 9776
 stub code      [0x0000020a57467270,0x0000020a57467378] = 264
 oops           [0x0000020a57467378,0x0000020a57467390] = 24
 metadata       [0x0000020a57467390,0x0000020a57467520] = 400
 scopes data    [0x0000020a57467520,0x0000020a574682b0] = 3472
 scopes pcs     [0x0000020a574682b0,0x0000020a57468890] = 1504
 dependencies   [0x0000020a57468890,0x0000020a574688a8] = 24
 handler table  [0x0000020a574688a8,0x0000020a57468b48] = 672
 nul chk table  [0x0000020a57468b48,0x0000020a57468bb8] = 112

[Constant Pool (empty)]

[MachCode]
[Entry Point]
  # {method} {0x0000020a6304e0e8} 'defineClass' '(Ljava/lang/String;[BIILjava/security/CodeSource;)Ljava/lang/Class;' in 'java/security/SecureClassLoader'
  # this:     rdx:rdx   = 'java/security/SecureClassLoader'
  # parm0:    r8:r8     = 'java/lang/String'
  # parm1:    r9:r9     = '[B'
  # parm2:    rdi       = int
  # parm3:    rsi       = int
  # parm4:    rcx:rcx   = 'java/security/CodeSource'
  #           [sp+0xc0]  (sp of caller)
  0x0000020a57464c40: 448b 5208 | 49bb 0000 | 0063 0a02 | 0000 4d03 | d349 3bc2 

  0x0000020a57464c54: ;   {runtime_call ic_miss_stub}
  0x0000020a57464c54: 0f85 269d | 80ff 6690 | 0f1f 4000 
[Verified Entry Point]
  0x0000020a57464c60: 8984 2400 | 80ff ff55 | 4881 ecb0 | 0000 0090 | 4181 7f20 | 0500 0000 | 0f85 e425 | 0000 8974 
  0x0000020a57464c80: 2444 897c | 2440 4c89 | 4c24 384c | 8944 2430 | 4889 5424 | 2848 8be9 | 4885 c90f | 848f 1d00 
  0x0000020a57464ca0: 004d 8b87 | b801 0000 | 4d8b d049 | 83c2 104d | 3b97 c801 | 0000 0f83 | d015 0000 | 4d89 97b8 
  0x0000020a57464cc0: 0100 0041 | 0f0d 8ac0 | 0000 0049 | c700 0100 

  0x0000020a57464cd0: ;   {metadata('java/security/SecureClassLoader$CodeSourceKey')}
  0x0000020a57464cd0: 0000 41c7 | 4008 b8b4 | 1100 4c8b | d545 8950 | 0c4d 8b8f | b801 0000 | 4c8b 5424 | 2841 8b6a 
  0x0000020a57464cf0: 504d 8bd1 | 4983 c210 | 4d3b 97c8 | 0100 000f | 83ab 1500 | 004d 8997 | b801 0000 | 410f 0d8a 
  0x0000020a57464d10: c000 0000 | 49c7 0101 

  0x0000020a57464d18: ;   {metadata('java/security/SecureClassLoader$1')}
  0x0000020a57464d18: 0000 0041 | c741 0850 | ba11 004c | 8b54 2428 | 4589 510c 

  0x0000020a57464d2c: ; implicit exception: dispatches to 0x0000020a57466fbc
  0x0000020a57464d2c: 448b 5508 

  0x0000020a57464d30: ;   {metadata('java/util/concurrent/ConcurrentHashMap')}
  0x0000020a57464d30: 4181 fa80 | 2706 000f | 8553 1a00 | 0048 8bd5 

  0x0000020a57464d40: ;   {optimized virtual_call}
  0x0000020a57464d40: c5f8 77e8 

  0x0000020a57464d44: ; ImmutableOopMap {[40]=Oop [48]=Oop [56]=Oop }
                      ;*invokeinterface computeIfAbsent {reexecute=0 rethrow=0 return_oop=1}
                      ; - java.security.SecureClassLoader::getProtectionDomain@28
                      ; - java.security.SecureClassLoader::defineClass@9
  0x0000020a57464d44: 383e 30f8 

  0x0000020a57464d48: ;   {other}
  0x0000020a57464d48: 0f1f 8400 | 3805 0000 

  0x0000020a57464d50: ; implicit exception: dispatches to 0x0000020a57466fdc
  0x0000020a57464d50: 448b 5808 

  0x0000020a57464d54: ;   {metadata('java/security/ProtectionDomain')}
  0x0000020a57464d54: 4181 fbe8 | 5800 000f | 85e7 2100 | 0048 8984 | 2490 0000 | 004c 8b54 | 2430 458b | 5214 458b 
  0x0000020a57464d74: 5a0c 4585 | db0f 8665 | 1a00 004c | 8b44 2430 | 450f be40 | 1045 85c0 | 0f85 ee1b | 0000 c442 
  0x0000020a57464d94: 3af7 cb45 | 3bcb 418b | d941 0f4f | db4d 8bc2 | c4c1 f96e | c04d 8d42 | 1085 db0f | 8ecf 0000 
  0x0000020a57464db4: 0044 3bdb | 0f82 7a1a | 0000 b82f | 0000 0049 | 8bf8 8bd3 | 488b df83 | fa10 0f8c | 7900 0000 
  0x0000020a57464dd4: 83fa 200f | 8c36 0000 | 00c5 f96e | c8c4 e27d | 78c9 c5ed | efd2 8bca | 83e1 e083 | e21f c5fe 
  0x0000020a57464df4: 6f1b c5e5 | 74d9 c4e2 | 7d17 d30f | 8369 0000 | 0048 83c3 | 2083 e920 | 75e4 e90d | 0000 00c5 
  0x0000020a57464e14: f96e c8c5 | e9ef d2c4 | e271 00ca | 83fa 100f | 8c24 0000 | 008b ca83 | e1f0 83e2 | 0fc5 fa6f 
  0x0000020a57464e34: 1bc5 e174 | d9c4 e279 | 17d3 0f83 | 2a00 0000 | 4883 c310 | 83e9 1075 | e485 d20f 

  0x0000020a57464e50: ;   {no_reloc}
  0x0000020a57464e50: 8412 0000 | 000f b60b | 3bc1 741c | 4883 c301 | 83ea 0174 | 02eb eebb | ffff ffff | eb0d c5fd 
  0x0000020a57464e70: d7cb 0fbc | c148 03d8 | 482b df83 | fbff 0f85 | 5c1b 0000 | 410f b628 | 83fd 5b0f | 84d3 1b00 
  0x0000020a57464e90: 0041 8d59 | fb85 db7c | 0d41 0fbe | 0883 f96a | 0f84 d30d | 0000 488b | 5c24 2848 | 8b8c 2490 
  0x0000020a57464eb0: 0000 0044 | 8b71 1041 | 8d79 ff41 | 8d53 ff3b | fa0f 4ffa | 85ff 0f8c | d30f 0000 | 413b fb0f 
  0x0000020a57464ed0: 8393 1800 | 0085 ff0f | 8e33 1900 | 008d 4fff | 33f6 c4c1 | f96e c841 | 0fbe 543a | 1083 fa2e 
  0x0000020a57464ef0: 0f84 2f0e | 0000 ffcf | 3bf9 7feb | 83ff 020f | 8e92 0000 | 0044 8d47 | fe83 ff02 | 440f 4cc6 
  0x0000020a57464f10: 4181 f8a0 | 0f00 00b9 | a00f 0000 | 440f 47c1 | 8bd7 412b | d066 6666 | 0f1f 8400 | 0000 0000 
  0x0000020a57464f30: 4c63 c743 | 0fbe 4c02 | 1083 f92e | 0f84 8500 | 0000 470f | be44 020f | 4183 f82e | 747d 8d4f 
  0x0000020a57464f50: ;   {no_reloc}
  0x0000020a57464f50: fe45 0fbe | 440a 1041 | 83f8 2e74 | 718d 4ffd | 410f be44 | 0a10 83f8 | 2e74 6383 | c7fc 3bfa 
  0x0000020a57464f70: 7fbe 498b | af58 0400 | 004c 8b44 | 2428 488b | 4c24 3048 | 8b94 2490 

  0x0000020a57464f88: ; ImmutableOopMap {r10=NarrowOop r8=Oop rcx=Oop rbx=Oop rdx=Oop r14=NarrowOop xmm0=Oop xmm1=Derived_oop_xmm0 [40]=Oop [48]=Oop [56]=Oop [144]=Oop }
                      ;*goto {reexecute=1 rethrow=0 return_oop=0}
                      ; - (reexecute) java.lang.StringLatin1::lastIndexOf@35
                      ; - java.lang.String::lastIndexOf@13
                      ; - java.lang.String::lastIndexOf@8
                      ; - java.lang.ClassLoader::checkCerts@3
                      ; - java.lang.ClassLoader::preDefineClass@113
                      ; - java.lang.ClassLoader::defineClass@4
                      ; - java.security.SecureClassLoader::defineClass@12
                      ;   {poll}
  0x0000020a57464f88: 0000 0085 | 4500 83ff | 020f 8f6e | ffff ff83 | ffff 7e21 | 450f be44 | 3a10 4183 | f82e 0f84 
  0x0000020a57464fa8: 6a17 0000 | ffcf 83ff | ff7f e9c4 | c1f9 7ec8 | e9e4 0e00 | 00c4 c1f9 | 7ec8 e9da | 0e00 008b 
  0x0000020a57464fc8: cfeb 038d | 4fff c4c1 | f97e c883 | f9ff 0f84 | 8b11 0000 | 85c9 0f8c | d019 0000 | 413b c90f 
  0x0000020a57464fe8: 8fef 1a00 | 0041 3bc9 | 0f84 e00c | 0000 85c9 | 0f84 920e | 0000 4d8b | afb8 0100 | 004d 8bcd 
  0x0000020a57465008: 4983 c118 | 4d3b 8fc8 | 0100 000f | 83c4 1200 | 004c 8944 | 2420 4d89 | 8fb8 0100 | 0041 0f0d 
  0x0000020a57465028: 89c0 0000 | 0049 c745 | 0001 0000 | 004d 8bc5 | 4983 c010 

  0x0000020a5746503c: ;   {metadata('java/lang/String')}
  0x0000020a5746503c: 41c7 4508 | 78e8 0000 | 4589 650c | c5f5 efc9 | c4c1 79d6 | 0841 3bcb | 0f85 cb00 | 0000 4d63 
  0x0000020a5746505c: c341 81fb | 0000 1000 | 0f87 1716 | 0000 498b | bfb8 0100 | 004d 8d48 | 1749 83e1 | f848 8bcf 
  0x0000020a5746507c: 4903 c949 | 3b8f c801 | 0000 0f83 | f515 0000 | 4989 8fb8 | 0100 000f | 0d89 c000 | 0000 48c7 
  0x0000020a5746509c: 0701 0000 | 000f 0d89 | 0001 0000 

  0x0000020a574650a8: ;   {metadata({type array byte})}
  0x0000020a574650a8: c747 0818 | 2300 0044 | 895f 0c0f | 0d89 4001 | 0000 0f0d | 8980 0100 | 0089 7424 | 4848 895c 
  0x0000020a574650c8: 2458 4489 | 7424 4c4c | 896c 2460 | 4c89 4424 | 6848 8bd7 | 4883 c210 | 4c8b 4424 | 6849 83c0 
  0x0000020a574650e8: 0749 c1e8 | 0348 8b4c | 2420 c5f8 | 7749 ba80 | 43c5 560a | 0200 0041 

  0x0000020a57465100: ;   {other}
  0x0000020a57465100: ffd2 0f1f | 8400 0000 | 0000 8b74 | 2448 488b | 5c24 5844 | 8b74 244c | 4c8b 6c24 | 604c 8bdf 
  0x0000020a57465120: e9dd 0000 | 0081 f900 | 0010 000f | 8743 1700 | 004c 63c9 | 443b d941 | 8beb 0f4f | e944 3bdd 
  0x0000020a57465140: 0f82 ce17 | 0000 3bcd | 0f82 c617 | 0000 4983 | c117 4d8b | c149 83e0 | f881 f900 | 0010 000f 
  0x0000020a57465160: 8735 1300 | 004d 8b9f | b801 0000 | 4d8b d34d | 03d0 4d3b | 97c8 0100 | 000f 831b | 1300 004d 
  0x0000020a57465180: 8997 b801 | 0000 410f | 0d8a c000 | 0000 49c7 | 0301 0000 | 0041 0f0d | 8a00 0100 

  0x0000020a5746519c: ;   {metadata({type array byte})}
  0x0000020a5746519c: 0041 c743 | 0818 2300 | 0041 894b | 0c41 0f0d | 8a40 0100 | 0041 0f0d | 8a80 0100 | 004d 8bd3 
  0x0000020a574651bc: 4983 c210 | 49c1 e903 | 85ed 0f84 | b016 0000 | 3be9 0f8c | 890d 0000 | 498b fb49 | 83c0 f049 
  0x0000020a574651dc: c1e8 0348 | 8b4c 2420 | 498b d2c5 | f877 49ba | 8043 c556 | 0a02 0000 

  0x0000020a574651f4: ;   {other}
  0x0000020a574651f4: 41ff d20f | 1f84 0000 | 0000 004c | 8bdf 4180 | 7f40 000f | 85cc 0c00 | 004d 8bd5 | 4d8b cb45 
  0x0000020a57465214: 894d 144d | 33da 49c1 | eb14 4d85 | db74 1a49 | c1ea 0948 | b900 00b7 | 5e0a 0200 | 0049 03ca 
  0x0000020a57465234: 8039 020f | 85cf 0c00 | 0045 8865 | 1041 8b6e | 1485 ed0f | 852f 1800 | 0041 8b6e | 1085 ed0f 
  0x0000020a57465254: 8553 1800 | 0044 8b5b | 2c45 85db | 0f84 b714 | 0000 4889 | 5c24 4889 | 7424 2049 | 8bd3 bf01 
  0x0000020a57465274: ;   {oop(a 'java/security/cert/Certificate'[0] {0x00000000e0cf3d28})}
  0x0000020a57465274: 0000 0049 | b928 3dcf | e000 0000 | 004d 8bc5 

  0x0000020a57465284: ;   {optimized virtual_call}
  0x0000020a57465284: c5f8 77e8 

  0x0000020a57465288: ; ImmutableOopMap {[40]=Oop [48]=Oop [56]=Oop [72]=Oop [144]=Oop }
                      ;*invokevirtual putVal {reexecute=0 rethrow=0 return_oop=1}
                      ; - java.util.concurrent.ConcurrentHashMap::putIfAbsent@4
                      ; - java.lang.ClassLoader::checkCerts@62
                      ; - java.lang.ClassLoader::preDefineClass@113
                      ; - java.lang.ClassLoader::defineClass@4
                      ; - java.security.SecureClassLoader::defineClass@12
  0x0000020a57465288: b4c6 feff 

  0x0000020a5746528c: ;   {other}
  0x0000020a5746528c: 0f1f 8400 | 7c0a 0002 | 4885 c074 | 1c44 8b58 

  0x0000020a5746529c: ;   {metadata('java/security/cert/Certificate'[])}
  0x0000020a5746529c: 0841 81fb | 2029 1000 | 0f85 d21c | 0000 8b68 | 0c85 ed0f | 875b 1800 | 004c 8b8c | 2490 0000 
  0x0000020a574652bc: 0045 8b59 | 1041 8b6b | 0c44 8b55 | 3845 85d2 | 0f84 6614 | 0000 48ff | b424 9000 | 0000 488f 
  0x0000020a574652dc: 4424 4849 | 8bd2 4c8b | c566 6690 

  0x0000020a574652e8: ;   {optimized virtual_call}
  0x0000020a574652e8: c5f8 77e8 

  0x0000020a574652ec: ; ImmutableOopMap {[40]=Oop [48]=Oop [56]=Oop [72]=Oop [144]=Oop }
                      ;*invokevirtual toExternalForm {reexecute=0 rethrow=0 return_oop=1}
                      ; - java.net.URL::toExternalForm@5
                      ; - java.net.URL::toString@1
                      ; - java.lang.ClassLoader::defineClassSourceLocation@22
                      ; - java.lang.ClassLoader::defineClass@12
                      ; - java.security.SecureClassLoader::defineClass@12
  0x0000020a574652ec: 30b3 f6ff 

  0x0000020a574652f0: ;   {other}
  0x0000020a574652f0: 0f1f 8400 | e00a 0003 | 488b 5424 | 284c 8b44 | 2430 4c8b | 4c24 388b | 7c24 408b | 7424 4448 
  0x0000020a57465310: 8b8c 2490 | 0000 0048 | 8904 2490 

  0x0000020a5746531c: ;   {static_call}
  0x0000020a5746531c: c5f8 77e8 

  0x0000020a57465320: ; ImmutableOopMap {[40]=Oop [72]=Oop [144]=Oop }
                      ;*invokestatic defineClass1 {reexecute=0 rethrow=0 return_oop=1}
                      ; - java.lang.ClassLoader::defineClass@27
                      ; - java.security.SecureClassLoader::defineClass@12
  0x0000020a57465320: bc42 daff 

  0x0000020a57465324: ;   {other}
  0x0000020a57465324: 0f1f 8400 | 140b 0004 | 4889 4424 | 3044 8b50 | 3c45 85d2 | 7412 498b | da49 bd00 | 00b7 5e0a 
  0x0000020a57465344: 0200 00e9 | f903 0000 | 4c8b 5010 

  0x0000020a57465350: ; implicit exception: dispatches to 0x0000020a57467048
  0x0000020a57465350: 458b 5a08 | 4585 db0f | 8ce3 1500 | 0044 8b50 | 2c45 85d2 | 0f84 7609 | 0000 4d8b | da45 8b4b 
  0x0000020a57465370: 1441 8b49 | 0c45 0fbe | 5310 c4e2 | 2af7 f98d | 5fff 4585 | d20f 8511 | 1900 004d | 8bd1 4c89 
  0x0000020a57465390: 9424 8800 | 0000 448d | 51ff 443b | d344 0f4f | d345 85d2 | 0f8c 100b | 0000 85c9 | 0f86 3d15 
  0x0000020a574653b0: 0000 443b | d10f 8334 | 1500 0045 | 85d2 0f8e | 9815 0000 | 418d 52ff 

  0x0000020a574653c8: ;   {oop(""{0x00000000e07ddde0})}
  0x0000020a574653c8: 48bb e0dd | 7de0 0000 | 0000 49bd | 0000 b75e | 0a02 0000 | 470f be44 | 1110 4183 | f82e 0f84 
  0x0000020a574653e8: 9c0a 0000 | 41ff ca44 | 3bd2 7fe8 | 4183 fa02 | 0f8e 7100 | 0000 418d | 52fe 4183 | fa02 0f4c 
  0x0000020a57465408: 5424 2081 | faa0 0f00 | 0041 b8a0 | 0f00 0041 | 0f47 d041 | 8bf2 2bf2 | 4d63 c243 | 0fbe 5401 
  0x0000020a57465428: 1083 fa2e | 746c 430f | be54 010f | 83fa 2e74 | 6645 8d42 | fe43 0fbe | 4401 1083 | f82e 745b 
  0x0000020a57465448: 458d 42fd | 430f be54 | 0110 83fa | 2e74 4c41 | 83c2 fc44 | 3bd6 7fc0 | 498b 8758 

  0x0000020a57465464: ; ImmutableOopMap {r11=Oop r9=NarrowOop rbx=Oop [40]=Oop [48]=Oop [72]=Oop [136]=Oop }
                      ;*goto {reexecute=1 rethrow=0 return_oop=0}
                      ; - (reexecute) java.lang.StringLatin1::lastIndexOf@35
                      ; - java.lang.String::lastIndexOf@13
                      ; - java.lang.String::lastIndexOf@8
                      ; - java.lang.Class::getPackageName@47
                      ; - java.lang.ClassLoader::postDefineClass@2
                      ; - java.lang.ClassLoader::defineClass@37
                      ; - java.security.SecureClassLoader::defineClass@12
                      ;   {poll}
  0x0000020a57465464: 0400 0085 | 0041 83fa | 027f 8f41 | 83fa ff0f | 8e55 0a00 | 0066 6690 | 470f be44 | 1110 4183 
  0x0000020a57465484: f82e 0f84 | c813 0000 | 41ff ca41 | 83fa ff7f | e7e9 340a | 0000 458b | c2eb 0445 | 8d42 ff41 
  0x0000020a574654a4: 83f8 ff0f | 8453 0200 | 0045 85c0 | 0f8c 3a18 | 0000 443b | c70f 8f95 | 1800 0044 | 3bc7 0f84 
  0x0000020a574654c4: 5008 0000 | 4585 c00f | 84da 0900 | 0049 8b9f | b801 0000 | 4c8b d349 | 83c2 184d | 3b97 c801 
  0x0000020a574654e4: 0000 0f83 | 6c10 0000 | 4d89 97b8 | 0100 004c | 8bdb 4983 | c310 48c7 | 0301 0000 | 0041 0f0d 
  0x0000020a57465504: 8ac0 0000 

  0x0000020a57465508: ;   {metadata('java/lang/String')}
  0x0000020a57465508: 00c7 4308 | 78e8 0000 | 4489 630c | c5fd efc0 | c4c1 79d6 | 034d 8d51 | 1044 3bc1 | 0f85 9700 
  0x0000020a57465528: 0000 4c63 | c181 f900 | 0010 000f | 878f 1100 | 0049 8bbf | b801 0000 | 4d8d 5817 | 4983 e3f8 
  0x0000020a57465548: 488b d749 | 03d3 493b | 97c8 0100 | 000f 836d | 1100 0049 | 8997 b801 | 0000 0f0d | 8ac0 0000 
  0x0000020a57465568: 0048 c707 | 0100 0000 | 0f0d 8a00 

  0x0000020a57465574: ;   {metadata({type array byte})}
  0x0000020a57465574: 0100 00c7 | 4708 1823 | 0000 894f | 0c0f 0d8a | 4001 0000 | 0f0d 8a80 | 0100 0048 | 8bd7 4883 
  0x0000020a57465594: c210 4983 | c007 49c1 | e803 498b | cac5 f877 | 49ba 8043 | c556 0a02 | 0000 41ff 

  0x0000020a574655b0: ;   {other}
  0x0000020a574655b0: d20f 1f84 | 0000 0000 | 0048 8bf7 | e9da 0000 | 0041 81f8 | 0000 1000 | 0f87 a015 | 0000 4d63 
  0x0000020a574655d0: d841 3bc8 | 8be9 410f | 4fe8 3bcd | 0f82 0716 | 0000 443b | c50f 82fe | 1500 0049 | 83c3 1749 
  0x0000020a574655f0: 8bfb 4883 | e7f8 4181 | f800 0010 | 000f 879a | 0f00 0049 | 8bb7 b801 | 0000 4c8b | ce4c 03cf 
  0x0000020a57465610: 4d3b 8fc8 | 0100 000f | 8380 0f00 | 004d 898f | b801 0000 | 410f 0d89 | c000 0000 | 48c7 0601 
  0x0000020a57465630: 0000 0041 | 0f0d 8900 

  0x0000020a57465638: ;   {metadata({type array byte})}
  0x0000020a57465638: 0100 00c7 | 4608 1823 | 0000 4489 | 460c 410f | 0d89 4001 | 0000 410f | 0d89 8001 | 0000 4c8b 
  0x0000020a57465658: ce49 83c1 | 1049 c1eb | 0385 ed0f | 840d 1500 | 0041 3be8 | 0f8c 0b0b | 0000 4883 | c7f0 48c1 
  0x0000020a57465678: ef03 498b | ca49 8bd1 | 4c8b c7c5 | f877 49ba | 8043 c556 | 0a02 0000 

  0x0000020a57465690: ;   {other}
  0x0000020a57465690: 41ff d20f | 1f84 0000 | 0000 0041 | 807f 4000 | 0f85 3d0a | 0000 4c8b | d34c 8bc6 | 4489 4314 
  0x0000020a574656b0: 4c8b de4d | 33da 49c1 | eb14 4d85 | db74 1a49 | c1ea 0948 | b900 00b7 | 5e0a 0200 | 0049 03ca 
  0x0000020a574656d0: 8039 020f | 853d 0a00 | 0044 8863 | 104c 896c | 2440 488b | d366 6690 

  0x0000020a574656e8: ;   {optimized virtual_call}
  0x0000020a574656e8: c5f8 77e8 

  0x0000020a574656ec: ; ImmutableOopMap {[40]=Oop [48]=Oop [72]=Oop }
                      ;*invokevirtual intern {reexecute=0 rethrow=0 return_oop=1}
                      ; - java.lang.Class::getPackageName@65
                      ; - java.lang.ClassLoader::postDefineClass@2
                      ; - java.lang.ClassLoader::defineClass@37
                      ; - java.security.SecureClassLoader::defineClass@12
  0x0000020a574656ec: 7047 d7ff 

  0x0000020a574656f0: ;   {other}
  0x0000020a574656f0: 0f1f 8400 | e00e 0006 | 488b d84c | 8b6c 2440 | 4180 7f40 | 000f 854f | 0900 004c | 8bdb 4c8b 
  0x0000020a57465710: 5424 3045 | 895a 3c4c | 8bdb 4d33 | da49 c1eb | 144d 85db | 741f 4885 | db74 1a49 | c1ea 0948 
  0x0000020a57465730: b900 00b7 | 5e0a 0200 | 0049 03ca | 8039 020f | 854d 0900 | 004c 8b54 | 2428 458b | 4238 4585 
  0x0000020a57465750: c00f 84f9 | 0f00 004c | 8bdb 8b43 | 0c4c 8b54 | 2430 458b | 4a30 85c0 | 0f84 9b04 | 0000 418b 
  0x0000020a57465770: 4828 85c9 | 0f84 e900 | 0000 448b | 410c 4585 | c00f 8679 | 1200 0044 | 8bd0 41c1 | ea10 4433 
  0x0000020a57465790: d041 ffc8 | 4181 e2ff | ffff 7f45 | 23c2 4d63 | c046 8b44 | 8110 4585 | c00f 84b4 | 0000 0041 
  0x0000020a574657b0: 8b68 0c41 | 3bea 0f84 | bd02 0000 | 85ed 0f8c | 4416 0000 | 458b 4018 | 4585 c00f | 8492 0000 
  0x0000020a574657d0: 0049 8bf8 | 8b4f 0c49 | 8b97 5804 

  0x0000020a574657dc: ; ImmutableOopMap {r11=Oop r9=NarrowOop rdi=Oop [40]=Oop [48]=Oop [72]=Oop }
                      ;*if_icmpne {reexecute=1 rethrow=0 return_oop=0}
                      ; - (reexecute) java.util.concurrent.ConcurrentHashMap::get@127
                      ; - java.lang.ClassLoader::getNamedPackage@5
                      ; - java.lang.ClassLoader::postDefineClass@9
                      ; - java.lang.ClassLoader::defineClass@37
                      ; - java.security.SecureClassLoader::defineClass@12
                      ;   {poll}
  0x0000020a574657dc: 0000 8502 | 413b ca74 | 0e44 8b47 | 1845 85c0 | 7475 498b | f8eb e18b | 6f10 4c8b | c54d 3bc3 
  0x0000020a574657fc: 745a 85ed | 0f84 aa16 | 0000 4889 | 7c24 5044 | 8954 2444 | 4489 4c24 | 404c 896c | 2420 4c8b 
  0x0000020a5746581c: c549 8bd3 | 498b eb90 

  0x0000020a57465824: ;   {optimized virtual_call}
  0x0000020a57465824: c5f8 77e8 

  0x0000020a57465828: ; ImmutableOopMap {rbp=Oop [40]=Oop [48]=Oop [64]=NarrowOop [72]=Oop [80]=Oop }
                      ;*invokevirtual equals {reexecute=0 rethrow=0 return_oop=0}
                      ; - java.util.concurrent.ConcurrentHashMap::get@149
                      ; - java.lang.ClassLoader::getNamedPackage@5
                      ; - java.lang.ClassLoader::postDefineClass@9
                      ; - java.lang.ClassLoader::defineClass@37
                      ; - java.security.SecureClassLoader::defineClass@12
  0x0000020a57465828: 141d deff 

  0x0000020a5746582c: ;   {other}
  0x0000020a5746582c: 0f1f 8400 | 1c10 0008 | 4d8b 9758 

  0x0000020a57465838: ; ImmutableOopMap {rbp=Oop [40]=Oop [48]=Oop [64]=NarrowOop [72]=Oop [80]=Oop }
                      ;*ifeq {reexecute=1 rethrow=0 return_oop=0}
                      ; - (reexecute) java.util.concurrent.ConcurrentHashMap::get@152
                      ; - java.lang.ClassLoader::getNamedPackage@5
                      ; - java.lang.ClassLoader::postDefineClass@9
                      ; - java.lang.ClassLoader::defineClass@37
                      ; - java.security.SecureClassLoader::defineClass@12
                      ;   {poll}
  0x0000020a57465838: 0400 0041 | 8502 85c0 | 0f84 0a0a | 0000 4c8b | 6c24 204c | 8bdd 448b | 4c24 4048 | 8b7c 2450 
  0x0000020a57465858: 8b6f 1485 | ed0f 853f | 0300 0049 | 8b87 b801 | 0000 4c8b | d049 83c2 | 184d 3b97 | c801 0000 
  0x0000020a57465878: 0f83 920d | 0000 4d89 | 97b8 0100 | 004c 8bc0 | 4983 c010 | 48c7 0001 | 0000 0041 | 0f0d 8ac0 
  0x0000020a57465898: ;   {metadata('java/lang/NamedPackage')}
  0x0000020a57465898: 0000 00c7 | 4008 e8c0 | 0100 4489 | 600c c5fd | efc0 c4c1 | 79d6 004c | 896c 2420 | 4c89 5c24 
  0x0000020a574658b8: 3844 894c | 2440 4889 | 4424 5048 | 8b54 2438 

  0x0000020a574658c8: ;   {optimized virtual_call}
  0x0000020a574658c8: c5f8 77e8 

  0x0000020a574658cc: ; ImmutableOopMap {[40]=Oop [48]=Oop [56]=Oop [64]=NarrowOop [72]=Oop [80]=Oop }
                      ;*invokevirtual isEmpty {reexecute=0 rethrow=0 return_oop=0}
                      ; - java.lang.NamedPackage::<init>@5
                      ; - java.lang.ClassLoader::getNamedPackage@22
                      ; - java.lang.ClassLoader::postDefineClass@9
                      ; - java.lang.ClassLoader::defineClass@37
                      ; - java.security.SecureClassLoader::defineClass@12
  0x0000020a574658cc: b095 80ff 

  0x0000020a574658d0: ;   {other}
  0x0000020a574658d0: 0f1f 8400 | c010 000a | 85c0 0f84 | 4c04 0000 | 448b 5424 | 4045 85d2 | 0f84 5e13 | 0000 4c89 
  0x0000020a574658f0: 5424 5849 | 8bd2 6690 

  0x0000020a574658f8: ;   {optimized virtual_call}
  0x0000020a574658f8: c5f8 77e8 

  0x0000020a574658fc: ; ImmutableOopMap {[40]=Oop [48]=Oop [56]=Oop [64]=NarrowOop [72]=Oop [80]=Oop [88]=Oop }
                      ;*invokevirtual isNamed {reexecute=0 rethrow=0 return_oop=0}
                      ; - java.lang.NamedPackage::<init>@12
                      ; - java.lang.ClassLoader::getNamedPackage@22
                      ; - java.lang.ClassLoader::postDefineClass@9
                      ; - java.lang.ClassLoader::defineClass@37
                      ; - java.security.SecureClassLoader::defineClass@12
  0x0000020a574658fc: 8095 80ff 

  0x0000020a57465900: ;   {other}
  0x0000020a57465900: 0f1f 8400 | f010 000b | 85c0 0f84 | 1c04 0000 | 498b 87b8 | 0100 004c | 8bd0 4983 | c228 4d3b 
  0x0000020a57465920: 97c8 0100 | 000f 8316 | 0d00 004d | 8997 b801 | 0000 410f | 0d8a c000 | 0000 48c7 | 0001 0000 
  0x0000020a57465940: 004c 8bd0 | 4983 c210 

  0x0000020a57465948: ;   {metadata('java/lang/InternalError')}
  0x0000020a57465948: c740 0838 | 0701 0044 | 8960 0cc5 | fdef c041 | b807 0000 | 00c4 c178 | 92f8 62d1 | fe2f 7f02 
  0x0000020a57465968: 4889 4424 | 7049 8b87 | b801 0000 | 4c8b d049 | 83c2 184d | 3b97 c801 | 0000 0f83 | d90c 0000 
  0x0000020a57465988: 4d89 97b8 | 0100 0041 | 0f0d 8ac0 | 0000 0048 | c700 0100 | 0000 4c8b | d049 83c2 

  0x0000020a574659a4: ;   {metadata('java/lang/StringBuilder')}
  0x0000020a574659a4: 10c7 4008 | 4080 0000 | 4489 600c | c5fd efc0 | c4c1 79d6 | 0248 8be8 | 488b d54c | 8b54 2470 
  0x0000020a574659c4: 4c89 5424 | 6866 6690 

  0x0000020a574659cc: ;   {optimized virtual_call}
  0x0000020a574659cc: c5f8 77e8 

  0x0000020a574659d0: ; ImmutableOopMap {rbp=Oop [40]=Oop [48]=Oop [56]=Oop [64]=NarrowOop [72]=Oop [80]=Oop [88]=Oop [104]=Oop [112]=Oop }
                      ;*invokespecial <init> {reexecute=0 rethrow=0 return_oop=0}
                      ; - java.lang.NamedPackage::<init>@26
                      ; - java.lang.ClassLoader::getNamedPackage@22
                      ; - java.lang.ClassLoader::postDefineClass@9
                      ; - java.lang.ClassLoader::defineClass@37
                      ; - java.security.SecureClassLoader::defineClass@12
  0x0000020a574659d0: ac94 80ff 

  0x0000020a574659d4: ;   {other}
  0x0000020a574659d4: 0f1f 8400 | c411 000c 

  0x0000020a574659dc: ;   {oop("unnamed package in  "{0x00000000e0797188})}
  0x0000020a574659dc: 49b8 8871 | 79e0 0000 | 0000 488b | d54c 8b54 | 2468 4c89 | 5424 6090 

  0x0000020a574659f4: ;   {optimized virtual_call}
  0x0000020a574659f4: c5f8 77e8 

  0x0000020a574659f8: ; ImmutableOopMap {[40]=Oop [48]=Oop [56]=Oop [64]=NarrowOop [72]=Oop [80]=Oop [88]=Oop [96]=Oop [104]=Oop }
                      ;*invokevirtual append {reexecute=0 rethrow=0 return_oop=1}
                      ; - java.lang.NamedPackage::<init>@31
                      ; - java.lang.ClassLoader::getNamedPackage@22
                      ; - java.lang.ClassLoader::postDefineClass@9
                      ; - java.lang.ClassLoader::defineClass@37
                      ; - java.security.SecureClassLoader::defineClass@12
  0x0000020a574659f8: 8494 80ff 

  0x0000020a574659fc: ;   {other}
  0x0000020a574659fc: 0f1f 8400 | ec11 000d | 4885 c00f | 8417 1300 | 0048 8bd0 | 4c8b 4424 | 584c 8b54 | 2460 4c89 
  0x0000020a57465a1c: 5424 2090 

  0x0000020a57465a20: ;   {optimized virtual_call}
  0x0000020a57465a20: c5f8 77e8 

  0x0000020a57465a24: ; ImmutableOopMap {[32]=Oop [40]=Oop [48]=Oop [56]=Oop [64]=NarrowOop [72]=Oop [80]=Oop [96]=Oop }
                      ;*invokevirtual append {reexecute=0 rethrow=0 return_oop=1}
                      ; - java.lang.NamedPackage::<init>@35
                      ; - java.lang.ClassLoader::getNamedPackage@22
                      ; - java.lang.ClassLoader::postDefineClass@9
                      ; - java.lang.ClassLoader::defineClass@37
                      ; - java.security.SecureClassLoader::defineClass@12
  0x0000020a57465a24: 5894 80ff 

  0x0000020a57465a28: ;   {other}
  0x0000020a57465a28: 0f1f 8400 | 1812 000e | 4885 c00f | 8403 1300 | 0048 8bd0 

  0x0000020a57465a3c: ;   {optimized virtual_call}
  0x0000020a57465a3c: c5f8 77e8 

  0x0000020a57465a40: ; ImmutableOopMap {[32]=Oop [40]=Oop [48]=Oop [56]=Oop [64]=NarrowOop [72]=Oop [80]=Oop }
                      ;*invokevirtual toString {reexecute=0 rethrow=0 return_oop=1}
                      ; - java.lang.NamedPackage::<init>@38
                      ; - java.lang.ClassLoader::getNamedPackage@22
                      ; - java.lang.ClassLoader::postDefineClass@9
                      ; - java.lang.ClassLoader::defineClass@37
                      ; - java.security.SecureClassLoader::defineClass@12
  0x0000020a57465a40: 3c94 80ff 

  0x0000020a57465a44: ;   {other}
  0x0000020a57465a44: 0f1f 8400 | 3412 000f | 488b 5424 | 204c 8bc0 

  0x0000020a57465a54: ;   {optimized virtual_call}
  0x0000020a57465a54: c5f8 77e8 

  0x0000020a57465a58: ; ImmutableOopMap {[32]=Oop [40]=Oop [48]=Oop [56]=Oop [64]=NarrowOop [72]=Oop [80]=Oop }
                      ;*invokespecial <init> {reexecute=0 rethrow=0 return_oop=0}
                      ; - java.lang.NamedPackage::<init>@41
                      ; - java.lang.ClassLoader::getNamedPackage@22
                      ; - java.lang.ClassLoader::postDefineClass@9
                      ; - java.lang.ClassLoader::defineClass@37
                      ; - java.security.SecureClassLoader::defineClass@12
  0x0000020a57465a58: 2494 80ff 

  0x0000020a57465a5c: ;   {other}
  0x0000020a57465a5c: 0f1f 8400 | 4c12 0010 | 488b 5424 | 20c5 f877 | 4881 c4b0 | 0000 005d 

  0x0000020a57465a74: ;   {runtime_call _rethrow_Java}
  0x0000020a57465a74: e987 3a85 | ff41 8b68 | 1048 8bcd | 493b cb0f | 840d 0100 | 008b 5d08 | 488b cd4c | 3bd9 0f84 
  0x0000020a57465a94: fe00 0000 

  0x0000020a57465a98: ;   {metadata('java/lang/String')}
  0x0000020a57465a98: 81fb 78e8 | 0000 0f85 | 7411 0000 | 410f be5b | 100f be69 | 103b dd0f | 85f7 1200 | 008b 7914 
  0x0000020a57465ab8: 418b 5b14 | 8b77 0c8b | 4b0c 3bce | 0f85 4e11 | 0000 488b | d748 8d77 | 1048 8bfb | 488d 7b10 
  0x0000020a57465ad8: 85c9 0f84 | 9d00 0000 | 8bc1 83e0 | 1f83 e1e0 | 0f84 4b00 | 0000 488d | 3c0f 488d | 340e 48f7 
  0x0000020a57465af8: d9c5 fe6f | 040f c5fe | 6f0c 0ec5 | fdef c1c4 | e27d 17c0 | 0f85 7200 | 0000 4883 | c120 75e1 
  0x0000020a57465b18: 85c0 0f84 | 5d00 0000 | c5fe 6f44 | 07e0 c5fe | 6f4c 06e0 | c5fd efc1 | c4e2 7d17 | c075 4deb 
  0x0000020a57465b38: 448b c883 | e1fc 7419 | 488d 3c0f | 488d 340e | 48f7 d98b | 1c0f 3b1c | 0e75 3148 | 83c1 0475 
  0x0000020a57465b58: f2a8 0274 | 120f b71f | 0fb7 0e3b | d975 1d48 | 8d7f 0248 | 8d76 02a8 | 0174 0a0f | b61f 0fb6 
  0x0000020a57465b78: 0e3b d975 | 07b8 0100 | 0000 eb02 | 33c0 c5fd | efc0 c5f5 | efc9 85c0 | 0f84 8210 

  0x0000020a57465b94: ;   {no_reloc}
  0x0000020a57465b94: 0000 418b | 6814 85ed | 0f84 c1fc | ffff 448b | 5508 49bb | 0000 0063 | 0a02 0000 | 4d03 da4d 
  0x0000020a57465bb4: ;   {metadata('java/lang/NamedPackage')}
  0x0000020a57465bb4: 8b53 3849 | bbe8 c001 | 630a 0200 | 004d 3bd3 | 0f85 920c | 0000 4c8b | 5424 4845 | 8b5a 1041 
  0x0000020a57465bd4: 8b6b 1485 | ed0f 8585 | 1000 0041 | 8b6b 1085 | ed0f 8595 | 1000 0048 | 8b44 2430 | c5f8 7748 
  0x0000020a57465bf4: 81c4 b000 

  0x0000020a57465bf8: ;   {poll_return}
  0x0000020a57465bf8: 0000 5d49 | 3ba7 5004 | 0000 0f87 | 4416 0000 | c344 0fb6 | 5311 4585 | d20f 855f | 0500 000f 
  0x0000020a57465c18: be4b 1085 | c90f 8519 | 1200 0044 | 894c 2444 | 4889 5c24 | 384c 896c | 2420 448b | 5b14 498b 
  0x0000020a57465c38: e844 8944 | 2440 498b | d366 6690 

  0x0000020a57465c44: ;   {static_call}
  0x0000020a57465c44: c5f8 77e8 

  0x0000020a57465c48: ; ImmutableOopMap {rbp=Oop [40]=Oop [48]=Oop [56]=Oop [64]=NarrowOop [68]=NarrowOop [72]=Oop }
                      ;*invokestatic hashCode {reexecute=0 rethrow=0 return_oop=0}
                      ; - java.lang.String::hashCode@27
                      ; - java.util.concurrent.ConcurrentHashMap::get@1
                      ; - java.lang.ClassLoader::getNamedPackage@5
                      ; - java.lang.ClassLoader::postDefineClass@9
                      ; - java.lang.ClassLoader::defineClass@37
                      ; - java.security.SecureClassLoader::defineClass@12
  0x0000020a57465c48: 349c 80ff 

  0x0000020a57465c4c: ;   {other}
  0x0000020a57465c4c: 0f1f 8400 | 3c14 0011 | 85c0 0f84 | 1006 0000 | 4c8b 5c24 | 3841 8943 | 0c4c 8b6c | 2420 448b 
  0x0000020a57465c6c: 4424 4044 | 8b4c 2444 | e9f5 faff | ff41 83fb | 040f 8661 | 1100 0041 | 807a 1161 | 0f85 18f2 
  0x0000020a57465c8c: ffff 4180 | 7a12 760f | 850d f2ff | ff41 807a | 1361 0f85 | 02f2 ffff | 4180 7a14 | 2e0f 85f7 
  0x0000020a57465cac: ;   {oop(a 'jdk/internal/loader/ClassLoaders$PlatformClassLoader'{0x00000000e07ddad0})}
  0x0000020a57465cac: f1ff ff48 | b9d0 da7d | e000 0000 | 0048 8b5c | 2428 483b | d90f 855d 

  0x0000020a57465cc4: ;   {oop(a 'jdk/internal/loader/ClassLoaders$PlatformClassLoader'{0x00000000e07ddad0})}
  0x0000020a57465cc4: 1200 0048 | bbd0 da7d | e000 0000 | 00e9 d5f1 | ffff 4c8b | 6c24 30e9 | 61f5 ffff | 488b d090 
  0x0000020a57465ce4: ;   {optimized virtual_call}
  0x0000020a57465ce4: c5f8 77e8 

  0x0000020a57465ce8: ; ImmutableOopMap {[40]=Oop [48]=Oop [72]=Oop [144]=Oop }
                      ;*invokevirtual initClassName {reexecute=0 rethrow=0 return_oop=1}
                      ; - java.lang.Class::getName@14
                      ; - java.lang.Class::getPackageName@40
                      ; - java.lang.ClassLoader::postDefineClass@2
                      ; - java.lang.ClassLoader::defineClass@37
                      ; - java.security.SecureClassLoader::defineClass@12
  0x0000020a57465ce8: 745f d9ff 

  0x0000020a57465cec: ;   {other}
  0x0000020a57465cec: 0f1f 8400 | dc14 0012 | 4c8b d848 | 85c0 0f85 | 6df6 ffff | baf6 ffff | ff66 6690 

  0x0000020a57465d08: ;   {runtime_call UncommonTrapBlob}
  0x0000020a57465d08: c5f8 77e8 

  0x0000020a57465d0c: ; ImmutableOopMap {}
                      ;*invokevirtual lastIndexOf {reexecute=0 rethrow=0 return_oop=0}
                      ; - java.lang.Class::getPackageName@47
                      ; - java.lang.ClassLoader::postDefineClass@2
                      ; - java.lang.ClassLoader::defineClass@37
                      ; - java.security.SecureClassLoader::defineClass@12
  0x0000020a57465d0c: f01d 81ff 

  0x0000020a57465d10: ;   {other}
  0x0000020a57465d10: 0f1f 8400 | 0015 0013 | 4c89 6c24 | 4049 8bdb | e9bd f9ff | ff8b cfe9 | a2f2 ffff | 448b 5424 
  0x0000020a57465d30: 4049 8bea | 488b 5424 | 3866 6690 

  0x0000020a57465d3c: ;   {optimized virtual_call}
  0x0000020a57465d3c: c5f8 77e8 

  0x0000020a57465d40: ; ImmutableOopMap {rbp=Oop [40]=Oop [48]=Oop [56]=Oop [64]=NarrowOop [72]=Oop [80]=Oop }
                      ;*invokevirtual intern {reexecute=0 rethrow=0 return_oop=1}
                      ; - java.lang.NamedPackage::<init>@47
                      ; - java.lang.ClassLoader::getNamedPackage@22
                      ; - java.lang.ClassLoader::postDefineClass@9
                      ; - java.lang.ClassLoader::defineClass@37
                      ; - java.security.SecureClassLoader::defineClass@12
  0x0000020a57465d40: 3c91 80ff 

  0x0000020a57465d44: ;   {other}
  0x0000020a57465d44: 0f1f 8400 | 3415 0014 | 488b d841 | 807f 4000 | 0f85 2506 | 0000 4c8b | 5424 504c | 8954 2458 
  0x0000020a57465d64: 4c8b c34d | 8bd0 4c8b | 5c24 5845 | 8953 0c4d | 8bd3 4d8b | d84d 33da | 49c1 eb14 | 4d85 db74 
  0x0000020a57465d84: 1f4d 85c0 | 741a 49c1 | ea09 48b9 | 0000 b75e | 0a02 0000 | 4903 ca80 | 3902 0f85 | 5006 0000 
  0x0000020a57465da4: 4180 7f40 | 000f 850d | 0600 0044 | 8b5c 2440 | 4489 5c24 | 504c 8b54 | 2458 4589 | 5a10 4c8b 
  0x0000020a57465dc4: d54c 8b5c | 2458 4d33 | d349 c1ea | 144d 85d2 | 7420 448b | 5424 4045 | 85d2 7416 | 49c1 eb09 
  0x0000020a57465de4: 4c8b 4424 | 204d 03c3 | 4180 3802 | 0f85 4f06 | 0000 4c8b | 5424 2845 | 8b52 3845 | 85d2 0f84 
  0x0000020a57465e04: 7810 0000 | 498b d24c | 8b44 2438 | 4c8b 4c24 | 5866 6690 

  0x0000020a57465e18: ;   {optimized virtual_call}
  0x0000020a57465e18: c5f8 77e8 

  0x0000020a57465e1c: ; ImmutableOopMap {[40]=Oop [48]=Oop [72]=Oop [80]=NarrowOop [88]=Oop }
                      ;*invokevirtual putIfAbsent {reexecute=0 rethrow=0 return_oop=1}
                      ; - java.lang.ClassLoader::getNamedPackage@32
                      ; - java.lang.ClassLoader::postDefineClass@9
                      ; - java.lang.ClassLoader::defineClass@37
                      ; - java.security.SecureClassLoader::defineClass@12
  0x0000020a57465e1c: 6090 80ff 

  0x0000020a57465e20: ;   {other}
  0x0000020a57465e20: 0f1f 8400 | 1016 0015 | 4885 c00f | 8499 fdff | ff44 8b50 | 0849 bb00 | 0000 630a | 0200 004d 
  0x0000020a57465e40: 03da 4d8b 

  0x0000020a57465e44: ;   {metadata('java/lang/NamedPackage')}
  0x0000020a57465e44: 5338 49bb | e8c0 0163 | 0a02 0000 | 4d3b d30f | 853f 1000 | 0048 8be8 | ba54 ffff | ff4c 8b54 
  0x0000020a57465e64: 2448 4c89 | 5424 3844 | 8b5c 2450 | 4489 5c24 | 4066 6690 

  0x0000020a57465e78: ;   {runtime_call UncommonTrapBlob}
  0x0000020a57465e78: c5f8 77e8 

  0x0000020a57465e7c: ; ImmutableOopMap {rbp=Oop [40]=Oop [48]=Oop [56]=Oop [64]=NarrowOop [88]=Oop }
                      ;*ifnull {reexecute=1 rethrow=0 return_oop=0}
                      ; - (reexecute) java.lang.ClassLoader::getNamedPackage@42
                      ; - java.lang.ClassLoader::postDefineClass@9
                      ; - java.lang.ClassLoader::defineClass@37
                      ; - java.security.SecureClassLoader::defineClass@12
  0x0000020a57465e7c: 801c 81ff 

  0x0000020a57465e80: ;   {other}
  0x0000020a57465e80: 0f1f 8400 | 7016 0016 | 458b c2e9 | 13f6 ffff 

  0x0000020a57465e90: ;   {oop(""{0x00000000e07ddde0})}
  0x0000020a57465e90: 49bd e0dd | 7de0 0000 | 0000 e9a2 | f3ff ff33 | f6b9 ffff | ffff e928 

  0x0000020a57465ea8: ;   {oop(""{0x00000000e07ddde0})}
  0x0000020a57465ea8: f1ff ff48 | bbe0 dd7d | e000 0000 | 00e9 23f8 

  0x0000020a57465eb8: ;   {oop(""{0x00000000e07ddde0})}
  0x0000020a57465eb8: ffff 48bb | e0dd 7de0 | 0000 0000 | 49bd 0000 | b75e 0a02 | 0000 41b8 | ffff ffff | e9ca f5ff 
  0x0000020a57465ed8: ff45 8b55 | 1445 85d2 | 0f84 27f3 | ffff 4d8b | 4728 498b | ca4d 85c0 | 0f84 3a0c | 0000 4d8b 
  0x0000020a57465ef8: 5738 4b89 | 4c02 f849 | 83c0 f84d | 8947 28e9 | 01f3 ffff | 4d8b 5748 | 4d8b 5f58 | f083 4424 
  0x0000020a57465f18: c000 8039 | 000f 841a | f3ff ff44 | 8821 4d85 | d275 2049 | 8bd7 c5f8 | 7749 ba00 | a4ef 0ffe 
  0x0000020a57465f38: 7f00 0041 

  0x0000020a57465f3c: ;   {other}
  0x0000020a57465f3c: ffd2 0f1f | 8400 0000 | 0000 e9f2 | f2ff ff4b | 894c 13f8 | 4983 c2f8 | 4d89 5748 | e9e0 f2ff 
  0x0000020a57465f5c: ff4c 63c5 | 498d 4810 | 488b d148 | 83e2 f849 | 8bfb 4803 | fa48 c1e9 | 034c 2bc9 | 498b c948 
  0x0000020a57465f7c: 33c0 4883 | f908 7f10 | 48ff c978 | 5648 8904 | cf48 ffc9 | 7df7 eb4b | c5fd efc0 | e90d 0000 
  0x0000020a57465f9c: 00c5 fe7f | 07c5 fe7f | 4720 4883 | c740 4883 | e908 7ded | 4883 c104 | 7c0c c5fe | 7f07 4883 
  0x0000020a57465fbc: c720 4883 | e904 4883 | c104 7e17 | 48c7 c0ff | ffff ffc4 | e2f0 f5c0 | c4e1 fb92 | f862 f1fe 
  0x0000020a57465fdc: 2f7f 0749 | 83f8 2077 | 2d4c 63c5 | 49b9 ffff | ffff ffff | ffff c442 | b8f5 c9c4 | c1fb 92f9 
  0x0000020a57465ffc: 4c8b 4424 | 2062 d17f | af6f 0062 | d17f 2f7f | 02e9 f0f1 | ffff 4d8b | ca4c 895c | 2450 4c89 
  0x0000020a5746601c: 6c24 4848 | 8beb 448b | ee48 8b4c | 2420 498b | d1c5 f877 | 49ba c020 | c556 0a02 | 0000 41ff 
  0x0000020a5746603c: ;   {other}
  0x0000020a5746603c: d20f 1f84 | 0000 0000 | 0041 8bf5 | 488b dd4c | 8b6c 2448 | 4c8b 5c24 | 50e9 a8f1 | ffff 4c8b 
  0x0000020a5746605c: 5424 3045 | 8b52 3c45 | 85d2 0f84 | 9ff6 ffff | 4d8b 5f28 | 498b ca4d | 85db 0f84 | 540c 0000 
  0x0000020a5746607c: 4d8b 5738 | 4b89 4c1a | f849 83c3 | f84d 895f | 28e9 79f6 | ffff 4d8b | 5758 4d8b | 5f48 f083 
  0x0000020a5746609c: 4424 c000 | 8039 000f | 849c f6ff | ff44 8821 | 4d85 db75 | 2049 8bd7 | c5f8 7749 | ba00 a4ef 
  0x0000020a574660bc: 0ffe 7f00 | 0041 ffd2 

  0x0000020a574660c4: ;   {other}
  0x0000020a574660c4: 0f1f 8400 | 0000 0000 | e974 f6ff | ff4b 894c | 1af8 4983 | c3f8 4d89 | 5f48 e962 | f6ff ff44 
  0x0000020a574660e4: 8b53 1445 | 85d2 0f84 | b6f5 ffff | 4d8b 5f28 | 498b ca4d | 85db 0f84 | 8c0c 0000 | 4d8b 5738 
  0x0000020a57466104: 4b89 4c1a | f849 83c3 | f84d 895f | 28e9 90f5 | ffff 4d8b | 5748 4d8b | 5f58 f083 | 4424 c000 
  0x0000020a57466124: 8039 000f | 84ac f5ff | ff44 8821 | 4d85 d275 | 2049 8bd7 | c5f8 7749 | ba00 a4ef | 0ffe 7f00 
  0x0000020a57466144: 0041 ffd2 

  0x0000020a57466148: ;   {other}
  0x0000020a57466148: 0f1f 8400 | 0000 0000 | e984 f5ff | ff4b 894c | 13f8 4983 | c2f8 4d89 | 5748 e972 

  0x0000020a57466164: ;   {oop(""{0x00000000e07ddde0})}
  0x0000020a57466164: f5ff ff49 | bde0 dd7d | e000 0000 | 00e9 cbf0 | ffff 33c0 | e9f1 f5ff | ff4c 63c5 | 498d 4810 
  0x0000020a57466184: 488b d148 | 83e2 f848 | 8bfe 4803 | fa48 c1e9 | 034c 2bd9 | 498b cb48 | 33c0 4883 | f908 7f10 
  0x0000020a574661a4: 48ff c978 | 5648 8904 | cf48 ffc9 | 7df7 eb4b | c5fd efc0 | e90d 0000 | 00c5 fe7f | 07c5 fe7f 
  0x0000020a574661c4: 4720 4883 | c740 4883 | e908 7ded | 4883 c104 | 7c0c c5fe | 7f07 4883 | c720 4883 | e904 4883 
  0x0000020a574661e4: c104 7e17 | 48c7 c0ff | ffff ffc4 | e2f0 f5c0 | c4e1 fb92 | f862 f1fe | 2f7f 0749 | 83f8 2077 
  0x0000020a57466204: 284c 63dd | 49b8 ffff | ffff ffff | ffff c442 | a0f5 c0c4 | c1fb 92f8 | 62d1 7faf | 6f02 62d1 
  0x0000020a57466224: 7f2f 7f01 | e96e f4ff | ff49 8bca | 498b d1c5 | f877 49ba | c020 c556 | 0a02 0000 

  0x0000020a57466240: ;   {other}
  0x0000020a57466240: 41ff d20f | 1f84 0000 | 0000 00e9 | 4bf4 ffff | 4c8b 6c24 | 204c 8bdd | 448b 4c24 | 4044 8b54 
  0x0000020a57466260: 2444 4c8b | 4424 50e9 | 58f5 ffff | 4c8b 5c24 | 3841 c643 | 1101 33c0 | 4c8b 6c24 | 2044 8b44 
  0x0000020a57466280: 2440 448b | 4c24 44e9 | e2f4 ffff 

  0x0000020a5746628c: ;   {metadata('java/security/SecureClassLoader$CodeSourceKey')}
  0x0000020a5746628c: 48ba b8b4 | 1163 0a02 | 0000 6690 

  0x0000020a57466298: ;   {runtime_call _new_instance_Java}
  0x0000020a57466298: c5f8 77e8 

  0x0000020a5746629c: ; ImmutableOopMap {rbp=Oop [40]=Oop [48]=Oop [56]=Oop }
                      ;*new {reexecute=0 rethrow=0 return_oop=1}
                      ; - java.security.SecureClassLoader::getProtectionDomain@6
                      ; - java.security.SecureClassLoader::defineClass@9
  0x0000020a5746629c: 60d2 84ff 

  0x0000020a574662a0: ;   {other}
  0x0000020a574662a0: 0f1f 8400 | 901a 0017 | 4c8b c0e9 | 2aea ffff 

  0x0000020a574662b0: ;   {metadata('java/security/SecureClassLoader$1')}
  0x0000020a574662b0: 48ba 50ba | 1163 0a02 | 0000 4c89 | 4424 5090 

  0x0000020a574662c0: ;   {runtime_call _new_instance_Java}
  0x0000020a574662c0: c5f8 77e8 

  0x0000020a574662c4: ; ImmutableOopMap {rbp=NarrowOop [40]=Oop [48]=Oop [56]=Oop [80]=Oop }
                      ;*new {reexecute=0 rethrow=0 return_oop=1}
                      ; - java.security.SecureClassLoader::getProtectionDomain@20
                      ; - java.security.SecureClassLoader::defineClass@9
  0x0000020a574662c4: 38d2 84ff 

  0x0000020a574662c8: ;   {other}
  0x0000020a574662c8: 0f1f 8400 | b81a 0018 | 4c8b c84c | 8b44 2450 | e946 eaff | ff89 4c24 | 7844 8974 | 245c 4889 
  0x0000020a574662e8: 5c24 704c | 8944 2468 | c5fb 1144 | 2460 8974 | 2458 4489 | 5c24 5444 | 8954 2450 | 4c8b 9424 
  0x0000020a57466308: 9000 0000 | 4c89 5424 | 484c 8b54 | 2430 4c89 | 5424 2048 | 8b6c 2428 

  0x0000020a57466320: ;   {metadata('java/lang/String')}
  0x0000020a57466320: 48ba 78e8 | 0063 0a02 | 0000 6690 

  0x0000020a5746632c: ;   {runtime_call _new_instance_Java}
  0x0000020a5746632c: c5f8 77e8 

  0x0000020a57466330: ; ImmutableOopMap {rbp=Oop [32]=Oop [56]=Oop [72]=Oop [80]=NarrowOop [92]=NarrowOop [96]=Oop [104]=Derived_oop_[96] [112]=Oop [144]=Oop }
                      ;*new {reexecute=0 rethrow=0 return_oop=1}
                      ; - java.lang.StringLatin1::newString@7
                      ; - java.lang.String::substring@41
                      ; - java.lang.ClassLoader::checkCerts@21
                      ; - java.lang.ClassLoader::preDefineClass@113
                      ; - java.lang.ClassLoader::defineClass@4
                      ; - java.security.SecureClassLoader::defineClass@12
  0x0000020a57466330: ccd1 84ff 

  0x0000020a57466334: ;   {other}
  0x0000020a57466334: 0f1f 8400 | 241b 0019 | 4889 6c24 | 284c 8b54 | 2420 4c89 | 5424 3044 | 8b54 2450 | 448b 5c24 
  0x0000020a57466354: 548b 7424 | 58c5 fb10 | 4424 604c | 8b4c 2468 | 4c89 4c24 | 2048 8b5c | 2470 448b | 7424 5c8b 
  0x0000020a57466374: 4c24 784c | 8be8 e9d2 | ecff ff4c | 8b54 2450 | 4c89 5424 | 5845 8b5a | 0c45 85db | 0f84 cef9 
  0x0000020a57466394: ffff 4d8b | 5728 498b | cb4d 85d2 | 0f84 3e0b | 0000 4d8b | 5f38 4b89 | 4c13 f849 | 83c2 f84d 
  0x0000020a574663b4: 8957 28e9 | a8f9 ffff | 4c8b 5424 | 5845 8b52 | 1045 85d2 | 0f84 e1f9 | ffff 4d8b | 5f28 498b 
  0x0000020a574663d4: ca4d 85db | 0f84 260b | 0000 4d8b | 5738 4b89 | 4c1a f849 | 83c3 f84d | 895f 28e9 | bbf9 ffff 
  0x0000020a574663f4: 4d8b 5758 | 4d8b 5f48 | f083 4424 | c000 8039 | 000f 8499 | f9ff ff44 | 8821 4d85 | db75 2049 
  0x0000020a57466414: 8bd7 c5f8 | 7749 ba00 | a4ef 0ffe | 7f00 0041 

  0x0000020a57466424: ;   {other}
  0x0000020a57466424: ffd2 0f1f | 8400 0000 | 0000 e971 | f9ff ff4b | 894c 1af8 | 4983 c3f8 | 4d89 5f48 | e95f f9ff 
  0x0000020a57466444: ff4d 8b57 | 484d 8b5f | 58f0 8344 | 24c0 0041 | 8038 000f | 8499 f9ff | ff45 8820 | 4d85 d275 
  0x0000020a57466464: 2349 8bc8 | 498b d7c5 | f877 49ba | 00a4 ef0f | fe7f 0000 

  0x0000020a57466478: ;   {other}
  0x0000020a57466478: 41ff d20f | 1f84 0000 | 0000 00e9 | 6ef9 ffff | 4f89 4413 | f849 83c2 | f84d 8957 | 48e9 5cf9 
  0x0000020a57466498: ffff 4c89 | 8424 8800 | 0000 4c89 | 8c24 8000 | 0000 4c89 | 6c24 7889 | 4c24 7044 | 8974 2454 
  0x0000020a574664b8: 4889 5c24 | 684c 8b54 | 2420 4c89 | 5424 60c5 | fb11 4424 | 5889 7424 | 504c 8b94 | 2490 0000 
  0x0000020a574664d8: 004c 8954 | 2448 4c8b | 5424 284c | 8954 2420 

  0x0000020a574664e8: ;   {metadata({type array byte})}
  0x0000020a574664e8: 48ba 1823 | 0063 0a02 | 0000 448b | c166 6690 

  0x0000020a574664f8: ;   {runtime_call _new_array_nozero_Java}
  0x0000020a574664f8: c5f8 77e8 

  0x0000020a574664fc: ; ImmutableOopMap {[32]=Oop [48]=Oop [56]=Oop [72]=Oop [84]=NarrowOop [88]=Oop [96]=Derived_oop_[88] [104]=Oop [120]=Oop }
                      ;*newarray {reexecute=0 rethrow=0 return_oop=1}
                      ; - java.util.Arrays::copyOfRangeByte@10
                      ; - java.util.Arrays::copyOfRange@13
                      ; - java.lang.StringLatin1::newString@16
                      ; - java.lang.String::substring@41
                      ; - java.lang.ClassLoader::checkCerts@21
                      ; - java.lang.ClassLoader::preDefineClass@113
                      ; - java.lang.ClassLoader::defineClass@4
                      ; - java.security.SecureClassLoader::defineClass@12
  0x0000020a574664fc: 80c9 84ff 

  0x0000020a57466500: ;   {other}
  0x0000020a57466500: 0f1f 8400 | f01c 001a | 4c8b 5c24 | 204c 895c | 2428 4c8b | 5c24 484c | 899c 2490 | 0000 008b 
  0x0000020a57466520: 7424 504c | 8b5c 2460 | 4c89 5c24 | 2048 8b5c | 2468 448b | 7424 548b | 4c24 704c | 8b6c 2478 
  0x0000020a57466540: 4c8b 8c24 | 8000 0000 | 4c8b 8424 | 8800 0000 | 4c8b d8e9 | 61ec ffff | 4489 4424 | 3c89 4c24 
  0x0000020a57466560: 3844 894c | 2424 498b 

  0x0000020a57466568: ;   {metadata('java/lang/String')}
  0x0000020a57466568: ed48 ba78 | e800 630a | 0200 0090 

  0x0000020a57466574: ;   {runtime_call _new_instance_Java}
  0x0000020a57466574: c5f8 77e8 

  0x0000020a57466578: ; ImmutableOopMap {[36]=NarrowOop [40]=Oop [48]=Oop [72]=Oop [136]=Oop }
                      ;*new {reexecute=0 rethrow=0 return_oop=1}
                      ; - java.lang.StringLatin1::newString@7
                      ; - java.lang.String::substring@41
                      ; - java.lang.Class::getPackageName@62
                      ; - java.lang.ClassLoader::postDefineClass@2
                      ; - java.lang.ClassLoader::defineClass@37
                      ; - java.security.SecureClassLoader::defineClass@12
  0x0000020a57466578: 84cf 84ff 

  0x0000020a5746657c: ;   {other}
  0x0000020a5746657c: 0f1f 8400 | 6c1d 001b | 4c8b ed44 | 8b4c 2424 | 8b4c 2438 | 448b 4424 | 3c48 8bd8 | e980 efff 
  0x0000020a5746659c: ff48 897c | 2460 4c89 | 5c24 584c | 8954 2450 | 4889 5c24 | 4044 8944 | 2424 48ff | 7424 3048 
  0x0000020a574665bc: 8f44 2438 | 4c89 6c24 

  0x0000020a574665c4: ;   {metadata({type array byte})}
  0x0000020a574665c4: 3048 ba18 | 2300 630a | 0200 0090 

  0x0000020a574665d0: ;   {runtime_call _new_array_nozero_Java}
  0x0000020a574665d0: c5f8 77e8 

  0x0000020a574665d4: ; ImmutableOopMap {[40]=Oop [56]=Oop [64]=Oop [72]=Oop [136]=Oop [80]=Derived_oop_[136] }
                      ;*newarray {reexecute=0 rethrow=0 return_oop=1}
                      ; - java.util.Arrays::copyOfRangeByte@10
                      ; - java.util.Arrays::copyOfRange@13
                      ; - java.lang.StringLatin1::newString@16
                      ; - java.lang.String::substring@41
                      ; - java.lang.Class::getPackageName@62
                      ; - java.lang.ClassLoader::postDefineClass@2
                      ; - java.lang.ClassLoader::defineClass@37
                      ; - java.security.SecureClassLoader::defineClass@12
  0x0000020a574665d4: a8c8 84ff 

  0x0000020a574665d8: ;   {other}
  0x0000020a574665d8: 0f1f 8400 | c81d 001c | 4c8b 6c24 | 3048 ff74 | 2438 488f | 4424 3044 | 8b44 2424 | 488b 5c24 
  0x0000020a574665f8: 404c 8b54 | 2450 4c8b | 5c24 5848 | 8b7c 2460 | 488b f0e9 | 46f0 ffff | 4489 4c24 | 404c 895c 
  0x0000020a57466618: 2438 4c89 

  0x0000020a5746661c: ;   {metadata('java/lang/NamedPackage')}
  0x0000020a5746661c: 6c24 2048 | bae8 c001 | 630a 0200 | 0066 6690 

  0x0000020a5746662c: ;   {runtime_call _new_instance_Java}
  0x0000020a5746662c: c5f8 77e8 

  0x0000020a57466630: ; ImmutableOopMap {[40]=Oop [48]=Oop [56]=Oop [64]=NarrowOop [72]=Oop }
                      ;*new {reexecute=0 rethrow=0 return_oop=1}
                      ; - java.lang.ClassLoader::getNamedPackage@16
                      ; - java.lang.ClassLoader::postDefineClass@9
                      ; - java.lang.ClassLoader::defineClass@37
                      ; - java.security.SecureClassLoader::defineClass@12
  0x0000020a57466630: ccce 84ff 

  0x0000020a57466634: ;   {other}
  0x0000020a57466634: 0f1f 8400 | 241e 001d | e97d f2ff 

  0x0000020a57466640: ;   {metadata('java/lang/InternalError')}
  0x0000020a57466640: ff48 ba38 | 0701 630a | 0200 0090 

  0x0000020a5746664c: ;   {runtime_call _new_instance_Java}
  0x0000020a5746664c: c5f8 77e8 

  0x0000020a57466650: ; ImmutableOopMap {[40]=Oop [48]=Oop [56]=Oop [64]=NarrowOop [72]=Oop [80]=Oop [88]=Oop }
                      ;*new {reexecute=0 rethrow=0 return_oop=1}
                      ; - java.lang.NamedPackage::<init>@18
                      ; - java.lang.ClassLoader::getNamedPackage@22
                      ; - java.lang.ClassLoader::postDefineClass@9
                      ; - java.lang.ClassLoader::defineClass@37
                      ; - java.security.SecureClassLoader::defineClass@12
  0x0000020a57466650: acce 84ff 

  0x0000020a57466654: ;   {other}
  0x0000020a57466654: 0f1f 8400 | 441e 001e | e907 f3ff 

  0x0000020a57466660: ;   {metadata('java/lang/StringBuilder')}
  0x0000020a57466660: ff48 ba40 | 8000 630a | 0200 0090 

  0x0000020a5746666c: ;   {runtime_call _new_instance_Java}
  0x0000020a5746666c: c5f8 77e8 

  0x0000020a57466670: ; ImmutableOopMap {[40]=Oop [48]=Oop [56]=Oop [64]=NarrowOop [72]=Oop [80]=Oop [88]=Oop [112]=Oop }
                      ;*new {reexecute=0 rethrow=0 return_oop=1}
                      ; - java.lang.NamedPackage::<init>@22
                      ; - java.lang.ClassLoader::getNamedPackage@22
                      ; - java.lang.ClassLoader::postDefineClass@9
                      ; - java.lang.ClassLoader::defineClass@37
                      ; - java.security.SecureClassLoader::defineClass@12
  0x0000020a57466670: 8cce 84ff 

  0x0000020a57466674: ;   {other}
  0x0000020a57466674: 0f1f 8400 | 641e 001f | e938 f3ff | ff4c 8944 | 2468 4c89 | 6c24 6044 | 8974 244c | 4889 5c24 
  0x0000020a57466694: 58c5 fb11 | 4424 5089 | 7424 4841 

  0x0000020a574666a0: ;   {metadata({type array byte})}
  0x0000020a574666a0: 8bea 48ba | 1823 0063 | 0a02 0000 | 458b c390 

  0x0000020a574666b0: ;   {runtime_call _new_array_nozero_Java}
  0x0000020a574666b0: c5f8 77e8 

  0x0000020a574666b4: ; ImmutableOopMap {rbp=NarrowOop [40]=Oop [48]=Oop [56]=Oop [76]=NarrowOop [80]=Oop [32]=Derived_oop_[80] [88]=Oop [96]=Oop [144]=Oop }
                      ;*invokevirtual clone {reexecute=1 rethrow=0 return_oop=1}
                      ; - (reexecute) java.util.Arrays::copyOfRange@18
                      ; - java.lang.StringLatin1::newString@16
                      ; - java.lang.String::substring@41
                      ; - java.lang.ClassLoader::checkCerts@21
                      ; - java.lang.ClassLoader::preDefineClass@113
                      ; - java.lang.ClassLoader::defineClass@4
                      ; - java.security.SecureClassLoader::defineClass@12
  0x0000020a574666b4: c8c7 84ff 

  0x0000020a574666b8: ;   {other}
  0x0000020a574666b8: 0f1f 8400 | a81e 0020 | 488b f8e9 | 11ea ffff | 4c89 4424 | 504c 8954 | 2440 4889 | 5c24 3844 
  0x0000020a574666d8: 894c 2424 

  0x0000020a574666dc: ;   {metadata({type array byte})}
  0x0000020a574666dc: 498b ed48 | ba18 2300 | 630a 0200 | 0044 8bc1 

  0x0000020a574666ec: ;   {runtime_call _new_array_nozero_Java}
  0x0000020a574666ec: c5f8 77e8 

  0x0000020a574666f0: ; ImmutableOopMap {[36]=NarrowOop [40]=Oop [48]=Oop [56]=Oop [72]=Oop [136]=Oop [64]=Derived_oop_[136] }
                      ;*invokevirtual clone {reexecute=1 rethrow=0 return_oop=1}
                      ; - (reexecute) java.util.Arrays::copyOfRange@18
                      ; - java.lang.StringLatin1::newString@16
                      ; - java.lang.String::substring@41
                      ; - java.lang.Class::getPackageName@62
                      ; - java.lang.ClassLoader::postDefineClass@2
                      ; - java.lang.ClassLoader::defineClass@37
                      ; - java.security.SecureClassLoader::defineClass@12
  0x0000020a574666f0: 8cc7 84ff 

  0x0000020a574666f4: ;   {other}
  0x0000020a574666f4: 0f1f 8400 | e41e 0021 | 4c8b ed48 | 8b5c 2438 | 4c8b 5424 | 404c 8b44 | 2450 488b | f8e9 79ee 
  0x0000020a57466714: ffff 8bcf | e9b1 e8ff | ffba f6ff | ffff 498b | ed66 6690 

  0x0000020a57466728: ;   {runtime_call UncommonTrapBlob}
  0x0000020a57466728: c5f8 77e8 

  0x0000020a5746672c: ; ImmutableOopMap {rbp=Oop }
                      ;*invokevirtual putIfAbsent {reexecute=0 rethrow=0 return_oop=0}
                      ; - java.lang.ClassLoader::checkCerts@62
                      ; - java.lang.ClassLoader::preDefineClass@113
                      ; - java.lang.ClassLoader::defineClass@4
                      ; - java.security.SecureClassLoader::defineClass@12
  0x0000020a5746672c: d013 81ff 

  0x0000020a57466730: ;   {other}
  0x0000020a57466730: 0f1f 8400 | 201f 0022 | baf6 ffff | ff66 6690 

  0x0000020a57466740: ;   {runtime_call UncommonTrapBlob}
  0x0000020a57466740: c5f8 77e8 

  0x0000020a57466744: ; ImmutableOopMap {rbp=NarrowOop }
                      ;*invokevirtual toExternalForm {reexecute=0 rethrow=0 return_oop=0}
                      ; - java.net.URL::toExternalForm@5
                      ; - java.net.URL::toString@1
                      ; - java.lang.ClassLoader::defineClassSourceLocation@22
                      ; - java.lang.ClassLoader::defineClass@12
                      ; - java.security.SecureClassLoader::defineClass@12
  0x0000020a57466744: b813 81ff 

  0x0000020a57466748: ;   {other}
  0x0000020a57466748: 0f1f 8400 | 381f 0023 | baf6 ffff | ff48 8beb 

  0x0000020a57466758: ;   {runtime_call UncommonTrapBlob}
  0x0000020a57466758: c5f8 77e8 

  0x0000020a5746675c: ; ImmutableOopMap {rbp=Oop }
                      ;*invokevirtual get {reexecute=0 rethrow=0 return_oop=0}
                      ; - java.lang.ClassLoader::getNamedPackage@5
                      ; - java.lang.ClassLoader::postDefineClass@9
                      ; - java.lang.ClassLoader::defineClass@37
                      ; - java.security.SecureClassLoader::defineClass@12
  0x0000020a5746675c: a013 81ff 

  0x0000020a57466760: ;   {other}
  0x0000020a57466760: 0f1f 8400 | 501f 0024 | ba76 ffff | ff41 8bea | 897c 2424 | 4889 5c24 | 5044 8974 | 2460 6690 
  0x0000020a57466780: ;   {runtime_call UncommonTrapBlob}
  0x0000020a57466780: c5f8 77e8 

  0x0000020a57466784: ; ImmutableOopMap {rbp=NarrowOop [40]=Oop [48]=Oop [56]=Oop [80]=Oop [96]=NarrowOop [144]=Oop }
                      ;*iflt {reexecute=1 rethrow=0 return_oop=0}
                      ; - (reexecute) java.lang.StringLatin1::lastIndexOf@19
                      ; - java.lang.String::lastIndexOf@13
                      ; - java.lang.String::lastIndexOf@8
                      ; - java.lang.ClassLoader::checkCerts@3
                      ; - java.lang.ClassLoader::preDefineClass@113
                      ; - java.lang.ClassLoader::defineClass@4
                      ; - java.security.SecureClassLoader::defineClass@12
  0x0000020a57466784: 7813 81ff 

  0x0000020a57466788: ;   {other}
  0x0000020a57466788: 0f1f 8400 | 781f 0025 | bade ffff | ff4c 8b54 | 2428 4c89 | 5424 204c | 8b54 2430 | 4c89 5424 
  0x0000020a574667a8: 284c 8b54 | 2438 4c89 | 5424 3044 | 8b5c 2440 | 4489 5c24 | 3844 8b54 | 2444 4489 | 5424 3c4c 
  0x0000020a574667c8: 8944 2440 | 4c89 4c24 | 4866 6690 

  0x0000020a574667d4: ;   {runtime_call UncommonTrapBlob}
  0x0000020a574667d4: c5f8 77e8 

  0x0000020a574667d8: ; ImmutableOopMap {rbp=NarrowOop [32]=Oop [40]=Oop [48]=Oop [64]=Oop [72]=Oop }
                      ;*invokeinterface computeIfAbsent {reexecute=0 rethrow=0 return_oop=0}
                      ; - java.security.SecureClassLoader::getProtectionDomain@28
                      ; - java.security.SecureClassLoader::defineClass@9
  0x0000020a574667d8: 2413 81ff 

  0x0000020a574667dc: ;   {other}
  0x0000020a574667dc: 0f1f 8400 | cc1f 0026 | 4533 d245 | 85db 410f | 96c2 ba45 | ffff ff48 | 8b6c 2428 | 4489 5424 
  0x0000020a574667fc: 5066 6690 

  0x0000020a57466800: ;   {runtime_call UncommonTrapBlob}
  0x0000020a57466800: c5f8 77e8 

  0x0000020a57466804: ; ImmutableOopMap {rbp=Oop [48]=Oop [56]=Oop [144]=Oop }
                      ;*ifeq {reexecute=1 rethrow=0 return_oop=0}
                      ; - (reexecute) java.lang.ClassLoader::checkName@8
                      ; - java.lang.ClassLoader::preDefineClass@1
                      ; - java.lang.ClassLoader::defineClass@4
                      ; - java.security.SecureClassLoader::defineClass@12
  0x0000020a57466804: f812 81ff 

  0x0000020a57466808: ;   {other}
  0x0000020a57466808: 0f1f 8400 | f81f 0027 | ba6e ffff | ff41 8bea | 897c 2424 | 4889 5c24 | 5044 8974 | 2460 6690 
  0x0000020a57466828: ;   {runtime_call UncommonTrapBlob}
  0x0000020a57466828: c5f8 77e8 

  0x0000020a5746682c: ; ImmutableOopMap {rbp=NarrowOop [40]=Oop [48]=Oop [56]=Oop [80]=Oop [96]=NarrowOop [144]=Oop }
                      ;*iflt {reexecute=1 rethrow=0 return_oop=0}
                      ; - (reexecute) java.lang.StringLatin1::lastIndexOf@19
                      ; - java.lang.String::lastIndexOf@13
                      ; - java.lang.String::lastIndexOf@8
                      ; - java.lang.ClassLoader::checkCerts@3
                      ; - java.lang.ClassLoader::preDefineClass@113
                      ; - java.lang.ClassLoader::defineClass@4
                      ; - java.security.SecureClassLoader::defineClass@12
  0x0000020a5746682c: d012 81ff 

  0x0000020a57466830: ;   {other}
  0x0000020a57466830: 0f1f 8400 | 2020 0028 | bace ffff | ff41 8bea | 895c 2460 

  0x0000020a57466844: ;   {runtime_call UncommonTrapBlob}
  0x0000020a57466844: c5f8 77e8 

  0x0000020a57466848: ; ImmutableOopMap {rbp=NarrowOop [40]=Oop [48]=Oop [56]=Oop [144]=Oop }
                      ;*invokestatic indexOfChar {reexecute=0 rethrow=0 return_oop=0}
                      ; - java.lang.StringLatin1::indexOf@33
                      ; - java.lang.String::indexOf@17
                      ; - java.lang.String::indexOf@3
                      ; - java.lang.ClassLoader::checkName@16
                      ; - java.lang.ClassLoader::preDefineClass@1
                      ; - java.lang.ClassLoader::defineClass@4
                      ; - java.security.SecureClassLoader::defineClass@12
  0x0000020a57466848: b412 81ff 

  0x0000020a5746684c: ;   {other}
  0x0000020a5746684c: 0f1f 8400 | 3c20 0029 | 458b c2e9 | 47ec ffff | bade ffff | ff66 6690 

  0x0000020a57466864: ;   {runtime_call UncommonTrapBlob}
  0x0000020a57466864: c5f8 77e8 

  0x0000020a57466868: ; ImmutableOopMap {rbp=NarrowOop }
                      ;*checkcast {reexecute=0 rethrow=0 return_oop=0}
                      ; - java.lang.ClassLoader::getNamedPackage@8
                      ; - java.lang.ClassLoader::postDefineClass@9
                      ; - java.lang.ClassLoader::defineClass@37
                      ; - java.security.SecureClassLoader::defineClass@12
  0x0000020a57466868: 9412 81ff 

  0x0000020a5746686c: ;   {other}
  0x0000020a5746686c: 0f1f 8400 | 5c20 002a | 4c63 c9e9 | b8e8 ffff | 4983 c1fe | 498b c949 | 8bfa 4833 | c048 83f9 
  0x0000020a5746688c: 087f 1048 | ffc9 7856 | 4889 04cf | 48ff c97d | f7eb 4bc5 | fdef c0e9 | 0d00 0000 | c5fe 7f07 
  0x0000020a574668ac: c5fe 7f47 | 2048 83c7 | 4048 83e9 | 087d ed48 | 83c1 047c | 0cc5 fe7f | 0748 83c7 | 2048 83e9 
  0x0000020a574668cc: 0448 83c1 | 047e 1748 | c7c0 ffff | ffff c4e2 | f0f5 c0c4 | e1fb 92f8 | 62f1 fe2f | 7f07 e913 
  0x0000020a574668ec: e9ff ffba | 76ff ffff | 418b e944 | 8954 2424 | 4c89 5c24 | 5866 6690 

  0x0000020a57466904: ;   {runtime_call UncommonTrapBlob}
  0x0000020a57466904: c5f8 77e8 

  0x0000020a57466908: ; ImmutableOopMap {rbp=NarrowOop [40]=Oop [48]=Oop [88]=Oop [144]=Oop }
                      ;*iflt {reexecute=1 rethrow=0 return_oop=0}
                      ; - (reexecute) java.lang.StringLatin1::lastIndexOf@19
                      ; - java.lang.String::lastIndexOf@13
                      ; - java.lang.String::lastIndexOf@8
                      ; - java.lang.Class::getPackageName@47
                      ; - java.lang.ClassLoader::postDefineClass@2
                      ; - java.lang.ClassLoader::defineClass@37
                      ; - java.security.SecureClassLoader::defineClass@12
  0x0000020a57466908: f411 81ff 

  0x0000020a5746690c: ;   {other}
  0x0000020a5746690c: 0f1f 8400 | fc20 002b | bacc ffff | ff41 8bea | 894c 2424 | 4889 5c24 | 5044 8974 | 2460 4c89 
  0x0000020a5746692c: 6c24 7090 

  0x0000020a57466930: ;   {runtime_call UncommonTrapBlob}
  0x0000020a57466930: c5f8 77e8 

  0x0000020a57466934: ; ImmutableOopMap {rbp=NarrowOop [40]=Oop [48]=Oop [56]=Oop [80]=Oop [96]=NarrowOop [112]=Oop [144]=Oop }
                      ;*newarray {reexecute=1 rethrow=0 return_oop=0}
                      ; - (reexecute) java.util.Arrays::copyOfRangeByte@10
                      ; - java.util.Arrays::copyOfRange@13
                      ; - java.lang.StringLatin1::newString@16
                      ; - java.lang.String::substring@41
                      ; - java.lang.ClassLoader::checkCerts@21
                      ; - java.lang.ClassLoader::preDefineClass@113
                      ; - java.lang.ClassLoader::defineClass@4
                      ; - java.security.SecureClassLoader::defineClass@12
  0x0000020a57466934: c811 81ff 

  0x0000020a57466938: ;   {other}
  0x0000020a57466938: 0f1f 8400 | 2821 002c | ba45 ffff | ff48 8944 | 2440 6690 

  0x0000020a5746694c: ;   {runtime_call UncommonTrapBlob}
  0x0000020a5746694c: c5f8 77e8 

  0x0000020a57466950: ; ImmutableOopMap {[40]=Oop [48]=Oop [64]=Oop [144]=Oop }
                      ;*ifeq {reexecute=1 rethrow=0 return_oop=0}
                      ; - (reexecute) java.lang.Class::getPackageName@13
                      ; - java.lang.ClassLoader::postDefineClass@2
                      ; - java.lang.ClassLoader::defineClass@37
                      ; - java.security.SecureClassLoader::defineClass@12
  0x0000020a57466950: ac11 81ff 

  0x0000020a57466954: ;   {other}
  0x0000020a57466954: 0f1f 8400 | 4421 002d | ba6e ffff | ff41 8be9 | 4489 5424 | 244c 895c | 2458 6690 

  0x0000020a57466970: ;   {runtime_call UncommonTrapBlob}
  0x0000020a57466970: c5f8 77e8 

  0x0000020a57466974: ; ImmutableOopMap {rbp=NarrowOop [40]=Oop [48]=Oop [88]=Oop [144]=Oop }
                      ;*iflt {reexecute=1 rethrow=0 return_oop=0}
                      ; - (reexecute) java.lang.StringLatin1::lastIndexOf@19
                      ; - java.lang.String::lastIndexOf@13
                      ; - java.lang.String::lastIndexOf@8
                      ; - java.lang.Class::getPackageName@47
                      ; - java.lang.ClassLoader::postDefineClass@2
                      ; - java.lang.ClassLoader::defineClass@37
                      ; - java.security.SecureClassLoader::defineClass@12
  0x0000020a57466974: 8811 81ff 

  0x0000020a57466978: ;   {other}
  0x0000020a57466978: 0f1f 8400 | 6821 002e | 4533 d245 | 85c0 410f | 94c2 ba45 | ffff ff48 | 8b6c 2428 | 4c8b 5c24 
  0x0000020a57466998: 304c 895c | 2420 4489 | 5424 6090 

  0x0000020a574669a4: ;   {runtime_call UncommonTrapBlob}
  0x0000020a574669a4: c5f8 77e8 

  0x0000020a574669a8: ; ImmutableOopMap {rbp=Oop [32]=Oop [56]=Oop [144]=Oop }
                      ;*ifeq {reexecute=1 rethrow=0 return_oop=0}
                      ; - (reexecute) java.lang.String::indexOf@4
                      ; - java.lang.String::indexOf@3
                      ; - java.lang.ClassLoader::checkName@16
                      ; - java.lang.ClassLoader::preDefineClass@1
                      ; - java.lang.ClassLoader::defineClass@4
                      ; - java.security.SecureClassLoader::defineClass@12
  0x0000020a574669a8: 5411 81ff 

  0x0000020a574669ac: ;   {other}
  0x0000020a574669ac: 0f1f 8400 | 9c21 002f | ba45 ffff | ff89 4c24 | 2089 4c24 | 2448 895c | 2450 4489 | 7424 6044 
  0x0000020a574669cc: 894c 2470 

  0x0000020a574669d0: ;   {runtime_call UncommonTrapBlob}
  0x0000020a574669d0: c5f8 77e8 

  0x0000020a574669d4: ; ImmutableOopMap {[40]=Oop [48]=Oop [56]=Oop [80]=Oop [96]=NarrowOop [144]=Oop }
                      ;*if_icmpgt {reexecute=1 rethrow=0 return_oop=0}
                      ; - (reexecute) jdk.internal.util.Preconditions::checkFromToIndex@6
                      ; - java.lang.String::checkBoundsBeginEnd@6
                      ; - java.lang.String::substring@8
                      ; - java.lang.ClassLoader::checkCerts@21
                      ; - java.lang.ClassLoader::preDefineClass@113
                      ; - java.lang.ClassLoader::defineClass@4
                      ; - java.security.SecureClassLoader::defineClass@12
  0x0000020a574669d4: 2811 81ff 

  0x0000020a574669d8: ;   {other}
  0x0000020a574669d8: 0f1f 8400 | c821 0030 | ba45 ffff | ff48 8b6c | 2428 895c | 2450 6690 

  0x0000020a574669f0: ;   {runtime_call UncommonTrapBlob}
  0x0000020a574669f0: c5f8 77e8 

  0x0000020a574669f4: ; ImmutableOopMap {rbp=Oop [48]=Oop [56]=Oop [144]=Oop }
                      ;*if_icmpne {reexecute=1 rethrow=0 return_oop=0}
                      ; - (reexecute) java.lang.ClassLoader::checkName@20
                      ; - java.lang.ClassLoader::preDefineClass@1
                      ; - java.lang.ClassLoader::defineClass@4
                      ; - java.security.SecureClassLoader::defineClass@12
  0x0000020a574669f4: 0811 81ff 

  0x0000020a574669f8: ;   {other}
  0x0000020a574669f8: 0f1f 8400 | e821 0031 | ba45 ffff | ff4c 8b54 | 2448 4c89 | 5424 384c | 895c 2440 | 4489 4c24 
  0x0000020a57466a18: 4844 8944 | 244c 6690 

  0x0000020a57466a20: ;   {runtime_call UncommonTrapBlob}
  0x0000020a57466a20: c5f8 77e8 

  0x0000020a57466a24: ; ImmutableOopMap {[40]=Oop [48]=Oop [56]=Oop [64]=Oop [72]=NarrowOop }
                      ;*ifle {reexecute=1 rethrow=0 return_oop=0}
                      ; - (reexecute) java.util.concurrent.ConcurrentHashMap::get@23
                      ; - java.lang.ClassLoader::getNamedPackage@5
                      ; - java.lang.ClassLoader::postDefineClass@9
                      ; - java.lang.ClassLoader::defineClass@37
                      ; - java.security.SecureClassLoader::defineClass@12
  0x0000020a57466a24: d810 81ff 

  0x0000020a57466a28: ;   {other}
  0x0000020a57466a28: 0f1f 8400 | 1822 0032 | ba45 ffff | ff4c 8b54 | 2428 4c89 | 5424 204c | 8944 2428 | 4c89 4c24 
  0x0000020a57466a48: 3089 7c24 | 3889 7424 | 3c66 6690 

  0x0000020a57466a54: ;   {runtime_call UncommonTrapBlob}
  0x0000020a57466a54: c5f8 77e8 

  0x0000020a57466a58: ; ImmutableOopMap {rbp=Oop [32]=Oop [40]=Oop [48]=Oop }
                      ;*ifnonnull {reexecute=1 rethrow=0 return_oop=0}
                      ; - (reexecute) java.security.SecureClassLoader::getProtectionDomain@1
                      ; - java.security.SecureClassLoader::defineClass@9
  0x0000020a57466a58: a410 81ff 

  0x0000020a57466a5c: ;   {other}
  0x0000020a57466a5c: 0f1f 8400 | 4c22 0033 | ba45 ffff | ff66 6690 

  0x0000020a57466a6c: ;   {runtime_call UncommonTrapBlob}
  0x0000020a57466a6c: c5f8 77e8 

  0x0000020a57466a70: ; ImmutableOopMap {[40]=Oop [48]=Oop [56]=Oop [144]=Oop }
                      ;*if_icmpne {reexecute=1 rethrow=0 return_oop=0}
                      ; - (reexecute) java.lang.ClassLoader::checkName@30
                      ; - java.lang.ClassLoader::preDefineClass@1
                      ; - java.lang.ClassLoader::defineClass@4
                      ; - java.security.SecureClassLoader::defineClass@12
  0x0000020a57466a70: 8c10 81ff 

  0x0000020a57466a74: ;   {other}
  0x0000020a57466a74: 0f1f 8400 | 6422 0034 | ba45 ffff | ff4c 8b54 | 2428 4c89 | 5424 2048 | 895c 2450 | 4c89 6c24 
  0x0000020a57466a94: 5844 8974 | 2460 6690 

  0x0000020a57466a9c: ;   {runtime_call UncommonTrapBlob}
  0x0000020a57466a9c: c5f8 77e8 

  0x0000020a57466aa0: ; ImmutableOopMap {rbp=NarrowOop [32]=Oop [48]=Oop [56]=Oop [80]=Oop [88]=Oop [96]=NarrowOop [144]=Oop }
                      ;*ifnull {reexecute=1 rethrow=0 return_oop=0}
                      ; - (reexecute) java.security.CodeSource::getCertificates@4
                      ; - java.lang.ClassLoader::checkCerts@34
                      ; - java.lang.ClassLoader::preDefineClass@113
                      ; - java.lang.ClassLoader::defineClass@4
                      ; - java.security.SecureClassLoader::defineClass@12
  0x0000020a57466aa0: 5c10 81ff 

  0x0000020a57466aa4: ;   {other}
  0x0000020a57466aa4: 0f1f 8400 | 9422 0035 | ba45 ffff | ff4c 8b54 | 2428 4c89 | 5424 2048 | 895c 2450 | 4c89 6c24 
  0x0000020a57466ac4: 5844 8974 | 2460 6690 

  0x0000020a57466acc: ;   {runtime_call UncommonTrapBlob}
  0x0000020a57466acc: c5f8 77e8 

  0x0000020a57466ad0: ; ImmutableOopMap {rbp=NarrowOop [32]=Oop [48]=Oop [56]=Oop [80]=Oop [88]=Oop [96]=NarrowOop [144]=Oop }
                      ;*ifnull {reexecute=1 rethrow=0 return_oop=0}
                      ; - (reexecute) java.security.CodeSource::getCertificates@22
                      ; - java.lang.ClassLoader::checkCerts@34
                      ; - java.lang.ClassLoader::preDefineClass@113
                      ; - java.lang.ClassLoader::defineClass@4
                      ; - java.security.SecureClassLoader::defineClass@12
  0x0000020a57466ad0: 2c10 81ff 

  0x0000020a57466ad4: ;   {other}
  0x0000020a57466ad4: 0f1f 8400 | c422 0036 | ba45 ffff | ff89 4c24 | 2089 4c24 | 2448 895c | 2450 4489 | 7424 6044 
  0x0000020a57466af4: 894c 2470 | 4489 4c24 | 7466 6690 

  0x0000020a57466b00: ;   {runtime_call UncommonTrapBlob}
  0x0000020a57466b00: c5f8 77e8 

  0x0000020a57466b04: ; ImmutableOopMap {[40]=Oop [48]=Oop [56]=Oop [80]=Oop [96]=NarrowOop [144]=Oop }
                      ;*if_icmple {reexecute=1 rethrow=0 return_oop=0}
                      ; - (reexecute) jdk.internal.util.Preconditions::checkFromToIndex@11
                      ; - java.lang.String::checkBoundsBeginEnd@6
                      ; - java.lang.String::substring@8
                      ; - java.lang.ClassLoader::checkCerts@21
                      ; - java.lang.ClassLoader::preDefineClass@113
                      ; - java.lang.ClassLoader::defineClass@4
                      ; - java.security.SecureClassLoader::defineClass@12
  0x0000020a57466b04: f80f 81ff 

  0x0000020a57466b08: ;   {other}
  0x0000020a57466b08: 0f1f 8400 | f822 0037 | ba45 ffff | ff4c 8b54 | 2428 4c89 | 5424 2090 

  0x0000020a57466b20: ;   {runtime_call UncommonTrapBlob}
  0x0000020a57466b20: c5f8 77e8 

  0x0000020a57466b24: ; ImmutableOopMap {[32]=Oop [48]=Oop [56]=Oop [144]=Oop }
                      ;*ifne {reexecute=1 rethrow=0 return_oop=0}
                      ; - (reexecute) java.lang.ClassLoader::compareCerts@7
                      ; - java.lang.ClassLoader::checkCerts@80
                      ; - java.lang.ClassLoader::preDefineClass@113
                      ; - java.lang.ClassLoader::defineClass@4
                      ; - java.security.SecureClassLoader::defineClass@12
  0x0000020a57466b24: d80f 81ff 

  0x0000020a57466b28: ;   {other}
  0x0000020a57466b28: 0f1f 8400 | 1823 0038 | 4c89 5c24 | 484c 896c | 2420 4c8b | eb8b ee49 | 8bd7 c5f8 | 7749 ba20 
  0x0000020a57466b48: a4ef 0ffe | 7f00 0041 

  0x0000020a57466b50: ;   {other}
  0x0000020a57466b50: ffd2 0f1f | 8400 0000 | 0000 8bf5 | 498b dd4c | 8b6c 2420 | 4c8b 5c24 | 48e9 9fe6 | ffff 4d63 
  0x0000020a57466b70: d8e9 5bea | ffff 4983 | c3fe 498b | cb49 8bf9 | 4833 c048 | 83f9 087f | 1048 ffc9 | 7856 4889 
  0x0000020a57466b90: 04cf 48ff | c97d f7eb | 4bc5 fdef | c0e9 0d00 | 0000 c5fe | 7f07 c5fe | 7f47 2048 | 83c7 4048 
  0x0000020a57466bb0: 83e9 087d | ed48 83c1 | 047c 0cc5 | fe7f 0748 | 83c7 2048 | 83e9 0448 | 83c1 047e | 1748 c7c0 
  0x0000020a57466bd0: ffff ffff | c4e2 f0f5 | c0c4 e1fb | 92f8 62f1 | fe2f 7f07 | e9b2 eaff | ffba ccff | ffff 418b 
  0x0000020a57466bf0: e944 8944 | 2424 4c8b | 5424 484c | 8954 2440 | 4889 5c24 | 6066 6690 

  0x0000020a57466c08: ;   {runtime_call UncommonTrapBlob}
  0x0000020a57466c08: c5f8 77e8 

  0x0000020a57466c0c: ; ImmutableOopMap {rbp=NarrowOop [40]=Oop [48]=Oop [64]=Oop [96]=Oop }
                      ;*newarray {reexecute=1 rethrow=0 return_oop=0}
                      ; - (reexecute) java.util.Arrays::copyOfRangeByte@10
                      ; - java.util.Arrays::copyOfRange@13
                      ; - java.lang.StringLatin1::newString@16
                      ; - java.lang.String::substring@41
                      ; - java.lang.Class::getPackageName@62
                      ; - java.lang.ClassLoader::postDefineClass@2
                      ; - java.lang.ClassLoader::defineClass@37
                      ; - java.security.SecureClassLoader::defineClass@12
  0x0000020a57466c0c: f00e 81ff 

  0x0000020a57466c10: ;   {other}
  0x0000020a57466c10: 0f1f 8400 | 0024 0039 | ba45 ffff | ff48 8b4c | 2448 4889 | 4c24 3844 | 894c 2448 | 4c89 5c24 
  0x0000020a57466c30: 5044 8944 | 244c 4489 | 5424 5890 

  0x0000020a57466c3c: ;   {runtime_call UncommonTrapBlob}
  0x0000020a57466c3c: c5f8 77e8 

  0x0000020a57466c40: ; ImmutableOopMap {[40]=Oop [48]=Oop [56]=Oop [72]=NarrowOop [76]=NarrowOop [80]=Oop }
                      ;*ifeq {reexecute=1 rethrow=0 return_oop=0}
                      ; - (reexecute) java.util.concurrent.ConcurrentHashMap::get@76
                      ; - java.lang.ClassLoader::getNamedPackage@5
                      ; - java.lang.ClassLoader::postDefineClass@9
                      ; - java.lang.ClassLoader::defineClass@37
                      ; - java.security.SecureClassLoader::defineClass@12
  0x0000020a57466c40: bc0e 81ff 

  0x0000020a57466c44: ;   {other}
  0x0000020a57466c44: 0f1f 8400 | 3424 003a | baf6 ffff | ff66 6690 

  0x0000020a57466c54: ;   {runtime_call UncommonTrapBlob}
  0x0000020a57466c54: c5f8 77e8 

  0x0000020a57466c58: ; ImmutableOopMap {}
                      ;*invokevirtual isNamed {reexecute=0 rethrow=0 return_oop=0}
                      ; - java.lang.NamedPackage::<init>@12
                      ; - java.lang.ClassLoader::getNamedPackage@22
                      ; - java.lang.ClassLoader::postDefineClass@9
                      ; - java.lang.ClassLoader::defineClass@37
                      ; - java.security.SecureClassLoader::defineClass@12
  0x0000020a57466c58: a40e 81ff 

  0x0000020a57466c5c: ;   {other}
  0x0000020a57466c5c: 0f1f 8400 | 4c24 003b | ba45 ffff | ff44 895c | 2438 6690 

  0x0000020a57466c70: ;   {runtime_call UncommonTrapBlob}
  0x0000020a57466c70: c5f8 77e8 

  0x0000020a57466c74: ; ImmutableOopMap {rbp=NarrowOop [40]=Oop [48]=Oop [56]=NarrowOop }
                      ;*ifnull {reexecute=1 rethrow=0 return_oop=0}
                      ; - (reexecute) java.security.CodeSource::getCertificates@4
                      ; - java.lang.ClassLoader::postDefineClass@24
                      ; - java.lang.ClassLoader::defineClass@37
                      ; - java.security.SecureClassLoader::defineClass@12
  0x0000020a57466c74: 880e 81ff 

  0x0000020a57466c78: ;   {other}
  0x0000020a57466c78: 0f1f 8400 | 6824 003c | ba45 ffff | ff44 895c | 2438 6690 

  0x0000020a57466c8c: ;   {runtime_call UncommonTrapBlob}
  0x0000020a57466c8c: c5f8 77e8 

  0x0000020a57466c90: ; ImmutableOopMap {rbp=NarrowOop [40]=Oop [48]=Oop [56]=NarrowOop }
                      ;*ifnull {reexecute=1 rethrow=0 return_oop=0}
                      ; - (reexecute) java.security.CodeSource::getCertificates@22
                      ; - java.lang.ClassLoader::postDefineClass@24
                      ; - java.lang.ClassLoader::defineClass@37
                      ; - java.security.SecureClassLoader::defineClass@12
  0x0000020a57466c90: 6c0e 81ff 

  0x0000020a57466c94: ;   {other}
  0x0000020a57466c94: 0f1f 8400 | 8424 003d | 4585 d244 | 8b54 2420 | 410f 94c2 | ba45 ffff | ff48 8b6c | 2430 4c89 
  0x0000020a57466cb4: 5c24 5089 | 5c24 5844 | 8954 245c 

  0x0000020a57466cc0: ;   {runtime_call UncommonTrapBlob}
  0x0000020a57466cc0: c5f8 77e8 

  0x0000020a57466cc4: ; ImmutableOopMap {rbp=Oop [40]=Oop [80]=Oop [144]=Oop }
                      ;*ifeq {reexecute=1 rethrow=0 return_oop=0}
                      ; - (reexecute) java.lang.String::lastIndexOf@4
                      ; - java.lang.String::lastIndexOf@8
                      ; - java.lang.Class::getPackageName@47
                      ; - java.lang.ClassLoader::postDefineClass@2
                      ; - java.lang.ClassLoader::defineClass@37
                      ; - java.security.SecureClassLoader::defineClass@12
  0x0000020a57466cc4: 380e 81ff 

  0x0000020a57466cc8: ;   {other}
  0x0000020a57466cc8: 0f1f 8400 | b824 003e | 498b d7c5 | f877 49ba | 20a4 ef0f | fe7f 0000 

  0x0000020a57466ce0: ;   {other}
  0x0000020a57466ce0: 41ff d20f | 1f84 0000 | 0000 00e9 | 1bea ffff | ba45 ffff | ff44 8944 | 2420 4489 | 4424 244c 
  0x0000020a57466d00: 8b54 2448 | 4c89 5424 | 404c 895c | 2458 897c | 2464 6690 

  0x0000020a57466d14: ;   {runtime_call UncommonTrapBlob}
  0x0000020a57466d14: c5f8 77e8 

  0x0000020a57466d18: ; ImmutableOopMap {[40]=Oop [48]=Oop [64]=Oop [88]=Oop }
                      ;*if_icmpgt {reexecute=1 rethrow=0 return_oop=0}
                      ; - (reexecute) jdk.internal.util.Preconditions::checkFromToIndex@6
                      ; - java.lang.String::checkBoundsBeginEnd@6
                      ; - java.lang.String::substring@8
                      ; - java.lang.Class::getPackageName@62
                      ; - java.lang.ClassLoader::postDefineClass@2
                      ; - java.lang.ClassLoader::defineClass@37
                      ; - java.security.SecureClassLoader::defineClass@12
  0x0000020a57466d18: e40d 81ff 

  0x0000020a57466d1c: ;   {other}
  0x0000020a57466d1c: 0f1f 8400 | 0c25 003f | baf6 ffff | ff66 6690 

  0x0000020a57466d2c: ;   {runtime_call UncommonTrapBlob}
  0x0000020a57466d2c: c5f8 77e8 

  0x0000020a57466d30: ; ImmutableOopMap {[64]=NarrowOop }
                      ;*invokevirtual append {reexecute=0 rethrow=0 return_oop=0}
                      ; - java.lang.NamedPackage::<init>@35
                      ; - java.lang.ClassLoader::getNamedPackage@22
                      ; - java.lang.ClassLoader::postDefineClass@9
                      ; - java.lang.ClassLoader::defineClass@37
                      ; - java.security.SecureClassLoader::defineClass@12
  0x0000020a57466d30: cc0d 81ff 

  0x0000020a57466d34: ;   {other}
  0x0000020a57466d34: 0f1f 8400 | 2425 0040 | baf6 ffff | ff66 6690 

  0x0000020a57466d44: ;   {runtime_call UncommonTrapBlob}
  0x0000020a57466d44: c5f8 77e8 

  0x0000020a57466d48: ; ImmutableOopMap {}
                      ;*invokevirtual toString {reexecute=0 rethrow=0 return_oop=0}
                      ; - java.lang.NamedPackage::<init>@38
                      ; - java.lang.ClassLoader::getNamedPackage@22
                      ; - java.lang.ClassLoader::postDefineClass@9
                      ; - java.lang.ClassLoader::defineClass@37
                      ; - java.security.SecureClassLoader::defineClass@12
  0x0000020a57466d48: b40d 81ff 

  0x0000020a57466d4c: ;   {other}
  0x0000020a57466d4c: 0f1f 8400 | 3c25 0041 | ba45 ffff | ff44 8944 | 2420 4489 | 4424 244c | 8b54 2448 | 4c89 5424 
  0x0000020a57466d6c: 404c 895c | 2458 897c | 2464 897c | 2468 6690 

  0x0000020a57466d7c: ;   {runtime_call UncommonTrapBlob}
  0x0000020a57466d7c: c5f8 77e8 

  0x0000020a57466d80: ; ImmutableOopMap {[40]=Oop [48]=Oop [64]=Oop [88]=Oop }
                      ;*if_icmple {reexecute=1 rethrow=0 return_oop=0}
                      ; - (reexecute) jdk.internal.util.Preconditions::checkFromToIndex@11
                      ; - java.lang.String::checkBoundsBeginEnd@6
                      ; - java.lang.String::substring@8
                      ; - java.lang.Class::getPackageName@62
                      ; - java.lang.ClassLoader::postDefineClass@2
                      ; - java.lang.ClassLoader::defineClass@37
                      ; - java.security.SecureClassLoader::defineClass@12
  0x0000020a57466d80: 7c0d 81ff 

  0x0000020a57466d84: ;   {other}
  0x0000020a57466d84: 0f1f 8400 | 7425 0042 | 498b d7c5 | f877 49ba | 20a4 ef0f | fe7f 0000 

  0x0000020a57466d9c: ;   {other}
  0x0000020a57466d9c: 41ff d20f | 1f84 0000 | 0000 00e9 | fae8 ffff | ba45 ffff | ff48 8b4c | 2448 4889 | 4c24 3844 
  0x0000020a57466dbc: 894c 2450 | 4c89 5c24 | 5844 8944 | 2454 4489 | 5424 6089 | 5c24 6490 

  0x0000020a57466dd4: ;   {runtime_call UncommonTrapBlob}
  0x0000020a57466dd4: c5f8 77e8 

  0x0000020a57466dd8: ; ImmutableOopMap {[40]=Oop [48]=Oop [56]=Oop [80]=NarrowOop [84]=NarrowOop [88]=Oop }
                      ;*if_icmpne {reexecute=1 rethrow=0 return_oop=0}
                      ; - (reexecute) java.lang.String::equals@33
                      ; - java.util.concurrent.ConcurrentHashMap::get@73
                      ; - java.lang.ClassLoader::getNamedPackage@5
                      ; - java.lang.ClassLoader::postDefineClass@9
                      ; - java.lang.ClassLoader::defineClass@37
                      ; - java.security.SecureClassLoader::defineClass@12
  0x0000020a57466dd8: 240d 81ff 

  0x0000020a57466ddc: ;   {other}
  0x0000020a57466ddc: 0f1f 8400 | cc25 0043 | bae4 ffff | ff44 8954 | 2420 448b | 5424 4044 | 8954 2424 

  0x0000020a57466df8: ;   {runtime_call UncommonTrapBlob}
  0x0000020a57466df8: c5f8 77e8 

  0x0000020a57466dfc: ; ImmutableOopMap {[32]=NarrowOop [40]=Oop [48]=Oop [56]=Oop [144]=Oop }
                      ;*baload {reexecute=0 rethrow=0 return_oop=0}
                      ; - jdk.internal.util.ArraysSupport::mismatch@82
                      ; - java.lang.String::startsWith@70
                      ; - java.lang.String::startsWith@3
                      ; - java.lang.ClassLoader::preDefineClass@43
                      ; - java.lang.ClassLoader::defineClass@4
                      ; - java.security.SecureClassLoader::defineClass@12
  0x0000020a57466dfc: 000d 81ff 

  0x0000020a57466e00: ;   {other}
  0x0000020a57466e00: 0f1f 8400 | f025 0044 | ba45 ffff | ff48 8b4c | 2448 4889 | 4c24 3844 | 894c 2450 | 4c89 5c24 
  0x0000020a57466e20: 5844 8944 | 2454 4489 | 5424 6090 

  0x0000020a57466e2c: ;   {runtime_call UncommonTrapBlob}
  0x0000020a57466e2c: c5f8 77e8 

  0x0000020a57466e30: ; ImmutableOopMap {[40]=Oop [48]=Oop [56]=Oop [80]=NarrowOop [84]=NarrowOop [88]=Oop }
                      ;*ifge {reexecute=1 rethrow=0 return_oop=0}
                      ; - (reexecute) java.util.concurrent.ConcurrentHashMap::get@86
                      ; - java.lang.ClassLoader::getNamedPackage@5
                      ; - java.lang.ClassLoader::postDefineClass@9
                      ; - java.lang.ClassLoader::defineClass@37
                      ; - java.security.SecureClassLoader::defineClass@12
  0x0000020a57466e30: cc0c 81ff 

  0x0000020a57466e34: ;   {other}
  0x0000020a57466e34: 0f1f 8400 | 2426 0045 | 85c9 448b | 5424 2041 | 0f94 c2ba | 45ff ffff | 488b 4c24 | 4848 894c 
  0x0000020a57466e54: 2438 4489 | 4c24 4844 | 8944 244c | 4889 5c24 | 5048 895c | 2458 4489 | 5424 6090 

  0x0000020a57466e70: ;   {runtime_call UncommonTrapBlob}
  0x0000020a57466e70: c5f8 77e8 

  0x0000020a57466e74: ; ImmutableOopMap {[40]=Oop [48]=Oop [56]=Oop [72]=NarrowOop [76]=NarrowOop [80]=Oop [88]=Oop }
                      ;*ifeq {reexecute=1 rethrow=0 return_oop=0}
                      ; - (reexecute) java.lang.String::hashCode@20
                      ; - java.util.concurrent.ConcurrentHashMap::get@1
                      ; - java.lang.ClassLoader::getNamedPackage@5
                      ; - java.lang.ClassLoader::postDefineClass@9
                      ; - java.lang.ClassLoader::defineClass@37
                      ; - java.security.SecureClassLoader::defineClass@12
  0x0000020a57466e74: 880c 81ff 

  0x0000020a57466e78: ;   {other}
  0x0000020a57466e78: 0f1f 8400 | 6826 0046 | baf6 ffff | ff66 6690 

  0x0000020a57466e88: ;   {runtime_call UncommonTrapBlob}
  0x0000020a57466e88: c5f8 77e8 

  0x0000020a57466e8c: ; ImmutableOopMap {[56]=Oop [88]=Oop }
                      ;*invokevirtual putIfAbsent {reexecute=0 rethrow=0 return_oop=0}
                      ; - java.lang.ClassLoader::getNamedPackage@32
                      ; - java.lang.ClassLoader::postDefineClass@9
                      ; - java.lang.ClassLoader::defineClass@37
                      ; - java.security.SecureClassLoader::defineClass@12
  0x0000020a57466e8c: 700c 81ff 

  0x0000020a57466e90: ;   {other}
  0x0000020a57466e90: 0f1f 8400 | 8026 0047 | bade ffff | ff48 8be8 

  0x0000020a57466ea0: ;   {runtime_call UncommonTrapBlob}
  0x0000020a57466ea0: c5f8 77e8 

  0x0000020a57466ea4: ; ImmutableOopMap {rbp=Oop }
                      ;*checkcast {reexecute=0 rethrow=0 return_oop=0}
                      ; - java.lang.ClassLoader::getNamedPackage@35
                      ; - java.lang.ClassLoader::postDefineClass@9
                      ; - java.lang.ClassLoader::defineClass@37
                      ; - java.security.SecureClassLoader::defineClass@12
  0x0000020a57466ea4: 580c 81ff 

  0x0000020a57466ea8: ;   {other}
  0x0000020a57466ea8: 0f1f 8400 | 9826 0048 | ba45 ffff | ff4c 8b44 | 2448 4c89 | 4424 3844 | 894c 2450 | 4c89 5c24 
  0x0000020a57466ec8: 5848 897c | 2460 4489 | 5424 5490 

  0x0000020a57466ed4: ;   {runtime_call UncommonTrapBlob}
  0x0000020a57466ed4: c5f8 77e8 

  0x0000020a57466ed8: ; ImmutableOopMap {rbp=NarrowOop [40]=Oop [48]=Oop [56]=Oop [80]=NarrowOop [88]=Oop [96]=Oop }
                      ;*ifnull {reexecute=1 rethrow=0 return_oop=0}
                      ; - (reexecute) java.util.concurrent.ConcurrentHashMap::get@143
                      ; - java.lang.ClassLoader::getNamedPackage@5
                      ; - java.lang.ClassLoader::postDefineClass@9
                      ; - java.lang.ClassLoader::defineClass@37
                      ; - java.security.SecureClassLoader::defineClass@12
  0x0000020a57466ed8: 240c 81ff 

  0x0000020a57466edc: ;   {other}
  0x0000020a57466edc: 0f1f 8400 | cc26 0049 | 498b d7c5 | f877 49ba | 20a4 ef0f | fe7f 0000 

  0x0000020a57466ef4: ;   {other}
  0x0000020a57466ef4: 41ff d20f | 1f84 0000 | 0000 00e9 | 60ee ffff | 498b d7c5 | f877 49ba | 20a4 ef0f | fe7f 0000 
  0x0000020a57466f14: ;   {other}
  0x0000020a57466f14: 41ff d20f | 1f84 0000 | 0000 00e9 | 8bee ffff | ba37 0100 | 0048 8beb | 4c8b 5424 | 384c 8954 
  0x0000020a57466f34: 2428 6690 

  0x0000020a57466f38: ;   {runtime_call UncommonTrapBlob}
  0x0000020a57466f38: c5f8 77e8 

  0x0000020a57466f3c: ; ImmutableOopMap {rbp=Oop [40]=Oop [48]=Oop }
                      ;*new {reexecute=0 rethrow=0 return_oop=0}
                      ; - java.lang.ClassLoader::preDefineClass@56
                      ; - java.lang.ClassLoader::defineClass@4
                      ; - java.security.SecureClassLoader::defineClass@12
  0x0000020a57466f3c: c00b 81ff 

  0x0000020a57466f40: ;   {other}
  0x0000020a57466f40: 0f1f 8400 | 3027 004a | bade ffff | ff48 8b6c | 2428 4c8b | 5424 304c | 8954 2420 | 4c8b 5424 
  0x0000020a57466f60: 384c 8954 | 2428 4889 | 4424 3890 

  0x0000020a57466f6c: ;   {runtime_call UncommonTrapBlob}
  0x0000020a57466f6c: c5f8 77e8 

  0x0000020a57466f70: ; ImmutableOopMap {rbp=Oop [32]=Oop [40]=Oop [56]=Oop }
                      ;*checkcast {reexecute=0 rethrow=0 return_oop=0}
                      ; - java.security.SecureClassLoader::getProtectionDomain@33
                      ; - java.security.SecureClassLoader::defineClass@9
  0x0000020a57466f70: 8c0b 81ff 

  0x0000020a57466f74: ;   {other}
  0x0000020a57466f74: 0f1f 8400 | 6427 004b | bade ffff | ff48 8b6c | 2428 4c8b | 5424 384c | 8954 2428 | 448b 5c24 
  0x0000020a57466f94: 4044 895c | 2438 448b | 5424 4444 | 8954 243c | 4889 4424 | 5066 6690 

  0x0000020a57466fac: ;   {runtime_call UncommonTrapBlob}
  0x0000020a57466fac: c5f8 77e8 

  0x0000020a57466fb0: ; ImmutableOopMap {rbp=Oop [40]=Oop [48]=Oop [72]=Oop [80]=Oop [144]=Oop }
                      ;*checkcast {reexecute=0 rethrow=0 return_oop=0}
                      ; - java.lang.ClassLoader::checkCerts@65
                      ; - java.lang.ClassLoader::preDefineClass@113
                      ; - java.lang.ClassLoader::defineClass@4
                      ; - java.security.SecureClassLoader::defineClass@12
  0x0000020a57466fb0: 4c0b 81ff 

  0x0000020a57466fb4: ;   {other}
  0x0000020a57466fb4: 0f1f 8400 | a427 004c | baf6 ffff | ff49 8be8 | 4c89 4c24 | 2066 6690 

  0x0000020a57466fcc: ;   {runtime_call UncommonTrapBlob}
  0x0000020a57466fcc: c5f8 77e8 

  0x0000020a57466fd0: ; ImmutableOopMap {rbp=Oop [32]=Oop }
                      ;*invokeinterface computeIfAbsent {reexecute=0 rethrow=0 return_oop=0}
                      ; - java.security.SecureClassLoader::getProtectionDomain@28
                      ; - java.security.SecureClassLoader::defineClass@9
  0x0000020a57466fd0: 2c0b 81ff 

  0x0000020a57466fd4: ;   {other}
  0x0000020a57466fd4: 0f1f 8400 | c427 004d | baf4 ffff | ff48 8b6c | 2428 4c8b | 5424 304c | 8954 2420 

  0x0000020a57466ff0: ;   {runtime_call UncommonTrapBlob}
  0x0000020a57466ff0: c5f8 77e8 

  0x0000020a57466ff4: ; ImmutableOopMap {rbp=Oop [32]=Oop [56]=Oop }
                      ;*checkcast {reexecute=0 rethrow=0 return_oop=0}
                      ; - java.security.SecureClassLoader::getProtectionDomain@33
                      ; - java.security.SecureClassLoader::defineClass@9
  0x0000020a57466ff4: 080b 81ff 

  0x0000020a57466ff8: ;   {other}
  0x0000020a57466ff8: 0f1f 8400 | e827 004e | baf6 ffff | ff66 6690 

  0x0000020a57467008: ;   {runtime_call UncommonTrapBlob}
  0x0000020a57467008: c5f8 77e8 

  0x0000020a5746700c: ; ImmutableOopMap {}
                      ;*arraylength {reexecute=0 rethrow=0 return_oop=0}
                      ; - java.lang.String::isEmpty@4
                      ; - java.lang.ClassLoader::checkName@5
                      ; - java.lang.ClassLoader::preDefineClass@1
                      ; - java.lang.ClassLoader::defineClass@4
                      ; - java.security.SecureClassLoader::defineClass@12
  0x0000020a5746700c: f00a 81ff 

  0x0000020a57467010: ;   {other}
  0x0000020a57467010: 0f1f 8400 | 0028 004f | baf6 ffff | ff66 6690 

  0x0000020a57467020: ;   {runtime_call UncommonTrapBlob}
  0x0000020a57467020: c5f8 77e8 

  0x0000020a57467024: ; ImmutableOopMap {}
                      ;*invokevirtual getPackageName {reexecute=0 rethrow=0 return_oop=0}
                      ; - java.lang.ClassLoader::postDefineClass@2
                      ; - java.lang.ClassLoader::defineClass@37
                      ; - java.security.SecureClassLoader::defineClass@12
  0x0000020a57467024: d80a 81ff 

  0x0000020a57467028: ;   {other}
  0x0000020a57467028: 0f1f 8400 | 1828 0050 | baf6 ffff | ff66 6690 

  0x0000020a57467038: ;   {runtime_call UncommonTrapBlob}
  0x0000020a57467038: c5f8 77e8 

  0x0000020a5746703c: ; ImmutableOopMap {}
                      ;*invokevirtual hashCode {reexecute=0 rethrow=0 return_oop=0}
                      ; - java.util.concurrent.ConcurrentHashMap::get@1
                      ; - java.lang.ClassLoader::getNamedPackage@5
                      ; - java.lang.ClassLoader::postDefineClass@9
                      ; - java.lang.ClassLoader::defineClass@37
                      ; - java.security.SecureClassLoader::defineClass@12
  0x0000020a5746703c: c00a 81ff 

  0x0000020a57467040: ;   {other}
  0x0000020a57467040: 0f1f 8400 | 3028 0051 | 4d85 d244 | 8b54 2420 | 410f 94c2 | ba45 ffff | ff48 8944 | 2440 4489 
  0x0000020a57467060: 5424 4890 

  0x0000020a57467064: ;   {runtime_call UncommonTrapBlob}
  0x0000020a57467064: c5f8 77e8 

  0x0000020a57467068: ; ImmutableOopMap {[40]=Oop [48]=Oop [64]=Oop [144]=Oop }
                      ;*ifeq {reexecute=1 rethrow=0 return_oop=0}
                      ; - (reexecute) java.lang.Class::getPackageName@29
                      ; - java.lang.ClassLoader::postDefineClass@2
                      ; - java.lang.ClassLoader::defineClass@37
                      ; - java.security.SecureClassLoader::defineClass@12
  0x0000020a57467068: 940a 81ff 

  0x0000020a5746706c: ;   {other}
  0x0000020a5746706c: 0f1f 8400 | 5c28 0052 | baf6 ffff | ff66 6690 

  0x0000020a5746707c: ;   {runtime_call UncommonTrapBlob}
  0x0000020a5746707c: c5f8 77e8 

  0x0000020a57467080: ; ImmutableOopMap {}
                      ;*arraylength {reexecute=0 rethrow=0 return_oop=0}
                      ; - java.lang.String::length@4
                      ; - java.lang.String::lastIndexOf@3
                      ; - java.lang.Class::getPackageName@47
                      ; - java.lang.ClassLoader::postDefineClass@2
                      ; - java.lang.ClassLoader::defineClass@37
                      ; - java.security.SecureClassLoader::defineClass@12
  0x0000020a57467080: 7c0a 81ff 

  0x0000020a57467084: ;   {other}
  0x0000020a57467084: 0f1f 8400 | 7428 0053 | ba45 ffff | ff48 8b6c | 2428 4c8b | 5424 304c | 8954 2420 

  0x0000020a574670a0: ;   {runtime_call UncommonTrapBlob}
  0x0000020a574670a0: c5f8 77e8 

  0x0000020a574670a4: ; ImmutableOopMap {rbp=Oop [32]=Oop [56]=Oop [144]=Oop }
                      ;*ifnull {reexecute=1 rethrow=0 return_oop=0}
                      ; - (reexecute) java.lang.ClassLoader::checkName@1
                      ; - java.lang.ClassLoader::preDefineClass@1
                      ; - java.lang.ClassLoader::defineClass@4
                      ; - java.security.SecureClassLoader::defineClass@12
  0x0000020a574670a4: 580a 81ff 

  0x0000020a574670a8: ;   {other}
  0x0000020a574670a8: 0f1f 8400 | 9828 0054 | ba45 ffff | ff48 8b6c | 2428 4c8b | 5424 384c | 8954 2428 | 448b 5c24 
  0x0000020a574670c8: 4044 895c | 2438 448b | 5424 4444 | 8954 243c | 4889 5c24 | 484c 896c | 2458 4489 | 7424 5490 
  0x0000020a574670e8: ;   {runtime_call UncommonTrapBlob}
  0x0000020a574670e8: c5f8 77e8 

  0x0000020a574670ec: ; ImmutableOopMap {rbp=Oop [40]=Oop [48]=Oop [72]=Oop [84]=NarrowOop [88]=Oop [144]=Oop }
                      ;*ifnull {reexecute=1 rethrow=0 return_oop=0}
                      ; - (reexecute) java.lang.ClassLoader::checkCerts@30
                      ; - java.lang.ClassLoader::preDefineClass@113
                      ; - java.lang.ClassLoader::defineClass@4
                      ; - java.security.SecureClassLoader::defineClass@12
  0x0000020a574670ec: 100a 81ff 

  0x0000020a574670f0: ;   {other}
  0x0000020a574670f0: 0f1f 8400 | e028 0055 | ba45 ffff | ff48 8b6c | 2428 4c8b | 5424 304c | 8954 2420 | 4c8b 5424 
  0x0000020a57467110: 384c 8954 | 2428 448b | 4424 4044 | 8944 2430 | 448b 5424 | 4444 8954 | 2434 4489 | 5c24 4490 
  0x0000020a57467130: ;   {runtime_call UncommonTrapBlob}
  0x0000020a57467130: c5f8 77e8 

  0x0000020a57467134: ; ImmutableOopMap {rbp=Oop [32]=Oop [40]=Oop [68]=NarrowOop [144]=Oop }
                      ;*ifnull {reexecute=1 rethrow=0 return_oop=0}
                      ; - (reexecute) java.lang.ClassLoader::defineClassSourceLocation@8
                      ; - java.lang.ClassLoader::defineClass@12
                      ; - java.security.SecureClassLoader::defineClass@12
  0x0000020a57467134: c809 81ff 

  0x0000020a57467138: ;   {other}
  0x0000020a57467138: 0f1f 8400 | 2829 0056 | ba45 ffff | ff4c 8b54 | 2428 4c89 | 5424 204c | 8b54 2430 | 4c89 5424 
  0x0000020a57467158: 284c 8b54 | 2438 4c89 | 5424 3044 | 8b54 2440 | 4489 5424 | 3844 8b5c | 2444 4489 | 5c24 3c90 
  0x0000020a57467178: ;   {runtime_call UncommonTrapBlob}
  0x0000020a57467178: c5f8 77e8 

  0x0000020a5746717c: ; ImmutableOopMap {rbp=NarrowOop [32]=Oop [40]=Oop [48]=Oop [144]=Oop }
                      ;*ifnull {reexecute=1 rethrow=0 return_oop=0}
                      ; - (reexecute) java.lang.ClassLoader::defineClassSourceLocation@15
                      ; - java.lang.ClassLoader::defineClass@12
                      ; - java.security.SecureClassLoader::defineClass@12
  0x0000020a5746717c: 8009 81ff 

  0x0000020a57467180: ;   {other}
  0x0000020a57467180: 0f1f 8400 | 7029 0057 | ba45 ffff | ff44 895c | 2420 6690 

  0x0000020a57467194: ;   {runtime_call UncommonTrapBlob}
  0x0000020a57467194: c5f8 77e8 

  0x0000020a57467198: ; ImmutableOopMap {[32]=NarrowOop [48]=Oop }
                      ;*ifnull {reexecute=1 rethrow=0 return_oop=0}
                      ; - (reexecute) java.lang.ClassLoader::postDefineClass@17
                      ; - java.lang.ClassLoader::defineClass@37
                      ; - java.security.SecureClassLoader::defineClass@12
  0x0000020a57467198: 6409 81ff 

  0x0000020a5746719c: ;   {other}
  0x0000020a5746719c: 0f1f 8400 | 8c29 0058 | ba45 ffff | ff48 8b4c | 2448 4889 | 4c24 3844 | 894c 2450 | 4c89 5c24 
  0x0000020a574671bc: 5844 8944 | 2454 4489 | 5424 6090 

  0x0000020a574671c8: ;   {runtime_call UncommonTrapBlob}
  0x0000020a574671c8: c5f8 77e8 

  0x0000020a574671cc: ; ImmutableOopMap {rbp=NarrowOop [40]=Oop [48]=Oop [56]=Oop [80]=NarrowOop [84]=NarrowOop [88]=Oop }
                      ;*ifnull {reexecute=1 rethrow=0 return_oop=0}
                      ; - (reexecute) java.util.concurrent.ConcurrentHashMap::get@67
                      ; - java.lang.ClassLoader::getNamedPackage@5
                      ; - java.lang.ClassLoader::postDefineClass@9
                      ; - java.lang.ClassLoader::defineClass@37
                      ; - java.security.SecureClassLoader::defineClass@12
  0x0000020a574671cc: 3009 81ff 

  0x0000020a574671d0: ;   {other}
  0x0000020a574671d0: 0f1f 8400 | c029 0059 | ba97 ffff | ff4c 8b54 | 2428 4c89 | 5424 2090 

  0x0000020a574671e8: ;   {runtime_call UncommonTrapBlob}
  0x0000020a574671e8: c5f8 77e8 

  0x0000020a574671ec: ; ImmutableOopMap {rbp=NarrowOop [32]=Oop [48]=Oop [56]=Oop [76]=NarrowOop [88]=Oop [96]=Oop [144]=Oop }
                      ;*invokevirtual clone {reexecute=1 rethrow=0 return_oop=0}
                      ; - (reexecute) java.util.Arrays::copyOfRange@18
                      ; - java.lang.StringLatin1::newString@16
                      ; - java.lang.String::substring@41
                      ; - java.lang.ClassLoader::checkCerts@21
                      ; - java.lang.ClassLoader::preDefineClass@113
                      ; - java.lang.ClassLoader::defineClass@4
                      ; - java.security.SecureClassLoader::defineClass@12
  0x0000020a574671ec: 1009 81ff 

  0x0000020a574671f0: ;   {other}
  0x0000020a574671f0: 0f1f 8400 | e029 005a | eb30 eb2e | eb2c eb2a | eb28 eb26 | eb24 eb22 | eb20 eb1e | eb1c eb1a 
  0x0000020a57467210: eb18 eb16 | eb14 eb12 | eb10 eb0e | eb0c eb0a | eb08 eb06 | eb04 eb02 | eb00 488b | d0e9 37e8 
  0x0000020a57467230: ffff ba97 | ffff ff8b | 6c24 2490 

  0x0000020a5746723c: ;   {runtime_call UncommonTrapBlob}
  0x0000020a5746723c: c5f8 77e8 

  0x0000020a57467240: ; ImmutableOopMap {rbp=NarrowOop [40]=Oop [48]=Oop [56]=Oop [72]=Oop }
                      ;*invokevirtual clone {reexecute=1 rethrow=0 return_oop=0}
                      ; - (reexecute) java.util.Arrays::copyOfRange@18
                      ; - java.lang.StringLatin1::newString@16
                      ; - java.lang.String::substring@41
                      ; - java.lang.Class::getPackageName@62
                      ; - java.lang.ClassLoader::postDefineClass@2
                      ; - java.lang.ClassLoader::defineClass@37
                      ; - java.security.SecureClassLoader::defineClass@12
  0x0000020a57467240: bc08 81ff 

  0x0000020a57467244: ;   {other}
  0x0000020a57467244: 0f1f 8400 | 342a 005b 

  0x0000020a5746724c: ;   {internal_word}
  0x0000020a5746724c: 49ba fb5b | 4657 0a02 | 0000 4d89 | 9768 0400 

  0x0000020a5746725c: ;   {runtime_call SafepointBlob}
  0x0000020a5746725c: 00e9 1ef7 

  0x0000020a57467260: ;   {runtime_call StubRoutines (final stubs)}
  0x0000020a57467260: 80ff e839 | 107f ffe9 | 12da ffff | f4f4 f4f4 
[Stub Code]
  0x0000020a57467270: ;   {no_reloc}
  0x0000020a57467270: 48bb 0000 | 0000 0000 

  0x0000020a57467278: ;   {runtime_call nmethod}
  0x0000020a57467278: 0000 e9fb 

  0x0000020a5746727c: ;   {static_stub}
  0x0000020a5746727c: ffff ff48 | bb00 0000 | 0000 0000 

  0x0000020a57467288: ;   {runtime_call nmethod}
  0x0000020a57467288: 00e9 fbff 

  0x0000020a5746728c: ;   {static_stub}
  0x0000020a5746728c: ffff 48bb | 0000 0000 | 0000 0000 

  0x0000020a57467298: ;   {runtime_call nmethod}
  0x0000020a57467298: e9fb ffff 

  0x0000020a5746729c: ;   {static_stub}
  0x0000020a5746729c: ff48 bb00 | 0000 0000 

  0x0000020a574672a4: ;   {runtime_call nmethod}
  0x0000020a574672a4: 0000 00e9 | fbff ffff 

  0x0000020a574672ac: ;   {static_stub}
  0x0000020a574672ac: 48bb 0000 | 0000 0000 

  0x0000020a574672b4: ;   {runtime_call nmethod}
  0x0000020a574672b4: 0000 e9fb 

  0x0000020a574672b8: ;   {static_stub}
  0x0000020a574672b8: ffff ff48 | bb00 0000 | 0000 0000 

  0x0000020a574672c4: ;   {runtime_call nmethod}
  0x0000020a574672c4: 00e9 fbff 

  0x0000020a574672c8: ;   {static_stub}
  0x0000020a574672c8: ffff 48bb | 0000 0000 | 0000 0000 

  0x0000020a574672d4: ;   {runtime_call nmethod}
  0x0000020a574672d4: e9fb ffff 

  0x0000020a574672d8: ;   {static_stub}
  0x0000020a574672d8: ff48 bb00 | 0000 0000 

  0x0000020a574672e0: ;   {runtime_call nmethod}
  0x0000020a574672e0: 0000 00e9 | fbff ffff 

  0x0000020a574672e8: ;   {static_stub}
  0x0000020a574672e8: 48bb 0000 | 0000 0000 

  0x0000020a574672f0: ;   {runtime_call nmethod}
  0x0000020a574672f0: 0000 e9fb 

  0x0000020a574672f4: ;   {static_stub}
  0x0000020a574672f4: ffff ff48 | bb00 0000 | 0000 0000 

  0x0000020a57467300: ;   {runtime_call nmethod}
  0x0000020a57467300: 00e9 fbff 

  0x0000020a57467304: ;   {static_stub}
  0x0000020a57467304: ffff 48bb | 0000 0000 | 0000 0000 

  0x0000020a57467310: ;   {runtime_call nmethod}
  0x0000020a57467310: e9fb ffff 

  0x0000020a57467314: ;   {static_stub}
  0x0000020a57467314: ff48 bb00 | 0000 0000 

  0x0000020a5746731c: ;   {runtime_call nmethod}
  0x0000020a5746731c: 0000 00e9 | fbff ffff 

  0x0000020a57467324: ;   {static_stub}
  0x0000020a57467324: 48bb 0000 | 0000 0000 

  0x0000020a5746732c: ;   {runtime_call nmethod}
  0x0000020a5746732c: 0000 e9fb 

  0x0000020a57467330: ;   {static_stub}
  0x0000020a57467330: ffff ff48 | bb00 0000 | 0000 0000 

  0x0000020a5746733c: ;   {runtime_call nmethod}
  0x0000020a5746733c: 00e9 fbff 

  0x0000020a57467340: ;   {static_stub}
  0x0000020a57467340: ffff 48bb | 0000 0000 | 0000 0000 

  0x0000020a5746734c: ;   {runtime_call nmethod}
  0x0000020a5746734c: e9fb ffff 

  0x0000020a57467350: ;   {static_stub}
  0x0000020a57467350: ff48 bb00 | 0000 0000 

  0x0000020a57467358: ;   {runtime_call nmethod}
  0x0000020a57467358: 0000 00e9 | fbff ffff 
[Exception Handler]
  0x0000020a57467360: ;   {runtime_call ExceptionBlob}
  0x0000020a57467360: e99b c484 | ffe8 0000 | 0000 4883 

  0x0000020a5746736c: ;   {runtime_call DeoptimizationBlob}
  0x0000020a5746736c: 2c24 05e9 | ac0a 81ff | f4f4 f4f4 
[/MachCode]


Compiled method (c2) 196061 4567   !   4       java.net.URLClassLoader::findClass (47 bytes)
 total in heap  [0x0000020a5742b490,0x0000020a5743c420] = 69520
 relocation     [0x0000020a5742b5f0,0x0000020a5742be90] = 2208
 constants      [0x0000020a5742bea0,0x0000020a5742bec0] = 32
 main code      [0x0000020a5742bec0,0x0000020a57434eb8] = 36856
 stub code      [0x0000020a57434eb8,0x0000020a574351b0] = 760
 oops           [0x0000020a574351b0,0x0000020a57435208] = 88
 metadata       [0x0000020a57435208,0x0000020a57435608] = 1024
 scopes data    [0x0000020a57435608,0x0000020a5743a900] = 21240
 scopes pcs     [0x0000020a5743a900,0x0000020a5743b7d0] = 3792
 dependencies   [0x0000020a5743b7d0,0x0000020a5743b858] = 136
 handler table  [0x0000020a5743b858,0x0000020a5743c350] = 2808
 nul chk table  [0x0000020a5743c350,0x0000020a5743c420] = 208


[Constant Pool]
             Address          hex4                    hex8      
  0x0000020a5742bea0:   0x3f400000      0xf4f4f4f43f400000      
  0x0000020a5742bea4:   0xf4f4f4f4                              
  0x0000020a5742bea8:   0xf4f4f4f4      0xf4f4f4f4f4f4f4f4      
  0x0000020a5742beac:   0xf4f4f4f4                              
  0x0000020a5742beb0:   0xf4f4f4f4      0xf4f4f4f4f4f4f4f4      
  0x0000020a5742beb4:   0xf4f4f4f4                              
  0x0000020a5742beb8:   0xf4f4f4f4      0xf4f4f4f4f4f4f4f4      
  0x0000020a5742bebc:   0xf4f4f4f4                              

[MachCode]
[Entry Point]
  # {method} {0x0000020a780622f0} 'findClass' '(Ljava/lang/String;)Ljava/lang/Class;' in 'java/net/URLClassLoader'
  # this:     rdx:rdx   = 'java/net/URLClassLoader'
  # parm0:    r8:r8     = 'java/lang/String'
  #           [sp+0x110]  (sp of caller)
  0x0000020a5742bec0: ;   {no_reloc}
  0x0000020a5742bec0: 448b 5208 | 49bb 0000 | 0063 0a02 | 0000 4d03 | d349 3bc2 

  0x0000020a5742bed4: ;   {runtime_call ic_miss_stub}
  0x0000020a5742bed4: 0f85 a62a | 84ff 6690 | 0f1f 4000 
[Verified Entry Point]
  0x0000020a5742bee0: 8984 2400 | 80ff ff55 | 4881 ec00 | 0100 0090 | 4181 7f20 | 0500 0000 | 0f85 ad8f | 0000 4c89 
  0x0000020a5742bf00: 8424 b000 | 0000 4889 | 9424 b800 | 0000 448b | 5258 4585 | d20f 8448 | 1f00 0049 | 8bea 488b 
  0x0000020a5742bf20: d54c 8944 | 2420 6690 

  0x0000020a5742bf28: ;   {static_call}
  0x0000020a5742bf28: c5f8 77e8 

  0x0000020a5742bf2c: ; ImmutableOopMap {rbp=Oop [32]=Oop [176]=Oop [184]=Oop }
                      ;*invokestatic ensureMaterializedForStackWalk {reexecute=0 rethrow=0 return_oop=0}
                      ; - java.security.AccessController::executePrivileged@5
                      ; - java.security.AccessController::doPrivileged@13
                      ; - java.net.URLClassLoader::findClass@13
  0x0000020a5742bf2c: 30f2 dcff 

  0x0000020a5742bf30: ;   {other}
  0x0000020a5742bf30: 0f1f 8400 | a00a 0000 | 488b dd4c | 8b94 24b0 | 0000 0045 | 0fbe 5a10 | 4585 db0f | 8553 4b00 
  0x0000020a5742bf50: 0045 8b42 | 1445 8b48 | 0c45 85c9 | 0f86 8a03 | 0000 418d | 49ff 413b | c90f 83b5 | 4900 0041 
  0x0000020a5742bf70: 8d51 fd49 | 8bc0 4180 | 7810 2e0f | 84d9 2300 | 0083 fa01 | 0f8e ca49 | 0000 bd01 | 0000 0041 
  0x0000020a5742bf90: ba01 0000 | 0041 8bf1 | 2bf5 83c6 | fd33 ff3b | d50f 4cf7 | 81fe a00f | 0000 41bb | a00f 0000 
  0x0000020a5742bfb0: 410f 47f3 | 03f5 418b | fa44 8bea | eb05 6690 | 418b ea48 | 63d5 450f | be5c 1010 | 4183 fb2e 
  0x0000020a5742bfd0: 745a 450f | be54 1011 | 4183 fa2e | 7447 450f | be54 1012 | 4183 fa2e | 743f 410f | be54 1013 
  0x0000020a5742bff0: 83fa 2e74 | 2d44 8d55 | 0444 3bd6 | 7cc2 4d8b | 9f58 0400 

  0x0000020a5742c004: ; ImmutableOopMap {r8=NarrowOop rbx=Oop rax=Oop [176]=Oop [184]=Oop }
                      ;*if_icmpne {reexecute=1 rethrow=0 return_oop=0}
                      ; - (reexecute) java.lang.StringLatin1::replace@28
                      ; - java.lang.String::replace@18
                      ; - java.net.URLClassLoader$1::run@8
                      ; - java.net.URLClassLoader$1::run@1
                      ; - java.security.AccessController::executePrivileged@29
                      ; - java.security.AccessController::doPrivileged@13
                      ; - java.net.URLClassLoader::findClass@13
  0x0000020a5742c004: 0083 c503 

  0x0000020a5742c008: ;   {poll}
  0x0000020a5742c008: 4185 0345 | 3bd5 0f8d | d827 0000 | 418b ea44 | 8bd7 418b | d5e9 73ff | ffff 83c5 | 02ff c5eb 
  0x0000020a5742c028: 0383 c502 | 418b d541 | 3be9 0f8d | b902 0000 | 4181 f900 | 0010 000f | 87eb 3500 | 004d 8b97 
  0x0000020a5742c048: b801 0000 | 4d63 d949 | 83c3 1749 | 83e3 f849 | 8bf2 4903 | f349 3bb7 | c801 0000 | 0f83 c635 
  0x0000020a5742c068: 0000 4989 | b7b8 0100 | 000f 0d8e | c000 0000 | 49c7 0201 | 0000 000f | 0d8e 0001 

  0x0000020a5742c084: ;   {metadata({type array byte})}
  0x0000020a5742c084: 0000 41c7 | 4208 1823 | 0000 4589 | 4a0c 0f0d | 8e40 0100 | 000f 0d8e | 8001 0000 | 85ed 0f8e 
  0x0000020a5742c0a4: d400 0000 | 8d75 ff41 | 3bf1 0f83 | 0b4f 0000 | 4585 c90f | 8602 4f00 | 0045 0fbe | 5810 4588 
  0x0000020a5742c0c4: 5a10 83fe | 010f 8e2d | 4f00 0041 | bb01 0000 | 0045 8be8 | 448b f2c4 | e1f9 6ec0 | c4c1 f96e 
  0x0000020a5742c0e4: ca8b d541 | 2bd3 ffca | 4533 c041 | 3bf3 410f | 4cd0 81fa | d007 0000 | 41b8 d007 | 0000 410f 
  0x0000020a5742c104: 47d0 4103 | d30f 1f80 | 0000 0000 | 4963 c345 | 0fbe 4405 | 10c4 c1f9 | 7eca 4588 | 4402 1045 
  0x0000020a5742c124: 0fbe 5405 | 11c4 c1f9 | 7ec8 4588 | 5400 1141 | 83c3 0244 | 3bda 7cd4 | 4d8b 9758 

  0x0000020a5742c140: ; ImmutableOopMap {r8=Oop rbx=Oop r13=NarrowOop xmm0=Oop xmm1=Oop [176]=Oop [184]=Oop }
                      ;*goto {reexecute=1 rethrow=0 return_oop=0}
                      ; - (reexecute) java.lang.StringLatin1::replace@76
                      ; - java.lang.String::replace@18
                      ; - java.net.URLClassLoader$1::run@8
                      ; - java.net.URLClassLoader$1::run@1
                      ; - java.security.AccessController::executePrivileged@29
                      ; - java.security.AccessController::doPrivileged@13
                      ; - java.net.URLClassLoader::findClass@13
                      ;   {poll}
  0x0000020a5742c140: 0400 0041 | 8502 443b | de7c 9a45 | 8bc5 418b | d6c4 e1f9 | 7ec0 c4c1 | f97e ca44 | 3bdd 7d1c 
  0x0000020a5742c160: 418b f04d | 63eb 460f | be44 2e10 | 4788 442a | 1041 ffc3 | 443b dd7c | ea44 8bc6 | 413b e90f 
  0x0000020a5742c180: 8d11 0100 | 0041 3be9 | 0f83 d948 | 0000 413b | c90f 83d0 | 4800 008d | 4d01 4c63 | dd43 0fbe 
  0x0000020a5742c1a0: 7418 1083 | fe2e 0f84 | c21b 0000 | 4388 741a | 1044 8d5d | 0144 3bd9 | 7d05 418b | ebeb db44 
  0x0000020a5742c1c0: 3bda 0f8d | a800 0000 | ffc5 e97b | 0000 00b9 | 2f00 0000 | 4388 4c1a | 1383 c504 | 3bee 7d55 
  0x0000020a5742c1e0: 4c63 dd43 | 0fbe 4c18 | 1083 f92e | 7439 4388 | 4c1a 1043 | 0fbe 4c18 | 1183 f92e | 7430 4388 
  0x0000020a5742c200: 4c1a 1143 | 0fbe 4c18 | 1283 f92e | 7412 4388 | 4c1a 1243 | 0fbe 4c18 | 1383 f92e | 75b6 ebaf 
  0x0000020a5742c220: b92f 0000 | 00eb e7b9 | 2f00 0000 | ebc0 b92f | 0000 00eb | c949 8b8f | 5804 0000 | 4c8b 9c24 
  0x0000020a5742c240: ; ImmutableOopMap {r10=Oop r11=Oop r8=NarrowOop rbx=Oop rax=Oop [176]=Oop [184]=Oop }
                      ;*goto {reexecute=1 rethrow=0 return_oop=0}
                      ; - (reexecute) java.lang.StringLatin1::replace@113
                      ; - java.lang.String::replace@18
                      ; - java.net.URLClassLoader$1::run@8
                      ; - java.net.URLClassLoader$1::run@1
                      ; - java.security.AccessController::executePrivileged@29
                      ; - java.security.AccessController::doPrivileged@13
                      ; - java.net.URLClassLoader::findClass@13
                      ;   {no_reloc}
  0x0000020a5742c240: b000 0000 

  0x0000020a5742c244: ;   {poll}
  0x0000020a5742c244: 8501 3bea | 7d29 418b | f12b f583 | c6fd 4533 | db3b d541 | 0f4c f381 | fea0 0f00 | 00b9 a00f 
  0x0000020a5742c264: 0000 0f47 | f103 f5e9 | 70ff ffff | 418b eb41 | 3be9 7d1e | 4c63 dd43 | 0fbe 4c18 | 1083 f92e 
  0x0000020a5742c284: 0f84 c41b | 0000 4388 | 4c1a 10ff | c541 3be9 | 7ce2 4d8b | 9fb8 0100 | 004d 8bc3 | 4983 c018 
  0x0000020a5742c2a4: 4d3b 87c8 | 0100 000f | 8303 3400 | 004d 8987 | b801 0000 | 410f 0d88 | c000 0000 | 49c7 0301 
  0x0000020a5742c2c4: 0000 004d | 8bc3 4983 

  0x0000020a5742c2cc: ;   {metadata('java/lang/String')}
  0x0000020a5742c2cc: c010 41c7 | 4308 78e8 | 0000 4589 | 630c c5fd | efc0 c4c1 | 79d6 004d | 8bca 4589 | 4b14 eb10 
  0x0000020a5742c2ec: bf01 0000 | 004d 8bd0 | 4c8b 9c24 | b000 0000 | 458b 4a0c | 4585 c90f | 8668 0400 | 0041 0fbe 
  0x0000020a5742c30c: 4310 c442 | 7af7 c14d | 63f0 83f8 | 010f 8471 | 4d00 0045 | 85c0 0f8c | df4c 0000 | 4d8d 6e06 
  0x0000020a5742c32c: 418b ed85 | ed0f 8cfd | 4c00 0049 | 8bcd 48c1 | f920 8bd1 | c4e2 69f7 | cd85 c90f | 8c73 4d00 
  0x0000020a5742c34c: 0081 f900 | 0010 000f | 8794 4600 | 0048 63d1 | 81f9 0000 | 1000 0f87 | a330 0000 | 498b b7b8 
  0x0000020a5742c36c: 0100 0048 | 83c2 1748 | 83e2 f848 | 8bee 4803 | ea49 3baf | c801 0000 | 0f83 8130 | 0000 4989 
  0x0000020a5742c38c: afb8 0100 | 000f 0d8d | c000 0000 | 48c7 0601 | 0000 000f | 0d8d 0001 

  0x0000020a5742c3a4: ;   {metadata({type array byte})}
  0x0000020a5742c3a4: 0000 c746 | 0818 2300 | 0089 4e0c | 0f0d 8d40 | 0100 000f | 0d8d 8001 | 0000 418d | 5006 3bca 
  0x0000020a5742c3c4: 0f82 2b46 | 0000 4963 | d045 85c0 | 0f8f 3501 | 0000 c644 | 1610 2ec6 | 4416 1163 | c644 1612 
  0x0000020a5742c3e4: 6cc6 4416 | 1361 c644 | 1614 73c6 | 4416 1573 | 85c0 0f85 | 644c 0000 | 413b c90f | 8227 4600 
  0x0000020a5742c404: 0045 85c9 | 7638 488b | d648 83c2 | 1049 83c2 | 104d 63c1 | 4983 f820 | 0f87 c900 | 0000 49bb 
  0x0000020a5742c424: ffff ffff | ffff ffff | c442 b8f5 | dbc4 c1fb | 92fb 62d1 | 7faf 6f02 | 62f1 7f2f | 7f02 498b 
  0x0000020a5742c444: 87b8 0100 | 004c 8bd0 | 4983 c218 | 4d3b 97c8 | 0100 000f | 8348 3000 | 004d 8997 | b801 0000 
  0x0000020a5742c464: 410f 0d8a | c000 0000 | 48c7 0001 

  0x0000020a5742c470: ;   {metadata('java/lang/String')}
  0x0000020a5742c470: 0000 00c7 | 4008 78e8 | 0000 4489 | 600c 4489 | 6010 4c8b | de44 8958 | 1448 8944 | 2448 4c8b 
  0x0000020a5742c490: 9424 b800 | 0000 458b | 5254 4585 | d20f 845f | 4400 0089 | 7c24 2048 | 895c 2440 | 4d8b da4c 
  0x0000020a5742c4b0: 895c 2428 | 4489 5424 | 3049 8bd3 | 4533 c090 

  0x0000020a5742c4c0: ;   {optimized virtual_call}
  0x0000020a5742c4c0: c5f8 77e8 

  0x0000020a5742c4c4: ; ImmutableOopMap {[40]=Oop [48]=NarrowOop [64]=Oop [72]=Oop [176]=Oop [184]=Oop }
                      ;*invokevirtual getLoader {reexecute=0 rethrow=0 return_oop=1}
                      ; - jdk.internal.loader.URLClassPath::getResource@42
                      ; - java.net.URLClassLoader$1::run@26
                      ; - java.net.URLClassLoader$1::run@1
                      ; - java.security.AccessController::executePrivileged@29
                      ; - java.security.AccessController::doPrivileged@13
                      ; - java.net.URLClassLoader::findClass@13
  0x0000020a5742c4c4: b8a1 0200 

  0x0000020a5742c4c8: ;   {other}
  0x0000020a5742c4c8: 0f1f 8400 | 3810 0004 | 4885 c00f | 84e4 0000 | 0048 8bd0 | 49bb 0000 | b75e 0a02 | 0000 4533 
  0x0000020a5742c4e8: c0eb 5049 | 8bca c5f8 | 7749 bac0 | 20c5 560a | 0200 0041 

  0x0000020a5742c4fc: ;   {other}
  0x0000020a5742c4fc: ffd2 0f1f | 8400 0000 | 0000 e937 | ffff ffc6 | 4416 1573 | c644 1614 | 73c6 4416 | 1361 c644 
  0x0000020a5742c51c: 1612 6cc6 | 4416 1163 | c644 1610 | 2ee9 c6fe | ffff 6690 | 448b c548 | 8bd0 4c8b | 5c24 3844 
  0x0000020a5742c53c: ;   {metadata('jdk/internal/loader/URLClassPath$JarLoader')}
  0x0000020a5742c53c: 8b52 0841 | 81fa 700c | 2100 0f85 | 291e 0000 | 4489 4424 | 504c 895c | 2438 4c8b | 4424 4845 
  0x0000020a5742c55c: 33c9 6690 

  0x0000020a5742c560: ;   {optimized virtual_call}
  0x0000020a5742c560: c5f8 77e8 

  0x0000020a5742c564: ; ImmutableOopMap {[40]=Oop [48]=NarrowOop [64]=Oop [72]=Oop [176]=Oop [184]=Oop }
                      ;*invokevirtual getResource {reexecute=0 rethrow=0 return_oop=1}
                      ; - jdk.internal.loader.URLClassPath::getResource@53
                      ; - java.net.URLClassLoader$1::run@26
                      ; - java.net.URLClassLoader$1::run@1
                      ; - java.security.AccessController::executePrivileged@29
                      ; - java.security.AccessController::doPrivileged@13
                      ; - java.net.URLClassLoader::findClass@13
  0x0000020a5742c564: 5881 dbff 

  0x0000020a5742c568: ;   {other}
  0x0000020a5742c568: 0f1f 8400 | d810 0005 | 4c8b 5c24 | 4848 8bf0 | 4885 c00f | 85c6 0000 | 004c 895c | 2448 8b6c 
  0x0000020a5742c588: 2450 ffc5 | 488b 5424 | 2844 8bc5 | 4c8b 9424 | b000 0000 | 4c89 5424 | 5066 6690 

  0x0000020a5742c5a4: ;   {optimized virtual_call}
  0x0000020a5742c5a4: c5f8 77e8 

  0x0000020a5742c5a8: ; ImmutableOopMap {[40]=Oop [48]=NarrowOop [64]=Oop [72]=Oop [80]=Oop [176]=Oop [184]=Oop }
                      ;*invokevirtual getLoader {reexecute=0 rethrow=0 return_oop=1}
                      ; - jdk.internal.loader.URLClassPath::getResource@42
                      ; - java.net.URLClassLoader$1::run@26
                      ; - java.net.URLClassLoader$1::run@1
                      ; - java.security.AccessController::executePrivileged@29
                      ; - java.security.AccessController::doPrivileged@13
                      ; - java.net.URLClassLoader::findClass@13
  0x0000020a5742c5a8: d4a0 0200 

  0x0000020a5742c5ac: ;   {other}
  0x0000020a5742c5ac: 0f1f 8400 | 1c11 0006 | 4885 c00f | 8573 ffff | ff49 8b87 | b801 0000 | 4c8b d049 | 83c2 284d 
  0x0000020a5742c5cc: 3b97 c801 | 0000 0f83 | 1330 0000 | 4d89 97b8 | 0100 0041 | 0f0d 8ac0 | 0000 0048 | c700 0100 
  0x0000020a5742c5ec: 0000 4c8b | d049 83c2 

  0x0000020a5742c5f4: ;   {metadata('java/lang/ClassNotFoundException')}
  0x0000020a5742c5f4: 10c7 4008 | 8893 0600 | 4489 600c | c5fd efc0 | 41b8 0700 | 0000 c4c1 | 7892 f862 | d1fe 2f7f 
  0x0000020a5742c614: 0248 8be8 | 488b d54c | 8b84 24b0 | 0000 0090 

  0x0000020a5742c624: ;   {optimized virtual_call}
  0x0000020a5742c624: c5f8 77e8 

  0x0000020a5742c628: ; ImmutableOopMap {rbp=Oop }
                      ;*invokespecial <init> {reexecute=0 rethrow=0 return_oop=0}
                      ; - java.net.URLClassLoader::findClass@41
  0x0000020a5742c628: 540c f0ff 

  0x0000020a5742c62c: ;   {other}
  0x0000020a5742c62c: 0f1f 8400 | 9c11 0007 | 488b d5c5 | f877 4881 | c400 0100 

  0x0000020a5742c640: ;   {runtime_call _rethrow_Java}
  0x0000020a5742c640: 005d e9b9 | ce88 ffc5 | f877 49ba | d030 2a10 | fe7f 0000 

  0x0000020a5742c654: ;   {other}
  0x0000020a5742c654: 41ff d20f | 1f84 0000 | 0000 0048 | 8944 2450 | 4c8b 8424 | b000 0000 | 458b 5814 

  0x0000020a5742c670: ; implicit exception: dispatches to 0x0000020a57434004
  0x0000020a5742c670: 418b 5b0c | 410f be78 | 10c4 6242 | f7cb 458d | 51ff 85ff | 0f85 4a4e | 0000 8d7b | ff41 3bfa 
  0x0000020a5742c690: 410f 4ffa | 498b c385 | ff0f 8c43 | 2100 0085 | db0f 86c5 | 4400 003b | fb0f 83bd | 4400 0085 
  0x0000020a5742c6b0: ff0f 8e99 | 4600 0044 | 8d57 ff41 | 0fbe 543b | 1083 fa2e | 0f84 a017 | 0000 ffcf | 413b fa7f 
  0x0000020a5742c6d0: ea83 ff02 | 0f8e ec20 | 0000 8d4f | fe45 33d2 | 83ff 0241 | 0f4c ca81 | f9a0 0f00 | 0041 baa0 
  0x0000020a5742c6f0: 0f00 0041 | 0f47 ca44 | 8bd7 442b | d149 8bd0 | 488b e848 | 63cf 450f | be44 0b10 | 4183 f82e 
  0x0000020a5742c710: 0f84 c700 | 0000 450f | be44 0b0f | 4183 f82e | 0f84 bb00 | 0000 8d4f | fe41 0fbe | 440b 1083 
  0x0000020a5742c730: f82e 0f84 | ac00 0000 | 8d4f fd45 | 0fbe 440b | 1041 83f8 | 2e0f 8499 | 0000 0083 | c7fc 413b 
  0x0000020a5742c750: fa7f b04d 

  0x0000020a5742c754: ;   {no_reloc}
  0x0000020a5742c754: 8b97 5804 

  0x0000020a5742c758: ; ImmutableOopMap {r11=NarrowOop rdx=Oop rsi=Oop rbp=Oop [64]=Oop [184]=Oop }
                      ;*goto {reexecute=1 rethrow=0 return_oop=0}
                      ; - (reexecute) java.lang.StringLatin1::lastIndexOf@35
                      ; - java.lang.String::lastIndexOf@13
                      ; - java.lang.String::lastIndexOf@8
                      ; - java.net.URLClassLoader::defineClass@7
                      ; - java.net.URLClassLoader$1::run@43
                      ; - java.net.URLClassLoader$1::run@1
                      ; - java.security.AccessController::executePrivileged@29
                      ; - java.security.AccessController::doPrivileged@13
                      ; - java.net.URLClassLoader::findClass@13
                      ;   {poll}
  0x0000020a5742c758: 0000 4185 | 0283 ff02 | 0f8e 5a20 | 0000 4c8b | c248 8bc5 | e969 ffff | ff49 8b87 | b801 0000 
  0x0000020a5742c778: 4c8b d049 | 83c2 184d | 3b97 c801 | 0000 0f83 | c73d 0000 | 4d89 97b8 | 0100 0041 | 0f0d 8ac0 
  0x0000020a5742c798: 0000 0048 | c700 0100 

  0x0000020a5742c7a0: ;   {metadata('java/lang/String')}
  0x0000020a5742c7a0: 0000 c740 | 0878 e800 | 0044 8960 | 0c44 8960 

  0x0000020a5742c7b0: ;   {oop([B{0x00000000e07303d0})}
  0x0000020a5742c7b0: 10c7 4014 | d003 73e0 

  0x0000020a5742c7b8: ;   {oop(".class"{0x00000000e07303b8})}
  0x0000020a5742c7b8: 49ba b803 | 73e0 0000 | 0000 458b | 420c 4489 | 400c 450f | b652 1144 | 8850 1148 | 8944 2448 
  0x0000020a5742c7d8: e9b1 fcff | ff8b cfeb | 038d 4fff | 4c8b c248 | 8bc5 8b7e 

  0x0000020a5742c7ec: ;   {metadata('jdk/internal/loader/URLClassPath$JarLoader$2')}
  0x0000020a5742c7ec: 0881 ff30 | 2421 000f | 8530 2700 | 0048 8bfe | 8b57 2044 | 8b52 1c49 | 8bd2 83f9 | ff0f 8474 
  0x0000020a5742c80c: 2700 0085 | c90f 8c05 | 4d00 0041 | 3bc9 0f8f | 2c4e 0000 | 413b c90f | 84c3 1500 | 0085 c90f 
  0x0000020a5742c82c: 8480 1f00 | 0049 8bbf | b801 0000 | 4c8b cf49 | 83c1 184d | 3b8f c801 | 0000 0f83 | a238 0000 
  0x0000020a5742c84c: 4889 5424 | 6044 8954 | 2458 894c | 2430 4889 | 4424 2889 | 5c24 2441 | 8beb 4889 | 7424 484c 
  0x0000020a5742c86c: 8984 24b0 | 0000 004d | 898f b801 | 0000 410f | 0d89 c000 | 0000 48c7 | 0701 0000 | 004c 8bd7 
  0x0000020a5742c88c: 4983 c210 

  0x0000020a5742c890: ;   {metadata('java/lang/String')}
  0x0000020a5742c890: c747 0878 | e800 0044 | 8967 0cc5 | fdef c0c4 | c179 d602 | 4c8b cf44 | 8bc5 4c8d | 5d10 448b 
  0x0000020a5742c8b0: 5424 3044 | 3b54 2424 | 0f85 b500 | 0000 4863 | 6c24 2444 | 8b54 2424 | 4181 fa00 | 0010 000f 
  0x0000020a5742c8d0: 87c5 3c00 | 004c 895c | 2430 4c89 | 4c24 6844 | 8944 245c | 498b 9fb8 | 0100 004c | 8d45 1749 
  0x0000020a5742c8f0: 83e0 f84c | 8bdb 4d03 | d84d 3b9f | c801 0000 | 0f83 a33c | 0000 4d89 | 9fb8 0100 | 0041 0f0d 
  0x0000020a5742c910: 8bc0 0000 | 0048 c703 | 0100 0000 | 410f 0d8b | 0001 0000 

  0x0000020a5742c924: ;   {metadata({type array byte})}
  0x0000020a5742c924: c743 0818 | 2300 0044 | 8953 0c41 | 0f0d 8b40 | 0100 0041 | 0f0d 8b80 | 0100 0048 | 8bd3 4883 
  0x0000020a5742c944: c210 4c8d | 4507 49c1 | e803 488b | 4c24 30c5 | f877 49ba | 8043 c556 | 0a02 0000 

  0x0000020a5742c960: ;   {other}
  0x0000020a5742c960: 41ff d20f | 1f84 0000 | 0000 004c | 8bc3 e916 | 0100 0041 | 81fa 0000 | 1000 0f87 | 7c4a 0000 
  0x0000020a5742c980: 4863 5c24 | 308b 4c24 | 243b 4c24 | 308b 6c24 | 2441 0f4f | ea3b cd0f | 82dc 4a00 | 0044 3bd5 
  0x0000020a5742c9a0: 0f82 d34a | 0000 4883 | c317 4c8b | c349 83e0 | f841 81fa | 0000 1000 | 0f87 0438 | 0000 4c89 
  0x0000020a5742c9c0: 4424 7848 | 895c 2470 | 4c89 5c24 | 304c 894c | 2468 4489 | 5424 244d | 8b87 b801 | 0000 4d8b 
  0x0000020a5742c9e0: d04c 8b5c | 2478 4d03 | d34d 3b97 | c801 0000 | 0f83 f237 | 0000 4d89 | 97b8 0100 | 0041 0f0d 
  0x0000020a5742ca00: 8ac0 0000 | 0049 c700 | 0100 0000 | 410f 0d8a | 0001 0000 

  0x0000020a5742ca14: ;   {metadata({type array byte})}
  0x0000020a5742ca14: 41c7 4008 | 1823 0000 | 448b 5c24 | 2445 8958 | 0c41 0f0d | 8a40 0100 | 0041 0f0d | 8a80 0100 
  0x0000020a5742ca34: 0049 8bd0 | 4883 c210 | 4c8b 5424 | 7049 c1ea | 0385 ed0f | 84b9 4900 | 0041 3beb | 0f8c f223 
  0x0000020a5742ca54: 0000 498b | d84c 8b54 | 2478 4983 | c2f0 49c1 | ea03 488b | 4c24 304d | 8bc2 c5f8 | 7749 ba80 
  0x0000020a5742ca74: 43c5 560a | 0200 0041 

  0x0000020a5742ca7c: ;   {other}
  0x0000020a5742ca7c: ffd2 0f1f | 8400 0000 | 0000 4c8b | c341 807f | 4000 0f85 | 6221 0000 | 4c8b 4c24 | 684d 8bd9 
  0x0000020a5742ca9c: 4d8b d045 | 8951 144d | 8bd0 4d33 | d349 c1ea | 144d 85d2 | 741a 49c1 | eb09 48b9 | 0000 b75e 
  0x0000020a5742cabc: 0a02 0000 | 4903 cb80 | 3902 0f85 | 6221 0000 | 4588 6110 | 4c8b 8424 | b000 0000 | 488b 7424 
  0x0000020a5742cadc: 4844 8b54 | 2458 488b | 5424 604c | 898c 24d0 | 0000 0044 

  0x0000020a5742caf0: ;   {metadata('jdk/internal/loader/URLClassPath$JarLoader$2')}
  0x0000020a5742caf0: 8b5e 0841 | 81fb 3024 | 2100 0f85 | bc40 0000 

  0x0000020a5742cb00: ;   {oop(a 'java/lang/Class'{0x00000000e078b388} = 'jdk/internal/access/SharedSecrets')}
  0x0000020a5742cb00: 4c8b de49 | b988 b378 | e000 0000 | 0041 8b89 | d400 0000 

  0x0000020a5742cb14: ; implicit exception: dispatches to 0x0000020a5743433c
  0x0000020a5742cb14: 8b79 0845 | 8b4b 2041 

  0x0000020a5742cb1c: ;   {metadata('java/util/jar/JavaUtilJarAccessImpl')}
  0x0000020a5742cb1c: 8b69 1881 | ffa0 5b31 | 000f 85e1 | 4000 0085 | ed0f 84a1 | 3f00 0048 | 8bfd 488d | 9c24 f000 
  0x0000020a5742cb3c: 0000 488b | 07a8 020f | 8523 0000 | 0048 83c8 | 0148 8903 | f048 0fb1 | 1f0f 8437 | 0000 0048 
  0x0000020a5742cb5c: 2bc4 4825 | 07f0 ffff | 4889 03e9 | 2400 0000 | 4c8b c848 | 33c0 f04d | 0fb1 793e | 48c7 0303 
  0x0000020a5742cb7c: 0000 0074 | 114c 3bf8 | 7515 49ff | 8186 0000 | 0048 33c0 | 7509 49ff | 8750 0500 | 0033 c00f 
  0x0000020a5742cb9c: 85b7 4000 | 0044 3b65 | 300f 854c | 2900 000f | b64d 1285 | c90f 8513 | 1700 0048 | 8d84 24f0 
  0x0000020a5742cbbc: 0000 0048 | 8338 000f | 8479 0000 | 004c 8b0f | 41f6 c102 | 0f84 6200 | 0000 4983 | b986 0000 
  0x0000020a5742cbdc: 0000 7409 | 49ff 8986 | 0000 00eb | 4b49 8b81 | 9600 0000 | 490b 818e | 0000 0075 | 0a49 c741 
  0x0000020a5742cbfc: 3e00 0000 | 00eb 3d49 | 83b9 9e00 | 0000 0074 | 2248 33c0 | 49c7 413e | 0000 0000 | f083 0424 
  0x0000020a5742cc1c: ;   {no_reloc}
  0x0000020a5742cc1c: 0049 83b9 | 9e00 0000 | 0075 0df0 | 4d0f b179 | 3e75 0583 | c801 eb0c | a800 eb08 | 4c8b 08f0 
  0x0000020a5742cc3c: 4c0f b10f | 750a 49ff | 8f50 0500 | 0045 33c9 | 0f85 7140 | 0000 418b | 4b20 8b69 | 1844 8b4d 
  0x0000020a5742cc5c: ;   {metadata('java/util/jar/JarFile')}
  0x0000020a5742cc5c: 0841 81f9 | 0814 1900 | 0f85 9f40 | 0000 488b | dd8b 7b28 | 85ff 0f84 | f911 0000 | 8b6f 0c41 
  0x0000020a5742cc7c: 807f 4000 | 0f85 1c1f | 0000 8b4d | 084c 895c | 2458 4889 | 5424 2844 | 8994 2488 | 0000 0048 
  0x0000020a5742cc9c: 8974 2448 | 4c89 8424 | b000 0000 | 4c8b 5720 

  0x0000020a5742ccac: ;   {oop(a 'java/lang/Class'{0x00000000e07953e0} = 'java/lang/ref/SoftReference')}
  0x0000020a5742ccac: 49bb e053 | 79e0 0000 | 0000 4d8b | 5b70 4d3b | d30f 85f3 

  0x0000020a5742ccc0: ;   {metadata('java/util/jar/Manifest')}
  0x0000020a5742ccc0: 1500 0081 | f9a0 e104 | 000f 85a9 | 7200 004c | 8bdd 4c8b | 9424 b800 | 0000 458b | 4a38 4585 
  0x0000020a5742cce0: c90f 843d | 3e00 004c | 8b84 24d0 | 0000 0041 | 8b40 0c85 | c00f 847d | 1000 0041 | 8b49 2885 
  0x0000020a5742cd00: c90f 845c | 0e00 008b | 590c 85db | 0f86 6248 | 0000 448b | c841 c1e9 | 1044 33c8 | ffcb 4181 
  0x0000020a5742cd20: e1ff ffff | 7f41 23d9 | 4863 db44 | 8b6c 9910 | 4585 ed0f | 842a 0e00 | 0041 8b6d | 0c41 3be9 
  0x0000020a5742cd40: 0f84 c500 | 0000 85ed | 0f8c 9253 | 0000 498b | cd8b 5918 | 85db 0f84 | 070e 0000 | 488b cb8b 
  0x0000020a5742cd60: 590c 498b | 8758 0400 

  0x0000020a5742cd68: ; ImmutableOopMap {r10=Oop r11=Oop r8=Oop rcx=Oop [40]=Oop [64]=Oop [72]=Oop [88]=Oop [136]=NarrowOop [176]=Oop }
                      ;*if_icmpne {reexecute=1 rethrow=0 return_oop=0}
                      ; - (reexecute) java.util.concurrent.ConcurrentHashMap::get@127
                      ; - java.lang.ClassLoader::getDefinedPackage@13
                      ; - java.net.URLClassLoader::getAndVerifyPackage@2
                      ; - java.net.URLClassLoader::defineClass@46
                      ; - java.net.URLClassLoader$1::run@43
                      ; - java.net.URLClassLoader$1::run@1
                      ; - java.security.AccessController::executePrivileged@29
                      ; - java.security.AccessController::doPrivileged@13
                      ; - java.net.URLClassLoader::findClass@13
                      ;   {poll}
  0x0000020a5742cd68: 0085 0041 | 3bd9 740d | 8b49 1885 | c90f 84e8 | 0d00 00eb | e28b 6910 | 488b dd49 | 3bd8 746a 
  0x0000020a5742cd88: 85ed 0f84 | 8456 0000 | 4889 4c24 | 6044 894c | 2424 4c89 | 5c24 384c | 8944 2430 | 4c89 9424 
  0x0000020a5742cda8: b800 0000 | 4c8b c548 | 8b54 2430 | 4c89 5424 | 6866 6690 

  0x0000020a5742cdbc: ;   {optimized virtual_call}
  0x0000020a5742cdbc: c5f8 77e8 

  0x0000020a5742cdc0: ; ImmutableOopMap {[40]=Oop [48]=Oop [56]=Oop [64]=Oop [72]=Oop [88]=Oop [96]=Oop [104]=Oop [136]=NarrowOop [176]=Oop [184]=Oop }
                      ;*invokevirtual equals {reexecute=0 rethrow=0 return_oop=0}
                      ; - java.util.concurrent.ConcurrentHashMap::get@149
                      ; - java.lang.ClassLoader::getDefinedPackage@13
                      ; - java.net.URLClassLoader::getAndVerifyPackage@2
                      ; - java.net.URLClassLoader::defineClass@46
                      ; - java.net.URLClassLoader$1::run@43
                      ; - java.net.URLClassLoader$1::run@1
                      ; - java.security.AccessController::executePrivileged@29
                      ; - java.security.AccessController::doPrivileged@13
                      ; - java.net.URLClassLoader::findClass@13
  0x0000020a5742cdc0: 7ca7 e1ff 

  0x0000020a5742cdc4: ;   {other}
  0x0000020a5742cdc4: 0f1f 8400 | 3419 000a | 4d8b 9758 

  0x0000020a5742cdd0: ; ImmutableOopMap {[40]=Oop [48]=Oop [56]=Oop [64]=Oop [72]=Oop [88]=Oop [96]=Oop [104]=Oop [136]=NarrowOop [176]=Oop }
                      ;*ifeq {reexecute=1 rethrow=0 return_oop=0}
                      ; - (reexecute) java.util.concurrent.ConcurrentHashMap::get@152
                      ; - java.lang.ClassLoader::getDefinedPackage@13
                      ; - java.net.URLClassLoader::getAndVerifyPackage@2
                      ; - java.net.URLClassLoader::defineClass@46
                      ; - java.net.URLClassLoader$1::run@43
                      ; - java.net.URLClassLoader$1::run@1
                      ; - java.security.AccessController::executePrivileged@29
                      ; - java.security.AccessController::doPrivileged@13
                      ; - java.net.URLClassLoader::findClass@13
                      ;   {poll}
  0x0000020a5742cdd0: 0400 0041 | 8502 85c0 | 0f84 ef27 | 0000 4c8b | 5424 684c | 8b44 2430 | 4c8b 5c24 | 3848 8b4c 
  0x0000020a5742cdf0: 2460 8b69 | 1485 ed0f | 8466 0d00 | 0045 0fb6 | 4811 418b | 400c e94b | 0100 0041 | 8b6d 1048 
  0x0000020a5742ce10: 8bcd 493b | c80f 8426 | 0100 008b | 4d08 488b | dd4c 3bc3 | 0f84 1701 

  0x0000020a5742ce28: ;   {metadata('java/lang/String')}
  0x0000020a5742ce28: 0000 81f9 | 78e8 0000 | 0f85 714b | 0000 458b | f5c4 c179 | 6ec1 4d8b | eb4d 8bca | 410f be48 
  0x0000020a5742ce48: 100f be6b | 103b cd0f | 85f1 5100 | 0044 8b5b | 1441 8b78 | 1441 8b5b | 0c8b 4f0c | 3bcb 0f85 
  0x0000020a5742ce68: 304b 0000 | 4d8b d349 | 8d73 104c | 8bd7 488d | 7f10 85c9 | 0f84 9d00 | 0000 8bc1 | 83e0 1f83 
  0x0000020a5742ce88: e1e0 0f84 | 4b00 0000 | 488d 3c0f | 488d 340e | 48f7 d9c5 | fe6f 0c0f | c5fe 6f14 | 0ec5 f5ef 
  0x0000020a5742cea8: cac4 e27d | 17c9 0f85 | 7200 0000 | 4883 c120 | 75e1 85c0 | 0f84 5d00 | 0000 c5fe | 6f4c 07e0 
  0x0000020a5742cec8: c5fe 6f54 | 06e0 c5f5 | efca c4e2 | 7d17 c975 | 4deb 448b | c883 e1fc | 7419 488d | 3c0f 488d 
  0x0000020a5742cee8: 340e 48f7 | d98b 1c0f | 3b1c 0e75 | 3148 83c1 | 0475 f2a8 | 0274 120f | b71f 0fb7 | 0e3b d975 
  0x0000020a5742cf08: 1d48 8d7f | 0248 8d76 | 02a8 0174 | 0a0f b61f | 0fb6 0e3b | d975 07b8 | 0100 0000 | eb02 33c0 
  0x0000020a5742cf28: ;   {no_reloc}
  0x0000020a5742cf28: c5f5 efc9 | c5ed efd2 | 85c0 0f84 | 544a 0000 | 4d8b d14d | 8bdd 458b | ee41 8b6d | 1485 ed0f 
  0x0000020a5742cf48: 8416 0c00 | 0041 8b40 | 0c45 0fb6 | 4811 8b4d 

  0x0000020a5742cf58: ;   {metadata('java/lang/Package')}
  0x0000020a5742cf58: 0881 f9e8 | bd01 000f | 85f6 6e00 | 004c 899c | 2480 0000 | 004c 8994 | 24b8 0000 | 0045 8b58 
  0x0000020a5742cf78: 1441 8b4b | 0c4c 8bd5 | 418b 5a10 | 899c 24c0 | 0000 0085 | c90f 8641 | 4200 004c | 8b94 24b8 
  0x0000020a5742cf98: 0000 0045 | 8b52 3844 | 8994 24c4 | 0000 0045 | 85d2 0f84 | 4041 0000 | 85c0 0f84 | 410e 0000 
  0x0000020a5742cfb8: 4d8b c844 | 8b9c 24c4 | 0000 0045 | 8b53 2845 | 85d2 0f84 | 9302 0000 | 458b 5a0c | 4585 db0f 
  0x0000020a5742cfd8: 8643 4a00 | 004c 898c | 2490 0000 | 0044 8bc0 | 41c1 e810 | 4433 c041 | ffcb 4181 | e0ff ffff 
  0x0000020a5742cff8: 7f44 8984 | 24c4 0000 | 0045 23d8 | 4d63 db47 | 8b54 9a10 | 4585 d20f | 844e 0200 | 0041 8b6a 
  0x0000020a5742d018: 0c41 3be8 | 0f84 d500 | 0000 85ed | 0f8c f252 | 0000 458b | 5218 4585 | d20f 8424 | 0200 0045 
  0x0000020a5742d038: 8b5a 0c4c | 8994 24c8 | 0000 004d | 8b97 5804 

  0x0000020a5742d048: ; ImmutableOopMap {[40]=Oop [64]=Oop [72]=Oop [88]=Oop [128]=Oop [136]=NarrowOop [144]=Oop [176]=Oop [184]=Oop [192]=NarrowOop [200]=Oop }
                      ;*if_icmpne {reexecute=1 rethrow=0 return_oop=0}
                      ; - (reexecute) java.util.concurrent.ConcurrentHashMap::get@127
                      ; - java.lang.ClassLoader::definePackage@47
                      ; - java.lang.ClassLoader::getDefinedPackage@32
                      ; - java.net.URLClassLoader::getAndVerifyPackage@2
                      ; - java.net.URLClassLoader::defineClass@46
                      ; - java.net.URLClassLoader$1::run@43
                      ; - java.net.URLClassLoader$1::run@1
                      ; - java.security.AccessController::executePrivileged@29
                      ; - java.security.AccessController::doPrivileged@13
                      ; - java.net.URLClassLoader::findClass@13
                      ;   {poll}
  0x0000020a5742d048: 0000 4185 | 0244 3b9c | 24c4 0000 | 0074 234c | 8b94 24c8 | 0000 0045 | 8b5a 1845 | 85db 750d 
  0x0000020a5742d068: 4c8b 8c24 | 9000 0000 | e9ee 0100 | 004d 8bd3 | ebbd 4c8b | 9424 c800 | 0000 418b | 6a10 4c8b 
  0x0000020a5742d088: d54c 8b9c | 2490 0000 | 004d 3bd3 | 7440 85ed | 0f84 5a54 | 0000 4c8b | c549 8bd3 | 4c8b 9424 
  0x0000020a5742d0a8: b800 0000 | 4c89 5424 | 6066 6690 

  0x0000020a5742d0b4: ;   {optimized virtual_call}
  0x0000020a5742d0b4: c5f8 77e8 

  0x0000020a5742d0b8: ; ImmutableOopMap {[40]=Oop [64]=Oop [72]=Oop [88]=Oop [96]=Oop [128]=Oop [136]=NarrowOop [144]=Oop [176]=Oop [184]=Oop [192]=NarrowOop [200]=Oop }
                      ;*invokevirtual equals {reexecute=0 rethrow=0 return_oop=0}
                      ; - java.util.concurrent.ConcurrentHashMap::get@149
                      ; - java.lang.ClassLoader::definePackage@47
                      ; - java.lang.ClassLoader::getDefinedPackage@32
                      ; - java.net.URLClassLoader::getAndVerifyPackage@2
                      ; - java.net.URLClassLoader::defineClass@46
                      ; - java.net.URLClassLoader$1::run@43
                      ; - java.net.URLClassLoader$1::run@1
                      ; - java.security.AccessController::executePrivileged@29
                      ; - java.security.AccessController::doPrivileged@13
                      ; - java.net.URLClassLoader::findClass@13
  0x0000020a5742d0b8: 84a4 e1ff 

  0x0000020a5742d0bc: ;   {other}
  0x0000020a5742d0bc: 0f1f 8400 | 2c1c 000d | 4d8b 9758 

  0x0000020a5742d0c8: ; ImmutableOopMap {[40]=Oop [64]=Oop [72]=Oop [88]=Oop [96]=Oop [128]=Oop [136]=NarrowOop [144]=Oop [176]=Oop [184]=Oop [192]=NarrowOop [200]=Oop }
                      ;*ifeq {reexecute=1 rethrow=0 return_oop=0}
                      ; - (reexecute) java.util.concurrent.ConcurrentHashMap::get@152
                      ; - java.lang.ClassLoader::definePackage@47
                      ; - java.lang.ClassLoader::getDefinedPackage@32
                      ; - java.net.URLClassLoader::getAndVerifyPackage@2
                      ; - java.net.URLClassLoader::defineClass@46
                      ; - java.net.URLClassLoader$1::run@43
                      ; - java.net.URLClassLoader$1::run@1
                      ; - java.security.AccessController::executePrivileged@29
                      ; - java.security.AccessController::doPrivileged@13
                      ; - java.net.URLClassLoader::findClass@13
                      ;   {poll}
  0x0000020a5742d0c8: 0400 0041 | 8502 85c0 | 0f84 3826 | 0000 4c8b | 9424 c800 | 0000 418b | 6a14 85ed | 0f85 5801 
  0x0000020a5742d0e8: 0000 4c8b | 8c24 9000 | 0000 e96c | 0100 0045 | 8bca 418b | 6a10 4c8b | d54c 8b9c | 2490 0000 
  0x0000020a5742d108: 004d 3bd3 | 0f84 2401 | 0000 448b | 5508 4c8b | dd4c 8b84 | 2490 0000 | 004d 3bc3 | 0f84 0c01 
  0x0000020a5742d128: ;   {metadata('java/lang/String')}
  0x0000020a5742d128: 0000 4181 | fa78 e800 | 000f 85aa | 4d00 0045 | 0fbe 4010 | 410f be6b | 1044 3bc5 | 0f85 2650 
  0x0000020a5742d148: 0000 458b | 5b14 4c8b | 9424 9000 | 0000 458b | 5214 418b | 5b0c 418b | 4a0c 3bcb | 0f85 774d 
  0x0000020a5742d168: 0000 4d8b | c349 8d73 | 104d 8bda | 498d 7a10 | 85c9 0f84 | 9d00 0000 | 8bc1 83e0 | 1f83 e1e0 
  0x0000020a5742d188: 0f84 4b00 | 0000 488d | 3c0f 488d | 340e 48f7 | d9c5 fe6f | 040f c5fe | 6f0c 0ec5 | fdef c1c4 
  0x0000020a5742d1a8: e27d 17c0 | 0f85 7200 | 0000 4883 | c120 75e1 | 85c0 0f84 | 5d00 0000 | c5fe 6f44 | 07e0 c5fe 
  0x0000020a5742d1c8: 6f4c 06e0 | c5fd efc1 | c4e2 7d17 | c075 4deb | 448b c883 | e1fc 7419 | 488d 3c0f | 488d 340e 
  0x0000020a5742d1e8: 48f7 d98b | 1c0f 3b1c | 0e75 3148 | 83c1 0475 | f2a8 0274 | 120f b71f | 0fb7 0e3b | d975 1d48 
  0x0000020a5742d208: 8d7f 0248 | 8d76 02a8 | 0174 0a0f | b61f 0fb6 | 0e3b d975 | 07b8 0100 | 0000 eb02 | 33c0 c5fd 
  0x0000020a5742d228: ;   {no_reloc}
  0x0000020a5742d228: efc0 c5f5 | efc9 85c0 | 0f84 ab4c | 0000 418b | 6914 85ed | 0f84 531d | 0000 448b 

  0x0000020a5742d244: ;   {metadata('java/lang/Package')}
  0x0000020a5742d244: 5508 4181 | fae8 bd01 | 000f 85c9 | 6c00 004c | 8bc5 e9d9 | 0000 004c | 8b8c 2490 | 0000 004c 
  0x0000020a5742d264: 8b84 24b8 | 0000 0041 | 8b68 384d | 8b9f b801 | 0000 4d8b | d349 83c2 | 184d 3b97 | c801 0000 
  0x0000020a5742d284: 0f83 2234 | 0000 4c89 | 8c24 9000 | 0000 4d89 | 97b8 0100 | 0041 0f0d | 8ac0 0000 | 0049 c703 
  0x0000020a5742d2a4: 0100 0000 | 4d8b d349 

  0x0000020a5742d2ac: ;   {metadata('java/lang/ClassLoader$$Lambda+0x0000020a640670a8')}
  0x0000020a5742d2ac: 83c2 1041 | c743 08a8 | 7006 01c5 | fdef c0c4 | c179 d602 | 4c8b 8424 | b800 0000 | 4d8b c845 
  0x0000020a5742d2cc: 894b 0c44 | 8b8c 24c0 | 0000 0045 | 894b 1085 | ed0f 844d | 4b00 0048 | 8bd5 4c8b | 8424 9000 
  0x0000020a5742d2ec: 0000 4d8b | cb4c 8b94 | 24b8 0000 | 004c 8954 | 2430 4c8b | 9424 8000 | 0000 4c89 | 5424 6048 
  0x0000020a5742d30c: 8b6c 2430 

  0x0000020a5742d310: ;   {optimized virtual_call}
  0x0000020a5742d310: c5f8 77e8 

  0x0000020a5742d314: ; ImmutableOopMap {rbp=Oop [40]=Oop [48]=Oop [64]=Oop [72]=Oop [88]=Oop [96]=Oop [128]=Oop [136]=NarrowOop [144]=Oop [176]=Oop [184]=Oop }
                      ;*invokevirtual compute {reexecute=0 rethrow=0 return_oop=1}
                      ; - java.lang.ClassLoader::definePackage@78
                      ; - java.lang.ClassLoader::getDefinedPackage@32
                      ; - java.net.URLClassLoader::getAndVerifyPackage@2
                      ; - java.net.URLClassLoader::defineClass@46
                      ; - java.net.URLClassLoader$1::run@43
                      ; - java.net.URLClassLoader$1::run@1
                      ; - java.security.AccessController::executePrivileged@29
                      ; - java.security.AccessController::doPrivileged@13
                      ; - java.net.URLClassLoader::findClass@13
  0x0000020a5742d314: 681b 84ff 

  0x0000020a5742d318: ;   {other}
  0x0000020a5742d318: 0f1f 8400 | 881e 000f 

  0x0000020a5742d320: ; implicit exception: dispatches to 0x0000020a57434408
  0x0000020a5742d320: 448b 5808 

  0x0000020a5742d324: ;   {metadata('java/lang/Package')}
  0x0000020a5742d324: 4181 fbe8 | bd01 000f | 858b 6b00 | 004c 8bc0 | 458b 5810 

  0x0000020a5742d338: ; implicit exception: dispatches to 0x0000020a57434258
  0x0000020a5742d338: 458b 531c | 4585 d20f | 85f7 4300 | 0045 8b50 | 1441 8b6a | 2485 ed0f | 8547 4700 | 004c 8b9c 
  0x0000020a5742d358: 2480 0000 | 004d 85db | 0f84 9a47 

  0x0000020a5742d364: ;   {oop(a 'java/lang/Class'{0x00000000e078b388} = 'jdk/internal/access/SharedSecrets')}
  0x0000020a5742d364: 0000 49ba | 88b3 78e0 | 0000 0000 | 458b 8ad4 | 0000 0045 | 8b51 0848 | 8b8c 2490 | 0000 000f 
  0x0000020a5742d384: be79 1085 | ff0f 8519 | 4400 008b | 5114 8b5a | 0c49 8be9 | 85db 0f86 | cb04 0000 | 4889 6c24 
  0x0000020a5742d3a4: 3089 9c24 | a800 0000 | 8994 2498 | 0000 0044 | 8954 2424 | 4489 8c24 | c000 0000 | 4c89 4424 
  0x0000020a5742d3c4: 7844 8d53 | ff44 8954 | 2438 443b | d30f 8371 | 3d00 0044 | 8d53 fd44 | 8954 243c | 4c8b d24c 
  0x0000020a5742d3e4: 8954 2460 | 807a 102e | 0f84 740f | 0000 448b | 5c24 3c41 | 83fb 010f | 8ed0 1800 | 00bd 0100 
  0x0000020a5742d404: 0000 448b | 8424 a800 | 0000 442b | c541 83c0 | fd44 8b5c | 243c 4533 | d244 3bdd | 450f 4cc2 
  0x0000020a5742d424: 4181 f8a0 | 0f00 0041 | baa0 0f00 | 0045 0f47 | c244 03c5 | eb09 660f | 1f44 0000 | 418b e94c 
  0x0000020a5742d444: 63cd 448b | 9c24 9800 | 0000 470f | be54 0b10 | 4183 fa2e | 745f 470f | be5c 0b11 | 4183 fb2e 
  0x0000020a5742d464: ;   {no_reloc}
  0x0000020a5742d464: 744c 448b | 9c24 9800 | 0000 470f | be54 0b12 | 4183 fa2e | 743c 470f | be54 0b13 | 4183 fa2e 
  0x0000020a5742d484: 7429 448d | 4d04 453b | c87c b14d | 8b9f 5804 | 0000 83c5 

  0x0000020a5742d498: ; ImmutableOopMap {[40]=Oop [48]=Oop [64]=Oop [72]=Oop [88]=Oop [96]=Oop [120]=Oop [128]=Oop [136]=NarrowOop [144]=Oop [152]=NarrowOop [176]=Oop [184]=Oop [192]=NarrowOop }
                      ;*if_icmpne {reexecute=1 rethrow=0 return_oop=0}
                      ; - (reexecute) java.lang.StringLatin1::replace@28
                      ; - java.lang.String::replace@18
                      ; - java.net.URLClassLoader::isSealed@9
                      ; - java.net.URLClassLoader::getAndVerifyPackage@68
                      ; - java.net.URLClassLoader::defineClass@46
                      ; - java.net.URLClassLoader$1::run@43
                      ; - java.net.URLClassLoader$1::run@1
                      ; - java.security.AccessController::executePrivileged@29
                      ; - java.security.AccessController::doPrivileged@13
                      ; - java.net.URLClassLoader::findClass@13
                      ;   {poll}
  0x0000020a5742d498: 0341 8503 | 443b 4c24 | 3c0f 8d30 | 1800 0041 | 8be9 e957 | ffff ff83 | c502 ffc5 | eb03 83c5 
  0x0000020a5742d4b8: 023b ac24 | a800 0000 | 0f8d 7703 | 0000 448b | 9c24 a800 | 0000 4181 | fb00 0010 | 000f 8722 
  0x0000020a5742d4d8: 3000 004d | 8b87 b801 | 0000 4d63 | d349 83c2 | 1749 83e2 | f84d 8bd8 | 4d03 da4d | 3b9f c801 
  0x0000020a5742d4f8: 0000 0f83 | fd2f 0000 | 4d89 9fb8 | 0100 0041 | 0f0d 8bc0 | 0000 0049 | c700 0100 | 0000 410f 
  0x0000020a5742d518: 0d8b 0001 

  0x0000020a5742d51c: ;   {metadata({type array byte})}
  0x0000020a5742d51c: 0000 41c7 | 4008 1823 | 0000 448b | 9424 a800 | 0000 4589 | 500c 410f | 0d8b 4001 | 0000 410f 
  0x0000020a5742d53c: 0d8b 8001 | 0000 85ed | 0f8e df00 | 0000 8d5d | ff3b 9c24 | a800 0000 | 0f83 ff47 | 0000 448b 
  0x0000020a5742d55c: 9c24 a800 | 0000 4585 | db0f 86ee | 4700 0044 | 8b94 2498 | 0000 0045 | 0fbe 5a10 | 4588 5810 
  0x0000020a5742d57c: 83fb 010f | 8e71 0000 | 0044 8bd5 | 442b 5424 | 2041 ffca | 4533 c93b | 5c24 2045 | 0f4c d141 
  0x0000020a5742d59c: 81fa d007 | 0000 41b9 | d007 0000 | 450f 47d1 | 4403 5424 | 204c 635c | 2420 448b | 8c24 9800 
  0x0000020a5742d5bc: 0000 430f | be4c 1910 | 4388 4c18 | 1047 0fbe | 4c19 1147 | 884c 1811 | 448b 5c24 | 2041 83c3 
  0x0000020a5742d5dc: 0244 895c | 2420 453b | da7c ca4d | 8b97 5804 

  0x0000020a5742d5ec: ; ImmutableOopMap {r8=Oop [40]=Oop [48]=Oop [64]=Oop [72]=Oop [88]=Oop [96]=Oop [120]=Oop [128]=Oop [136]=NarrowOop [144]=Oop [152]=NarrowOop [176]=Oop [184]=Oop [192]=NarrowOop }
                      ;*goto {reexecute=1 rethrow=0 return_oop=0}
                      ; - (reexecute) java.lang.StringLatin1::replace@76
                      ; - java.lang.String::replace@18
                      ; - java.net.URLClassLoader::isSealed@9
                      ; - java.net.URLClassLoader::getAndVerifyPackage@68
                      ; - java.net.URLClassLoader::defineClass@46
                      ; - java.net.URLClassLoader$1::run@43
                      ; - java.net.URLClassLoader$1::run@1
                      ; - java.security.AccessController::executePrivileged@29
                      ; - java.security.AccessController::doPrivileged@13
                      ; - java.net.URLClassLoader::findClass@13
                      ;   {poll}
  0x0000020a5742d5ec: 0000 4185 | 0244 3bdb | 7c8f 448b | 5c24 2044 | 3bdd 7d29 | 448b 4c24 | 2066 6690 | 4d63 d18b 
  0x0000020a5742d60c: 8c24 9800 | 0000 460f | be5c 1110 | 4788 5c10 | 1045 8d51 | 0145 8bca | 443b d57c | df3b ac24 
  0x0000020a5742d62c: a800 0000 | 0f8d 370d | 0000 3bac | 24a8 0000 | 000f 8394 | 4000 0044 | 8b54 2438 | 443b 9424 
  0x0000020a5742d64c: a800 0000 | 0f83 8140 | 0000 448d | 5501 4c63 | dd8b 8c24 | 9800 0000 | 460f be4c | 1910 4183 
  0x0000020a5742d66c: f92e 0f84 | e407 0000 | 4788 4c18 | 1044 8d5d | 0145 3bda | 7d05 418b | ebeb d344 | 3b5c 243c 
  0x0000020a5742d68c: 0f8d 2001 | 0000 ffc5 | e993 0000 | 0041 bb2f | 0000 0090 | 4788 5c08 | 1147 0fbe | 5c0a 1241 
  0x0000020a5742d6ac: 83fb 2e74 | 5f47 885c | 0812 470f | be5c 0a13 | 4183 fb2e | 743e 4788 | 5c08 1383 | c504 3be9 
  0x0000020a5742d6cc: 7d4a 4c63 | cd44 8b9c | 2498 0000 | 0047 0fbe | 5c0b 1041 | 83fb 2e74 | 2347 885c | 0810 448b 
  0x0000020a5742d6ec: ;   {no_reloc}
  0x0000020a5742d6ec: 9424 9800 | 0000 470f | be5c 0a11 | 4183 fb2e | 75a2 eb99 | 41bb 2f00 | 0000 ebba | 41bb 2f00 
  0x0000020a5742d70c: 0000 ebd5 | 41bb 2f00 | 0000 eb99 | 4d8b 9758 

  0x0000020a5742d71c: ; ImmutableOopMap {r8=Oop [40]=Oop [48]=Oop [64]=Oop [72]=Oop [88]=Oop [96]=Oop [120]=Oop [128]=Oop [136]=NarrowOop [144]=Oop [152]=NarrowOop [176]=Oop [184]=Oop [192]=NarrowOop }
                      ;*goto {reexecute=1 rethrow=0 return_oop=0}
                      ; - (reexecute) java.lang.StringLatin1::replace@113
                      ; - java.lang.String::replace@18
                      ; - java.net.URLClassLoader::isSealed@9
                      ; - java.net.URLClassLoader::getAndVerifyPackage@68
                      ; - java.net.URLClassLoader::defineClass@46
                      ; - java.net.URLClassLoader$1::run@43
                      ; - java.net.URLClassLoader$1::run@1
                      ; - java.security.AccessController::executePrivileged@29
                      ; - java.security.AccessController::doPrivileged@13
                      ; - java.net.URLClassLoader::findClass@13
                      ;   {poll}
  0x0000020a5742d71c: 0400 0041 | 8502 3b6c | 243c 0f8d | 8900 0000 | 8b8c 24a8 | 0000 002b | cd83 c1fd | 448b 5424 
  0x0000020a5742d73c: 3c45 33c9 | 443b d541 | 0f4c c981 | f9a0 0f00 | 0041 bba0 | 0f00 0041 | 0f47 cb03 | cde9 70ff 
  0x0000020a5742d75c: ffff 49ba | ffff ffff | ffff ffff | c442 b8f5 | d2c4 c1fb | 92fa 62f1 | 7faf 6f01 | 62f1 7f2f 
  0x0000020a5742d77c: 7f02 e999 | 0200 004c | 63d5 8b8c | 2498 0000 | 0046 0fbe | 5c11 1041 | 83fb 2e0f | 8422 0b00 
  0x0000020a5742d79c: 004d 8be8 | 4788 5c10 | 10ff c53b | ac24 a800 | 0000 7cd3 | eb0f 418b | eb3b ac24 | a800 0000 
  0x0000020a5742d7bc: 7cc5 4d8b | e849 8bb7 | b801 0000 | 4c8b d649 | 83c2 184d | 3b97 c801 | 0000 0f83 | 4c2d 0000 
  0x0000020a5742d7dc: 4d89 97b8 | 0100 0041 | 0f0d 8ac0 | 0000 0048 | c706 0100 | 0000 4c8b | d649 83c2 

  0x0000020a5742d7f8: ;   {metadata('java/lang/String')}
  0x0000020a5742d7f8: 10c7 4608 | 78e8 0000 | 4489 660c | c5fd efc0 | c4c1 79d6 | 024d 8bdd | 4489 5e14 | 488b 8c24 
  0x0000020a5742d818: 9000 0000 | 4c8b 9c24 | 8000 0000 | 4c8b 4424 | 7844 8b8c | 24c0 0000 | 0044 8b54 | 2424 488b 
  0x0000020a5742d838: 6c24 30eb | 3448 8b8c | 2490 0000 | 004c 8b9c | 2480 0000 | 004c 8b44 | 2478 448b | 8c24 c000 
  0x0000020a5742d858: 0000 448b | 5424 248b | 9424 9800 | 0000 488b | 6c24 304c | 8bea 488b | f141 8b55 | 0c85 d20f 
  0x0000020a5742d878: 8624 1b00 | 000f be5e | 10c4 e262 | f7fa 4863 | c783 fb01 | 0f84 8243 | 0000 85ff | 0f8c 6e3f 
  0x0000020a5742d898: 0000 4889 | 8424 c000 | 0000 89bc | 2498 0000 | 0089 5c24 | 2489 9424 | a400 0000 | 4889 b424 
  0x0000020a5742d8b8: a800 0000 | 4c89 ac24 | 9000 0000 | 4889 6c24 | 3044 8954 | 2420 4489 | 8c24 a000 | 0000 4c89 
  0x0000020a5742d8d8: 4424 784c | 899c 2480 | 0000 0048 | 894c 2470 | 488d 4801 | 8be9 85ed | 0f8c 923f | 0000 4c8b 
  0x0000020a5742d8f8: ;   {no_reloc}
  0x0000020a5742d8f8: d149 c1fa | 2045 8bd2 | c4e2 29f7 | ed89 ac24 | 9c00 0000 | 85ed 0f8c | 8c43 0000 | 81fd 0000 
  0x0000020a5742d918: 1000 0f87 | 2038 0000 | 4c63 d581 | fd00 0010 | 000f 8736 | 2800 004d | 8b8f b801 | 0000 4983 
  0x0000020a5742d938: c217 4983 | e2f8 4d8b | d94d 03da | 4d3b 9fc8 | 0100 000f | 8314 2800 | 004d 899f | b801 0000 
  0x0000020a5742d958: 410f 0d8b | c000 0000 | 49c7 0101 | 0000 0041 | 0f0d 8b00 

  0x0000020a5742d96c: ;   {metadata({type array byte})}
  0x0000020a5742d96c: 0100 0041 | c741 0818 | 2300 0041 | 8969 0c41 | 0f0d 8b40 | 0100 0041 | 0f0d 8b80 | 0100 0044 
  0x0000020a5742d98c: 8b9c 2498 | 0000 0041 | ffc3 448b | 9424 9c00 | 0000 453b | d30f 8205 | 3900 0044 | 8b84 2498 
  0x0000020a5742d9ac: 0000 0043 | c644 0110 | 2f44 8b44 | 2424 4585 | c00f 8519 | 3f00 0044 | 3b94 24a4 | 0000 000f 
  0x0000020a5742d9cc: 8283 3900 | 0044 8b94 | 24a4 0000 | 0045 85d2 | 763e 498b | d148 83c2 | 1048 8b8c | 2490 0000 
  0x0000020a5742d9ec: 0048 83c1 | 104d 63c2 | 4983 f820 | 0f86 60fd | ffff 498b | d9c5 f877 | 49ba c020 | c556 0a02 
  0x0000020a5742da0c: 0000 41ff 

  0x0000020a5742da10: ;   {other}
  0x0000020a5742da10: d20f 1f84 | 0000 0000 | 004c 8bcb | 498b 87b8 | 0100 004c | 8bd0 4983 | c218 4d3b | 97c8 0100 
  0x0000020a5742da30: 000f 835d | 2700 004d | 8997 b801 | 0000 410f | 0d8a c000 | 0000 48c7 | 0001 0000 

  0x0000020a5742da4c: ;   {metadata('java/lang/String')}
  0x0000020a5742da4c: 00c7 4008 | 78e8 0000 | 4489 600c | 4489 6010 | 4d8b d944 | 8958 1448 | 8984 2498 | 0000 0048 
  0x0000020a5742da6c: 8b4c 2470 | 4c8b 9c24 | 8000 0000 | 4c8b 4424 | 7844 8b8c | 24a0 0000 | 0044 8b54 

  0x0000020a5742da88: ;   {metadata('java/util/jar/JavaUtilJarAccessImpl')}
  0x0000020a5742da88: 2420 4181 | faa0 5b31 | 000f 85a1 | 3700 004c | 8944 2470 | 4c89 5c24 | 6048 894c | 2478 498b 
  0x0000020a5742daa8: d34c 8b84 | 2498 0000 | 0048 894c | 2420 4c89 | 5c24 304c | 895c 2438 | 488b ac24 | b800 0000 
  0x0000020a5742dac8: ;   {optimized virtual_call}
  0x0000020a5742dac8: c5f8 77e8 

  0x0000020a5742dacc: ; ImmutableOopMap {rbp=Oop [32]=Oop [40]=Oop [48]=Oop [56]=Oop [64]=Oop [72]=Oop [88]=Oop [96]=Oop [112]=Oop [120]=Oop [136]=NarrowOop [152]=Oop [176]=Oop [184]=Oop }
                      ;*invokevirtual getAttributes {reexecute=0 rethrow=0 return_oop=1}
                      ; - java.util.jar.Manifest::getTrustedAttributes@2
                      ; - java.util.jar.JavaUtilJarAccessImpl::getTrustedAttributes@2
                      ; - java.net.URLClassLoader::isSealed@18
                      ; - java.net.URLClassLoader::getAndVerifyPackage@68
                      ; - java.net.URLClassLoader::defineClass@46
                      ; - java.net.URLClassLoader$1::run@43
                      ; - java.net.URLClassLoader$1::run@1
                      ; - java.security.AccessController::executePrivileged@29
                      ; - java.security.AccessController::doPrivileged@13
                      ; - java.net.URLClassLoader::findClass@13
  0x0000020a5742dacc: 90d0 46f8 

  0x0000020a5742dad0: ;   {other}
  0x0000020a5742dad0: 0f1f 8400 | 4026 0013 | 4885 c00f | 858b 1200 | 004c 8b54 | 2460 418b | 6a0c 85ed | 0f84 7640 
  0x0000020a5742daf0: 0000 488b 

  0x0000020a5742daf4: ;   {oop(a 'java/util/jar/Attributes$Name'{0x00000000e0735780})}
  0x0000020a5742daf4: d549 b880 | 5773 e000 | 0000 004c | 8b54 2478 | 4c89 5424 | 2048 8bac | 24b8 0000 | 0066 6690 
  0x0000020a5742db14: ;   {optimized virtual_call}
  0x0000020a5742db14: c5f8 77e8 

  0x0000020a5742db18: ; ImmutableOopMap {rbp=Oop [32]=Oop [40]=Oop [64]=Oop [72]=Oop [88]=Oop [96]=Oop [112]=Oop [120]=Oop [136]=NarrowOop [176]=Oop [184]=Oop }
                      ;*invokevirtual getValue {reexecute=0 rethrow=0 return_oop=1}
                      ; - java.net.URLClassLoader::isSealed@58
                      ; - java.net.URLClassLoader::getAndVerifyPackage@68
                      ; - java.net.URLClassLoader::defineClass@46
                      ; - java.net.URLClassLoader$1::run@43
                      ; - java.net.URLClassLoader$1::run@1
                      ; - java.security.AccessController::executePrivileged@29
                      ; - java.security.AccessController::doPrivileged@13
                      ; - java.net.URLClassLoader::findClass@13
  0x0000020a5742db18: 64c1 e2ff 

  0x0000020a5742db1c: ;   {other}
  0x0000020a5742db1c: 0f1f 8400 | 8c26 0014 

  0x0000020a5742db24: ;   {oop("true"{0x00000000e0716a70})}
  0x0000020a5742db24: 48ba 706a | 71e0 0000 | 0000 4c8b | c066 6690 

  0x0000020a5742db34: ;   {optimized virtual_call}
  0x0000020a5742db34: c5f8 77e8 

  0x0000020a5742db38: ; ImmutableOopMap {rbp=Oop [32]=Oop [40]=Oop [64]=Oop [72]=Oop [88]=Oop [96]=Oop [112]=Oop [120]=Oop [136]=NarrowOop [176]=Oop [184]=Oop }
                      ;*invokevirtual equalsIgnoreCase {reexecute=0 rethrow=0 return_oop=0}
                      ; - java.net.URLClassLoader::isSealed@68
                      ; - java.net.URLClassLoader::getAndVerifyPackage@68
                      ; - java.net.URLClassLoader::defineClass@46
                      ; - java.net.URLClassLoader$1::run@43
                      ; - java.net.URLClassLoader$1::run@1
                      ; - java.security.AccessController::executePrivileged@29
                      ; - java.security.AccessController::doPrivileged@13
                      ; - java.net.URLClassLoader::findClass@13
  0x0000020a5742db38: 84a1 f4ff 

  0x0000020a5742db3c: ;   {other}
  0x0000020a5742db3c: 0f1f 8400 | ac26 0015 | 85c0 0f85 | 7040 0000 | 4c8b 8424 | b000 0000 | 488b 7424 | 4844 8b94 
  0x0000020a5742db5c: 2488 0000 

  0x0000020a5742db60: ;   {metadata('java/lang/IllegalArgumentException')}
  0x0000020a5742db60: 00eb 5e48 | bdc0 9a06 | 630a 0200 | 004d 85db | 0f84 0f11 | 0000 4c89 | 5c24 204c | 8944 2430 
  0x0000020a5742db80: 4c89 9424 | b800 0000 | 498b d24d | 8bcb 488b | 7c24 284c | 8bd2 4c89 | 5424 6890 

  0x0000020a5742db9c: ;   {optimized virtual_call}
  0x0000020a5742db9c: c5f8 77e8 

  0x0000020a5742dba0: ; ImmutableOopMap {[32]=Oop [40]=Oop [48]=Oop [64]=Oop [72]=Oop [88]=Oop [104]=Oop [136]=NarrowOop [176]=Oop [184]=Oop }
                      ;*invokevirtual definePackage {reexecute=0 rethrow=0 return_oop=1}
                      ; - java.net.URLClassLoader::defineClass@64
                      ; - java.net.URLClassLoader$1::run@43
                      ; - java.net.URLClassLoader$1::run@1
                      ; - java.security.AccessController::executePrivileged@29
                      ; - java.security.AccessController::doPrivileged@13
                      ; - java.net.URLClassLoader::findClass@13
  0x0000020a5742dba0: fc34 7ff8 

  0x0000020a5742dba4: ;   {other}
  0x0000020a5742dba4: 0f1f 8400 | 1427 0016 | 4c8b 8424 | b000 0000 | 488b 7424 | 4844 8b94 | 2488 0000 | 0044 8954 
  0x0000020a5742dbc4: 2458 4889 | 7424 484c | 8984 24b0 | 0000 0048 | 8bd6 4889 | 7424 204c | 8944 2430 

  0x0000020a5742dbe0: ;   {optimized virtual_call}
  0x0000020a5742dbe0: c5f8 77e8 

  0x0000020a5742dbe4: ; ImmutableOopMap {[32]=Oop [40]=Oop [48]=Oop [64]=Oop [72]=Oop [88]=NarrowOop [176]=Oop [184]=Oop }
                      ;*invokevirtual getByteBuffer {reexecute=0 rethrow=0 return_oop=1}
                      ; - java.net.URLClassLoader::defineClass@132
                      ; - java.net.URLClassLoader$1::run@43
                      ; - java.net.URLClassLoader$1::run@1
                      ; - java.security.AccessController::executePrivileged@29
                      ; - java.security.AccessController::doPrivileged@13
                      ; - java.net.URLClassLoader::findClass@13
  0x0000020a5742dbe4: 380f 72f8 

  0x0000020a5742dbe8: ;   {other}
  0x0000020a5742dbe8: 0f1f 8400 | 5827 0017 | 4885 c00f | 850b 3a00 | 0048 8b54 | 2420 448b 

  0x0000020a5742dc00: ;   {metadata('jdk/internal/loader/URLClassPath$JarLoader$2')}
  0x0000020a5742dc00: 5a08 4181 | fb30 2421 | 000f 8536 | 1300 0048 | 8954 2420 

  0x0000020a5742dc14: ;   {optimized virtual_call}
  0x0000020a5742dc14: c5f8 77e8 

  0x0000020a5742dc18: ; ImmutableOopMap {[32]=Oop [40]=Oop [48]=Oop [64]=Oop [72]=Oop [88]=NarrowOop [176]=Oop [184]=Oop }
                      ;*invokevirtual getBytes {reexecute=0 rethrow=0 return_oop=1}
                      ; - java.net.URLClassLoader::defineClass@179
                      ; - java.net.URLClassLoader$1::run@43
                      ; - java.net.URLClassLoader$1::run@1
                      ; - java.security.AccessController::executePrivileged@29
                      ; - java.security.AccessController::doPrivileged@13
                      ; - java.net.URLClassLoader::findClass@13
  0x0000020a5742dc18: c4da e0ff 

  0x0000020a5742dc1c: ;   {other}
  0x0000020a5742dc1c: 0f1f 8400 | 8c27 0018 | 4889 4424 | 684c 8b54 | 2448 458b 

  0x0000020a5742dc30: ;   {metadata('jdk/internal/loader/URLClassPath$JarLoader$2')}
  0x0000020a5742dc30: 4208 4181 | f830 2421 | 000f 852f | 1300 0049 | 8bd2 4c8b | 9424 b000 | 0000 4c89 | 5424 2090 
  0x0000020a5742dc50: ;   {optimized virtual_call}
  0x0000020a5742dc50: c5f8 77e8 

  0x0000020a5742dc54: ; ImmutableOopMap {[32]=Oop [40]=Oop [64]=Oop [72]=Oop [88]=NarrowOop [104]=Oop [176]=Oop [184]=Oop }
                      ;*invokevirtual getCodeSigners {reexecute=0 rethrow=0 return_oop=1}
                      ; - java.net.URLClassLoader::defineClass@185
                      ; - java.net.URLClassLoader$1::run@43
                      ; - java.net.URLClassLoader$1::run@1
                      ; - java.security.AccessController::executePrivileged@29
                      ; - java.security.AccessController::doPrivileged@13
                      ; - java.net.URLClassLoader::findClass@13
  0x0000020a5742dc54: 08dd 0300 

  0x0000020a5742dc58: ;   {other}
  0x0000020a5742dc58: 0f1f 8400 | c827 0019 | 4c8b 5424 | 484c 8bc0 | 498b 87b8 | 0100 004c | 8bd8 4983 | c328 4d3b 
  0x0000020a5742dc78: 9fc8 0100 | 000f 8398 | 1a00 004d | 899f b801 | 0000 410f | 0d8b c000 | 0000 48c7 | 0001 0000 
  0x0000020a5742dc98: 004c 8bd8 | 4983 c310 

  0x0000020a5742dca0: ;   {metadata('java/security/CodeSource')}
  0x0000020a5742dca0: c740 0828 | 5c00 0044 | 8960 0cc5 | fdef c041 | b907 0000 | 00c4 c178 | 92f9 62d1 | fe2f 7f03 
  0x0000020a5742dcc0: 4c89 5424 | 484c 8944 | 2420 4889 | 4424 5848 | 8bd0 4c8b | 4424 284c | 8b4c 2420 | 4c8b 9424 
  0x0000020a5742dce0: b000 0000 | 4c89 5424 | 2066 6690 

  0x0000020a5742dcec: ;   {optimized virtual_call}
  0x0000020a5742dcec: c5f8 77e8 

  0x0000020a5742dcf0: ; ImmutableOopMap {[32]=Oop [64]=Oop [72]=Oop [88]=Oop [104]=Oop [176]=Oop [184]=Oop }
                      ;*invokespecial <init> {reexecute=0 rethrow=0 return_oop=0}
                      ; - java.net.URLClassLoader::defineClass@198
                      ; - java.net.URLClassLoader$1::run@43
                      ; - java.net.URLClassLoader$1::run@1
                      ; - java.security.AccessController::executePrivileged@29
                      ; - java.security.AccessController::doPrivileged@13
                      ; - java.net.URLClassLoader::findClass@13
  0x0000020a5742dcf0: 6cd5 fcff 

  0x0000020a5742dcf4: ;   {other}
  0x0000020a5742dcf4: 0f1f 8400 | 6428 001a 

  0x0000020a5742dcfc: ;   {oop(a 'jdk/internal/perf/PerfCounter'{0x00000000e0739bc0})}
  0x0000020a5742dcfc: 48ba c09b | 73e0 0000 | 0000 4c8b | 4424 5090 

  0x0000020a5742dd0c: ;   {optimized virtual_call}
  0x0000020a5742dd0c: c5f8 77e8 

  0x0000020a5742dd10: ; ImmutableOopMap {[32]=Oop [64]=Oop [72]=Oop [88]=Oop [104]=Oop [176]=Oop [184]=Oop }
                      ;*invokevirtual addElapsedTimeFrom {reexecute=0 rethrow=0 return_oop=0}
                      ; - java.net.URLClassLoader::defineClass@207
                      ; - java.net.URLClassLoader$1::run@43
                      ; - java.net.URLClassLoader$1::run@1
                      ; - java.security.AccessController::executePrivileged@29
                      ; - java.security.AccessController::doPrivileged@13
                      ; - java.net.URLClassLoader::findClass@13
  0x0000020a5742dd10: 2c95 efff 

  0x0000020a5742dd14: ;   {other}
  0x0000020a5742dd14: 0f1f 8400 | 8428 001b | 4c8b 4c24 | 6841 8b71 | 0c48 8b94 | 24b8 0000 | 004c 8b44 | 2420 33ff 
  0x0000020a5742dd34: 488b 4c24 | 5866 6690 

  0x0000020a5742dd3c: ;   {optimized virtual_call}
  0x0000020a5742dd3c: c5f8 77e8 

  0x0000020a5742dd40: ; ImmutableOopMap {[32]=Oop [64]=Oop [72]=Oop [176]=Oop [184]=Oop }
                      ;*invokevirtual defineClass {reexecute=0 rethrow=0 return_oop=1}
                      ; - java.net.URLClassLoader::defineClass@220
                      ; - java.net.URLClassLoader$1::run@43
                      ; - java.net.URLClassLoader$1::run@1
                      ; - java.security.AccessController::executePrivileged@29
                      ; - java.security.AccessController::doPrivileged@13
                      ; - java.net.URLClassLoader::findClass@13
  0x0000020a5742dd40: 1c6f 0300 

  0x0000020a5742dd44: ;   {other}
  0x0000020a5742dd44: 0f1f 8400 | b428 001c | 4885 c00f | 8468 e8ff | ffc5 f877 | 4881 c400 | 0100 005d 

  0x0000020a5742dd60: ;   {poll_return}
  0x0000020a5742dd60: 493b a750 | 0400 000f | 8728 7100 | 00c3 be2f | 0000 00e9 | 34e4 ffff | 410f b658 | 1185 db0f 
  0x0000020a5742dd80: 859d 1100 | 0041 0fbe | 5810 85db | 0f85 0a45 | 0000 4c89 | 5c24 3845 | 8b58 1449 | 8be9 4489 
  0x0000020a5742dda0: 4c24 2449 | 8bd3 4c8b | 9424 b800 | 0000 4c89 | 5424 6890 

  0x0000020a5742ddb4: ;   {static_call}
  0x0000020a5742ddb4: c5f8 77e8 

  0x0000020a5742ddb8: ; ImmutableOopMap {rbp=Oop [36]=NarrowOop [40]=Oop [56]=Oop [64]=Oop [72]=Oop [88]=Oop [104]=Oop [136]=NarrowOop [176]=Oop [184]=Oop [208]=Oop }
                      ;*invokestatic hashCode {reexecute=0 rethrow=0 return_oop=0}
                      ; - java.lang.String::hashCode@27
                      ; - java.util.concurrent.ConcurrentHashMap::get@1
                      ; - java.lang.ClassLoader::getDefinedPackage@13
                      ; - java.net.URLClassLoader::getAndVerifyPackage@2
                      ; - java.net.URLClassLoader::defineClass@46
                      ; - java.net.URLClassLoader$1::run@43
                      ; - java.net.URLClassLoader$1::run@1
                      ; - java.security.AccessController::executePrivileged@29
                      ; - java.security.AccessController::doPrivileged@13
                      ; - java.net.URLClassLoader::findClass@13
  0x0000020a5742ddb8: 049f dbff 

  0x0000020a5742ddbc: ;   {other}
  0x0000020a5742ddbc: 0f1f 8400 | 2c29 001d | 85c0 0f84 | 4118 0000 | 4c8b 8424 | d000 0000 | 4189 400c | 4c8b 5424 
  0x0000020a5742dddc: 684c 8b5c | 2438 448b | 4c24 24e9 | 0fef ffff | 4c89 8424 | d000 0000 | e9f6 ecff | ff45 85c9 
  0x0000020a5742ddfc: 0f85 d711 | 0000 450f | be48 1045 | 85c9 0f85 | 8445 0000 | 4c89 4424 | 3049 8bd3 | 498b ea4c 
  0x0000020a5742de1c: 8b94 24b8 | 0000 004c | 8954 2460 

  0x0000020a5742de28: ;   {static_call}
  0x0000020a5742de28: c5f8 77e8 

  0x0000020a5742de2c: ; ImmutableOopMap {rbp=Oop [40]=Oop [48]=Oop [64]=Oop [72]=Oop [88]=Oop [96]=Oop [128]=Oop [136]=NarrowOop [176]=Oop [184]=Oop [192]=NarrowOop [196]=NarrowOop }
                      ;*invokestatic hashCode {reexecute=0 rethrow=0 return_oop=0}
                      ; - java.lang.String::hashCode@27
                      ; - java.util.concurrent.ConcurrentHashMap::get@1
                      ; - java.lang.ClassLoader::definePackage@47
                      ; - java.lang.ClassLoader::getDefinedPackage@32
                      ; - java.net.URLClassLoader::getAndVerifyPackage@2
                      ; - java.net.URLClassLoader::defineClass@46
                      ; - java.net.URLClassLoader$1::run@43
                      ; - java.net.URLClassLoader$1::run@1
                      ; - java.security.AccessController::executePrivileged@29
                      ; - java.security.AccessController::doPrivileged@13
                      ; - java.net.URLClassLoader::findClass@13
  0x0000020a5742de2c: 501a 84ff 

  0x0000020a5742de30: ;   {other}
  0x0000020a5742de30: 0f1f 8400 | a029 001e | 85c0 0f84 | 1423 0000 | 4c8b 4c24 | 3041 8941 | 0ce9 6df1 | ffff b92f 
  0x0000020a5742de50: 0000 00e9 | 32e4 ffff | 41b9 2f00 | 0000 e911 | f8ff ff33 | dbe9 d1e0 | ffff 8bcf | e979 e9ff 
  0x0000020a5742de70: ff48 895c | 2430 4c89 | 5c24 5848 | 8954 2428 | 4489 9424 | 8800 0000 | 4889 7424 | 484c 8984 
  0x0000020a5742de90: 24b0 0000 | 0048 8bd3 | 4c8b 9424 | b800 0000 | 4c89 5424 | 684c 8944 | 2470 4c89 | 8424 8000 
  0x0000020a5742deb0: 0000 488b | 6c24 6890 

  0x0000020a5742deb8: ;   {optimized virtual_call}
  0x0000020a5742deb8: c5f8 77e8 

  0x0000020a5742debc: ; ImmutableOopMap {rbp=Oop [40]=Oop [48]=Oop [64]=Oop [72]=Oop [88]=Oop [104]=Oop [112]=Oop [128]=Oop [136]=NarrowOop [176]=Oop [184]=Oop [208]=Oop }
                      ;*invokevirtual getManEntry {reexecute=0 rethrow=0 return_oop=1}
                      ; - java.util.jar.JarFile::getManifestFromReference@27
                      ; - java.util.jar.JarFile::getManifest@1
                      ; - jdk.internal.loader.URLClassPath$JarLoader$2::getManifest@22
                      ; - java.net.URLClassLoader::defineClass@34
                      ; - java.net.URLClassLoader$1::run@43
                      ; - java.net.URLClassLoader$1::run@1
                      ; - java.security.AccessController::executePrivileged@29
                      ; - java.security.AccessController::doPrivileged@13
                      ; - java.net.URLClassLoader::findClass@13
  0x0000020a5742debc: 40e1 52f8 

  0x0000020a5742dec0: ;   {other}
  0x0000020a5742dec0: 0f1f 8400 | 302a 001f | 4885 c00f | 84bc 1000 | 004c 8b44 | 2430 450f | b658 1245 | 85db 0f85 
  0x0000020a5742dee0: 3009 0000 | 4c89 4424 | 7849 8bd0 | 4c8b c048 | 8b6c 2470 | 4c8b 5424 | 684c 8954 | 2460 6690 
  0x0000020a5742df00: ;   {optimized virtual_call}
  0x0000020a5742df00: c5f8 77e8 

  0x0000020a5742df04: ; ImmutableOopMap {rbp=Oop [40]=Oop [64]=Oop [72]=Oop [88]=Oop [96]=Oop [120]=Oop [128]=Oop [136]=NarrowOop [176]=Oop [184]=Oop [208]=Oop }
                      ;*invokespecial getInputStream {reexecute=0 rethrow=0 return_oop=1}
                      ; - java.util.jar.JarFile::getManifestFromReference@130
                      ; - java.util.jar.JarFile::getManifest@1
                      ; - jdk.internal.loader.URLClassPath$JarLoader$2::getManifest@22
                      ; - java.net.URLClassLoader::defineClass@34
                      ; - java.net.URLClassLoader$1::run@43
                      ; - java.net.URLClassLoader$1::run@1
                      ; - java.security.AccessController::executePrivileged@29
                      ; - java.security.AccessController::doPrivileged@13
                      ; - java.net.URLClassLoader::findClass@13
  0x0000020a5742df04: b87b 3df8 

  0x0000020a5742df08: ;   {other}
  0x0000020a5742df08: 0f1f 8400 | 782a 0020 | 4889 4424 | 3049 8b87 | b801 0000 | 4c8b d049 | 83c2 184d | 3b97 c801 
  0x0000020a5742df28: 0000 0f83 | 2429 0000 | 4d89 97b8 | 0100 0041 | 0f0d 8ac0 | 0000 0048 | c700 0100 | 0000 4c8b 
  0x0000020a5742df48: d049 83c2 

  0x0000020a5742df4c: ;   {metadata('java/util/jar/Manifest')}
  0x0000020a5742df4c: 10c7 4008 | a0e1 0400 | 4489 600c | c5fd efc0 | c4c1 79d6 | 024c 8bd0 | 4c89 5424 | 604c 8b54 
  0x0000020a5742df6c: 2478 458b | 5214 4489 | 5424 2449 | 8baf b801 | 0000 4c8b | d549 83c2 | 104d 3b97 | c801 0000 
  0x0000020a5742df8c: 0f83 e328 | 0000 4d89 | 97b8 0100 | 0041 0f0d | 8ac0 0000 | 0048 c745 | 0001 0000 

  0x0000020a5742dfa8: ;   {metadata('java/util/jar/Attributes')}
  0x0000020a5742dfa8: 00c7 4508 | 4088 1600 | 4489 650c | ba10 0000 | 004c 8b94 | 24b0 0000 | 004c 8954 | 2468 6690 
  0x0000020a5742dfc8: ;   {static_call}
  0x0000020a5742dfc8: c5f8 77e8 

  0x0000020a5742dfcc: ; ImmutableOopMap {rbp=Oop [36]=NarrowOop [40]=Oop [48]=Oop [64]=Oop [72]=Oop [88]=Oop [96]=Oop [104]=Oop [120]=Oop [136]=NarrowOop [176]=Oop [184]=Oop [208]=Oop }
                      ;*invokestatic newLinkedHashMap {reexecute=0 rethrow=0 return_oop=1}
                      ; - java.util.jar.Attributes::<init>@6
                      ; - java.util.jar.Attributes::<init>@3
                      ; - java.util.jar.Manifest::<init>@9
                      ; - java.util.jar.Manifest::<init>@4
                      ; - java.util.jar.JarFile::getManifestFromReference@143
                      ; - java.util.jar.JarFile::getManifest@1
                      ; - jdk.internal.loader.URLClassPath$JarLoader$2::getManifest@22
                      ; - java.net.URLClassLoader::defineClass@34
                      ; - java.net.URLClassLoader$1::run@43
                      ; - java.net.URLClassLoader$1::run@1
                      ; - java.security.AccessController::executePrivileged@29
                      ; - java.security.AccessController::doPrivileged@13
                      ; - java.net.URLClassLoader::findClass@13
  0x0000020a5742dfcc: 2370 0000 

  0x0000020a5742dfd0: ;   {other}
  0x0000020a5742dfd0: 0f1f 8400 | 402b 0021 | 488b f841 | 807f 4000 | 0f85 7b23 | 0000 4c8b | d744 8955 | 0c4c 8bd7 
  0x0000020a5742dff0: 4c8b dd4d | 33d3 488b | dd49 c1ea | 1444 8b4c | 2424 4d8b | c14c 8944 | 2468 4d85 | d274 1f48 
  0x0000020a5742e010: 85ff 741a | 49c1 eb09 | 48b9 0000 | b75e 0a02 | 0000 4903 | cb80 3902 | 0f85 7e24 | 0000 4180 
  0x0000020a5742e030: 7f40 000f | 855b 2300 | 004c 8b54 | 2460 4189 | 5a0c 4c8b | d54c 8b5c | 2460 4d33 | d349 c1ea 
  0x0000020a5742e050: 144d 85d2 | 741a 49c1 | eb09 48b9 | 0000 b75e | 0a02 0000 | 4903 cb80 | 3902 0f85 | 9a23 0000 
  0x0000020a5742e070: 4d8b 97b8 | 0100 004d | 8bda 4983 | c330 4d3b | 9fc8 0100 | 000f 8315 | 2800 004d | 899f b801 
  0x0000020a5742e090: 0000 410f | 0d8b c000 | 0000 49c7 | 0201 0000 | 004d 8bda | 4983 c328 

  0x0000020a5742e0a8: ;   {metadata('java/util/HashMap')}
  0x0000020a5742e0a8: 41c7 4208 | 68a9 0800 | 4d8b c249 | 83c0 1045 | 8962 0cc5 | f5ef c962 | d1fe 087f | 08c5 fdef 
  0x0000020a5742e0c8: c0c4 c179 | d603 49c7 | 4220 0000 | 403f 4180 | 7f40 000f | 8545 2200 | 0049 8bda | 4c8b 5424 
  0x0000020a5742e0e8: 604c 8bc3 | 4c8b 5c24 | 6045 8943 | 104c 8bdb | 4d33 da49 | c1eb 144d | 85db 741a | 49c1 ea09 
  0x0000020a5742e108: 48b9 0000 | b75e 0a02 | 0000 4903 | ca80 3902 | 0f85 3d23 | 0000 488b | 5424 604c | 8b44 2430 
  0x0000020a5742e128: 4c8b 4c24 | 6848 8bac | 24b0 0000 | 004c 8b94 | 24b8 0000 | 004c 8954 | 2468 6690 

  0x0000020a5742e144: ;   {optimized virtual_call}
  0x0000020a5742e144: c5f8 77e8 

  0x0000020a5742e148: ; ImmutableOopMap {rbp=Oop [40]=Oop [48]=Oop [64]=Oop [72]=Oop [88]=Oop [96]=Oop [104]=Oop [120]=Oop [136]=NarrowOop [176]=Oop [184]=Oop [208]=Oop }
                      ;*invokevirtual read {reexecute=0 rethrow=0 return_oop=0}
                      ; - java.util.jar.Manifest::<init>@29
                      ; - java.util.jar.Manifest::<init>@4
                      ; - java.util.jar.JarFile::getManifestFromReference@143
                      ; - java.util.jar.JarFile::getManifest@1
                      ; - jdk.internal.loader.URLClassPath$JarLoader$2::getManifest@22
                      ; - java.net.URLClassLoader::defineClass@34
                      ; - java.net.URLClassLoader$1::run@43
                      ; - java.net.URLClassLoader$1::run@1
                      ; - java.security.AccessController::executePrivileged@29
                      ; - java.security.AccessController::doPrivileged@13
                      ; - java.net.URLClassLoader::findClass@13
  0x0000020a5742e148: 986e 0000 

  0x0000020a5742e14c: ;   {other}
  0x0000020a5742e14c: 0f1f 8400 | bc2c 0022 | 4180 7f40 | 000f 856d | 2200 004c | 8b54 2460 | 4589 6214 | 4c8b 4424 
  0x0000020a5742e16c: 3045 8b48 

  0x0000020a5742e170: ;   {metadata('java/util/zip/ZipFile$ZipFileInflaterInputStream')}
  0x0000020a5742e170: 0841 81f9 | c0a4 3100 | 0f85 2643 | 0000 498b | ea49 8bd0 | 4c8b 9424 | b000 0000 | 4c89 5424 
  0x0000020a5742e190: 304c 8b54 | 2468 4c89 | 5424 6090 

  0x0000020a5742e19c: ;   {optimized virtual_call}
  0x0000020a5742e19c: c5f8 77e8 

  0x0000020a5742e1a0: ; ImmutableOopMap {rbp=Oop [40]=Oop [48]=Oop [64]=Oop [72]=Oop [88]=Oop [96]=Oop [120]=Oop [136]=NarrowOop [176]=Oop [184]=Oop [208]=Oop }
                      ;*invokevirtual close {reexecute=0 rethrow=0 return_oop=0}
                      ; - java.util.jar.JarFile::getManifestFromReference@152
                      ; - java.util.jar.JarFile::getManifest@1
                      ; - jdk.internal.loader.URLClassPath$JarLoader$2::getManifest@22
                      ; - java.net.URLClassLoader::defineClass@34
                      ; - java.net.URLClassLoader$1::run@43
                      ; - java.net.URLClassLoader$1::run@1
                      ; - java.security.AccessController::executePrivileged@29
                      ; - java.security.AccessController::doPrivileged@13
                      ; - java.net.URLClassLoader::findClass@13
  0x0000020a5742e1a0: aa6d 0000 

  0x0000020a5742e1a4: ;   {other}
  0x0000020a5742e1a4: 0f1f 8400 | 142d 0023 | 4d8b 97b8 | 0100 004d | 8bda 4983 | c328 4d3b | 9fc8 0100 | 000f 8351 
  0x0000020a5742e1c4: 2600 004d | 899f b801 | 0000 410f | 0d8b c000 | 0000 49c7 | 0201 0000 | 004d 8bda | 4983 c310 
  0x0000020a5742e1e4: ;   {metadata('java/lang/ref/SoftReference')}
  0x0000020a5742e1e4: 41c7 4208 | 90df 0300 | 4589 620c | c5fd efc0 | 41b9 0700 | 0000 c4c1 | 7892 f962 | d1fe 2f7f 
  0x0000020a5742e204: 0349 8bda | 4c8b dd45 | 895a 0c41 | 807f 4000 | 0f85 3320 | 0000 4c8b 

  0x0000020a5742e21c: ;   {oop(a 'java/lang/ref/ReferenceQueue$Null'{0x00000000e07bffb0})}
  0x0000020a5742e21c: d341 c742 | 10b0 ff7b | e048 8bfb 

  0x0000020a5742e228: ;   {oop(a 'java/lang/ref/ReferenceQueue$Null'{0x00000000e07bffb0})}
  0x0000020a5742e228: 49bb b0ff | 7be0 0000 | 0000 4d33 | da49 c1eb | 144d 85db | 741a 49c1 | ea09 48b9 | 0000 b75e 
  0x0000020a5742e248: 0a02 0000 | 4903 ca80 | 3902 0f85 | 7d20 0000 | f083 4424 | c000 4180 | 7f40 000f | 85ac 1f00 
  0x0000020a5742e268: 004c 8b54 | 2478 4189 

  0x0000020a5742e270: ;   {oop(a 'java/lang/Class'{0x00000000e07953e0} = 'java/lang/ref/SoftReference')}
  0x0000020a5742e270: 7a28 49ba | e053 79e0 | 0000 0000 | 4d8b 5270 | 4c89 5320 | 4c8b d34c | 8b5c 2478 | 4d33 d349 
  0x0000020a5742e290: c1ea 144d | 85d2 7416 | 49c1 eb09 | 4c8b 4424 | 384d 03c3 | 4180 3802 | 0f85 d21f | 0000 4c8b 
  0x0000020a5742e2b0: dde9 1cea | ffff 4c89 | 5f20 e904 | eaff ff41 | bb2f 0000 | 00e9 d3f4 | ffff 4889 | 7c24 604c 
  0x0000020a5742e2d0: 895c 2468 | 4889 5424 | 2844 8954 | 2458 4889 | 7424 484c | 8984 24b0 | 0000 0048 | 8bd7 448b 
  0x0000020a5742e2f0: 4424 204c | 8b94 24b0 | 0000 004c | 8954 2430 | 4c8b 9424 | b800 0000 | 4c89 5424 | 7066 6690 
  0x0000020a5742e310: ;   {optimized virtual_call}
  0x0000020a5742e310: c5f8 77e8 

  0x0000020a5742e314: ; ImmutableOopMap {rbp=NarrowOop [40]=Oop [48]=Oop [64]=Oop [72]=Oop [88]=NarrowOop [96]=Oop [104]=Oop [112]=Oop [176]=Oop [184]=Oop [208]=Oop }
                      ;*invokevirtual getManifestName {reexecute=0 rethrow=0 return_oop=1}
                      ; - java.util.zip.ZipFile$1::getManifestName@2
                      ; - java.util.jar.JarFile::maybeInstantiateVerifier@20
                      ; - java.util.jar.JarFile::ensureInitialization@1
                      ; - java.util.jar.JavaUtilJarAccessImpl::ensureInitialization@1
                      ; - jdk.internal.loader.URLClassPath$JarLoader$2::getManifest@10
                      ; - java.net.URLClassLoader::defineClass@34
                      ; - java.net.URLClassLoader$1::run@43
                      ; - java.net.URLClassLoader$1::run@1
                      ; - java.security.AccessController::executePrivileged@29
                      ; - java.security.AccessController::doPrivileged@13
                      ; - java.net.URLClassLoader::findClass@13
  0x0000020a5742e314: 6804 55f8 

  0x0000020a5742e318: ;   {other}
  0x0000020a5742e318: 0f1f 8400 | 882e 0024 | 4885 c00f | 8510 4a00 | 0044 8865 | 1244 3b65 | 300f 85b2 | 2400 004c 
  0x0000020a5742e338: 8b44 2430 | 488b 7424 | 4844 8b54 | 2458 488b | 5424 284c | 8b5c 2468 | 488b 7c24 | 60e9 5de8 
  0x0000020a5742e358: ffff 33ed | bf01 0000 | 00e9 c9dc | ffff 33ed | e94c f1ff | ff4d 8be8 | e94c f4ff 

  0x0000020a5742e374: ;   {metadata('jdk/internal/loader/URLClassPath$FileLoader')}
  0x0000020a5742e374: ff41 81fa | 10f2 2f01 | 0f85 0651 | 0000 4c8b | ca49 8b87 | b801 0000 | 4c8b d049 | 83c2 404d 
  0x0000020a5742e394: 3b97 c801 | 0000 0f83 | 8039 0000 | 4c89 4c24 | 5844 8944 | 2450 4c89 | 5c24 384d | 8997 b801 
  0x0000020a5742e3b4: 0000 410f | 0d8a c000 | 0000 48c7 | 0001 0000 | 004c 8bd0 | 4983 c210 

  0x0000020a5742e3cc: ;   {metadata('java/net/URL')}
  0x0000020a5742e3cc: c740 0880 | a901 0044 | 8960 0cc5 | fdef c062 | d1fe 287f | 0262 d1fe | 087f 4202 | 4c8b d04c 
  0x0000020a5742e3ec: 8954 2460 | 4c8b 5424 | 5841 8b6a | 0c48 8b54 | 2448 4533 | c04c 8b94 | 24b0 0000 | 004c 8954 
  0x0000020a5742e40c: 2468 6690 

  0x0000020a5742e410: ;   {static_call}
  0x0000020a5742e410: c5f8 77e8 

  0x0000020a5742e414: ; ImmutableOopMap {rbp=NarrowOop [40]=Oop [48]=NarrowOop [64]=Oop [72]=Oop [88]=Oop [96]=Oop [104]=Oop [176]=Oop [184]=Oop }
                      ;*invokestatic encodePath {reexecute=0 rethrow=0 return_oop=1}
                      ; - jdk.internal.loader.URLClassPath$FileLoader::getResource@10
                      ; - jdk.internal.loader.URLClassPath::getResource@53
                      ; - java.net.URLClassLoader$1::run@26
                      ; - java.net.URLClassLoader$1::run@1
                      ; - java.security.AccessController::executePrivileged@29
                      ; - java.security.AccessController::doPrivileged@13
                      ; - java.net.URLClassLoader::findClass@13
  0x0000020a5742e414: c801 42f8 

  0x0000020a5742e418: ;   {other}
  0x0000020a5742e418: 0f1f 8400 | 882f 0025 | 4c8b c548 | 8b54 2460 | 4c8b c833 | ff48 8b6c | 2468 6690 

  0x0000020a5742e434: ;   {optimized virtual_call}
  0x0000020a5742e434: c5f8 77e8 

  0x0000020a5742e438: ; ImmutableOopMap {rbp=Oop [40]=Oop [48]=NarrowOop [64]=Oop [72]=Oop [88]=Oop [96]=Oop [176]=Oop [184]=Oop }
                      ;*invokespecial <init> {reexecute=0 rethrow=0 return_oop=0}
                      ; - java.net.URL::<init>@4
                      ; - jdk.internal.loader.URLClassPath$FileLoader::getResource@13
                      ; - jdk.internal.loader.URLClassPath::getResource@53
                      ; - java.net.URLClassLoader$1::run@26
                      ; - java.net.URLClassLoader$1::run@1
                      ; - java.security.AccessController::executePrivileged@29
                      ; - java.security.AccessController::doPrivileged@13
                      ; - java.net.URLClassLoader::findClass@13
  0x0000020a5742e438: 84bf 5ef8 

  0x0000020a5742e43c: ;   {other}
  0x0000020a5742e43c: 0f1f 8400 | ac2f 0026 | 4c8b 4424 | 5845 8b58 | 184c 8b4c | 2460 418b | 591c 418b | 6b1c 85db 
  0x0000020a5742e45c: 0f84 e44f | 0000 4c8b | c548 8bd3 | 488b ac24 | b000 0000 

  0x0000020a5742e470: ;   {optimized virtual_call}
  0x0000020a5742e470: c5f8 77e8 

  0x0000020a5742e474: ; ImmutableOopMap {rbp=Oop [40]=Oop [48]=NarrowOop [64]=Oop [72]=Oop [88]=Oop [96]=Oop [176]=Oop [184]=Oop }
                      ;*invokevirtual startsWith {reexecute=0 rethrow=0 return_oop=0}
                      ; - jdk.internal.loader.URLClassPath$FileLoader::getResource@31
                      ; - jdk.internal.loader.URLClassPath::getResource@53
                      ; - java.net.URLClassLoader$1::run@26
                      ; - java.net.URLClassLoader$1::run@1
                      ; - java.security.AccessController::executePrivileged@29
                      ; - java.security.AccessController::doPrivileged@13
                      ; - java.net.URLClassLoader::findClass@13
  0x0000020a5742e474: e8d4 ebff 

  0x0000020a5742e478: ;   {other}
  0x0000020a5742e478: 0f1f 8400 | e82f 0027 | 85c0 0f84 | 450b 0000 

  0x0000020a5742e488: ;   {oop(".."{0x00000000e0729ce0})}
  0x0000020a5742e488: 49b8 e09c | 72e0 0000 | 0000 488b | 5424 4890 

  0x0000020a5742e498: ;   {optimized virtual_call}
  0x0000020a5742e498: c5f8 77e8 

  0x0000020a5742e49c: ; ImmutableOopMap {rbp=Oop [40]=Oop [48]=NarrowOop [64]=Oop [72]=Oop [88]=Oop [96]=Oop [176]=Oop [184]=Oop }
                      ;*invokevirtual contains {reexecute=0 rethrow=0 return_oop=0}
                      ; - jdk.internal.loader.URLClassPath$FileLoader::getResource@50
                      ; - jdk.internal.loader.URLClassPath::getResource@53
                      ; - java.net.URLClassLoader$1::run@26
                      ; - java.net.URLClassLoader$1::run@1
                      ; - java.security.AccessController::executePrivileged@29
                      ; - java.security.AccessController::doPrivileged@13
                      ; - java.net.URLClassLoader::findClass@13
  0x0000020a5742e49c: 166c 0000 

  0x0000020a5742e4a0: ;   {other}
  0x0000020a5742e4a0: 0f1f 8400 | 1030 0028 | 4c8b 5424 | 5845 8b5a | 1444 895c | 2424 85c0 | 0f84 250b | 0000 498b 
  0x0000020a5742e4c0: 87b8 0100 | 004c 8bd0 | 4983 c220 | 4d3b 97c8 | 0100 000f | 83af 3900 | 004d 8997 | b801 0000 
  0x0000020a5742e4e0: 4c8b d849 | 83c3 1048 | c700 0100 | 0000 410f | 0d8a c000 

  0x0000020a5742e4f4: ;   {metadata('java/io/File')}
  0x0000020a5742e4f4: 0000 c740 | 0810 f604 | 0044 8960 | 0cc5 fdef | c062 d1fe | 087f 034c | 8bd0 498b | ea48 8b54 
  0x0000020a5742e514: 2448 41b8 | 2f00 0000 | 41b9 5c00 | 0000 4c8b | 9424 b000 | 0000 4c89 | 5424 6890 

  0x0000020a5742e530: ;   {optimized virtual_call}
  0x0000020a5742e530: c5f8 77e8 

  0x0000020a5742e534: ; ImmutableOopMap {rbp=Oop [36]=NarrowOop [40]=Oop [48]=NarrowOop [64]=Oop [72]=Oop [88]=Oop [96]=Oop [104]=Oop [176]=Oop [184]=Oop }
                      ;*invokevirtual replace {reexecute=0 rethrow=0 return_oop=1}
                      ; - jdk.internal.loader.URLClassPath$FileLoader::getResource@70
                      ; - jdk.internal.loader.URLClassPath::getResource@53
                      ; - java.net.URLClassLoader$1::run@26
                      ; - java.net.URLClassLoader$1::run@1
                      ; - java.security.AccessController::executePrivileged@29
                      ; - java.security.AccessController::doPrivileged@13
                      ; - java.net.URLClassLoader::findClass@13
  0x0000020a5742e534: 4809 84ff 

  0x0000020a5742e538: ;   {other}
  0x0000020a5742e538: 0f1f 8400 | a830 0029 | 488b d841 | 807f 4000 | 0f85 7e23 | 0000 4c8b | d545 8962 | 144c 8bdb 
  0x0000020a5742e558: 4d85 db0f | 846f 4f00 | 0044 8b44 | 2424 4585 | c00f 8464 | 0c00 004c | 895c 2470 | 4c89 5424 
  0x0000020a5742e578: 6845 8bd8 | 458b 5b10 | 4585 db0f | 84eb 4f00 | 0049 8bd3 | 498b e84c | 8b94 24b0 | 0000 004c 
  0x0000020a5742e598: 8954 2478 

  0x0000020a5742e59c: ;   {optimized virtual_call}
  0x0000020a5742e59c: c5f8 77e8 

  0x0000020a5742e5a0: ; ImmutableOopMap {rbp=Oop [36]=NarrowOop [40]=Oop [48]=NarrowOop [64]=Oop [72]=Oop [88]=Oop [96]=Oop [104]=Oop [112]=Oop [120]=Oop [176]=Oop [184]=Oop }
                      ;*invokevirtual isEmpty {reexecute=0 rethrow=0 return_oop=0}
                      ; - java.io.File::<init>@29
                      ; - jdk.internal.loader.URLClassPath$FileLoader::getResource@73
                      ; - jdk.internal.loader.URLClassPath::getResource@53
                      ; - java.net.URLClassLoader$1::run@26
                      ; - java.net.URLClassLoader$1::run@1
                      ; - java.security.AccessController::executePrivileged@29
                      ; - java.security.AccessController::doPrivileged@13
                      ; - java.net.URLClassLoader::findClass@13
  0x0000020a5742e5a0: dc08 84ff 

  0x0000020a5742e5a4: ;   {other}
  0x0000020a5742e5a4: 0f1f 8400 | 1431 002a | 85c0 0f84 | f00c 0000 

  0x0000020a5742e5b4: ;   {oop(a 'java/io/WinNTFileSystem'{0x00000000e06a9888})}
  0x0000020a5742e5b4: 48ba 8898 | 6ae0 0000 | 0000 488b | 6c24 7890 

  0x0000020a5742e5c4: ;   {optimized virtual_call}
  0x0000020a5742e5c4: c5f8 77e8 

  0x0000020a5742e5c8: ; ImmutableOopMap {rbp=Oop [40]=Oop [48]=NarrowOop [64]=Oop [72]=Oop [88]=Oop [96]=Oop [104]=Oop [112]=Oop [176]=Oop [184]=Oop }
                      ;*invokevirtual getDefaultParent {reexecute=0 rethrow=0 return_oop=1}
                      ; - java.io.File::<init>@42
                      ; - jdk.internal.loader.URLClassPath$FileLoader::getResource@73
                      ; - jdk.internal.loader.URLClassPath::getResource@53
                      ; - java.net.URLClassLoader$1::run@26
                      ; - java.net.URLClassLoader$1::run@1
                      ; - java.security.AccessController::executePrivileged@29
                      ; - java.security.AccessController::doPrivileged@13
                      ; - java.net.URLClassLoader::findClass@13
  0x0000020a5742e5c8: b408 84ff 

  0x0000020a5742e5cc: ;   {other}
  0x0000020a5742e5cc: 0f1f 8400 | 3c31 002b 

  0x0000020a5742e5d4: ;   {oop(a 'java/io/WinNTFileSystem'{0x00000000e06a9888})}
  0x0000020a5742e5d4: 488b e848 | ba88 986a | e000 0000 | 004c 8b44 | 2470 4c8b | 9424 b000 | 0000 4c89 | 5424 7090 
  0x0000020a5742e5f4: ;   {optimized virtual_call}
  0x0000020a5742e5f4: c5f8 77e8 

  0x0000020a5742e5f8: ; ImmutableOopMap {rbp=Oop [40]=Oop [48]=NarrowOop [64]=Oop [72]=Oop [88]=Oop [96]=Oop [104]=Oop [112]=Oop [176]=Oop [184]=Oop }
                      ;*invokevirtual normalize {reexecute=0 rethrow=0 return_oop=1}
                      ; - java.io.File::<init>@49
                      ; - jdk.internal.loader.URLClassPath$FileLoader::getResource@73
                      ; - jdk.internal.loader.URLClassPath::getResource@53
                      ; - java.net.URLClassLoader$1::run@26
                      ; - java.net.URLClassLoader$1::run@1
                      ; - java.security.AccessController::executePrivileged@29
                      ; - java.security.AccessController::doPrivileged@13
                      ; - java.net.URLClassLoader::findClass@13
  0x0000020a5742e5f8: 8408 84ff 

  0x0000020a5742e5fc: ;   {other}
  0x0000020a5742e5fc: 0f1f 8400 | 6c31 002c 

  0x0000020a5742e604: ;   {oop(a 'java/io/WinNTFileSystem'{0x00000000e06a9888})}
  0x0000020a5742e604: 48ba 8898 | 6ae0 0000 | 0000 4c8b | c54c 8bc8 | 488b 6c24 | 7066 6690 

  0x0000020a5742e61c: ;   {optimized virtual_call}
  0x0000020a5742e61c: c5f8 77e8 

  0x0000020a5742e620: ; ImmutableOopMap {rbp=Oop [40]=Oop [48]=NarrowOop [64]=Oop [72]=Oop [88]=Oop [96]=Oop [104]=Oop [176]=Oop [184]=Oop }
                      ;*invokevirtual resolve {reexecute=0 rethrow=0 return_oop=1}
                      ; - java.io.File::<init>@52
                      ; - jdk.internal.loader.URLClassPath$FileLoader::getResource@73
                      ; - jdk.internal.loader.URLClassPath::getResource@53
                      ; - java.net.URLClassLoader$1::run@26
                      ; - java.net.URLClassLoader$1::run@1
                      ; - java.security.AccessController::executePrivileged@29
                      ; - java.security.AccessController::doPrivileged@13
                      ; - java.net.URLClassLoader::findClass@13
  0x0000020a5742e620: 5c08 84ff 

  0x0000020a5742e624: ;   {other}
  0x0000020a5742e624: 0f1f 8400 | 9431 002d | 488b d841 | 807f 4000 | 0f85 2a23 | 0000 4c8b | db4c 8b54 | 2468 4589 
  0x0000020a5742e644: 5a10 4c8b | db4d 33da | 49c1 eb14 | 4d85 db74 | 1f48 85db | 741a 49c1 | ea09 48b9 | 0000 b75e 
  0x0000020a5742e664: 0a02 0000 | 4903 ca80 | 3902 0f85 | 2823 0000 | 4c8b 5424 | 6845 8b5a | 104d 8bc3 

  0x0000020a5742e680: ;   {oop(a 'java/io/WinNTFileSystem'{0x00000000e06a9888})}
  0x0000020a5742e680: 48ba 8898 | 6ae0 0000 | 0000 488b | ac24 b000 | 0000 6690 

  0x0000020a5742e694: ;   {optimized virtual_call}
  0x0000020a5742e694: c5f8 77e8 

  0x0000020a5742e698: ; ImmutableOopMap {rbp=Oop [40]=Oop [48]=NarrowOop [64]=Oop [72]=Oop [88]=Oop [96]=Oop [104]=Oop [176]=Oop [184]=Oop }
                      ;*invokevirtual prefixLength {reexecute=0 rethrow=0 return_oop=0}
                      ; - java.io.File::<init>@104
                      ; - jdk.internal.loader.URLClassPath$FileLoader::getResource@73
                      ; - jdk.internal.loader.URLClassPath::getResource@53
                      ; - java.net.URLClassLoader$1::run@26
                      ; - java.net.URLClassLoader$1::run@1
                      ; - java.security.AccessController::executePrivileged@29
                      ; - java.security.AccessController::doPrivileged@13
                      ; - java.net.URLClassLoader::findClass@13
  0x0000020a5742e698: e407 84ff 

  0x0000020a5742e69c: ;   {other}
  0x0000020a5742e69c: 0f1f 8400 | 0c32 002e | 4c8b 5424 | 6841 8942 | 0c48 8b54 | 2468 6690 

  0x0000020a5742e6b4: ;   {optimized virtual_call}
  0x0000020a5742e6b4: c5f8 77e8 

  0x0000020a5742e6b8: ; ImmutableOopMap {rbp=Oop [40]=Oop [48]=NarrowOop [64]=Oop [72]=Oop [88]=Oop [96]=Oop [176]=Oop [184]=Oop }
                      ;*invokevirtual getCanonicalFile {reexecute=0 rethrow=0 return_oop=1}
                      ; - jdk.internal.loader.URLClassPath$FileLoader::getResource@76
                      ; - jdk.internal.loader.URLClassPath::getResource@53
                      ; - java.net.URLClassLoader$1::run@26
                      ; - java.net.URLClassLoader$1::run@1
                      ; - java.security.AccessController::executePrivileged@29
                      ; - java.security.AccessController::doPrivileged@13
                      ; - java.net.URLClassLoader::findClass@13
  0x0000020a5742e6b8: c407 84ff 

  0x0000020a5742e6bc: ;   {other}
  0x0000020a5742e6bc: 0f1f 8400 | 2c32 002f 

  0x0000020a5742e6c4: ; implicit exception: dispatches to 0x0000020a57434884
  0x0000020a5742e6c4: 8b48 104c | 8b4c 2458 | 458b 5914 

  0x0000020a5742e6d0: ; implicit exception: dispatches to 0x0000020a574348cc
  0x0000020a5742e6d0: 418b 6b10 | 85c9 0f84 | 504e 0000 | 4889 4424 | 684c 8bc5 | 488b d148 | 8bac 24b0 | 0000 0090 
  0x0000020a5742e6f0: ;   {optimized virtual_call}
  0x0000020a5742e6f0: c5f8 77e8 

  0x0000020a5742e6f4: ; ImmutableOopMap {rbp=Oop [40]=Oop [48]=NarrowOop [64]=Oop [72]=Oop [88]=Oop [96]=Oop [104]=Oop [176]=Oop [184]=Oop }
                      ;*invokevirtual startsWith {reexecute=0 rethrow=0 return_oop=0}
                      ; - jdk.internal.loader.URLClassPath$FileLoader::getResource@93
                      ; - jdk.internal.loader.URLClassPath::getResource@53
                      ; - java.net.URLClassLoader$1::run@26
                      ; - java.net.URLClassLoader$1::run@1
                      ; - java.security.AccessController::executePrivileged@29
                      ; - java.security.AccessController::doPrivileged@13
                      ; - java.net.URLClassLoader::findClass@13
  0x0000020a5742e6f4: 8807 84ff 

  0x0000020a5742e6f8: ;   {other}
  0x0000020a5742e6f8: 0f1f 8400 | 6832 0030 | 85c0 0f84 | c508 0000 | 4c8b 5424 | 684c 8954 | 2470 488b | 5424 7048 
  0x0000020a5742e718: 8bac 24b0 | 0000 0090 

  0x0000020a5742e720: ;   {optimized virtual_call}
  0x0000020a5742e720: c5f8 77e8 

  0x0000020a5742e724: ; ImmutableOopMap {rbp=Oop [40]=Oop [48]=NarrowOop [64]=Oop [72]=Oop [88]=Oop [96]=Oop [112]=Oop [176]=Oop [184]=Oop }
                      ;*invokevirtual exists {reexecute=0 rethrow=0 return_oop=0}
                      ; - jdk.internal.loader.URLClassPath$FileLoader::getResource@125
                      ; - jdk.internal.loader.URLClassPath::getResource@53
                      ; - java.net.URLClassLoader$1::run@26
                      ; - java.net.URLClassLoader$1::run@1
                      ; - java.security.AccessController::executePrivileged@29
                      ; - java.security.AccessController::doPrivileged@13
                      ; - java.net.URLClassLoader::findClass@13
  0x0000020a5742e724: 78e1 37f8 

  0x0000020a5742e728: ;   {other}
  0x0000020a5742e728: 0f1f 8400 | 9832 0031 | 85c0 0f84 | 9508 0000 | 498b 87b8 | 0100 004c | 8bd0 4983 | c220 4d3b 
  0x0000020a5742e748: 97c8 0100 | 000f 8311 | 3800 004d | 8997 b801 | 0000 4c8b | d849 83c3 | 1048 c700 | 0100 0000 
  0x0000020a5742e768: 410f 0d8a | c000 0000 

  0x0000020a5742e770: ;   {metadata('jdk/internal/loader/URLClassPath$FileLoader$1')}
  0x0000020a5742e770: c740 0888 | f42f 0144 | 8960 0cc5 | fdef c062 | d1fe 087f | 034c 8b5c | 2448 4d8b | d344 8950 
  0x0000020a5742e790: 104c 8b54 | 2458 4489 | 501c 4c8b | 5424 6044 | 8950 144c | 8b54 2470 | 4489 5018 | e9c4 ddff 
  0x0000020a5742e7b0: ;   {oop(""{0x00000000e07ddde0})}
  0x0000020a5742e7b0: ff49 b9e0 | dd7d e000 | 0000 00e9 | 27e3 ffff | 4c8b c248 | 8bc5 83ff | ff7e 1790 | 410f be4c 
  0x0000020a5742e7d0: 3b10 83f9 | 2e0f 8485 | 2200 00ff | cf83 ffff | 7fea b9ff | ffff ffe9 | fedf ffff | 418b d545 
  0x0000020a5742e7f0: 3bd1 0f8d | f9da ffff | 430f be74 | 1010 83fe | 2e0f 849d | 1e00 0041 | ffc2 453b | d17c e9e9 
  0x0000020a5742e810: ddda ffff | 4889 4424 | 704c 8944 | 2478 498b | d04c 8bc0 | 488b ac24 | 8000 0000 | 4c8b 5424 
  0x0000020a5742e830: 684c 8954 | 2460 6690 

  0x0000020a5742e838: ;   {optimized virtual_call}
  0x0000020a5742e838: c5f8 77e8 

  0x0000020a5742e83c: ; ImmutableOopMap {rbp=Oop [40]=Oop [64]=Oop [72]=Oop [88]=Oop [96]=Oop [112]=Oop [120]=Oop [136]=NarrowOop [176]=Oop [184]=Oop [208]=Oop }
                      ;*invokevirtual getBytes {reexecute=0 rethrow=0 return_oop=1}
                      ; - java.util.jar.JarFile::getManifestFromReference@44
                      ; - java.util.jar.JarFile::getManifest@1
                      ; - jdk.internal.loader.URLClassPath$JarLoader$2::getManifest@22
                      ; - java.net.URLClassLoader::defineClass@34
                      ; - java.net.URLClassLoader$1::run@43
                      ; - java.net.URLClassLoader$1::run@1
                      ; - java.security.AccessController::executePrivileged@29
                      ; - java.security.AccessController::doPrivileged@13
                      ; - java.net.URLClassLoader::findClass@13
  0x0000020a5742e83c: 4006 84ff 

  0x0000020a5742e840: ;   {other}
  0x0000020a5742e840: 0f1f 8400 | b033 0032 | 4889 8424 | 8000 0000 | 4c8b 5424 | 7845 0fb6 | 5211 4c8b | c044 8944 
  0x0000020a5742e860: 2424 4585 | d20f 84ea | 0e00 0049 | 8b87 b801 | 0000 4c8b | d049 83c2 | 184d 3b97 | c801 0000 
  0x0000020a5742e880: 0f83 7239 | 0000 4d89 | 97b8 0100 | 0041 0f0d | 8ac0 0000 | 0048 c700 | 0100 0000 | 4c8b d049 
  0x0000020a5742e8a0: ;   {metadata('java/util/jar/Manifest')}
  0x0000020a5742e8a0: 83c2 10c7 | 4008 a0e1 | 0400 4489 | 600c c5fd | efc0 c4c1 | 79d6 024c | 8bd0 4c89 | 5424 704c 
  0x0000020a5742e8c0: 8b54 2478 | 458b 5230 | 4489 9424 | 8c00 0000 | 498b 87b8 | 0100 004c | 8bd0 4983 | c220 448b 
  0x0000020a5742e8e0: 9c24 8c00 | 0000 4c89 | 5c24 304d | 3b97 c801 | 0000 0f83 | 2939 0000 | 4d89 97b8 | 0100 0041 
  0x0000020a5742e900: 0f0d 8ac0 | 0000 0048 | c700 0100 | 0000 4c8b | d049 83c2 

  0x0000020a5742e914: ;   {metadata('java/io/ByteArrayInputStream')}
  0x0000020a5742e914: 10c7 4008 | a023 0500 | 4489 600c | c5fd efc0 | 62d1 fe08 | 7f02 4c8b | d04c 8994 | 2490 0000 
  0x0000020a5742e934: 0044 8b44 | 2424 4589 | 4218 4c8b | 9424 8000 | 0000 458b | 5a0c 4c8b | 9424 9000 | 0000 4589 
  0x0000020a5742e954: 5a14 4c8b | 5424 7845 | 8b5a 1444 | 895c 2424 | 498b 87b8 | 0100 004c | 8bd0 4983 | c210 4d3b 
  0x0000020a5742e974: 97c8 0100 | 000f 83ca | 3800 004d | 8997 b801 | 0000 410f | 0d8a c000 | 0000 48c7 | 0001 0000 
  0x0000020a5742e994: ;   {metadata('java/util/jar/Attributes')}
  0x0000020a5742e994: 00c7 4008 | 4088 1600 | 4489 600c | 488b e8ba | 1000 0000 | 4c8b 9424 | b000 0000 | 4c89 5424 
  0x0000020a5742e9b4: 6066 6690 

  0x0000020a5742e9b8: ;   {static_call}
  0x0000020a5742e9b8: c5f8 77e8 

  0x0000020a5742e9bc: ; ImmutableOopMap {rbp=Oop [36]=NarrowOop [40]=Oop [48]=Oop [64]=Oop [72]=Oop [88]=Oop [96]=Oop [112]=Oop [120]=Oop [136]=NarrowOop [140]=NarrowOop [144]=Oop [176]=Oop [184]=Oop [208]=Oop }
                      ;*invokestatic newLinkedHashMap {reexecute=0 rethrow=0 return_oop=1}
                      ; - java.util.jar.Attributes::<init>@6
                      ; - java.util.jar.Attributes::<init>@3
                      ; - java.util.jar.Manifest::<init>@9
                      ; - java.util.jar.JarFile::getManifestFromReference@121
                      ; - java.util.jar.JarFile::getManifest@1
                      ; - jdk.internal.loader.URLClassPath$JarLoader$2::getManifest@22
                      ; - java.net.URLClassLoader::defineClass@34
                      ; - java.net.URLClassLoader$1::run@43
                      ; - java.net.URLClassLoader$1::run@1
                      ; - java.security.AccessController::executePrivileged@29
                      ; - java.security.AccessController::doPrivileged@13
                      ; - java.net.URLClassLoader::findClass@13
  0x0000020a5742e9bc: c00e 84ff 

  0x0000020a5742e9c0: ;   {other}
  0x0000020a5742e9c0: 0f1f 8400 | 3035 0033 | 488b f841 | 807f 4000 | 0f85 ca23 | 0000 4c8b | d744 8955 | 0c4c 8bd7 
  0x0000020a5742e9e0: 4c8b dd4d | 33d3 448b | 4424 244c | 8944 2460 | 49c1 ea14 | 488b dd4d | 85d2 741f | 4885 ff74 
  0x0000020a5742ea00: 1a49 c1eb | 0948 b900 | 00b7 5e0a | 0200 0049 | 03cb 8039 | 020f 8502 | 2500 0041 | 807f 4000 
  0x0000020a5742ea20: 0f85 e523 | 0000 4c8b | 5424 7041 | 895a 0c4c | 8bd5 4c8b | 5c24 704d | 33d3 49c1 | ea14 4d85 
  0x0000020a5742ea40: d274 1a49 | c1eb 0948 | b900 00b7 | 5e0a 0200 | 0049 03cb | 8039 020f | 856f 2400 | 004d 8b97 
  0x0000020a5742ea60: b801 0000 | 4d8b da49 | 83c3 304d | 3b9f c801 | 0000 0f83 | f937 0000 | 4d89 9fb8 | 0100 0041 
  0x0000020a5742ea80: 0f0d 8bc0 | 0000 0049 | c702 0100 | 0000 4d8b | da49 83c3 

  0x0000020a5742ea94: ;   {metadata('java/util/HashMap')}
  0x0000020a5742ea94: 2841 c742 | 0868 a908 | 004d 8bc2 | 4983 c010 | 4589 620c | c5f5 efc9 | 62d1 fe08 | 7f08 c5fd 
  0x0000020a5742eab4: efc0 c4c1 | 79d6 0349 | c742 2000 | 0040 3f49 | 8bda 4180 | 7f40 000f | 8502 2300 | 004c 8b54 
  0x0000020a5742ead4: 2470 4c8b | c34c 8b5c | 2470 4589 | 4310 4c8b | db4d 33da | 49c1 eb14 | 4d85 db74 | 1a49 c1ea 
  0x0000020a5742eaf4: 0948 b900 | 00b7 5e0a | 0200 0049 | 03ca 8039 | 020f 8570 | 2300 0048 | 8b54 2470 | 4c8b 8424 
  0x0000020a5742eb14: 9000 0000 | 4c8b 4c24 | 6048 8bac | 24b0 0000 | 004c 8b94 | 24b8 0000 | 004c 8954 | 2460 6690 
  0x0000020a5742eb34: ;   {optimized virtual_call}
  0x0000020a5742eb34: c5f8 77e8 

  0x0000020a5742eb38: ; ImmutableOopMap {rbp=Oop [40]=Oop [48]=Oop [64]=Oop [72]=Oop [88]=Oop [96]=Oop [112]=Oop [120]=Oop [136]=NarrowOop [140]=NarrowOop [176]=Oop [184]=Oop [208]=Oop }
                      ;*invokevirtual read {reexecute=0 rethrow=0 return_oop=0}
                      ; - java.util.jar.Manifest::<init>@29
                      ; - java.util.jar.JarFile::getManifestFromReference@121
                      ; - java.util.jar.JarFile::getManifest@1
                      ; - jdk.internal.loader.URLClassPath$JarLoader$2::getManifest@22
                      ; - java.net.URLClassLoader::defineClass@34
                      ; - java.net.URLClassLoader$1::run@43
                      ; - java.net.URLClassLoader$1::run@1
                      ; - java.security.AccessController::executePrivileged@29
                      ; - java.security.AccessController::doPrivileged@13
                      ; - java.net.URLClassLoader::findClass@13
  0x0000020a5742eb38: 4403 84ff 

  0x0000020a5742eb3c: ;   {other}
  0x0000020a5742eb3c: 0f1f 8400 | ac36 0034 | 4180 7f40 | 000f 85f4 | 2200 004c | 8b54 2470 | 448b 8424 | 8c00 0000 
  0x0000020a5742eb5c: 4589 4214 | 4c8b 5424 | 304c 8b5c | 2470 4d33 | d349 c1ea | 144d 85d2 | 7422 458b | d045 85d2 
  0x0000020a5742eb7c: 741a 49c1 | eb09 48b9 | 0000 b75e | 0a02 0000 | 4903 cb80 | 3902 0f85 | d623 0000 | 488b 6c24 
  0x0000020a5742eb9c: 70e9 0af6 | ffff 85ed | 0f84 dce0 | ffff 4889 | 5c24 304c | 895c 2428 | 4c8b f245 | 8bea 498b 
  0x0000020a5742ebbc: d84d 8b57 | 2848 8bcd | 4d85 d20f | 8417 2a00 | 004d 8b5f | 384b 894c | 13f8 4983 | c2f8 4d89 
  0x0000020a5742ebdc: 5728 4c8b | c345 8bd5 | 498b d64c | 8b5c 2428 | 488b 5c24 | 30e9 90e0 | ffff 4c8b | 4c24 6845 
  0x0000020a5742ebfc: 8b59 1445 | 85db 0f84 | 91de ffff | 4d8b 5728 | 498b cb4d | 85d2 0f84 | 942a 0000 | 4d8b 5f38 
  0x0000020a5742ec1c: 4b89 4c13 | f849 83c2 | f84d 8957 | 28e9 6bde | ffff 4d8b | 5748 4d8b | 5f58 f083 

  0x0000020a5742ec38: ;   {no_reloc}
  0x0000020a5742ec38: 4424 c000 | 8039 000f | 8487 deff | ff44 8821 | 4d85 d275 | 2649 8bd9 | 498b d7c5 | f877 49ba 
  0x0000020a5742ec58: 00a4 ef0f | fe7f 0000 

  0x0000020a5742ec60: ;   {other}
  0x0000020a5742ec60: 41ff d20f | 1f84 0000 | 0000 004c | 8bcb e959 | deff ff4b | 894c 13f8 | 4983 c2f8 | 4d89 5748 
  0x0000020a5742ec80: e947 deff | ff4c 8944 | 2430 4c89 | 9424 b800 | 0000 498b | d245 33c9 | 33ff 33f6 | 33c9 4533 
  0x0000020a5742eca0: d24c 8914 | 244c 8954 | 2408 4c89 | 5424 104c | 8bd2 4c89 | 9424 8000 | 0000 6690 

  0x0000020a5742ecbc: ;   {optimized virtual_call}
  0x0000020a5742ecbc: c5f8 77e8 

  0x0000020a5742ecc0: ; ImmutableOopMap {[40]=Oop [48]=Oop [64]=Oop [72]=Oop [88]=Oop [128]=Oop [136]=NarrowOop [176]=Oop [184]=Oop }
                      ;*invokevirtual definePackage {reexecute=0 rethrow=0 return_oop=1}
                      ; - java.net.URLClassLoader::defineClass@81
                      ; - java.net.URLClassLoader$1::run@43
                      ; - java.net.URLClassLoader$1::run@1
                      ; - java.security.AccessController::executePrivileged@29
                      ; - java.security.AccessController::doPrivileged@13
                      ; - java.net.URLClassLoader::findClass@13
  0x0000020a5742ecc0: bc01 84ff 

  0x0000020a5742ecc4: ;   {other}
  0x0000020a5742ecc4: 0f1f 8400 | 3438 0035 | e9db eeff | ff41 b901 | 0000 0044 | 3b8c 24a8 | 0000 007d | 5844 8b94 
  0x0000020a5742ece4: 2498 0000 | 0047 0fbe | 5c0a 1041 | 83fb 2e0f | 8417 1b00 | 0041 ffc1 | 443b 8c24 | a800 0000 
  0x0000020a5742ed04: 7cdb 488b | 8c24 9000 | 0000 4c8b | 9c24 8000 | 0000 4c8b | 4424 7844 | 8b8c 24c0 | 0000 0044 
  0x0000020a5742ed24: 8b54 2424 | 8b94 2498 | 0000 0048 | 8b6c 2430 | e932 ebff | ff48 8b8c | 2490 0000 | 004c 8b9c 
  0x0000020a5742ed44: 2480 0000 | 004c 8b44 | 2478 448b | 8c24 c000 | 0000 448b | 5424 248b | 9424 9800 | 0000 488b 
  0x0000020a5742ed64: 6c24 30e9 | ffea ffff | 4c8b 4424 | 3045 8b58 | 1445 85db | 742e 488b | e849 8bd3 | 4c8b 8424 
  0x0000020a5742ed84: 9800 0000 

  0x0000020a5742ed88: ;   {optimized virtual_call}
  0x0000020a5742ed88: c5f8 77e8 

  0x0000020a5742ed8c: ; ImmutableOopMap {rbp=Oop [40]=Oop [64]=Oop [72]=Oop [88]=Oop [96]=Oop [112]=Oop [120]=Oop [136]=NarrowOop [152]=Oop [176]=Oop [184]=Oop }
                      ;*invokevirtual isTrustedManifestEntry {reexecute=0 rethrow=0 return_oop=0}
                      ; - java.util.jar.Manifest::getTrustedAttributes@22
                      ; - java.util.jar.JavaUtilJarAccessImpl::getTrustedAttributes@2
                      ; - java.net.URLClassLoader::isSealed@18
                      ; - java.net.URLClassLoader::getAndVerifyPackage@68
                      ; - java.net.URLClassLoader::defineClass@46
                      ; - java.net.URLClassLoader$1::run@43
                      ; - java.net.URLClassLoader$1::run@1
                      ; - java.security.AccessController::executePrivileged@29
                      ; - java.security.AccessController::doPrivileged@13
                      ; - java.net.URLClassLoader::findClass@13
  0x0000020a5742ed8c: f000 84ff 

  0x0000020a5742ed90: ;   {other}
  0x0000020a5742ed90: 0f1f 8400 | 0039 0036 | 85c0 0f84 | 584a 0000 | 4c8b 4424 | 6048 8bc5 | 4c89 4424 | 6048 8bd0 
  0x0000020a5742edb0: ;   {oop(a 'java/util/jar/Attributes$Name'{0x00000000e0735780})}
  0x0000020a5742edb0: 49b8 8057 | 73e0 0000 | 0000 4c8b | 9424 b800 | 0000 4c89 | 5424 3890 

  0x0000020a5742edc8: ;   {optimized virtual_call}
  0x0000020a5742edc8: c5f8 77e8 

  0x0000020a5742edcc: ; ImmutableOopMap {[40]=Oop [56]=Oop [64]=Oop [72]=Oop [88]=Oop [96]=Oop [112]=Oop [120]=Oop [136]=NarrowOop [176]=Oop [184]=Oop }
                      ;*invokevirtual getValue {reexecute=0 rethrow=0 return_oop=1}
                      ; - java.net.URLClassLoader::isSealed@35
                      ; - java.net.URLClassLoader::getAndVerifyPackage@68
                      ; - java.net.URLClassLoader::defineClass@46
                      ; - java.net.URLClassLoader$1::run@43
                      ; - java.net.URLClassLoader$1::run@1
                      ; - java.security.AccessController::executePrivileged@29
                      ; - java.security.AccessController::doPrivileged@13
                      ; - java.net.URLClassLoader::findClass@13
  0x0000020a5742edcc: b000 84ff 

  0x0000020a5742edd0: ;   {other}
  0x0000020a5742edd0: 0f1f 8400 | 4039 0037 | 4885 c00f | 8400 edff | ffba 45ff | ffff 4c8b | 5424 404c | 8954 2420 
  0x0000020a5742edf0: 4c8b 5424 | 484c 8954 | 2428 4c8b | 5424 384c | 8954 2430 | 4c8b 5424 | 584c 8954 | 2440 4c8b 
  0x0000020a5742ee10: 5424 504c | 8954 2448 | 448b 9424 | 8800 0000 | 4489 5424 | 504c 8b54 | 2478 4c89 | 5424 6848 
  0x0000020a5742ee30: 8984 2490 | 0000 0090 

  0x0000020a5742ee38: ;   {runtime_call UncommonTrapBlob}
  0x0000020a5742ee38: c5f8 77e8 

  0x0000020a5742ee3c: ; ImmutableOopMap {[32]=Oop [40]=Oop [48]=Oop [64]=Oop [80]=NarrowOop [96]=Oop [104]=Oop [112]=Oop [144]=Oop [176]=Oop }
                      ;*ifnonnull {reexecute=1 rethrow=0 return_oop=0}
                      ; - (reexecute) java.net.URLClassLoader::isSealed@42
                      ; - java.net.URLClassLoader::getAndVerifyPackage@68
                      ; - java.net.URLClassLoader::defineClass@46
                      ; - java.net.URLClassLoader$1::run@43
                      ; - java.net.URLClassLoader$1::run@1
                      ; - java.security.AccessController::executePrivileged@29
                      ; - java.security.AccessController::doPrivileged@13
                      ; - java.net.URLClassLoader::findClass@13
  0x0000020a5742ee3c: c08c 84ff 

  0x0000020a5742ee40: ;   {other}
  0x0000020a5742ee40: 0f1f 8400 | b039 0038 | 498b d84c | 63c5 4d8d | 5810 4d8b | cb49 83e1 | f848 8bfb | 4903 f949 
  0x0000020a5742ee60: c1eb 034d | 2bd3 498b | ca48 33c0 | 4883 f908 | 7f10 48ff | c978 5648 | 8904 cf48 | ffc9 7df7 
  0x0000020a5742ee80: eb4b c5fd | efc0 e90d | 0000 00c5 | fe7f 07c5 | fe7f 4720 | 4883 c740 | 4883 e908 | 7ded 4883 
  0x0000020a5742eea0: c104 7c0c | c5fe 7f07 | 4883 c720 | 4883 e904 | 4883 c104 | 7e17 48c7 | c0ff ffff | ffc4 e2f0 
  0x0000020a5742eec0: f5c0 c4e1 | fb92 f862 | f1fe 2f7f | 0749 83f8 | 2077 304c | 63d5 49bb | ffff ffff | ffff ffff 
  0x0000020a5742eee0: c442 a8f5 | dbc4 c1fb | 92fb 4c8b | 5424 3062 | d17f af6f | 0262 f17f | 2f7f 024c | 8bc3 e986 
  0x0000020a5742ef00: dbff ff48 | 8b4c 2430 | c5f8 7749 | bac0 20c5 | 560a 0200 | 0041 ffd2 

  0x0000020a5742ef18: ;   {other}
  0x0000020a5742ef18: 0f1f 8400 | 0000 0000 | ebd9 33c0 | e9d2 ddff 

  0x0000020a5742ef28: ;   {metadata('jdk/internal/loader/URLClassPath$FileLoader$1')}
  0x0000020a5742ef28: ff81 ff88 | f42f 010f | 85a7 4900 | 0048 8bfe | 448b 571c 

  0x0000020a5742ef3c: ; implicit exception: dispatches to 0x0000020a57434a93
  0x0000020a5742ef3c: 458b 520c | e9be d8ff | ff48 8b6c | 2430 c5f8 | 7748 b888 | f42f 640a 

  0x0000020a5742ef54: ;   {virtual_call}
  0x0000020a5742ef54: 0200 00e8 

  0x0000020a5742ef58: ; ImmutableOopMap {rbp=Oop [40]=Oop [64]=Oop [72]=Oop [88]=NarrowOop [176]=Oop [184]=Oop }
                      ;*invokevirtual getBytes {reexecute=0 rethrow=0 return_oop=1}
                      ; - java.net.URLClassLoader::defineClass@179
                      ; - java.net.URLClassLoader$1::run@43
                      ; - java.net.URLClassLoader$1::run@1
                      ; - java.security.AccessController::executePrivileged@29
                      ; - java.security.AccessController::doPrivileged@13
                      ; - java.net.URLClassLoader::findClass@13
  0x0000020a5742ef58: 04e9 e1ff 

  0x0000020a5742ef5c: ;   {other}
  0x0000020a5742ef5c: 0f1f 8400 | cc3a 0039 | 4889 4424 | 68e9 bbec 

  0x0000020a5742ef6c: ;   {metadata('jdk/internal/loader/URLClassPath$FileLoader$1')}
  0x0000020a5742ef6c: ffff 4181 | f888 f42f | 010f 85b1 | 4900 0045 | 33c0 e9e5 | ecff ff48 | 8954 2428 | e934 ecff 
  0x0000020a5742ef8c: ff45 33db | e93d ddff | ff4c 8b8c | 2490 0000 | 00e9 c1e2 | ffff 488b | d844 8b40 | 0849 bb00 
  0x0000020a5742efac: 0000 630a | 0200 004d | 03d8 4d8b 

  0x0000020a5742efb8: ;   {metadata('java/lang/Exception')}
  0x0000020a5742efb8: 5340 49bb | 20c0 0063 | 0a02 0000 | 4d3b d30f | 852c 3c00 | 0033 c04c | 8b5c 2448 | e99c d5ff 
  0x0000020a5742efd8: ff33 c04d | 8bc8 e9d8 | dfff ff49 | 8b87 b801 | 0000 4c8b | d049 83c2 | 204d 3b97 | c801 0000 
  0x0000020a5742eff8: 0f83 6a35 | 0000 4d89 | 97b8 0100 | 0041 0f0d | 8ac0 0000 | 0048 c700 | 0100 0000 | 4c8b d049 
  0x0000020a5742f018: ;   {metadata('java/io/File')}
  0x0000020a5742f018: 83c2 10c7 | 4008 10f6 | 0400 4489 | 600c c5fd | efc0 62d1 | fe08 7f02 | 4c8b d04c | 8954 2468 
  0x0000020a5742f038: 488b 5424 | 4841 b82f | 0000 0041 | b95c 0000 | 0066 6690 

  0x0000020a5742f04c: ;   {optimized virtual_call}
  0x0000020a5742f04c: c5f8 77e8 

  0x0000020a5742f050: ; ImmutableOopMap {rbp=Oop [36]=NarrowOop [40]=Oop [48]=NarrowOop [64]=Oop [72]=Oop [88]=Oop [96]=Oop [104]=Oop [176]=Oop [184]=Oop }
                      ;*invokevirtual replace {reexecute=0 rethrow=0 return_oop=1}
                      ; - jdk.internal.loader.URLClassPath$FileLoader::getResource@115
                      ; - jdk.internal.loader.URLClassPath::getResource@53
                      ; - java.net.URLClassLoader$1::run@26
                      ; - java.net.URLClassLoader$1::run@1
                      ; - java.security.AccessController::executePrivileged@29
                      ; - java.security.AccessController::doPrivileged@13
                      ; - java.net.URLClassLoader::findClass@13
  0x0000020a5742f050: ac03 e3ff 

  0x0000020a5742f054: ;   {other}
  0x0000020a5742f054: 0f1f 8400 | c43b 003a | 4889 4424 | 7041 807f | 4000 0f85 | 8c2d 0000 | 4c8b 5424 | 6845 8962 
  0x0000020a5742f074: 144c 8b54 | 2470 4d85 | d20f 84e9 | 4800 0044 | 8b5c 2424 | 4585 db0f | 844f 1500 | 0045 8b5b 
  0x0000020a5742f094: 1045 85db | 0f84 2249 | 0000 498b | d344 8b5c | 2424 498b | eb4c 8b94 | 24b0 0000 | 004c 8954 
  0x0000020a5742f0b4: 2478 6690 

  0x0000020a5742f0b8: ;   {optimized virtual_call}
  0x0000020a5742f0b8: c5f8 77e8 

  0x0000020a5742f0bc: ; ImmutableOopMap {rbp=Oop [36]=NarrowOop [40]=Oop [48]=NarrowOop [64]=Oop [72]=Oop [88]=Oop [96]=Oop [104]=Oop [112]=Oop [120]=Oop [176]=Oop [184]=Oop }
                      ;*invokevirtual isEmpty {reexecute=0 rethrow=0 return_oop=0}
                      ; - java.io.File::<init>@29
                      ; - jdk.internal.loader.URLClassPath$FileLoader::getResource@118
                      ; - jdk.internal.loader.URLClassPath::getResource@53
                      ; - java.net.URLClassLoader$1::run@26
                      ; - java.net.URLClassLoader$1::run@1
                      ; - java.security.AccessController::executePrivileged@29
                      ; - java.security.AccessController::doPrivileged@13
                      ; - java.net.URLClassLoader::findClass@13
  0x0000020a5742f0bc: 8090 e1ff 

  0x0000020a5742f0c0: ;   {other}
  0x0000020a5742f0c0: 0f1f 8400 | 303c 003b | 85c0 0f84 | 1c16 0000 

  0x0000020a5742f0d0: ;   {oop(a 'java/io/WinNTFileSystem'{0x00000000e06a9888})}
  0x0000020a5742f0d0: 48ba 8898 | 6ae0 0000 | 0000 488b | 6c24 7890 

  0x0000020a5742f0e0: ;   {optimized virtual_call}
  0x0000020a5742f0e0: c5f8 77e8 

  0x0000020a5742f0e4: ; ImmutableOopMap {rbp=Oop [40]=Oop [48]=NarrowOop [64]=Oop [72]=Oop [88]=Oop [96]=Oop [104]=Oop [112]=Oop [176]=Oop [184]=Oop }
                      ;*invokevirtual getDefaultParent {reexecute=0 rethrow=0 return_oop=1}
                      ; - java.io.File::<init>@42
                      ; - jdk.internal.loader.URLClassPath$FileLoader::getResource@118
                      ; - jdk.internal.loader.URLClassPath::getResource@53
                      ; - java.net.URLClassLoader$1::run@26
                      ; - java.net.URLClassLoader$1::run@1
                      ; - java.security.AccessController::executePrivileged@29
                      ; - java.security.AccessController::doPrivileged@13
                      ; - java.net.URLClassLoader::findClass@13
  0x0000020a5742f0e4: 98fd 83ff 

  0x0000020a5742f0e8: ;   {other}
  0x0000020a5742f0e8: 0f1f 8400 | 583c 003c 

  0x0000020a5742f0f0: ;   {oop(a 'java/io/WinNTFileSystem'{0x00000000e06a9888})}
  0x0000020a5742f0f0: 488b e848 | ba88 986a | e000 0000 | 004c 8b44 | 2470 4c8b | 9424 b000 | 0000 4c89 | 5424 7090 
  0x0000020a5742f110: ;   {optimized virtual_call}
  0x0000020a5742f110: c5f8 77e8 

  0x0000020a5742f114: ; ImmutableOopMap {rbp=Oop [40]=Oop [48]=NarrowOop [64]=Oop [72]=Oop [88]=Oop [96]=Oop [104]=Oop [112]=Oop [176]=Oop [184]=Oop }
                      ;*invokevirtual normalize {reexecute=0 rethrow=0 return_oop=1}
                      ; - java.io.File::<init>@49
                      ; - jdk.internal.loader.URLClassPath$FileLoader::getResource@118
                      ; - jdk.internal.loader.URLClassPath::getResource@53
                      ; - java.net.URLClassLoader$1::run@26
                      ; - java.net.URLClassLoader$1::run@1
                      ; - java.security.AccessController::executePrivileged@29
                      ; - java.security.AccessController::doPrivileged@13
                      ; - java.net.URLClassLoader::findClass@13
  0x0000020a5742f114: 68fd 83ff 

  0x0000020a5742f118: ;   {other}
  0x0000020a5742f118: 0f1f 8400 | 883c 003d 

  0x0000020a5742f120: ;   {oop(a 'java/io/WinNTFileSystem'{0x00000000e06a9888})}
  0x0000020a5742f120: 48ba 8898 | 6ae0 0000 | 0000 4c8b | c54c 8bc8 | 488b 6c24 | 7066 6690 

  0x0000020a5742f138: ;   {optimized virtual_call}
  0x0000020a5742f138: c5f8 77e8 

  0x0000020a5742f13c: ; ImmutableOopMap {rbp=Oop [40]=Oop [48]=NarrowOop [64]=Oop [72]=Oop [88]=Oop [96]=Oop [104]=Oop [176]=Oop [184]=Oop }
                      ;*invokevirtual resolve {reexecute=0 rethrow=0 return_oop=1}
                      ; - java.io.File::<init>@52
                      ; - jdk.internal.loader.URLClassPath$FileLoader::getResource@118
                      ; - jdk.internal.loader.URLClassPath::getResource@53
                      ; - java.net.URLClassLoader$1::run@26
                      ; - java.net.URLClassLoader$1::run@1
                      ; - java.security.AccessController::executePrivileged@29
                      ; - java.security.AccessController::doPrivileged@13
                      ; - java.net.URLClassLoader::findClass@13
  0x0000020a5742f13c: 40fd 83ff 

  0x0000020a5742f140: ;   {other}
  0x0000020a5742f140: 0f1f 8400 | b03c 003e | 488b d841 | 807f 4000 | 0f85 672e | 0000 4c8b | db4c 8b54 | 2468 4589 
  0x0000020a5742f160: 5a10 4c8b | db4d 33da | 49c1 eb14 | 4d85 db74 | 1f48 85db | 741a 49c1 | ea09 48b9 | 0000 b75e 
  0x0000020a5742f180: 0a02 0000 | 4903 ca80 | 3902 0f85 | 652e 0000 | 4c8b 5424 | 6845 8b5a | 104d 8bc3 

  0x0000020a5742f19c: ;   {oop(a 'java/io/WinNTFileSystem'{0x00000000e06a9888})}
  0x0000020a5742f19c: 48ba 8898 | 6ae0 0000 | 0000 488b | ac24 b000 | 0000 6690 

  0x0000020a5742f1b0: ;   {optimized virtual_call}
  0x0000020a5742f1b0: c5f8 77e8 

  0x0000020a5742f1b4: ; ImmutableOopMap {rbp=Oop [40]=Oop [48]=NarrowOop [64]=Oop [72]=Oop [88]=Oop [96]=Oop [104]=Oop [176]=Oop [184]=Oop }
                      ;*invokevirtual prefixLength {reexecute=0 rethrow=0 return_oop=0}
                      ; - java.io.File::<init>@104
                      ; - jdk.internal.loader.URLClassPath$FileLoader::getResource@118
                      ; - jdk.internal.loader.URLClassPath::getResource@53
                      ; - java.net.URLClassLoader$1::run@26
                      ; - java.net.URLClassLoader$1::run@1
                      ; - java.security.AccessController::executePrivileged@29
                      ; - java.security.AccessController::doPrivileged@13
                      ; - java.net.URLClassLoader::findClass@13
  0x0000020a5742f1b4: c868 f8ff 

  0x0000020a5742f1b8: ;   {other}
  0x0000020a5742f1b8: 0f1f 8400 | 283d 003f | 4c8b 5424 | 6841 8942 | 0c4c 8954 | 2470 e93f | f5ff ff4c | 8954 2468 
  0x0000020a5742f1d8: ;   {oop(a 'java/io/WinNTFileSystem'{0x00000000e06a9888})}
  0x0000020a5742f1d8: 48ba 8898 | 6ae0 0000 | 0000 4d8b | c348 8bac | 24b0 0000 | 0066 6690 

  0x0000020a5742f1f0: ;   {optimized virtual_call}
  0x0000020a5742f1f0: c5f8 77e8 

  0x0000020a5742f1f4: ; ImmutableOopMap {rbp=Oop [40]=Oop [48]=NarrowOop [64]=Oop [72]=Oop [88]=Oop [96]=Oop [104]=Oop [176]=Oop [184]=Oop }
                      ;*invokevirtual normalize {reexecute=0 rethrow=0 return_oop=1}
                      ; - java.io.File::<init>@90
                      ; - jdk.internal.loader.URLClassPath$FileLoader::getResource@73
                      ; - jdk.internal.loader.URLClassPath::getResource@53
                      ; - java.net.URLClassLoader$1::run@26
                      ; - java.net.URLClassLoader$1::run@1
                      ; - java.security.AccessController::executePrivileged@29
                      ; - java.security.AccessController::doPrivileged@13
                      ; - java.net.URLClassLoader::findClass@13
  0x0000020a5742f1f4: 88fc 83ff 

  0x0000020a5742f1f8: ;   {other}
  0x0000020a5742f1f8: 0f1f 8400 | 683d 0040 | 488b d841 | 807f 4000 | 0f85 9b2c | 0000 4c8b | d34c 8b5c | 2468 4589 
  0x0000020a5742f218: 5310 4d8b | d34c 8bdb | 4d33 da49 | c1eb 144d | 85db 0f84 | 44f4 ffff | 4885 db0f | 843b f4ff 
  0x0000020a5742f238: ff49 c1ea | 0948 b900 | 00b7 5e0a | 0200 0049 | 03ca 8039 | 020f 8421 | f4ff ff4d | 8b57 584d 
  0x0000020a5742f258: 8b5f 48f0 | 8344 24c0 | 0080 3900 | 0f84 0af4 | ffff 4488 | 214d 85db | 7520 498b | d7c5 f877 
  0x0000020a5742f278: 49ba 00a4 | ef0f fe7f | 0000 41ff 

  0x0000020a5742f284: ;   {other}
  0x0000020a5742f284: d20f 1f84 | 0000 0000 | 00e9 e2f3 | ffff 4b89 | 4c1a f849 | 83c3 f84d | 895f 48e9 | d0f3 ffff 
  0x0000020a5742f2a4: 448b 5c24 | 2441 8b6b 

  0x0000020a5742f2ac: ;   {oop(a 'java/io/WinNTFileSystem'{0x00000000e06a9888})}
  0x0000020a5742f2ac: 1048 ba88 | 986a e000 | 0000 004c | 8b44 2470 | 4c8b 5424 | 784c 8954 | 2470 6690 

  0x0000020a5742f2c8: ;   {optimized virtual_call}
  0x0000020a5742f2c8: c5f8 77e8 

  0x0000020a5742f2cc: ; ImmutableOopMap {rbp=NarrowOop [40]=Oop [48]=NarrowOop [64]=Oop [72]=Oop [88]=Oop [96]=Oop [104]=Oop [112]=Oop [176]=Oop [184]=Oop }
                      ;*invokevirtual normalize {reexecute=0 rethrow=0 return_oop=1}
                      ; - java.io.File::<init>@73
                      ; - jdk.internal.loader.URLClassPath$FileLoader::getResource@73
                      ; - jdk.internal.loader.URLClassPath::getResource@53
                      ; - java.net.URLClassLoader$1::run@26
                      ; - java.net.URLClassLoader$1::run@1
                      ; - java.security.AccessController::executePrivileged@29
                      ; - java.security.AccessController::doPrivileged@13
                      ; - java.net.URLClassLoader::findClass@13
  0x0000020a5742f2cc: b0fb 83ff 

  0x0000020a5742f2d0: ;   {other}
  0x0000020a5742f2d0: 0f1f 8400 | 403e 0041 

  0x0000020a5742f2d8: ;   {oop(a 'java/io/WinNTFileSystem'{0x00000000e06a9888})}
  0x0000020a5742f2d8: 4c8b c548 | ba88 986a | e000 0000 | 004c 8bc8 | 488b 6c24 | 7066 6690 

  0x0000020a5742f2f0: ;   {optimized virtual_call}
  0x0000020a5742f2f0: c5f8 77e8 

  0x0000020a5742f2f4: ; ImmutableOopMap {rbp=Oop [40]=Oop [48]=NarrowOop [64]=Oop [72]=Oop [88]=Oop [96]=Oop [104]=Oop [176]=Oop [184]=Oop }
                      ;*invokevirtual resolve {reexecute=0 rethrow=0 return_oop=1}
                      ; - java.io.File::<init>@76
                      ; - jdk.internal.loader.URLClassPath$FileLoader::getResource@73
                      ; - jdk.internal.loader.URLClassPath::getResource@53
                      ; - java.net.URLClassLoader$1::run@26
                      ; - java.net.URLClassLoader$1::run@1
                      ; - java.security.AccessController::executePrivileged@29
                      ; - java.security.AccessController::doPrivileged@13
                      ; - java.net.URLClassLoader::findClass@13
  0x0000020a5742f2f4: 88fb 83ff 

  0x0000020a5742f2f8: ;   {other}
  0x0000020a5742f2f8: 0f1f 8400 | 683e 0042 | 488b d841 | 807f 4000 | 0f85 772c | 0000 4c8b | db4c 8b54 | 2468 4589 
  0x0000020a5742f318: 5a10 4c8b | db4d 33da | 49c1 eb14 | 4d85 db0f | 8447 f3ff | ff48 85db | 0f84 3ef3 | ffff 49c1 
  0x0000020a5742f338: ea09 48b9 | 0000 b75e | 0a02 0000 | 4903 ca80 | 3902 0f84 | 24f3 ffff | 4d8b 5758 | 4d8b 5f48 
  0x0000020a5742f358: f083 4424 | c000 8039 | 000f 840d | f3ff ff44 | 8821 4d85 | db75 2049 | 8bd7 c5f8 | 7749 ba00 
  0x0000020a5742f378: a4ef 0ffe | 7f00 0041 

  0x0000020a5742f380: ;   {other}
  0x0000020a5742f380: ffd2 0f1f | 8400 0000 | 0000 e9e5 | f2ff ff4b | 894c 1af8 | 4983 c3f8 | 4d89 5f48 | e9d3 f2ff 
  0x0000020a5742f3a0: ff49 8b87 | b801 0000 | 488b d848 | 83c3 1849 | 3b9f c801 | 0000 0f83 | 0033 0000 | 4989 9fb8 
  0x0000020a5742f3c0: 0100 000f | 0d8b c000 | 0000 48c7 | 0001 0000 

  0x0000020a5742f3d0: ;   {metadata('java/lang/String')}
  0x0000020a5742f3d0: 00c7 4008 | 78e8 0000 | 4489 600c | 4489 6010 

  0x0000020a5742f3e0: ;   {oop([B{0x00000000e0716fb8})}
  0x0000020a5742f3e0: c740 14b8 

  0x0000020a5742f3e4: ;   {oop("/"{0x00000000e0716fa0})}
  0x0000020a5742f3e4: 6f71 e048 | bba0 6f71 | e000 0000 | 008b 530c | 8950 0c0f | b65b 1188 | 5811 4889 | 8424 9800 
  0x0000020a5742f404: 0000 e97f | e6ff ff89 | 4c24 504c | 8974 2448 | 4489 4424 | 4489 4424 | 4044 894c | 242c 4c89 
  0x0000020a5742f424: 5c24 384c | 8954 2430 | 897c 2428 | 4889 5c24 | 2048 8bac | 24b8 0000 

  0x0000020a5742f43c: ;   {metadata({type array byte})}
  0x0000020a5742f43c: 0048 ba18 | 2300 630a | 0200 0044 | 8b44 2450 | 4c8b 9424 | b000 0000 | 4c89 6c24 | 604c 8954 
  0x0000020a5742f45c: 2468 6690 

  0x0000020a5742f460: ;   {runtime_call _new_array_Java}
  0x0000020a5742f460: c5f8 77e8 

  0x0000020a5742f464: ; ImmutableOopMap {rbp=Oop [32]=Oop [48]=Oop [56]=Oop [104]=Oop [176]=Oop [184]=Oop }
                      ;*invokevirtual allocateUninitializedArray0 {reexecute=0 rethrow=0 return_oop=1}
                      ; - jdk.internal.misc.Unsafe::allocateUninitializedArray@51
                      ; - java.lang.StringConcatHelper::newArray@33
                      ; - java.lang.StringConcatHelper::simpleConcat@61
                      ; - java.lang.String::concat@11
                      ; - java.net.URLClassLoader$1::run@13
                      ; - java.net.URLClassLoader$1::run@1
                      ; - java.security.AccessController::executePrivileged@29
                      ; - java.security.AccessController::doPrivileged@13
                      ; - java.net.URLClassLoader::findClass@13
  0x0000020a5742f464: 983d 88ff 

  0x0000020a5742f468: ;   {other}
  0x0000020a5742f468: 0f1f 8400 | d83f 0043 | 488b d048 | 8b5c 2420 | 8b7c 2428 | 4c8b 5424 | 304c 8b5c | 2438 448b 
  0x0000020a5742f488: 4c24 2c8b | 4424 4044 | 8b44 2444 | 4c8b 7424 | 488b 4c24 | 5048 8bf2 | e919 cfff | ff48 8974 
  0x0000020a5742f4a8: 2430 897c | 2428 4889 | 5c24 2048 | 8bac 24b8 

  0x0000020a5742f4b8: ;   {metadata('java/lang/String')}
  0x0000020a5742f4b8: 0000 0048 | ba78 e800 | 630a 0200 | 004c 8b94 | 24b0 0000 | 004c 8954 | 2440 6690 

  0x0000020a5742f4d4: ;   {runtime_call _new_instance_Java}
  0x0000020a5742f4d4: c5f8 77e8 

  0x0000020a5742f4d8: ; ImmutableOopMap {rbp=Oop [32]=Oop [48]=Oop [64]=Oop [176]=Oop [184]=Oop }
                      ;*new {reexecute=0 rethrow=0 return_oop=1}
                      ; - java.lang.StringConcatHelper::newString@6
                      ; - java.lang.StringConcatHelper::simpleConcat@90
                      ; - java.lang.String::concat@11
                      ; - java.net.URLClassLoader$1::run@13
                      ; - java.net.URLClassLoader$1::run@1
                      ; - java.security.AccessController::executePrivileged@29
                      ; - java.security.AccessController::doPrivileged@13
                      ; - java.net.URLClassLoader::findClass@13
  0x0000020a5742f4d8: 2440 88ff 

  0x0000020a5742f4dc: ;   {other}
  0x0000020a5742f4dc: 0f1f 8400 | 4c40 0044 | 488b 5c24 | 208b 7c24 | 2848 8b74 | 2430 e98b | cfff ff0f | b64d 1185 
  0x0000020a5742f4fc: c90f 85b4 | d6ff ff48 | 897c 2460 | 4c89 5c24 | 5848 8954 | 2430 4489 | 5424 2848 | 8974 2448 
  0x0000020a5742f51c: 4c89 8424 | b000 0000 | 4c8b 9424 | b800 0000 | 4c89 5424 | 704c 8944 | 2478 4c89 | 8424 9800 
  0x0000020a5742f53c: 0000 6690 

  0x0000020a5742f540: ;   {static_call}
  0x0000020a5742f540: c5f8 77e8 

  0x0000020a5742f544: ; ImmutableOopMap {rbp=NarrowOop [40]=NarrowOop [48]=Oop [64]=Oop [72]=Oop [88]=Oop [96]=Oop [112]=Oop [120]=Oop [152]=Oop [176]=Oop [184]=Oop [208]=Oop }
                      ;*invokestatic beginInit {reexecute=0 rethrow=0 return_oop=1}
                      ; - java.util.jar.JarFile::ensureInitialization@31
                      ; - java.util.jar.JavaUtilJarAccessImpl::ensureInitialization@1
                      ; - jdk.internal.loader.URLClassPath$JarLoader$2::getManifest@10
                      ; - java.net.URLClassLoader::defineClass@34
                      ; - java.net.URLClassLoader$1::run@43
                      ; - java.net.URLClassLoader$1::run@1
                      ; - java.security.AccessController::executePrivileged@29
                      ; - java.security.AccessController::doPrivileged@13
                      ; - java.net.URLClassLoader::findClass@13
  0x0000020a5742f544: 3803 84ff 

  0x0000020a5742f548: ;   {other}
  0x0000020a5742f548: 0f1f 8400 | b840 0045 | 4889 4424 | 6848 8b54 | 2460 4c8b | 5424 784c | 8954 2470 | 4c8b 9424 
  0x0000020a5742f568: b800 0000 | 4c89 5424 | 7866 6690 

  0x0000020a5742f574: ;   {optimized virtual_call}
  0x0000020a5742f574: c5f8 77e8 

  0x0000020a5742f578: ; ImmutableOopMap {rbp=NarrowOop [40]=NarrowOop [48]=Oop [64]=Oop [72]=Oop [88]=Oop [96]=Oop [104]=Oop [112]=Oop [120]=Oop [176]=Oop [184]=Oop [208]=Oop }
                      ;*invokevirtual initializeVerifier {reexecute=0 rethrow=0 return_oop=0}
                      ; - java.util.jar.JarFile::ensureInitialization@36
                      ; - java.util.jar.JavaUtilJarAccessImpl::ensureInitialization@1
                      ; - jdk.internal.loader.URLClassPath$JarLoader$2::getManifest@10
                      ; - java.net.URLClassLoader::defineClass@34
                      ; - java.net.URLClassLoader$1::run@43
                      ; - java.net.URLClassLoader$1::run@1
                      ; - java.security.AccessController::executePrivileged@29
                      ; - java.security.AccessController::doPrivileged@13
                      ; - java.net.URLClassLoader::findClass@13
  0x0000020a5742f578: 04f9 83ff 

  0x0000020a5742f57c: ;   {other}
  0x0000020a5742f57c: 0f1f 8400 | ec40 0046 | c645 1101 | 488b 5424 | 6848 8b6c | 2470 4c8b | 5424 784c | 8954 2468 
  0x0000020a5742f59c: ;   {static_call}
  0x0000020a5742f59c: c5f8 77e8 

  0x0000020a5742f5a0: ; ImmutableOopMap {rbp=Oop [40]=NarrowOop [48]=Oop [64]=Oop [72]=Oop [88]=Oop [96]=Oop [104]=Oop [176]=Oop [184]=Oop [208]=Oop }
                      ;*invokestatic endInit {reexecute=0 rethrow=0 return_oop=0}
                      ; - java.util.jar.JarFile::ensureInitialization@45
                      ; - java.util.jar.JavaUtilJarAccessImpl::ensureInitialization@1
                      ; - jdk.internal.loader.URLClassPath$JarLoader$2::getManifest@10
                      ; - java.net.URLClassLoader::defineClass@34
                      ; - java.net.URLClassLoader$1::run@43
                      ; - java.net.URLClassLoader$1::run@1
                      ; - java.security.AccessController::executePrivileged@29
                      ; - java.security.AccessController::doPrivileged@13
                      ; - java.net.URLClassLoader::findClass@13
  0x0000020a5742f5a0: dc02 84ff 

  0x0000020a5742f5a4: ;   {other}
  0x0000020a5742f5a4: 0f1f 8400 | 1441 0047 | 4c8b c548 | 8b74 2448 | 448b 5424 | 2848 8b54 | 2430 4c8b | 5c24 5848 
  0x0000020a5742f5c4: 8b7c 2460 | e9ea d5ff | ff4c 8b54 | 2468 4c8b | 4424 304c | 8b5c 2438 | 448b 4c24 | 2448 8b4c 
  0x0000020a5742f5e4: 2460 e966 

  0x0000020a5742f5e8: ;   {metadata('java/lang/ClassNotFoundException')}
  0x0000020a5742f5e8: d7ff ff48 | ba88 9306 | 630a 0200 | 0066 6690 

  0x0000020a5742f5f8: ;   {runtime_call _new_instance_Java}
  0x0000020a5742f5f8: c5f8 77e8 

  0x0000020a5742f5fc: ; ImmutableOopMap {[176]=Oop }
                      ;*new {reexecute=0 rethrow=0 return_oop=1}
                      ; - java.net.URLClassLoader::findClass@36
  0x0000020a5742f5fc: 003f 88ff 

  0x0000020a5742f600: ;   {other}
  0x0000020a5742f600: 0f1f 8400 | 7041 0048 | e908 d0ff | ff4c 8b84 | 24d0 0000 | 0041 c640 | 1101 33c0 | 4c8b 5424 
  0x0000020a5742f620: 684c 8b5c | 2438 448b | 4c24 24e9 | cbd6 ffff | 4889 4424 | 4889 5424 | 4089 4c24 | 3c89 7c24 
  0x0000020a5742f640: 3844 894c | 2434 4489 | 4424 3048 | 895c 2428 | 4c8b 9424 | b800 0000 | 4c89 5424 

  0x0000020a5742f65c: ;   {metadata({type array byte})}
  0x0000020a5742f65c: 2048 ba18 | 2300 630a | 0200 0045 | 8bc1 4c8b | 9424 b000 | 0000 4c89 | 5424 584c | 8954 2460 
  0x0000020a5742f67c: ;   {runtime_call _new_array_Java}
  0x0000020a5742f67c: c5f8 77e8 

  0x0000020a5742f680: ; ImmutableOopMap {[32]=Oop [40]=Oop [48]=NarrowOop [72]=Oop [88]=Oop [96]=Oop [176]=Oop [184]=Oop }
                      ;*invokevirtual allocateUninitializedArray0 {reexecute=0 rethrow=0 return_oop=1}
                      ; - jdk.internal.misc.Unsafe::allocateUninitializedArray@51
                      ; - java.lang.StringConcatHelper::newArray@33
                      ; - java.lang.StringLatin1::replace@49
                      ; - java.lang.String::replace@18
                      ; - java.net.URLClassLoader$1::run@8
                      ; - java.net.URLClassLoader$1::run@1
                      ; - java.security.AccessController::executePrivileged@29
                      ; - java.security.AccessController::doPrivileged@13
                      ; - java.net.URLClassLoader::findClass@13
  0x0000020a5742f680: 7c3b 88ff 

  0x0000020a5742f684: ;   {other}
  0x0000020a5742f684: 0f1f 8400 | f441 0049 | 4c8b d048 | 8b5c 2428 | 448b 4424 | 3044 8b4c | 2434 8b7c | 2438 8b4c 
  0x0000020a5742f6a4: 243c 8b54 | 2440 488b | 4424 48e9 | ecc9 ffff | 4c89 5424 | 3089 7c24 | 2848 895c | 2420 488b 
  0x0000020a5742f6c4: ac24 b800 

  0x0000020a5742f6c8: ;   {metadata('java/lang/String')}
  0x0000020a5742f6c8: 0000 48ba | 78e8 0063 | 0a02 0000 | 4c8b 9424 | b000 0000 | 4c89 5424 | 404c 8954 | 2448 6690 
  0x0000020a5742f6e8: ;   {runtime_call _new_instance_Java}
  0x0000020a5742f6e8: c5f8 77e8 

  0x0000020a5742f6ec: ; ImmutableOopMap {rbp=Oop [32]=Oop [48]=Oop [64]=Oop [72]=Oop [176]=Oop [184]=Oop }
                      ;*new {reexecute=0 rethrow=0 return_oop=1}
                      ; - java.lang.StringLatin1::replace@116
                      ; - java.lang.String::replace@18
                      ; - java.net.URLClassLoader$1::run@8
                      ; - java.net.URLClassLoader$1::run@1
                      ; - java.security.AccessController::executePrivileged@29
                      ; - java.security.AccessController::doPrivileged@13
                      ; - java.net.URLClassLoader::findClass@13
  0x0000020a5742f6ec: 103e 88ff 

  0x0000020a5742f6f0: ;   {other}
  0x0000020a5742f6f0: 0f1f 8400 | 6042 004a | 488b 5c24 | 208b 7c24 | 284c 8b54 | 2430 4c8b | d8e9 d5cb | ffff 4c8b 
  0x0000020a5742f710: 9424 c800 | 0000 e90f | d9ff ff4c | 8944 2420 | 4c89 5424 

  0x0000020a5742f724: ;   {metadata('java/security/CodeSource')}
  0x0000020a5742f724: 4848 ba28 | 5c00 630a | 0200 008b | 6c24 584c | 8b94 24b0 | 0000 004c | 8954 2430 

  0x0000020a5742f740: ;   {runtime_call _new_instance_Java}
  0x0000020a5742f740: c5f8 77e8 

  0x0000020a5742f744: ; ImmutableOopMap {rbp=NarrowOop [32]=Oop [40]=Oop [48]=Oop [64]=Oop [72]=Oop [104]=Oop [176]=Oop [184]=Oop }
                      ;*new {reexecute=0 rethrow=0 return_oop=1}
                      ; - java.net.URLClassLoader::defineClass@190
                      ; - java.net.URLClassLoader$1::run@43
                      ; - java.net.URLClassLoader$1::run@1
                      ; - java.security.AccessController::executePrivileged@29
                      ; - java.security.AccessController::doPrivileged@13
                      ; - java.net.URLClassLoader::findClass@13
  0x0000020a5742f744: b83d 88ff 

  0x0000020a5742f748: ;   {other}
  0x0000020a5742f748: 0f1f 8400 | b842 004b | e975 e5ff | ff48 8b54 | 2478 6690 

  0x0000020a5742f75c: ;   {optimized virtual_call}
  0x0000020a5742f75c: c5f8 77e8 

  0x0000020a5742f760: ; ImmutableOopMap {rbp=Oop [36]=NarrowOop [40]=Oop [64]=Oop [72]=Oop [88]=Oop [96]=Oop [112]=Oop [120]=Oop [128]=Oop [136]=NarrowOop [176]=Oop [184]=Oop [208]=Oop }
                      ;*invokevirtual getManifestNum {reexecute=0 rethrow=0 return_oop=0}
                      ; - java.util.zip.ZipFile$1::getManifestNum@1
                      ; - java.util.jar.JarFile::getManifestFromReference@59
                      ; - java.util.jar.JarFile::getManifest@1
                      ; - jdk.internal.loader.URLClassPath$JarLoader$2::getManifest@22
                      ; - java.net.URLClassLoader::defineClass@34
                      ; - java.net.URLClassLoader$1::run@43
                      ; - java.net.URLClassLoader$1::run@1
                      ; - java.security.AccessController::executePrivileged@29
                      ; - java.security.AccessController::doPrivileged@13
                      ; - java.net.URLClassLoader::findClass@13
  0x0000020a5742f760: 1cf7 83ff 

  0x0000020a5742f764: ;   {other}
  0x0000020a5742f764: 0f1f 8400 | d442 004c | 83f8 010f | 85f6 f0ff | ff49 8b87 | b801 0000 | 4c8b d049 | 83c2 404d 
  0x0000020a5742f784: 3b97 c801 | 0000 0f83 | 603e 0000 | 4d89 97b8 | 0100 0041 | 0f0d 8ac0 | 0000 0048 | c700 0100 
  0x0000020a5742f7a4: 0000 4c8b | d049 83c2 

  0x0000020a5742f7ac: ;   {metadata('java/util/jar/JarVerifier')}
  0x0000020a5742f7ac: 10c7 4008 | 789e 1600 | 4489 600c | c5fd efc0 | 62d1 fe28 | 7f02 62d1 | fe08 7f42 | 024c 8bd0 
  0x0000020a5742f7cc: 4c89 9424 | 9000 0000 | 4c8b 5424 | 7045 8b52 

  0x0000020a5742f7dc: ;   {metadata('java/util/jar/JarFile$JarFileEntry')}
  0x0000020a5742f7dc: 0841 81fa | d032 3100 | 0f85 5343 | 0000 4c8b | 5424 704c | 8b9c 2490 | 0000 0041 | c643 0e01 
  0x0000020a5742f7fc: 458b 5a60 | 4c8b 9424 | 9000 0000 | 4589 5a30 | 41c6 420d | 014d 8bd3 | 4c8b 8424 | 9000 0000 
  0x0000020a5742f81c: 4d33 d049 | c1ea 144d | 85d2 741f | 4585 db74 | 1a49 c1e8 | 0948 b900 | 00b7 5e0a | 0200 0049 
  0x0000020a5742f83c: 03c8 8039 | 020f 85ae | 3b00 0041 | 807f 4000 | 0f85 2e35 | 0000 4c8b | 9424 9000 | 0000 448b 
  0x0000020a5742f85c: 5c24 2445 | 895a 2c4c | 8b9c 2480 | 0000 004d | 33da 49c1 | eb14 4d85 | db74 274c | 8b9c 2480 
  0x0000020a5742f87c: 0000 004d | 85db 741a | 49c1 ea09 | 48b9 0000 | b75e 0a02 | 0000 4903 | ca80 3902 | 0f85 063b 
  0x0000020a5742f89c: 0000 498b | 87b8 0100 | 004c 8bd0 | 4983 c230 | 4d3b 97c8 | 0100 000f | 8358 3d00 | 004d 8997 
  0x0000020a5742f8bc: b801 0000 | 410f 0d8a | c000 0000 | 48c7 0001 | 0000 004c | 8bd0 4983 

  0x0000020a5742f8d4: ;   {metadata('java/util/Hashtable')}
  0x0000020a5742f8d4: c210 c740 | 08b8 d300 | 0044 8960 | 0cc5 fdef | c062 d1fe | 287f 0248 

  0x0000020a5742f8ec: ;   {section_word}
  0x0000020a5742f8ec: 8be8 c5fa | 1005 aac5 | ffff 4c8b | 9424 b000 | 0000 4c89 | 5424 3090 

  0x0000020a5742f904: ;   {static_call}
  0x0000020a5742f904: c5f8 77e8 

  0x0000020a5742f908: ; ImmutableOopMap {rbp=Oop [36]=NarrowOop [40]=Oop [48]=Oop [64]=Oop [72]=Oop [88]=Oop [96]=Oop [120]=Oop [128]=Oop [136]=NarrowOop [144]=Oop [176]=Oop [184]=Oop [208]=Oop }
                      ;*invokestatic isNaN {reexecute=0 rethrow=0 return_oop=0}
                      ; - java.util.Hashtable::<init>@47
                      ; - java.util.Hashtable::<init>@5
                      ; - java.util.jar.JarVerifier::<init>@39
                      ; - java.util.jar.JarFile::getManifestFromReference@78
                      ; - java.util.jar.JarFile::getManifest@1
                      ; - jdk.internal.loader.URLClassPath$JarLoader$2::getManifest@22
                      ; - java.net.URLClassLoader::defineClass@34
                      ; - java.net.URLClassLoader$1::run@43
                      ; - java.net.URLClassLoader$1::run@1
                      ; - java.security.AccessController::executePrivileged@29
                      ; - java.security.AccessController::doPrivileged@13
                      ; - java.net.URLClassLoader::findClass@13
  0x0000020a5742f908: 74ff 83ff 

  0x0000020a5742f90c: ;   {other}
  0x0000020a5742f90c: 0f1f 8400 | 7c44 004d | 85c0 0f85 | 7842 0000 | c745 1400 | 0040 3f4d | 8b97 b801 | 0000 4d8b 
  0x0000020a5742f92c: da49 83c3 | 404d 3b9f | c801 0000 | 0f83 f33c | 0000 4d89 | 9fb8 0100 | 0041 0f0d | 8bc0 0000 
  0x0000020a5742f94c: 0049 c702 | 0100 0000 | 410f 0d8b | 0001 0000 

  0x0000020a5742f95c: ;   {metadata('java/util/Hashtable$Entry'[])}
  0x0000020a5742f95c: 41c7 4208 | a87f 1300 | 410f 0d8b | 4001 0000 | 41c7 420c | 0b00 0000 | 410f 0d8b | 8001 0000 
  0x0000020a5742f97c: 4d8b da49 | 83c3 10c5 | fdef c062 | d1fe 287f | 0362 d1fe | 087f 4302 | 498b da41 | 807f 4000 
  0x0000020a5742f99c: 0f85 1934 | 0000 4c8b | d34d 8bda | 4489 5d1c | 4c8b dd4d | 33d3 488b | dd49 c1ea | 144d 85d2 
  0x0000020a5742f9bc: 741a 49c1 | eb09 48b9 | 0000 b75e | 0a02 0000 | 4903 cb80 | 3902 0f85 | a236 0000 | 4180 7f40 
  0x0000020a5742f9dc: 000f 850b | 3400 004c | 8b94 2490 | 0000 0041 | 895a 14c7 | 4510 0800 | 0000 4c8b | d54c 8b9c 
  0x0000020a5742f9fc: 2490 0000 | 004d 33d3 | 49c1 ea14 | 4d85 d274 | 1a49 c1eb | 0948 b900 | 00b7 5e0a | 0200 0049 
  0x0000020a5742fa1c: 03cb 8039 | 020f 8502 | 3600 0049 | 8b87 b801 | 0000 4c8b | d049 83c2 | 304d 3b97 | c801 0000 
  0x0000020a5742fa3c: 0f83 1a3c | 0000 4d89 | 97b8 0100 | 0041 0f0d | 8ac0 0000 | 0048 c700 | 0100 0000 

  0x0000020a5742fa58: ;   {no_reloc}
  0x0000020a5742fa58: 4c8b d049 

  0x0000020a5742fa5c: ;   {metadata('java/util/Hashtable')}
  0x0000020a5742fa5c: 83c2 10c7 | 4008 b8d3 | 0000 4489 | 600c c5fd | efc0 62d1 | fe28 7f02 

  0x0000020a5742fa74: ;   {section_word}
  0x0000020a5742fa74: 488b e8c5 | fa10 0521 | c4ff ff4c | 8b94 24b0 | 0000 004c | 8954 2430 

  0x0000020a5742fa8c: ;   {static_call}
  0x0000020a5742fa8c: c5f8 77e8 

  0x0000020a5742fa90: ; ImmutableOopMap {rbp=Oop [36]=NarrowOop [40]=Oop [48]=Oop [64]=Oop [72]=Oop [88]=Oop [96]=Oop [120]=Oop [128]=Oop [136]=NarrowOop [144]=Oop [176]=Oop [184]=Oop [208]=Oop }
                      ;*invokestatic isNaN {reexecute=0 rethrow=0 return_oop=0}
                      ; - java.util.Hashtable::<init>@47
                      ; - java.util.Hashtable::<init>@5
                      ; - java.util.jar.JarVerifier::<init>@50
                      ; - java.util.jar.JarFile::getManifestFromReference@78
                      ; - java.util.jar.JarFile::getManifest@1
                      ; - jdk.internal.loader.URLClassPath$JarLoader$2::getManifest@22
                      ; - java.net.URLClassLoader::defineClass@34
                      ; - java.net.URLClassLoader$1::run@43
                      ; - java.net.URLClassLoader$1::run@1
                      ; - java.security.AccessController::executePrivileged@29
                      ; - java.security.AccessController::doPrivileged@13
                      ; - java.net.URLClassLoader::findClass@13
  0x0000020a5742fa90: ecfd 83ff 

  0x0000020a5742fa94: ;   {other}
  0x0000020a5742fa94: 0f1f 8400 | 0446 004e | 85c0 0f85 | 4441 0000 | c745 1400 | 0040 3f4d | 8b97 b801 | 0000 4d8b 
  0x0000020a5742fab4: da49 83c3 | 404d 3b9f | c801 0000 | 0f83 df3b | 0000 4d89 | 9fb8 0100 | 0041 0f0d | 8bc0 0000 
  0x0000020a5742fad4: 0049 c702 | 0100 0000 | 410f 0d8b | 0001 0000 

  0x0000020a5742fae4: ;   {metadata('java/util/Hashtable$Entry'[])}
  0x0000020a5742fae4: 41c7 4208 | a87f 1300 | 410f 0d8b | 4001 0000 | 41c7 420c | 0b00 0000 | 410f 0d8b | 8001 0000 
  0x0000020a5742fb04: 4d8b da49 | 83c3 10c5 | fdef c062 | d1fe 287f | 0362 d1fe | 087f 4302 | 498b da41 | 807f 4000 
  0x0000020a5742fb24: 0f85 3a33 | 0000 4c8b | d344 8955 | 1c4c 8bd3 | 4c8b dd4d | 33d3 488b | fd49 c1ea | 144d 85d2 
  0x0000020a5742fb44: 741a 49c1 | eb09 48b9 | 0000 b75e | 0a02 0000 | 4903 cb80 | 3902 0f85 | bc35 0000 | 4180 7f40 
  0x0000020a5742fb64: 000f 85be | 3200 004c | 8b94 2490 | 0000 0041 | 897a 10c7 | 4510 0800 | 0000 4c8b | d54c 8b9c 
  0x0000020a5742fb84: 2490 0000 | 004d 33d3 | 49c1 ea14 | 4d85 d274 | 1a49 c1eb | 0948 b900 | 00b7 5e0a | 0200 0049 
  0x0000020a5742fba4: 03cb 8039 | 020f 851c | 3500 0049 | 8b87 b801 | 0000 4c8b | d049 83c2 | 304d 3b97 | c801 0000 
  0x0000020a5742fbc4: 0f83 b73a | 0000 4d89 | 97b8 0100 | 0041 0f0d | 8ac0 0000 | 0048 c700 | 0100 0000 

  0x0000020a5742fbe0: ;   {no_reloc}
  0x0000020a5742fbe0: 4c8b d049 

  0x0000020a5742fbe4: ;   {metadata('java/util/Hashtable')}
  0x0000020a5742fbe4: 83c2 10c7 | 4008 b8d3 | 0000 4489 | 600c c5fd | efc0 62d1 | fe28 7f02 

  0x0000020a5742fbfc: ;   {section_word}
  0x0000020a5742fbfc: 488b e8c5 | fa10 0599 | c2ff ff4c | 8b94 24b0 | 0000 004c | 8954 2430 

  0x0000020a5742fc14: ;   {static_call}
  0x0000020a5742fc14: c5f8 77e8 

  0x0000020a5742fc18: ; ImmutableOopMap {rbp=Oop [36]=NarrowOop [40]=Oop [48]=Oop [64]=Oop [72]=Oop [88]=Oop [96]=Oop [120]=Oop [128]=Oop [136]=NarrowOop [144]=Oop [176]=Oop [184]=Oop [208]=Oop }
                      ;*invokestatic isNaN {reexecute=0 rethrow=0 return_oop=0}
                      ; - java.util.Hashtable::<init>@47
                      ; - java.util.Hashtable::<init>@4
                      ; - java.util.jar.JarVerifier::<init>@63
                      ; - java.util.jar.JarFile::getManifestFromReference@78
                      ; - java.util.jar.JarFile::getManifest@1
                      ; - jdk.internal.loader.URLClassPath$JarLoader$2::getManifest@22
                      ; - java.net.URLClassLoader::defineClass@34
                      ; - java.net.URLClassLoader$1::run@43
                      ; - java.net.URLClassLoader$1::run@1
                      ; - java.security.AccessController::executePrivileged@29
                      ; - java.security.AccessController::doPrivileged@13
                      ; - java.net.URLClassLoader::findClass@13
  0x0000020a5742fc18: 64fc 83ff 

  0x0000020a5742fc1c: ;   {other}
  0x0000020a5742fc1c: 0f1f 8400 | 8c47 004f | 85c0 0f85 | 1040 0000 | c745 1400 | 0040 3f4d | 8b97 b801 | 0000 4d8b 
  0x0000020a5742fc3c: da49 83c3 | 404d 3b9f | c801 0000 | 0f83 da3a | 0000 4d89 | 9fb8 0100 | 0041 0f0d | 8bc0 0000 
  0x0000020a5742fc5c: 0049 c702 | 0100 0000 | 410f 0d8b | 0001 0000 

  0x0000020a5742fc6c: ;   {metadata('java/util/Hashtable$Entry'[])}
  0x0000020a5742fc6c: 41c7 4208 | a87f 1300 | 410f 0d8b | 4001 0000 | 41c7 420c | 0b00 0000 | 410f 0d8b | 8001 0000 
  0x0000020a5742fc8c: 4d8b da49 | 83c3 10c5 | fdef c062 | d1fe 287f | 0362 d1fe | 087f 4302 | 498b da41 | 807f 4000 
  0x0000020a5742fcac: 0f85 0933 | 0000 4c8b | d54c 8b9c | 2490 0000 | 0044 895c | 2474 488b | f54c 8bdb | 4489 5d1c 
  0x0000020a5742fccc: 4c8b db4d | 33da 49c1 | eb14 4d85 | db74 1a49 | c1ea 0948 | b900 00b7 | 5e0a 0200 | 0049 03ca 
  0x0000020a5742fcec: 8039 020f | 8578 3400 | 0041 807f | 4000 0f85 | ee32 0000 | 4c8b 9424 | 9000 0000 | 4189 7218 
  0x0000020a5742fd0c: c745 1008 | 0000 004c | 8bdd 4d33 | da49 c1eb | 144d 85db | 741a 49c1 | ea09 48b9 | 0000 b75e 
  0x0000020a5742fd2c: 0a02 0000 | 4903 ca80 | 3902 0f85 | 8234 0000 | 4d8b 97b8 | 0100 004d | 8bda 4983 | c318 4d3b 
  0x0000020a5742fd4c: 9fc8 0100 | 000f 835a | 3a00 004d | 899f b801 | 0000 410f | 0d8b c000 | 0000 49c7 

  0x0000020a5742fd68: ;   {no_reloc}
  0x0000020a5742fd68: 0201 0000 

  0x0000020a5742fd6c: ;   {metadata('java/util/ArrayList')}
  0x0000020a5742fd6c: 0041 c742 | 08d0 890b | 0045 8962 | 0c45 8962 

  0x0000020a5742fd7c: ;   {oop(a 'java/lang/Object'[0] {0x00000000e0c9e790})}
  0x0000020a5742fd7c: 1041 c742 | 1490 e7c9 | e049 8bda | 4180 7f40 | 000f 85ed | 3100 004c | 8bd3 4c8b | 9c24 9000 
  0x0000020a5742fd9c: 0000 4589 | 531c 4d8b | d34c 8bdb | 4d33 da49 | c1eb 144d | 85db 741a | 49c1 ea09 | 48b9 0000 
  0x0000020a5742fdbc: b75e 0a02 | 0000 4903 | ca80 3902 | 0f85 8535 | 0000 4d8b | 97b8 0100 | 004d 8bda | 4983 c318 
  0x0000020a5742fddc: 4d3b 9fc8 | 0100 000f | 8367 3900 | 004d 899f | b801 0000 | 410f 0d8b | c000 0000 | 49c7 0201 
  0x0000020a5742fdfc: 0000 004d | 8bda 4983 

  0x0000020a5742fe04: ;   {metadata('java/io/ByteArrayOutputStream')}
  0x0000020a5742fe04: c310 41c7 | 4208 a000 | 2200 4589 | 620c c5fd | efc0 c4c1 | 79d6 0349 | 8bea 498b | 87b8 0100 
  0x0000020a5742fe24: 004c 8bd0 | 4983 c230 | 4d3b 97c8 | 0100 000f | 8343 3900 | 004d 8997 | b801 0000 | 410f 0d8a 
  0x0000020a5742fe44: c000 0000 | 48c7 0001 | 0000 0041 | 0f0d 8a00 

  0x0000020a5742fe54: ;   {metadata({type array byte})}
  0x0000020a5742fe54: 0100 00c7 | 4008 1823 | 0000 410f | 0d8a 4001 | 0000 c740 | 0c20 0000 | 0041 0f0d | 8a80 0100 
  0x0000020a5742fe74: 004c 8bd0 | 4983 c210 | c5fd efc0 | 62d1 fe28 | 7f02 4c8b | d549 8bfa | 4c8b d044 | 8955 104c 
  0x0000020a5742fe94: 8bd0 4c8b | dd4d 33d3 | 49c1 ea14 | 4d85 d274 | 1a49 c1eb | 0948 b900 | 00b7 5e0a | 0200 0049 
  0x0000020a5742feb4: 03cb 8039 | 020f 8543 | 3400 0041 | 807f 4000 | 0f85 7b30 | 0000 4c8b | 9424 9000 | 0000 4189 
  0x0000020a5742fed4: 7a24 4c8b | d54c 8b9c | 2490 0000 | 004d 33d3 | 49c1 ea14 | 4d85 d274 | 1a49 c1eb | 0948 b900 
  0x0000020a5742fef4: 00b7 5e0a | 0200 0049 | 03cb 8039 | 020f 8508 | 3300 004d | 8b97 b801 | 0000 4d8b | da49 83c3 
  0x0000020a5742ff14: 184d 3b9f | c801 0000 | 0f83 ae37 | 0000 4d89 | 9fb8 0100 | 0041 0f0d | 8bc0 0000 | 0049 c702 
  0x0000020a5742ff34: 0100 0000 

  0x0000020a5742ff38: ;   {metadata('java/util/ArrayList')}
  0x0000020a5742ff38: 41c7 4208 | d089 0b00 | 4589 620c | 4589 6210 

  0x0000020a5742ff48: ;   {oop(a 'java/lang/Object'[0] {0x00000000e0c9e790})}
  0x0000020a5742ff48: 41c7 4214 | 90e7 c9e0 | 498b da41 | 807f 4000 | 0f85 ac2f | 0000 4c8b | d34c 8b9c | 2490 0000 
  0x0000020a5742ff68: 0045 8953 | 344d 8bd3 | 4c8b db4d | 33da 49c1 | eb14 4d85 | db74 1a49 | c1ea 0948 | b900 00b7 
  0x0000020a5742ff88: 5e0a 0200 | 0049 03ca | 8039 020f | 85c7 3200 | 004d 8b97 | b801 0000 | 4d8b da49 | 83c3 304d 
  0x0000020a5742ffa8: 3b9f c801 | 0000 0f83 | 4837 0000 | 4d89 9fb8 | 0100 0041 | 0f0d 8bc0 | 0000 0049 | c702 0100 
  0x0000020a5742ffc8: 0000 4d8b | da49 83c3 

  0x0000020a5742ffd0: ;   {metadata('java/util/HashMap')}
  0x0000020a5742ffd0: 2841 c742 | 0868 a908 | 004d 8bc2 | 4983 c010 | 4589 620c | c5f5 efc9 | 62d1 fe08 | 7f08 c5fd 
  0x0000020a5742fff0: efc0 c4c1 | 79d6 0349 | c742 2000 | 0040 3f49 | 8bda 4180 | 7f40 000f | 858a 2e00 | 004c 8b94 
  0x0000020a57430010: 2490 0000 | 004c 8bdb | 4c8b 8424 | 9000 0000 | 4589 5838 | 4c8b db4d | 33da 49c1 | eb14 4d85 
  0x0000020a57430030: db74 1a49 | c1ea 0948 | b900 00b7 | 5e0a 0200 | 0049 03ca | 8039 020f | 8564 3200 | 0041 807f 
  0x0000020a57430050: 4000 0f85 | 7a2e 0000 | 4c8b 5424 | 7844 8b5c | 2474 4589 | 5a30 4c8b | 9424 9000 | 0000 4c8b 
  0x0000020a57430070: 5c24 784d | 33d3 49c1 | ea14 4d85 | d20f 84e8 | e7ff ff49 | c1eb 0948 | b900 00b7 | 5e0a 0200 
  0x0000020a57430090: 0049 03cb | 8039 020f | 84ce e7ff | ff4d 8b57 | 484d 8b5f | 58f0 8344 | 24c0 0080 | 3900 0f84 
  0x0000020a574300b0: b7e7 ffff | 4488 214d | 85d2 7520 | 498b d7c5 | f877 49ba | 00a4 ef0f | fe7f 0000 

  0x0000020a574300cc: ;   {other}
  0x0000020a574300cc: 41ff d20f | 1f84 0000 | 0000 00e9 | 8fe7 ffff | 4b89 4c13 | f849 83c2 | f84d 8957 | 48e9 7de7 
  0x0000020a574300ec: ffff 4889 | 5424 6044 | 8954 2458 | 894c 2430 | 4889 4424 | 2889 5c24 | 2441 8beb | 4889 7424 
  0x0000020a5743010c: 484c 8984 | 24b0 0000 

  0x0000020a57430114: ;   {metadata('java/lang/String')}
  0x0000020a57430114: 0048 ba78 | e800 630a | 0200 004c | 8b94 24b8 | 0000 004c | 8954 2470 | 4c89 4424 | 784c 8984 
  0x0000020a57430134: 2488 0000 | 0066 6690 

  0x0000020a5743013c: ;   {runtime_call _new_instance_Java}
  0x0000020a5743013c: c5f8 77e8 

  0x0000020a57430140: ; ImmutableOopMap {rbp=NarrowOop [40]=Oop [64]=Oop [72]=Oop [88]=NarrowOop [96]=Oop [112]=Oop [120]=Oop [136]=Oop [176]=Oop [184]=Oop }
                      ;*new {reexecute=0 rethrow=0 return_oop=1}
                      ; - java.lang.StringLatin1::newString@7
                      ; - java.lang.String::substring@41
                      ; - java.net.URLClassLoader::defineClass@28
                      ; - java.net.URLClassLoader$1::run@43
                      ; - java.net.URLClassLoader$1::run@1
                      ; - java.security.AccessController::executePrivileged@29
                      ; - java.security.AccessController::doPrivileged@13
                      ; - java.net.URLClassLoader::findClass@13
  0x0000020a57430140: bc33 88ff 

  0x0000020a57430144: ;   {other}
  0x0000020a57430144: 0f1f 8400 | b44c 0050 | 488b f8e9 | 50c7 ffff | 4c8b 4c24 | 3041 c641 | 1101 33c0 | e956 ceff 
  0x0000020a57430164: ;   {metadata({type array byte})}
  0x0000020a57430164: ff48 ba18 | 2300 630a | 0200 0044 | 8bc5 4889 | 8c24 e000 | 0000 6690 

  0x0000020a5743017c: ;   {runtime_call _new_array_Java}
  0x0000020a5743017c: c5f8 77e8 

  0x0000020a57430180: ; ImmutableOopMap {[40]=Oop [48]=Oop [64]=Oop [72]=Oop [88]=Oop [112]=Oop [120]=Oop [128]=Oop [136]=NarrowOop [144]=Oop [160]=NarrowOop [168]=Oop [176]=Oop [184]=Oop }
                      ;*invokevirtual allocateUninitializedArray0 {reexecute=0 rethrow=0 return_oop=1}
                      ; - jdk.internal.misc.Unsafe::allocateUninitializedArray@51
                      ; - java.lang.StringConcatHelper::newArray@33
                      ; - java.lang.StringConcatHelper::simpleConcat@61
                      ; - java.lang.String::concat@11
                      ; - java.net.URLClassLoader::isSealed@15
                      ; - java.net.URLClassLoader::getAndVerifyPackage@68
                      ; - java.net.URLClassLoader::defineClass@46
                      ; - java.net.URLClassLoader$1::run@43
                      ; - java.net.URLClassLoader$1::run@1
                      ; - java.security.AccessController::executePrivileged@29
                      ; - java.security.AccessController::doPrivileged@13
                      ; - java.net.URLClassLoader::findClass@13
  0x0000020a57430180: 7c30 88ff 

  0x0000020a57430184: ;   {other}
  0x0000020a57430184: 0f1f 8400 | f44c 0051 | 4c8b c8e9 | f7d7 ffff | 4c89 4c24 

  0x0000020a57430198: ;   {metadata('java/lang/String')}
  0x0000020a57430198: 3848 ba78 | e800 630a | 0200 0048 | 8b6c 2430 

  0x0000020a574301a8: ;   {runtime_call _new_instance_Java}
  0x0000020a574301a8: c5f8 77e8 

  0x0000020a574301ac: ; ImmutableOopMap {rbp=Oop [40]=Oop [56]=Oop [64]=Oop [72]=Oop [88]=Oop [112]=Oop [120]=Oop [128]=Oop [136]=NarrowOop [160]=NarrowOop [176]=Oop [184]=Oop }
                      ;*new {reexecute=0 rethrow=0 return_oop=1}
                      ; - java.lang.StringConcatHelper::newString@6
                      ; - java.lang.StringConcatHelper::simpleConcat@90
                      ; - java.lang.String::concat@11
                      ; - java.net.URLClassLoader::isSealed@15
                      ; - java.net.URLClassLoader::getAndVerifyPackage@68
                      ; - java.net.URLClassLoader::defineClass@46
                      ; - java.net.URLClassLoader$1::run@43
                      ; - java.net.URLClassLoader$1::run@1
                      ; - java.security.AccessController::executePrivileged@29
                      ; - java.security.AccessController::doPrivileged@13
                      ; - java.net.URLClassLoader::findClass@13
  0x0000020a574301ac: 5033 88ff 

  0x0000020a574301b0: ;   {other}
  0x0000020a574301b0: 0f1f 8400 | 204d 0052 | 4c8b 4c24 | 38e9 9ad8 | ffff 4889 | 4424 f88b | 4424 3089 | 4424 2448 
  0x0000020a574301d0: 8b44 24f8 | 4c89 4c24 | 684c 895c | 2430 4889 | 5c24 704c | 8944 2478 

  0x0000020a574301e8: ;   {metadata({type array byte})}
  0x0000020a574301e8: 48ba 1823 | 0063 0a02 | 0000 448b | 4424 2490 

  0x0000020a574301f8: ;   {runtime_call _new_array_nozero_Java}
  0x0000020a574301f8: c5f8 77e8 

  0x0000020a574301fc: ; ImmutableOopMap {[40]=Oop [48]=Derived_oop_[40] [64]=Oop [72]=Oop [88]=NarrowOop [96]=Oop [104]=Oop [176]=Oop [184]=Oop }
                      ;*newarray {reexecute=0 rethrow=0 return_oop=1}
                      ; - java.util.Arrays::copyOfRangeByte@10
                      ; - java.util.Arrays::copyOfRange@13
                      ; - java.lang.StringLatin1::newString@16
                      ; - java.lang.String::substring@41
                      ; - java.net.URLClassLoader::defineClass@28
                      ; - java.net.URLClassLoader$1::run@43
                      ; - java.net.URLClassLoader$1::run@1
                      ; - java.security.AccessController::executePrivileged@29
                      ; - java.security.AccessController::doPrivileged@13
                      ; - java.net.URLClassLoader::findClass@13
  0x0000020a574301fc: 802c 88ff 

  0x0000020a57430200: ;   {other}
  0x0000020a57430200: 0f1f 8400 | 704d 0053 | 448b 5c24 | 244c 8bc0 | e920 c8ff | ff4c 8b54 | 2478 458b | 5228 4585 
  0x0000020a57430220: d20f 8442 | e0ff ff4d | 8b5f 2849 | 8bca 4d85 | db0f 84c2 | 2300 004d | 8b57 384b | 894c 1af8 
  0x0000020a57430240: 4983 c3f8 | 4d89 5f28 | e91c e0ff | ff45 8b52 | 1045 85d2 | 0f84 c0df | ffff 4d8b | 5f28 498b 
  0x0000020a57430260: ca4d 85db | 0f84 af23 | 0000 4d8b | 5738 4b89 | 4c1a f849 | 83c3 f84d | 895f 28e9 | 9adf ffff 
  0x0000020a57430280: 4d8b 5748 | 4d8b 5f58 | f083 4424 | c000 4180 | 3800 0f84 | 16e0 ffff | 4588 204d | 85d2 7523 
  0x0000020a574302a0: 498b c849 | 8bd7 c5f8 | 7749 ba00 | a4ef 0ffe | 7f00 0041 

  0x0000020a574302b4: ;   {other}
  0x0000020a574302b4: ffd2 0f1f | 8400 0000 | 0000 e9eb | dfff ff4f | 8944 13f8 | 4983 c2f8 | 4d89 5748 | e9d9 dfff 
  0x0000020a574302d4: ff4d 8b57 | 484d 8b5f | 58f0 8344 | 24c0 0080 | 3900 0f84 | 6cdf ffff | 4488 214d | 85d2 7520 
  0x0000020a574302f4: 498b d7c5 | f877 49ba | 00a4 ef0f | fe7f 0000 

  0x0000020a57430304: ;   {other}
  0x0000020a57430304: 41ff d20f | 1f84 0000 | 0000 00e9 | 44df ffff | 4b89 4c13 | f849 83c2 | f84d 8957 | 48e9 32df 
  0x0000020a57430324: ffff 498b | da4c 8b54 | 2460 458b | 5210 4585 | d20f 84a9 | ddff ff4d | 8b5f 2849 | 8bca 4d85 
  0x0000020a57430344: db0f 840e | 2300 004d | 8b57 384b | 894c 1af8 | 4983 c3f8 | 4d89 5f28 | e983 ddff | ff44 8b5d 
  0x0000020a57430364: 0c45 85db | 0f84 78dc | ffff 4d8b | 5728 498b | cb4d 85d2 | 0f84 fb22 | 0000 4d8b | 5f38 4b89 
  0x0000020a57430384: 4c13 f849 | 83c2 f84d | 8957 28e9 | 52dc ffff | 4c8b 5424 | 6045 8b52 | 0c45 85d2 | 0f84 93dc 
  0x0000020a574303a4: ffff 4d8b | 5f28 498b | ca4d 85db | 0f84 8322 | 0000 4d8b | 5738 4b89 | 4c1a f849 | 83c3 f84d 
  0x0000020a574303c4: 895f 28e9 | 6ddc ffff | 4c8b 5424 | 6045 8b5a | 1445 85db | 0f84 86dd | ffff 4d8b | 4728 498b 
  0x0000020a574303e4: cb4d 85c0 | 0f84 ab22 | 0000 498b | da4d 8b57 | 384b 894c | 02f8 4983 | c0f8 4d89 | 4728 4c8b 
  0x0000020a57430404: ;   {no_reloc}
  0x0000020a57430404: d3e9 5add | ffff 4d8b | 5748 4d8b | 5f58 f083 | 4424 c000 | 8039 000f | 844f dcff | ff44 8821 
  0x0000020a57430424: 4d85 d275 | 2049 8bd7 | c5f8 7749 | ba00 a4ef | 0ffe 7f00 | 0041 ffd2 

  0x0000020a5743043c: ;   {other}
  0x0000020a5743043c: 0f1f 8400 | 0000 0000 | e927 dcff | ff4b 894c | 13f8 4983 | c2f8 4d89 | 5748 e915 | dcff ff4d 
  0x0000020a5743045c: 8b57 484d | 8b5f 58f0 | 8344 24c0 | 0080 3900 | 0f84 acdc | ffff 4488 | 214d 85d2 | 7520 498b 
  0x0000020a5743047c: d7c5 f877 | 49ba 00a4 | ef0f fe7f | 0000 41ff 

  0x0000020a5743048c: ;   {other}
  0x0000020a5743048c: d20f 1f84 | 0000 0000 | 00e9 84dc | ffff 4b89 | 4c13 f849 | 83c2 f84d | 8957 48e9 | 72dc ffff 
  0x0000020a574304ac: 4d8b 5758 | 4d8b 5f48 | f083 4424 | c000 8039 | 000f 846b | dbff ff44 | 8821 4d85 | db75 2049 
  0x0000020a574304cc: 8bd7 c5f8 | 7749 ba00 | a4ef 0ffe | 7f00 0041 

  0x0000020a574304dc: ;   {other}
  0x0000020a574304dc: ffd2 0f1f | 8400 0000 | 0000 e943 | dbff ff4b | 894c 1af8 | 4983 c3f8 | 4d89 5f48 | e931 dbff 
  0x0000020a574304fc: ;   {metadata({type array byte})}
  0x0000020a574304fc: ff48 ba18 | 2300 630a | 0200 0044 | 8b84 24a8 | 0000 0090 

  0x0000020a57430510: ;   {runtime_call _new_array_Java}
  0x0000020a57430510: c5f8 77e8 

  0x0000020a57430514: ; ImmutableOopMap {[40]=Oop [48]=Oop [64]=Oop [72]=Oop [88]=Oop [96]=Oop [120]=Oop [128]=Oop [136]=NarrowOop [144]=Oop [152]=NarrowOop [176]=Oop [184]=Oop [192]=NarrowOop }
                      ;*invokevirtual allocateUninitializedArray0 {reexecute=0 rethrow=0 return_oop=1}
                      ; - jdk.internal.misc.Unsafe::allocateUninitializedArray@51
                      ; - java.lang.StringConcatHelper::newArray@33
                      ; - java.lang.StringLatin1::replace@49
                      ; - java.lang.String::replace@18
                      ; - java.net.URLClassLoader::isSealed@9
                      ; - java.net.URLClassLoader::getAndVerifyPackage@68
                      ; - java.net.URLClassLoader::defineClass@46
                      ; - java.net.URLClassLoader$1::run@43
                      ; - java.net.URLClassLoader$1::run@1
                      ; - java.security.AccessController::executePrivileged@29
                      ; - java.security.AccessController::doPrivileged@13
                      ; - java.net.URLClassLoader::findClass@13
  0x0000020a57430514: e82c 88ff 

  0x0000020a57430518: ;   {other}
  0x0000020a57430518: 0f1f 8400 | 8850 0054 | 4c8b c0e9 | 1ad0 ffff 

  0x0000020a57430528: ;   {metadata('java/lang/String')}
  0x0000020a57430528: 498b ed48 | ba78 e800 | 630a 0200 | 0066 6690 

  0x0000020a57430538: ;   {runtime_call _new_instance_Java}
  0x0000020a57430538: c5f8 77e8 

  0x0000020a5743053c: ; ImmutableOopMap {rbp=Oop [40]=Oop [48]=Oop [64]=Oop [72]=Oop [88]=Oop [120]=Oop [128]=Oop [136]=NarrowOop [144]=Oop [176]=Oop [184]=Oop [192]=NarrowOop }
                      ;*new {reexecute=0 rethrow=0 return_oop=1}
                      ; - java.lang.StringLatin1::replace@116
                      ; - java.lang.String::replace@18
                      ; - java.net.URLClassLoader::isSealed@9
                      ; - java.net.URLClassLoader::getAndVerifyPackage@68
                      ; - java.net.URLClassLoader::defineClass@46
                      ; - java.net.URLClassLoader$1::run@43
                      ; - java.net.URLClassLoader$1::run@1
                      ; - java.security.AccessController::executePrivileged@29
                      ; - java.security.AccessController::doPrivileged@13
                      ; - java.net.URLClassLoader::findClass@13
  0x0000020a5743053c: c02f 88ff 

  0x0000020a57430540: ;   {other}
  0x0000020a57430540: 0f1f 8400 | b050 0055 | 4c8b ed48 | 8bf0 e9ba | d2ff ff89 | 7c24 2848 | 895c 2420 | 488b ac24 
  0x0000020a57430560: b800 0000 

  0x0000020a57430564: ;   {metadata('java/lang/String')}
  0x0000020a57430564: 48ba 78e8 | 0063 0a02 | 0000 4c8b | 9424 b000 | 0000 4c89 | 5424 3890 

  0x0000020a5743057c: ;   {runtime_call _new_instance_Java}
  0x0000020a5743057c: c5f8 77e8 

  0x0000020a57430580: ; ImmutableOopMap {rbp=Oop [32]=Oop [56]=Oop [176]=Oop [184]=Oop }
                      ;*new {reexecute=0 rethrow=0 return_oop=1}
                      ; - java.lang.StringConcatHelper::simpleConcat@17
                      ; - java.lang.String::concat@11
                      ; - java.net.URLClassLoader$1::run@13
                      ; - java.net.URLClassLoader$1::run@1
                      ; - java.security.AccessController::executePrivileged@29
                      ; - java.security.AccessController::doPrivileged@13
                      ; - java.net.URLClassLoader::findClass@13
  0x0000020a57430580: 7c2f 88ff 

  0x0000020a57430584: ;   {other}
  0x0000020a57430584: 0f1f 8400 | f450 0056 | 488b 5c24 | 208b 7c24 | 28e9 17c2 | ffff 4489 | 4424 5c4c | 894c 2468 
  0x0000020a574305a4: 4c89 5c24 

  0x0000020a574305a8: ;   {metadata({type array byte})}
  0x0000020a574305a8: 3048 ba18 | 2300 630a | 0200 0044 | 8b44 2424 | 4c8b 9424 | b800 0000 | 4c89 5424 | 7866 6690 
  0x0000020a574305c8: ;   {runtime_call _new_array_nozero_Java}
  0x0000020a574305c8: c5f8 77e8 

  0x0000020a574305cc: ; ImmutableOopMap {[40]=Oop [48]=Derived_oop_[40] [64]=Oop [72]=Oop [88]=NarrowOop [92]=NarrowOop [96]=Oop [104]=Oop [120]=Oop [176]=Oop [184]=Oop }
                      ;*invokevirtual clone {reexecute=1 rethrow=0 return_oop=1}
                      ; - (reexecute) java.util.Arrays::copyOfRange@18
                      ; - java.lang.StringLatin1::newString@16
                      ; - java.lang.String::substring@41
                      ; - java.net.URLClassLoader::defineClass@28
                      ; - java.net.URLClassLoader$1::run@43
                      ; - java.net.URLClassLoader$1::run@1
                      ; - java.security.AccessController::executePrivileged@29
                      ; - java.security.AccessController::doPrivileged@13
                      ; - java.net.URLClassLoader::findClass@13
  0x0000020a574305cc: b028 88ff 

  0x0000020a574305d0: ;   {other}
  0x0000020a574305d0: 0f1f 8400 | 4051 0057 | 488b d8e9 | 5fc3 ffff 

  0x0000020a574305e0: ;   {oop(a 'java/io/WinNTFileSystem'{0x00000000e06a9888})}
  0x0000020a574305e0: 48ba 8898 | 6ae0 0000 | 0000 4d8b | c266 6690 

  0x0000020a574305f0: ;   {optimized virtual_call}
  0x0000020a574305f0: c5f8 77e8 

  0x0000020a574305f4: ; ImmutableOopMap {rbp=Oop [40]=Oop [48]=NarrowOop [64]=Oop [72]=Oop [88]=Oop [96]=Oop [104]=Oop [176]=Oop [184]=Oop }
                      ;*invokevirtual normalize {reexecute=0 rethrow=0 return_oop=1}
                      ; - java.io.File::<init>@90
                      ; - jdk.internal.loader.URLClassPath$FileLoader::getResource@118
                      ; - jdk.internal.loader.URLClassPath::getResource@53
                      ; - java.net.URLClassLoader$1::run@26
                      ; - java.net.URLClassLoader$1::run@1
                      ; - java.security.AccessController::executePrivileged@29
                      ; - java.security.AccessController::doPrivileged@13
                      ; - java.net.URLClassLoader::findClass@13
  0x0000020a574305f4: 88e8 83ff 

  0x0000020a574305f8: ;   {other}
  0x0000020a574305f8: 0f1f 8400 | 6851 0058 | 488b d841 | 807f 4000 | 0f85 7b1f | 0000 4c8b | d34c 8b5c | 2468 4589 
  0x0000020a57430618: 5310 4d8b | d34c 8bdb | 4d33 da49 | c1eb 144d | 85db 0f84 | 60eb ffff | 4885 db0f | 8457 ebff 
  0x0000020a57430638: ff49 c1ea | 0948 b900 | 00b7 5e0a | 0200 0049 | 03ca 8039 | 020f 843d | ebff ff4d | 8b57 584d 
  0x0000020a57430658: 8b5f 48f0 | 8344 24c0 | 0080 3900 | 0f84 26eb | ffff 4488 | 214d 85db | 7520 498b | d7c5 f877 
  0x0000020a57430678: 49ba 00a4 | ef0f fe7f | 0000 41ff 

  0x0000020a57430684: ;   {other}
  0x0000020a57430684: d20f 1f84 | 0000 0000 | 00e9 feea | ffff 4b89 | 4c1a f849 | 83c3 f84d | 895f 48e9 | ecea ffff 
  0x0000020a574306a4: 418b eae9 | 83b9 ffff | 4c89 8c24 | 9000 0000 

  0x0000020a574306b4: ;   {metadata('java/lang/ClassLoader$$Lambda+0x0000020a640670a8')}
  0x0000020a574306b4: 48ba a870 | 0664 0a02 | 0000 4d8b | d04c 8994 | 2498 0000 | 004d 8bd0 | 4c89 9424 | a800 0000 
  0x0000020a574306d4: ;   {runtime_call _new_instance_Java}
  0x0000020a574306d4: c5f8 77e8 

  0x0000020a574306d8: ; ImmutableOopMap {rbp=NarrowOop [40]=Oop [64]=Oop [72]=Oop [88]=Oop [128]=Oop [136]=NarrowOop [144]=Oop [152]=Oop [168]=Oop [176]=Oop [184]=Oop [192]=NarrowOop }
                      ;*invokevirtual allocateInstance {reexecute=0 rethrow=0 return_oop=1}
                      ; - java.lang.invoke.DirectMethodHandle::allocateInstance@12
                      ; - java.lang.invoke.DirectMethodHandle$Holder::newInvokeSpecial@1
                      ; - java.lang.invoke.Invokers$Holder::linkToTargetMethod@6
                      ; - java.lang.ClassLoader::definePackage@73
                      ; - java.lang.ClassLoader::getDefinedPackage@32
                      ; - java.net.URLClassLoader::getAndVerifyPackage@2
                      ; - java.net.URLClassLoader::defineClass@46
                      ; - java.net.URLClassLoader$1::run@43
                      ; - java.net.URLClassLoader$1::run@1
                      ; - java.security.AccessController::executePrivileged@29
                      ; - java.security.AccessController::doPrivileged@13
                      ; - java.net.URLClassLoader::findClass@13
  0x0000020a574306d8: 242e 88ff 

  0x0000020a574306dc: ;   {other}
  0x0000020a574306dc: 0f1f 8400 | 4c52 0059 | 4c8b d8e9 | d4cb ffff | 448b 5424 | 2441 8b6a 

  0x0000020a574306f4: ;   {oop(a 'java/io/WinNTFileSystem'{0x00000000e06a9888})}
  0x0000020a574306f4: 1048 ba88 | 986a e000 | 0000 004c | 8b44 2470 | 4c8b 5424 | 784c 8954 | 2470 6690 

  0x0000020a57430710: ;   {optimized virtual_call}
  0x0000020a57430710: c5f8 77e8 

  0x0000020a57430714: ; ImmutableOopMap {rbp=NarrowOop [40]=Oop [48]=NarrowOop [64]=Oop [72]=Oop [88]=Oop [96]=Oop [104]=Oop [112]=Oop [176]=Oop [184]=Oop }
                      ;*invokevirtual normalize {reexecute=0 rethrow=0 return_oop=1}
                      ; - java.io.File::<init>@73
                      ; - jdk.internal.loader.URLClassPath$FileLoader::getResource@118
                      ; - jdk.internal.loader.URLClassPath::getResource@53
                      ; - java.net.URLClassLoader$1::run@26
                      ; - java.net.URLClassLoader$1::run@1
                      ; - java.security.AccessController::executePrivileged@29
                      ; - java.security.AccessController::doPrivileged@13
                      ; - java.net.URLClassLoader::findClass@13
  0x0000020a57430714: e8ca e9ff 

  0x0000020a57430718: ;   {other}
  0x0000020a57430718: 0f1f 8400 | 8852 005a 

  0x0000020a57430720: ;   {oop(a 'java/io/WinNTFileSystem'{0x00000000e06a9888})}
  0x0000020a57430720: 4c8b c548 | ba88 986a | e000 0000 | 004c 8bc8 | 488b 6c24 | 7066 6690 

  0x0000020a57430738: ;   {optimized virtual_call}
  0x0000020a57430738: c5f8 77e8 

  0x0000020a5743073c: ; ImmutableOopMap {rbp=Oop [40]=Oop [48]=NarrowOop [64]=Oop [72]=Oop [88]=Oop [96]=Oop [104]=Oop [176]=Oop [184]=Oop }
                      ;*invokevirtual resolve {reexecute=0 rethrow=0 return_oop=1}
                      ; - java.io.File::<init>@76
                      ; - jdk.internal.loader.URLClassPath$FileLoader::getResource@118
                      ; - jdk.internal.loader.URLClassPath::getResource@53
                      ; - java.net.URLClassLoader$1::run@26
                      ; - java.net.URLClassLoader$1::run@1
                      ; - java.security.AccessController::executePrivileged@29
                      ; - java.security.AccessController::doPrivileged@13
                      ; - java.net.URLClassLoader::findClass@13
  0x0000020a5743073c: 20a8 30f8 

  0x0000020a57430740: ;   {other}
  0x0000020a57430740: 0f1f 8400 | b052 005b | 488b d841 | 807f 4000 | 0f85 6b1e | 0000 4c8b | db4c 8b54 | 2468 4589 
  0x0000020a57430760: 5a10 4c8b | db4d 33da | 49c1 eb14 | 4d85 db0f | 841b eaff | ff48 85db | 0f84 12ea | ffff 49c1 
  0x0000020a57430780: ea09 48b9 | 0000 b75e | 0a02 0000 | 4903 ca80 | 3902 0f84 | f8e9 ffff | 4d8b 5758 | 4d8b 5f48 
  0x0000020a574307a0: f083 4424 | c000 8039 | 000f 84e1 | e9ff ff44 | 8821 4d85 | db75 2049 | 8bd7 c5f8 | 7749 ba00 
  0x0000020a574307c0: a4ef 0ffe | 7f00 0041 

  0x0000020a574307c8: ;   {other}
  0x0000020a574307c8: ffd2 0f1f | 8400 0000 | 0000 e9b9 | e9ff ff4b | 894c 1af8 | 4983 c3f8 | 4d89 5f48 | e9a7 e9ff 
  0x0000020a574307e8: ff0f b64d | 114c 8b44 | 2430 488b | 7424 4844 | 8b54 2458 | 488b 5424 | 284c 8b5c | 2468 488b 
  0x0000020a57430808: 7c24 60e9 | ebec ffff | 418b e9e9 | a1cc ffff 

  0x0000020a57430818: ;   {metadata('java/lang/ref/SoftReference')}
  0x0000020a57430818: 48ba 90df | 0363 0a02 | 0000 4c8b | 9424 b000 | 0000 4c89 | 5424 304c | 8b94 24b8 | 0000 004c 
  0x0000020a57430838: 8954 2460 

  0x0000020a5743083c: ;   {runtime_call _new_instance_Java}
  0x0000020a5743083c: c5f8 77e8 

  0x0000020a57430840: ; ImmutableOopMap {rbp=Oop [40]=Oop [48]=Oop [64]=Oop [72]=Oop [88]=Oop [96]=Oop [120]=Oop [136]=NarrowOop [176]=Oop [184]=Oop [208]=Oop }
                      ;*new {reexecute=0 rethrow=0 return_oop=1}
                      ; - java.util.jar.JarFile::getManifestFromReference@184
                      ; - java.util.jar.JarFile::getManifest@1
                      ; - jdk.internal.loader.URLClassPath$JarLoader$2::getManifest@22
                      ; - java.net.URLClassLoader::defineClass@34
                      ; - java.net.URLClassLoader$1::run@43
                      ; - java.net.URLClassLoader$1::run@1
                      ; - java.security.AccessController::executePrivileged@29
                      ; - java.security.AccessController::doPrivileged@13
                      ; - java.net.URLClassLoader::findClass@13
  0x0000020a57430840: bc2c 88ff 

  0x0000020a57430844: ;   {other}
  0x0000020a57430844: 0f1f 8400 | b453 005c | 4c8b d0e9 | b1d9 ffff 

  0x0000020a57430854: ;   {metadata('java/util/jar/Manifest')}
  0x0000020a57430854: 48ba a0e1 | 0463 0a02 | 0000 6690 

  0x0000020a57430860: ;   {runtime_call _new_instance_Java}
  0x0000020a57430860: c5f8 77e8 

  0x0000020a57430864: ; ImmutableOopMap {rbp=Oop [40]=Oop [48]=Oop [64]=Oop [72]=Oop [88]=Oop [96]=Oop [120]=Oop [128]=Oop [136]=NarrowOop [176]=Oop [184]=Oop [208]=Oop }
                      ;*new {reexecute=0 rethrow=0 return_oop=1}
                      ; - java.util.jar.JarFile::getManifestFromReference@134
                      ; - java.util.jar.JarFile::getManifest@1
                      ; - jdk.internal.loader.URLClassPath$JarLoader$2::getManifest@22
                      ; - java.net.URLClassLoader::defineClass@34
                      ; - java.net.URLClassLoader$1::run@43
                      ; - java.net.URLClassLoader$1::run@1
                      ; - java.security.AccessController::executePrivileged@29
                      ; - java.security.AccessController::doPrivileged@13
                      ; - java.net.URLClassLoader::findClass@13
  0x0000020a57430864: 982c 88ff 

  0x0000020a57430868: ;   {other}
  0x0000020a57430868: 0f1f 8400 | d853 005d | e9ec d6ff 

  0x0000020a57430874: ;   {metadata('java/util/jar/Attributes')}
  0x0000020a57430874: ff48 ba40 | 8816 630a | 0200 0048 | 8bac 2480 | 0000 0090 

  0x0000020a57430888: ;   {runtime_call _new_instance_Java}
  0x0000020a57430888: c5f8 77e8 

  0x0000020a5743088c: ; ImmutableOopMap {rbp=Oop [36]=NarrowOop [40]=Oop [48]=Oop [64]=Oop [72]=Oop [88]=Oop [96]=Oop [120]=Oop [136]=NarrowOop [176]=Oop [184]=Oop [208]=Oop }
                      ;*new {reexecute=0 rethrow=0 return_oop=1}
                      ; - java.util.jar.Manifest::<init>@5
                      ; - java.util.jar.Manifest::<init>@4
                      ; - java.util.jar.JarFile::getManifestFromReference@143
                      ; - java.util.jar.JarFile::getManifest@1
                      ; - jdk.internal.loader.URLClassPath$JarLoader$2::getManifest@22
                      ; - java.net.URLClassLoader::defineClass@34
                      ; - java.net.URLClassLoader$1::run@43
                      ; - java.net.URLClassLoader$1::run@1
                      ; - java.security.AccessController::executePrivileged@29
                      ; - java.security.AccessController::doPrivileged@13
                      ; - java.net.URLClassLoader::findClass@13
  0x0000020a5743088c: 702c 88ff 

  0x0000020a57430890: ;   {other}
  0x0000020a57430890: 0f1f 8400 | 0054 005e | 488b e8e9 | 14d7 ffff 

  0x0000020a574308a0: ;   {metadata('java/util/HashMap')}
  0x0000020a574308a0: 48ba 68a9 | 0863 0a02 | 0000 488b | ac24 b000 | 0000 6690 

  0x0000020a574308b4: ;   {runtime_call _new_instance_Java}
  0x0000020a574308b4: c5f8 77e8 

  0x0000020a574308b8: ; ImmutableOopMap {rbp=Oop [36]=NarrowOop [40]=Oop [48]=Oop [64]=Oop [72]=Oop [88]=Oop [96]=Oop [104]=Oop [120]=Oop [136]=NarrowOop [176]=Oop [184]=Oop [208]=Oop }
                      ;*new {reexecute=0 rethrow=0 return_oop=1}
                      ; - java.util.jar.Manifest::<init>@16
                      ; - java.util.jar.Manifest::<init>@4
                      ; - java.util.jar.JarFile::getManifestFromReference@143
                      ; - java.util.jar.JarFile::getManifest@1
                      ; - jdk.internal.loader.URLClassPath$JarLoader$2::getManifest@22
                      ; - java.net.URLClassLoader::defineClass@34
                      ; - java.net.URLClassLoader$1::run@43
                      ; - java.net.URLClassLoader$1::run@1
                      ; - java.security.AccessController::executePrivileged@29
                      ; - java.security.AccessController::doPrivileged@13
                      ; - java.net.URLClassLoader::findClass@13
  0x0000020a574308b8: 442c 88ff 

  0x0000020a574308bc: ;   {other}
  0x0000020a574308bc: 0f1f 8400 | 2c54 005f | 4c8b d0e9 | 02d8 ffff | 4c8b d545 | 8b52 1445 | 85d2 0f84 | 72dc ffff 
  0x0000020a574308dc: 4d8b 5f28 | 498b ca4d | 85db 0f84 | e42c 0000 | 4d8b 5738 | 4b89 4c1a | f849 83c3 | f84d 895f 
  0x0000020a574308fc: 28e9 4cdc | ffff baf6 | ffff ff48 | 8bac 24b0 | 0000 0048 | 895c 2420 

  0x0000020a57430914: ;   {runtime_call UncommonTrapBlob}
  0x0000020a57430914: c5f8 77e8 

  0x0000020a57430918: ; ImmutableOopMap {rbp=Oop [32]=Oop [72]=Oop [184]=Oop }
                      ;*invokevirtual getResource {reexecute=0 rethrow=0 return_oop=0}
                      ; - java.net.URLClassLoader$1::run@26
                      ; - java.net.URLClassLoader$1::run@1
                      ; - java.security.AccessController::executePrivileged@29
                      ; - java.security.AccessController::doPrivileged@13
                      ; - java.net.URLClassLoader::findClass@13
  0x0000020a57430918: e471 84ff 

  0x0000020a5743091c: ;   {other}
  0x0000020a5743091c: 0f1f 8400 | 8c54 0060 | ba76 ffff | ff48 895c | 2420 4c89 | 5424 2844 | 8944 2430 | 4489 4c24 
  0x0000020a5743093c: 384c 8954 | 2440 6690 

  0x0000020a57430944: ;   {runtime_call UncommonTrapBlob}
  0x0000020a57430944: c5f8 77e8 

  0x0000020a57430948: ; ImmutableOopMap {[32]=Oop [40]=Oop [48]=NarrowOop [64]=Oop [184]=Oop }
                      ;*if_icmpge {reexecute=1 rethrow=0 return_oop=0}
                      ; - (reexecute) java.lang.StringLatin1::replace@19
                      ; - java.lang.String::replace@18
                      ; - java.net.URLClassLoader$1::run@8
                      ; - java.net.URLClassLoader$1::run@1
                      ; - java.security.AccessController::executePrivileged@29
                      ; - java.security.AccessController::doPrivileged@13
                      ; - java.net.URLClassLoader::findClass@13
  0x0000020a57430948: b471 84ff 

  0x0000020a5743094c: ;   {other}
  0x0000020a5743094c: 0f1f 8400 | bc54 0061 | 41ba 0100 | 0000 bf01 | 0000 00e9 | 8bde ffff | 4c8b 5424 | 6845 8b52 
  0x0000020a5743096c: 1045 85d2 | 0f84 c4dc | ffff 4d8b | 5f28 498b | ca4d 85db | 0f84 522e | 0000 4d8b | 5738 4b89 
  0x0000020a5743098c: 4c1a f849 | 83c3 f84d | 895f 28e9 | 9edc ffff | 4d8b 5758 | 4d8b 5f48 | f083 4424 | c000 8039 
  0x0000020a574309ac: 000f 84c1 | dcff ff44 | 8821 4d85 | db75 2049 | 8bd7 c5f8 | 7749 ba00 | a4ef 0ffe | 7f00 0041 
  0x0000020a574309cc: ;   {other}
  0x0000020a574309cc: ffd2 0f1f | 8400 0000 | 0000 e999 | dcff ff4b | 894c 1af8 | 4983 c3f8 | 4d89 5f48 | e987 dcff 
  0x0000020a574309ec: ff48 63d1 | e967 b9ff | ffba ccff | ffff 488b | ac24 b000 | 0000 4889 | 5c24 204c | 895c 2438 
  0x0000020a57430a0c: 4c89 7424 | 4848 8974 | 2450 4489 | 4424 5890 

  0x0000020a57430a1c: ;   {runtime_call UncommonTrapBlob}
  0x0000020a57430a1c: c5f8 77e8 

  0x0000020a57430a20: ; ImmutableOopMap {rbp=Oop [32]=Oop [56]=Oop [80]=Oop [184]=Oop }
                      ;*invokestatic arraycopy {reexecute=0 rethrow=0 return_oop=0}
                      ; - java.lang.String::getBytes@22
                      ; - java.lang.StringConcatHelper::prepend@21
                      ; - java.lang.StringConcatHelper::simpleConcat@71
                      ; - java.lang.String::concat@11
                      ; - java.net.URLClassLoader$1::run@13
                      ; - java.net.URLClassLoader$1::run@1
                      ; - java.security.AccessController::executePrivileged@29
                      ; - java.security.AccessController::doPrivileged@13
                      ; - java.net.URLClassLoader::findClass@13
  0x0000020a57430a20: dc70 84ff 

  0x0000020a57430a24: ;   {other}
  0x0000020a57430a24: 0f1f 8400 | 9455 0062 | bacc ffff | ff48 8bac | 24b0 0000 | 0048 895c | 2420 4c89 | 5424 2848 
  0x0000020a57430a44: 8974 2448 | 4489 4c24 | 5066 6690 

  0x0000020a57430a50: ;   {runtime_call UncommonTrapBlob}
  0x0000020a57430a50: c5f8 77e8 

  0x0000020a57430a54: ; ImmutableOopMap {rbp=Oop [32]=Oop [40]=Oop [72]=Oop [184]=Oop }
                      ;*invokestatic arraycopy {reexecute=0 rethrow=0 return_oop=0}
                      ; - java.lang.String::getBytes@22
                      ; - java.lang.StringConcatHelper::prepend@21
                      ; - java.lang.StringConcatHelper::simpleConcat@81
                      ; - java.lang.String::concat@11
                      ; - java.net.URLClassLoader$1::run@13
                      ; - java.net.URLClassLoader$1::run@1
                      ; - java.security.AccessController::executePrivileged@29
                      ; - java.security.AccessController::doPrivileged@13
                      ; - java.net.URLClassLoader::findClass@13
  0x0000020a57430a54: a870 84ff 

  0x0000020a57430a58: ;   {other}
  0x0000020a57430a58: 0f1f 8400 | c855 0063 | 8bcf e983 | bdff ffba | 76ff ffff | 4c8b 9c24 | b000 0000 | 4889 5c24 
  0x0000020a57430a78: 284c 895c | 2430 4489 | 4424 384c | 8954 2440 | 4489 4c24 | 4c4c 895c | 2450 6690 

  0x0000020a57430a94: ;   {runtime_call UncommonTrapBlob}
  0x0000020a57430a94: c5f8 77e8 

  0x0000020a57430a98: ; ImmutableOopMap {[40]=Oop [48]=Oop [56]=NarrowOop [64]=Oop [80]=Oop [184]=Oop }
                      ;*if_icmpge {reexecute=1 rethrow=0 return_oop=0}
                      ; - (reexecute) java.lang.StringLatin1::replace@82
                      ; - java.lang.String::replace@18
                      ; - java.net.URLClassLoader$1::run@8
                      ; - java.net.URLClassLoader$1::run@1
                      ; - java.security.AccessController::executePrivileged@29
                      ; - java.security.AccessController::doPrivileged@13
                      ; - java.net.URLClassLoader::findClass@13
  0x0000020a57430a98: 6470 84ff 

  0x0000020a57430a9c: ;   {other}
  0x0000020a57430a9c: 0f1f 8400 | 0c56 0064 | 33ed 4585 | db40 0f94 | c5ba 45ff | ffff 4889 | 5c24 284c | 8954 2430 
  0x0000020a57430abc: 4c89 5424 | 3866 6690 

  0x0000020a57430ac4: ;   {runtime_call UncommonTrapBlob}
  0x0000020a57430ac4: c5f8 77e8 

  0x0000020a57430ac8: ; ImmutableOopMap {[40]=Oop [48]=Oop [56]=Oop [184]=Oop }
                      ;*ifeq {reexecute=1 rethrow=0 return_oop=0}
                      ; - (reexecute) java.lang.String::replace@9
                      ; - java.net.URLClassLoader$1::run@8
                      ; - java.net.URLClassLoader$1::run@1
                      ; - java.security.AccessController::executePrivileged@29
                      ; - java.security.AccessController::doPrivileged@13
                      ; - java.net.URLClassLoader::findClass@13
  0x0000020a57430ac8: 3470 84ff 

  0x0000020a57430acc: ;   {other}
  0x0000020a57430acc: 0f1f 8400 | 3c56 0065 | baf6 ffff | ff4c 8b4c | 2440 4c89 | 4c24 2048 | 8974 2428 | 4c8b 8c24 
  0x0000020a57430aec: b800 0000 | 4c89 4424 | 384c 895c | 2440 4c8b | 5c24 504c | 895c 2448 | 4489 5424 | 504c 8944 
  0x0000020a57430b0c: 2460 4c89 | 4c24 6890 

  0x0000020a57430b14: ;   {runtime_call UncommonTrapBlob}
  0x0000020a57430b14: c5f8 77e8 

  0x0000020a57430b18: ; ImmutableOopMap {[32]=Oop [40]=Oop [56]=Oop [64]=Oop [80]=NarrowOop [96]=Oop [104]=Oop [184]=Oop [208]=Oop }
                      ;*invokevirtual ensureInitialization {reexecute=0 rethrow=0 return_oop=0}
                      ; - java.util.jar.JavaUtilJarAccessImpl::ensureInitialization@1
                      ; - jdk.internal.loader.URLClassPath$JarLoader$2::getManifest@10
                      ; - java.net.URLClassLoader::defineClass@34
                      ; - java.net.URLClassLoader$1::run@43
                      ; - java.net.URLClassLoader$1::run@1
                      ; - java.security.AccessController::executePrivileged@29
                      ; - java.security.AccessController::doPrivileged@13
                      ; - java.net.URLClassLoader::findClass@13
  0x0000020a57430b18: e46f 84ff 

  0x0000020a57430b1c: ;   {other}
  0x0000020a57430b1c: 0f1f 8400 | 8c56 0066 | baf6 ffff | ff4c 8b44 | 2440 4c89 | 4424 204c | 8b44 2448 | 4c89 4424 
  0x0000020a57430b3c: 284c 8b44 | 2458 4c89 | 4424 404c | 8b44 2450 | 4c89 4424 | 484c 895c | 2460 4c89 | 5424 7890 
  0x0000020a57430b5c: ;   {runtime_call UncommonTrapBlob}
  0x0000020a57430b5c: c5f8 77e8 

  0x0000020a57430b60: ; ImmutableOopMap {[32]=Oop [40]=Oop [64]=Oop [96]=Oop [120]=Oop [136]=NarrowOop [176]=Oop [184]=Oop [208]=Oop }
                      ;*invokevirtual get {reexecute=0 rethrow=0 return_oop=0}
                      ; - java.lang.ClassLoader::getDefinedPackage@13
                      ; - java.net.URLClassLoader::getAndVerifyPackage@2
                      ; - java.net.URLClassLoader::defineClass@46
                      ; - java.net.URLClassLoader$1::run@43
                      ; - java.net.URLClassLoader$1::run@1
                      ; - java.security.AccessController::executePrivileged@29
                      ; - java.security.AccessController::doPrivileged@13
                      ; - java.net.URLClassLoader::findClass@13
  0x0000020a57430b60: 9c6f 84ff 

  0x0000020a57430b64: ;   {other}
  0x0000020a57430b64: 0f1f 8400 | d456 0067 | ba76 ffff | ff4c 8b54 | 2440 4c89 | 5424 204c | 8b94 24b8 | 0000 004c 
  0x0000020a57430b84: 8954 2430 | 4c89 4424 | 3848 8974 | 2440 4c8b | 5424 504c | 8954 2448 | 4489 5c24 | 5089 7c24 
  0x0000020a57430ba4: 584c 8944 | 2460 6690 

  0x0000020a57430bac: ;   {runtime_call UncommonTrapBlob}
  0x0000020a57430bac: c5f8 77e8 

  0x0000020a57430bb0: ; ImmutableOopMap {[32]=Oop [48]=Oop [56]=Oop [64]=Oop [80]=NarrowOop [96]=Oop }
                      ;*iflt {reexecute=1 rethrow=0 return_oop=0}
                      ; - (reexecute) java.lang.StringLatin1::lastIndexOf@19
                      ; - java.lang.String::lastIndexOf@13
                      ; - java.lang.String::lastIndexOf@8
                      ; - java.net.URLClassLoader::defineClass@7
                      ; - java.net.URLClassLoader$1::run@43
                      ; - java.net.URLClassLoader$1::run@1
                      ; - java.security.AccessController::executePrivileged@29
                      ; - java.security.AccessController::doPrivileged@13
                      ; - java.net.URLClassLoader::findClass@13
  0x0000020a57430bb0: 4c6f 84ff 

  0x0000020a57430bb4: ;   {other}
  0x0000020a57430bb4: 0f1f 8400 | 2457 0068 | bade ffff | ff4c 8b5c | 2440 4c89 | 5c24 204c | 8b9c 24b8 | 0000 004c 
  0x0000020a57430bd4: 895c 2430 | 4c89 4424 | 3848 8974 | 2440 4c8b | 5c24 504c | 895c 2448 | 4489 5424 | 5048 8974 
  0x0000020a57430bf4: 2460 4c89 | 4424 6890 

  0x0000020a57430bfc: ;   {runtime_call UncommonTrapBlob}
  0x0000020a57430bfc: c5f8 77e8 

  0x0000020a57430c00: ; ImmutableOopMap {[32]=Oop [48]=Oop [56]=Oop [64]=Oop [80]=NarrowOop [96]=Oop [104]=Oop [208]=Oop }
                      ;*invokevirtual getManifest {reexecute=0 rethrow=0 return_oop=0}
                      ; - java.net.URLClassLoader::defineClass@34
                      ; - java.net.URLClassLoader$1::run@43
                      ; - java.net.URLClassLoader$1::run@1
                      ; - java.security.AccessController::executePrivileged@29
                      ; - java.security.AccessController::doPrivileged@13
                      ; - java.net.URLClassLoader::findClass@13
  0x0000020a57430c00: fc6e 84ff 

  0x0000020a57430c04: ;   {other}
  0x0000020a57430c04: 0f1f 8400 | 7457 0069 | bade ffff | ff4c 8b4c | 2440 4c89 | 4c24 2848 | 8974 2430 | 4c8b 8c24 
  0x0000020a57430c24: b800 0000 | 4c89 4424 | 4044 8954 | 2458 4c89 | 5c24 684c | 8944 2470 | 4c89 4c24 | 7889 4c24 
  0x0000020a57430c44: 5c66 6690 

  0x0000020a57430c48: ;   {runtime_call UncommonTrapBlob}
  0x0000020a57430c48: c5f8 77e8 

  0x0000020a57430c4c: ; ImmutableOopMap {rbp=NarrowOop [40]=Oop [48]=Oop [64]=Oop [88]=NarrowOop [92]=NarrowOop [104]=Oop [112]=Oop [120]=Oop [184]=Oop [208]=Oop }
                      ;*invokeinterface ensureInitialization {reexecute=0 rethrow=0 return_oop=0}
                      ; - jdk.internal.loader.URLClassPath$JarLoader$2::getManifest@10
                      ; - java.net.URLClassLoader::defineClass@34
                      ; - java.net.URLClassLoader$1::run@43
                      ; - java.net.URLClassLoader$1::run@1
                      ; - java.security.AccessController::executePrivileged@29
                      ; - java.security.AccessController::doPrivileged@13
                      ; - java.net.URLClassLoader::findClass@13
  0x0000020a57430c4c: b06e 84ff 

  0x0000020a57430c50: ;   {other}
  0x0000020a57430c50: 0f1f 8400 | c057 006a | 4889 7c24 | 604c 895c | 2458 4889 | 5424 4844 | 8954 2424 | 4889 7424 
  0x0000020a57430c70: 304c 8944 | 2428 488b | d74c 8d84 | 24f0 0000 | 004c 8b94 | 24b8 0000 | 004c 8954 | 2468 6690 
  0x0000020a57430c90: ;   {runtime_call _complete_monitor_locking_Java}
  0x0000020a57430c90: c5f8 77e8 

  0x0000020a57430c94: ; ImmutableOopMap {rbp=NarrowOop [36]=NarrowOop [40]=Oop [48]=Oop [64]=Oop [72]=Oop [88]=Oop [96]=Oop [104]=Oop [184]=Oop [208]=Oop }
                      ;*synchronization entry
                      ; - java.util.jar.JarFile::ensureInitialization@-1
                      ; - java.util.jar.JavaUtilJarAccessImpl::ensureInitialization@1
                      ; - jdk.internal.loader.URLClassPath$JarLoader$2::getManifest@10
                      ; - java.net.URLClassLoader::defineClass@34
                      ; - java.net.URLClassLoader$1::run@43
                      ; - java.net.URLClassLoader$1::run@1
                      ; - java.security.AccessController::executePrivileged@29
                      ; - java.security.AccessController::doPrivileged@13
                      ; - java.net.URLClassLoader::findClass@13
  0x0000020a57430c94: 687f 88ff 

  0x0000020a57430c98: ;   {other}
  0x0000020a57430c98: 0f1f 8400 | 0858 006b | 4c8b 4424 | 2848 8b74 | 2430 448b | 5424 2448 | 8b54 2448 | 4c8b 5c24 
  0x0000020a57430cb8: 5848 8b7c | 2460 e9de | beff ff4c | 8bcf 4d8b | f348 8bea | 458b ea49 | 8bd8 498b | c948 8d94 
  0x0000020a57430cd8: 24f0 0000 | 004d 8bc7 | c5f8 7749 | ba40 d930 | 10fe 7f00 | 0041 ffd2 

  0x0000020a57430cf0: ;   {other}
  0x0000020a57430cf0: 0f1f 8400 | 0000 0000 | 4c8b c345 | 8bd5 488b | d54d 8bde | e949 bfff | ffba deff | ffff 4c8b 
  0x0000020a57430d10: 4c24 404c | 894c 2428 | 4889 7424 | 304c 8b8c | 24b8 0000 | 004c 8944 | 2440 4c89 | 5c24 4844 
  0x0000020a57430d30: 8954 2458 | 4c89 4424 | 684c 894c | 2470 6690 

  0x0000020a57430d40: ;   {runtime_call UncommonTrapBlob}
  0x0000020a57430d40: c5f8 77e8 

  0x0000020a57430d44: ; ImmutableOopMap {rbp=NarrowOop [40]=Oop [48]=Oop [64]=Oop [72]=Oop [88]=NarrowOop [104]=Oop [112]=Oop [184]=Oop [208]=Oop }
                      ;*invokevirtual getManifest {reexecute=0 rethrow=0 return_oop=0}
                      ; - jdk.internal.loader.URLClassPath$JarLoader$2::getManifest@22
                      ; - java.net.URLClassLoader::defineClass@34
                      ; - java.net.URLClassLoader$1::run@43
                      ; - java.net.URLClassLoader$1::run@1
                      ; - java.security.AccessController::executePrivileged@29
                      ; - java.security.AccessController::doPrivileged@13
                      ; - java.net.URLClassLoader::findClass@13
  0x0000020a57430d44: b86d 84ff 

  0x0000020a57430d48: ;   {other}
  0x0000020a57430d48: 0f1f 8400 | b858 006c | ba6e ffff | ff4c 8b54 | 2440 4c89 | 5424 204c | 8b94 24b8 | 0000 004c 
  0x0000020a57430d68: 8954 2430 | 4c89 4424 | 3848 8974 | 2440 4c8b | 5424 504c | 8954 2448 | 4489 5c24 | 5089 7c24 
  0x0000020a57430d88: 584c 8944 | 2460 6690 

  0x0000020a57430d90: ;   {runtime_call UncommonTrapBlob}
  0x0000020a57430d90: c5f8 77e8 

  0x0000020a57430d94: ; ImmutableOopMap {[32]=Oop [48]=Oop [56]=Oop [64]=Oop [80]=NarrowOop [96]=Oop }
                      ;*iflt {reexecute=1 rethrow=0 return_oop=0}
                      ; - (reexecute) java.lang.StringLatin1::lastIndexOf@19
                      ; - java.lang.String::lastIndexOf@13
                      ; - java.lang.String::lastIndexOf@8
                      ; - java.net.URLClassLoader::defineClass@7
                      ; - java.net.URLClassLoader$1::run@43
                      ; - java.net.URLClassLoader$1::run@1
                      ; - java.security.AccessController::executePrivileged@29
                      ; - java.security.AccessController::doPrivileged@13
                      ; - java.net.URLClassLoader::findClass@13
  0x0000020a57430d94: 686d 84ff 

  0x0000020a57430d98: ;   {other}
  0x0000020a57430d98: 0f1f 8400 | 0859 006d | 448b 5d0c | 4585 db0f | 8429 dcff | ff4d 8b57 | 2849 8bcb | 4d85 d20f 
  0x0000020a57430db8: 84df 2a00 | 004d 8b5f | 384b 894c | 13f8 4983 | c2f8 4d89 | 5728 e903 | dcff ff4c | 8b54 2470 
  0x0000020a57430dd8: 458b 5210 | 4585 d20f | 84ec dcff | ff4d 8b5f | 2849 8bca | 4d85 db0f | 8467 2a00 | 004d 8b57 
  0x0000020a57430df8: 384b 894c | 1af8 4983 | c3f8 4d89 | 5f28 e9c6 | dcff ff4c | 8b54 2470 | 458b 520c | 4585 d20f 
  0x0000020a57430e18: 8409 dcff | ff4d 8b5f | 2849 8bca | 4d85 db0f | 844f 2a00 | 004d 8b57 | 384b 894c | 1af8 4983 
  0x0000020a57430e38: c3f8 4d89 | 5f28 e9e3 | dbff ff4c | 8b54 2470 | 458b 5214 | 4585 d20f | 84fa dcff | ff4d 8b5f 
  0x0000020a57430e58: 2849 8bca | 4d85 db0f | 8457 2a00 | 004d 8b57 | 384b 894c | 1af8 4983 | c3f8 4d89 | 5f28 e9d4 
  0x0000020a57430e78: dcff ff4d | 8b57 484d | 8b5f 58f0 | 8344 24c0 | 0080 3900 | 0f84 79dc | ffff 4488 

  0x0000020a57430e94: ;   {no_reloc}
  0x0000020a57430e94: 214d 85d2 | 7520 498b | d7c5 f877 | 49ba 00a4 | ef0f fe7f | 0000 41ff 

  0x0000020a57430eac: ;   {other}
  0x0000020a57430eac: d20f 1f84 | 0000 0000 | 00e9 51dc | ffff 4b89 | 4c13 f849 | 83c2 f84d | 8957 48e9 | 3fdc ffff 
  0x0000020a57430ecc: 4d8b 5748 | 4d8b 5f58 | f083 4424 | c000 8039 | 000f 847a | dbff ff44 | 8821 4d85 | d275 2049 
  0x0000020a57430eec: 8bd7 c5f8 | 7749 ba00 | a4ef 0ffe | 7f00 0041 

  0x0000020a57430efc: ;   {other}
  0x0000020a57430efc: ffd2 0f1f | 8400 0000 | 0000 e952 | dbff ff4b | 894c 13f8 | 4983 c2f8 | 4d89 5748 | e940 dbff 
  0x0000020a57430f1c: ff4d 8b57 | 584d 8b5f | 48f0 8344 | 24c0 0080 | 3900 0f84 | e7da ffff | 4488 214d | 85db 7520 
  0x0000020a57430f3c: 498b d7c5 | f877 49ba | 00a4 ef0f | fe7f 0000 

  0x0000020a57430f4c: ;   {other}
  0x0000020a57430f4c: 41ff d20f | 1f84 0000 | 0000 00e9 | bfda ffff | 4b89 4c1a | f849 83c3 | f84d 895f | 48e9 adda 
  0x0000020a57430f6c: ffff 4d8b | 5748 4d8b | 5f58 f083 | 4424 c000 | 8039 000f | 8413 dcff | ff44 8821 | 4d85 d275 
  0x0000020a57430f8c: 2049 8bd7 | c5f8 7749 | ba00 a4ef | 0ffe 7f00 | 0041 ffd2 

  0x0000020a57430fa0: ;   {other}
  0x0000020a57430fa0: 0f1f 8400 | 0000 0000 | e9eb dbff | ff4b 894c | 13f8 4983 | c2f8 4d89 | 5748 e9d9 | dbff ffba 
  0x0000020a57430fc0: 76ff ffff | 4c8b 9c24 | b000 0000 | 4889 5c24 | 284c 895c | 2430 4489 | 4424 3844 | 894c 243c 
  0x0000020a57430fe0: 4c89 5424 | 404c 895c | 2450 6690 

  0x0000020a57430fec: ;   {runtime_call UncommonTrapBlob}
  0x0000020a57430fec: c5f8 77e8 

  0x0000020a57430ff0: ; ImmutableOopMap {[40]=Oop [48]=Oop [56]=NarrowOop [64]=Oop [80]=Oop [184]=Oop }
                      ;*if_icmpge {reexecute=1 rethrow=0 return_oop=0}
                      ; - (reexecute) java.lang.StringLatin1::replace@61
                      ; - java.lang.String::replace@18
                      ; - java.net.URLClassLoader$1::run@8
                      ; - java.net.URLClassLoader$1::run@1
                      ; - java.security.AccessController::executePrivileged@29
                      ; - java.security.AccessController::doPrivileged@13
                      ; - java.net.URLClassLoader::findClass@13
  0x0000020a57430ff0: 0c6b 84ff 

  0x0000020a57430ff4: ;   {other}
  0x0000020a57430ff4: 0f1f 8400 | 645b 006e | 41bb 0100 | 0000 e954 | b1ff ffba | 45ff ffff | 488b ac24 | b000 0000 
  0x0000020a57431014: 4889 5c24 | 204c 895c | 2438 4489 | 4424 4090 

  0x0000020a57431024: ;   {runtime_call UncommonTrapBlob}
  0x0000020a57431024: c5f8 77e8 

  0x0000020a57431028: ; ImmutableOopMap {rbp=Oop [32]=Oop [56]=Oop [184]=Oop }
                      ;*iflt {reexecute=1 rethrow=0 return_oop=0}
                      ; - (reexecute) java.lang.StringConcatHelper::checkOverflow@2
                      ; - java.lang.StringConcatHelper::mix@23
                      ; - java.lang.StringConcatHelper::simpleConcat@46
                      ; - java.lang.String::concat@11
                      ; - java.net.URLClassLoader$1::run@13
                      ; - java.net.URLClassLoader$1::run@1
                      ; - java.security.AccessController::executePrivileged@29
                      ; - java.security.AccessController::doPrivileged@13
                      ; - java.net.URLClassLoader::findClass@13
  0x0000020a57431028: d46a 84ff 

  0x0000020a5743102c: ;   {other}
  0x0000020a5743102c: 0f1f 8400 | 9c5b 006f | ba45 ffff | ff4c 8b94 | 24b0 0000 | 0048 895c | 2428 4c89 | 5424 304c 
  0x0000020a5743104c: 895c 2440 

  0x0000020a57431050: ;   {runtime_call UncommonTrapBlob}
  0x0000020a57431050: c5f8 77e8 

  0x0000020a57431054: ; ImmutableOopMap {[40]=Oop [48]=Oop [64]=Oop [176]=Oop [184]=Oop }
                      ;*iflt {reexecute=1 rethrow=0 return_oop=0}
                      ; - (reexecute) java.lang.StringConcatHelper::checkOverflow@2
                      ; - java.lang.StringConcatHelper::mix@23
                      ; - java.lang.StringConcatHelper::simpleConcat@54
                      ; - java.lang.String::concat@11
                      ; - java.net.URLClassLoader$1::run@13
                      ; - java.net.URLClassLoader$1::run@1
                      ; - java.security.AccessController::executePrivileged@29
                      ; - java.security.AccessController::doPrivileged@13
                      ; - java.net.URLClassLoader::findClass@13
  0x0000020a57431054: a86a 84ff 

  0x0000020a57431058: ;   {other}
  0x0000020a57431058: 0f1f 8400 | c85b 0070 | ba45 ffff | ff48 8bac | 24b0 0000 | 0048 895c | 2420 4c89 | 5c24 4048 
  0x0000020a57431078: 8974 2448 | 8944 2450 

  0x0000020a57431080: ;   {runtime_call UncommonTrapBlob}
  0x0000020a57431080: c5f8 77e8 

  0x0000020a57431084: ; ImmutableOopMap {rbp=Oop [32]=Oop [64]=Oop [72]=Oop [184]=Oop }
                      ;*if_icmpne {reexecute=1 rethrow=0 return_oop=0}
                      ; - (reexecute) java.lang.String::getBytes@5
                      ; - java.lang.StringConcatHelper::prepend@21
                      ; - java.lang.StringConcatHelper::simpleConcat@81
                      ; - java.lang.String::concat@11
                      ; - java.net.URLClassLoader$1::run@13
                      ; - java.net.URLClassLoader$1::run@1
                      ; - java.security.AccessController::executePrivileged@29
                      ; - java.security.AccessController::doPrivileged@13
                      ; - java.net.URLClassLoader::findClass@13
  0x0000020a57431084: 786a 84ff 

  0x0000020a57431088: ;   {other}
  0x0000020a57431088: 0f1f 8400 | f85b 0071 | ba45 ffff | ff48 8bac | 24b0 0000 | 0048 895c | 2420 4c89 | 5c24 384c 
  0x0000020a574310a8: 8974 2440 | 8944 2448 

  0x0000020a574310b0: ;   {runtime_call UncommonTrapBlob}
  0x0000020a574310b0: c5f8 77e8 

  0x0000020a574310b4: ; ImmutableOopMap {rbp=Oop [32]=Oop [56]=Oop [184]=Oop }
                      ;*if_icmpne {reexecute=1 rethrow=0 return_oop=0}
                      ; - (reexecute) java.lang.StringConcatHelper::mix@13
                      ; - java.lang.StringConcatHelper::simpleConcat@46
                      ; - java.lang.String::concat@11
                      ; - java.net.URLClassLoader$1::run@13
                      ; - java.net.URLClassLoader$1::run@1
                      ; - java.security.AccessController::executePrivileged@29
                      ; - java.security.AccessController::doPrivileged@13
                      ; - java.net.URLClassLoader::findClass@13
  0x0000020a574310b4: 486a 84ff 

  0x0000020a574310b8: ;   {other}
  0x0000020a574310b8: 0f1f 8400 | 285c 0072 | ba45 ffff | ff48 8bac | 24b0 0000 | 0048 895c | 2420 4c89 | 5c24 384c 
  0x0000020a574310d8: 896c 2440 | 894c 2448 

  0x0000020a574310e0: ;   {runtime_call UncommonTrapBlob}
  0x0000020a574310e0: c5f8 77e8 

  0x0000020a574310e4: ; ImmutableOopMap {rbp=Oop [32]=Oop [56]=Oop [184]=Oop }
                      ;*ifge {reexecute=1 rethrow=0 return_oop=0}
                      ; - (reexecute) java.lang.StringConcatHelper::newArray@13
                      ; - java.lang.StringConcatHelper::simpleConcat@61
                      ; - java.lang.String::concat@11
                      ; - java.net.URLClassLoader$1::run@13
                      ; - java.net.URLClassLoader$1::run@1
                      ; - java.security.AccessController::executePrivileged@29
                      ; - java.security.AccessController::doPrivileged@13
                      ; - java.net.URLClassLoader::findClass@13
  0x0000020a574310e4: 186a 84ff 

  0x0000020a574310e8: ;   {other}
  0x0000020a574310e8: 0f1f 8400 | 585c 0073 | baf6 ffff | ff4c 8b54 | 2440 4c89 | 5424 204c | 8b54 2448 | 4c89 5424 
  0x0000020a57431108: 284c 8b94 | 24b8 0000 | 004c 8954 | 2430 4c8b | 5424 584c | 8954 2440 | 4c8b 5424 | 504c 8954 
  0x0000020a57431128: 2448 4c89 | 4424 6890 

  0x0000020a57431130: ;   {runtime_call UncommonTrapBlob}
  0x0000020a57431130: c5f8 77e8 

  0x0000020a57431134: ; ImmutableOopMap {[32]=Oop [40]=Oop [48]=Oop [64]=Oop [104]=Oop [128]=Oop [136]=NarrowOop [176]=Oop }
                      ;*invokevirtual get {reexecute=0 rethrow=0 return_oop=0}
                      ; - java.lang.ClassLoader::definePackage@47
                      ; - java.lang.ClassLoader::getDefinedPackage@32
                      ; - java.net.URLClassLoader::getAndVerifyPackage@2
                      ; - java.net.URLClassLoader::defineClass@46
                      ; - java.net.URLClassLoader$1::run@43
                      ; - java.net.URLClassLoader$1::run@1
                      ; - java.security.AccessController::executePrivileged@29
                      ; - java.security.AccessController::doPrivileged@13
                      ; - java.net.URLClassLoader::findClass@13
  0x0000020a57431134: c869 84ff 

  0x0000020a57431138: ;   {other}
  0x0000020a57431138: 0f1f 8400 | a85c 0074 | 4c63 d5e9 | dbc7 ffff | ba76 ffff | ff4c 8b54 | 2440 4c89 | 5424 204c 
  0x0000020a57431158: 8b54 2448 | 4c89 5424 | 284c 8b94 | 24b8 0000 | 004c 8954 | 2430 4c8b | 5424 584c | 8954 2440 
  0x0000020a57431178: 4c8b 5424 | 504c 8954 | 2448 448b | 9c24 8800 | 0000 4489 | 5c24 504c | 8b94 2480 | 0000 004c 
  0x0000020a57431198: 8954 2460 | 4889 4c24 | 684c 8944 | 2470 4889 | 8c24 8800 | 0000 448b | 9424 9800 | 0000 4489 
  0x0000020a574311b8: 5424 5489 | 9c24 9400 | 0000 6690 

  0x0000020a574311c4: ;   {runtime_call UncommonTrapBlob}
  0x0000020a574311c4: c5f8 77e8 

  0x0000020a574311c8: ; ImmutableOopMap {[32]=Oop [40]=Oop [48]=Oop [64]=Oop [80]=NarrowOop [84]=NarrowOop [96]=Oop [104]=Oop [112]=Oop [136]=Oop [176]=Oop [192]=NarrowOop }
                      ;*if_icmpge {reexecute=1 rethrow=0 return_oop=0}
                      ; - (reexecute) java.lang.StringLatin1::replace@19
                      ; - java.lang.String::replace@18
                      ; - java.net.URLClassLoader::isSealed@9
                      ; - java.net.URLClassLoader::getAndVerifyPackage@68
                      ; - java.net.URLClassLoader::defineClass@46
                      ; - java.net.URLClassLoader$1::run@43
                      ; - java.net.URLClassLoader$1::run@1
                      ; - java.security.AccessController::executePrivileged@29
                      ; - java.security.AccessController::doPrivileged@13
                      ; - java.net.URLClassLoader::findClass@13
  0x0000020a574311c8: 3469 84ff 

  0x0000020a574311cc: ;   {other}
  0x0000020a574311cc: 0f1f 8400 | 3c5d 0075 | 33ed 85c9 | 400f 96c5 | ba45 ffff | ff4c 8b54 | 2440 4c89 | 5424 284c 
  0x0000020a574311ec: 8b54 2448 | 4c89 5424 | 304c 8b94 | 24b8 0000 | 004c 8954 | 2438 4c8b | 5424 584c | 8954 2448 
  0x0000020a5743120c: 448b 9c24 | 8800 0000 | 4c89 4424 | 7844 895c | 245c 4c89 | 8424 9000 | 0000 6690 

  0x0000020a57431228: ;   {runtime_call UncommonTrapBlob}
  0x0000020a57431228: c5f8 77e8 

  0x0000020a5743122c: ; ImmutableOopMap {[40]=Oop [48]=Oop [56]=Oop [72]=Oop [92]=NarrowOop [120]=Oop [128]=Oop [144]=Oop [176]=Oop [192]=NarrowOop }
                      ;*ifeq {reexecute=1 rethrow=0 return_oop=0}
                      ; - (reexecute) java.lang.ClassLoader::definePackage@4
                      ; - java.lang.ClassLoader::getDefinedPackage@32
                      ; - java.net.URLClassLoader::getAndVerifyPackage@2
                      ; - java.net.URLClassLoader::defineClass@46
                      ; - java.net.URLClassLoader$1::run@43
                      ; - java.net.URLClassLoader$1::run@1
                      ; - java.security.AccessController::executePrivileged@29
                      ; - java.security.AccessController::doPrivileged@13
                      ; - java.net.URLClassLoader::findClass@13
  0x0000020a5743122c: d068 84ff 

  0x0000020a57431230: ;   {other}
  0x0000020a57431230: 0f1f 8400 | a05d 0076 | bade ffff | ff4c 8b54 | 2440 4c89 | 5424 204c | 8b54 2448 | 4c89 5424 
  0x0000020a57431250: 284c 8b94 | 24b8 0000 | 004c 8954 | 2430 4c8b | 5424 584c | 8954 2440 | 4c8b 5424 | 504c 8954 
  0x0000020a57431270: 2448 448b | 9424 8800 | 0000 4489 | 5424 5048 | 894c 2468 | 4c89 4424 | 704c 895c | 2478 4c89 
  0x0000020a57431290: 9c24 8000 | 0000 4489 | 4c24 5490 

  0x0000020a5743129c: ;   {runtime_call UncommonTrapBlob}
  0x0000020a5743129c: c5f8 77e8 

  0x0000020a574312a0: ; ImmutableOopMap {[32]=Oop [40]=Oop [48]=Oop [64]=Oop [80]=NarrowOop [84]=NarrowOop [104]=Oop [112]=Oop [120]=Oop [128]=Oop [152]=Oop [176]=Oop }
                      ;*invokeinterface getTrustedAttributes {reexecute=0 rethrow=0 return_oop=0}
                      ; - java.net.URLClassLoader::isSealed@18
                      ; - java.net.URLClassLoader::getAndVerifyPackage@68
                      ; - java.net.URLClassLoader::defineClass@46
                      ; - java.net.URLClassLoader$1::run@43
                      ; - java.net.URLClassLoader$1::run@1
                      ; - java.security.AccessController::executePrivileged@29
                      ; - java.security.AccessController::doPrivileged@13
                      ; - java.net.URLClassLoader::findClass@13
  0x0000020a574312a0: 5c68 84ff 

  0x0000020a574312a4: ;   {other}
  0x0000020a574312a4: 0f1f 8400 | 145e 0077 | bacc ffff | ff48 8bac | 24b0 0000 | 004c 8b54 | 2440 4c89 | 5424 204c 
  0x0000020a574312c4: 8b54 2448 | 4c89 5424 | 284c 8b94 | 24b8 0000 | 004c 8954 | 2430 4c8b | 5424 584c | 8954 2440 
  0x0000020a574312e4: 4c8b 5424 | 504c 8954 | 2448 448b | 9c24 8800 | 0000 4489 | 5c24 504c | 8b54 2470 | 4c89 5424 
  0x0000020a57431304: 584c 8b94 | 2480 0000 | 004c 8954 | 2460 4c8b | 5424 784c | 8954 2470 | 448b 9424 | a000 0000 
  0x0000020a57431324: 4489 5424 | 544c 8b94 | 24a8 0000 | 004c 8994 | 24a0 0000 | 004c 898c | 24b8 0000 | 0066 6690 
  0x0000020a57431344: ;   {runtime_call UncommonTrapBlob}
  0x0000020a57431344: c5f8 77e8 

  0x0000020a57431348: ; ImmutableOopMap {rbp=Oop [32]=Oop [40]=Oop [48]=Oop [64]=Oop [80]=NarrowOop [84]=NarrowOop [88]=Oop [96]=Oop [112]=Oop [160]=Oop [184]=Oop }
                      ;*invokestatic arraycopy {reexecute=0 rethrow=0 return_oop=0}
                      ; - java.lang.String::getBytes@22
                      ; - java.lang.StringConcatHelper::prepend@21
                      ; - java.lang.StringConcatHelper::simpleConcat@71
                      ; - java.lang.String::concat@11
                      ; - java.net.URLClassLoader::isSealed@15
                      ; - java.net.URLClassLoader::getAndVerifyPackage@68
                      ; - java.net.URLClassLoader::defineClass@46
                      ; - java.net.URLClassLoader$1::run@43
                      ; - java.net.URLClassLoader$1::run@1
                      ; - java.security.AccessController::executePrivileged@29
                      ; - java.security.AccessController::doPrivileged@13
                      ; - java.net.URLClassLoader::findClass@13
  0x0000020a57431348: b467 84ff 

  0x0000020a5743134c: ;   {other}
  0x0000020a5743134c: 0f1f 8400 | bc5e 0078 | bacc ffff | ff48 8bac | 24b0 0000 | 004c 8b54 | 2440 4c89 | 5424 204c 
  0x0000020a5743136c: 8b54 2448 | 4c89 5424 | 284c 8b94 | 24b8 0000 | 004c 8954 | 2430 4c8b | 5424 584c | 8954 2440 
  0x0000020a5743138c: 4c8b 5424 | 504c 8954 | 2448 448b | 9c24 8800 | 0000 4489 | 5c24 504c | 8b54 2470 | 4c89 5424 
  0x0000020a574313ac: 584c 8b94 | 2480 0000 | 004c 8954 | 2460 4c8b | 5424 784c | 8954 2470 | 4c8b 9424 | 9000 0000 
  0x0000020a574313cc: 4c89 9424 | 8800 0000 | 448b 9424 | a000 0000 | 4489 5424 | 544c 898c | 24b0 0000 | 0066 6690 
  0x0000020a574313ec: ;   {runtime_call UncommonTrapBlob}
  0x0000020a574313ec: c5f8 77e8 

  0x0000020a574313f0: ; ImmutableOopMap {rbp=Oop [32]=Oop [40]=Oop [48]=Oop [64]=Oop [80]=NarrowOop [84]=NarrowOop [88]=Oop [96]=Oop [112]=Oop [136]=Oop [176]=Oop }
                      ;*invokestatic arraycopy {reexecute=0 rethrow=0 return_oop=0}
                      ; - java.lang.String::getBytes@22
                      ; - java.lang.StringConcatHelper::prepend@21
                      ; - java.lang.StringConcatHelper::simpleConcat@81
                      ; - java.lang.String::concat@11
                      ; - java.net.URLClassLoader::isSealed@15
                      ; - java.net.URLClassLoader::getAndVerifyPackage@68
                      ; - java.net.URLClassLoader::defineClass@46
                      ; - java.net.URLClassLoader$1::run@43
                      ; - java.net.URLClassLoader$1::run@1
                      ; - java.security.AccessController::executePrivileged@29
                      ; - java.security.AccessController::doPrivileged@13
                      ; - java.net.URLClassLoader::findClass@13
  0x0000020a574313f0: 0c67 84ff 

  0x0000020a574313f4: ;   {other}
  0x0000020a574313f4: 0f1f 8400 | 645f 0079 | 4863 5c24 | 30e9 7fb5 | ffff 4983 | c2fe 498b | ca48 8bfa | 4833 c048 
  0x0000020a57431414: 83f9 087f | 1048 ffc9 | 7856 4889 | 04cf 48ff | c97d f7eb | 4bc5 fdef | c0e9 0d00 | 0000 c5fe 
  0x0000020a57431434: 7f07 c5fe | 7f47 2048 | 83c7 4048 | 83e9 087d | ed48 83c1 | 047c 0cc5 | fe7f 0748 | 83c7 2048 
  0x0000020a57431454: 83e9 0448 | 83c1 047e | 1748 c7c0 | ffff ffff | c4e2 f0f5 | c0c4 e1fb | 92f8 62f1 | fe2f 7f07 
  0x0000020a57431474: e910 b6ff | ffba ccff | ffff 4c8b | 5c24 404c | 895c 2420 | 4c8b 9c24 | b800 0000 | 4c89 5c24 
  0x0000020a57431494: 304c 8b5c | 2448 4c89 | 5c24 404c | 8b5c 2450 | 4c89 5c24 | 4844 8b5c | 2458 4489 | 5c24 5044 
  0x0000020a574314b4: 8944 2454 | 4489 5424 | 5c4c 894c | 2478 6690 

  0x0000020a574314c4: ;   {runtime_call UncommonTrapBlob}
  0x0000020a574314c4: c5f8 77e8 

  0x0000020a574314c8: ; ImmutableOopMap {[32]=Oop [48]=Oop [64]=Oop [80]=NarrowOop [84]=NarrowOop [120]=Oop [176]=Oop }
                      ;*newarray {reexecute=1 rethrow=0 return_oop=0}
                      ; - (reexecute) java.util.Arrays::copyOfRangeByte@10
                      ; - java.util.Arrays::copyOfRange@13
                      ; - java.lang.StringLatin1::newString@16
                      ; - java.lang.String::substring@41
                      ; - java.net.URLClassLoader::defineClass@28
                      ; - java.net.URLClassLoader$1::run@43
                      ; - java.net.URLClassLoader$1::run@1
                      ; - java.security.AccessController::executePrivileged@29
                      ; - java.security.AccessController::doPrivileged@13
                      ; - java.net.URLClassLoader::findClass@13
  0x0000020a574314c8: 3466 84ff 

  0x0000020a574314cc: ;   {other}
  0x0000020a574314cc: 0f1f 8400 | 3c60 007a | 33ed 85ff | 400f 94c5 | ba45 ffff | ff4c 8b5c | 2440 4c89 | 5c24 284c 
  0x0000020a574314ec: 8b9c 24b8 | 0000 004c | 8944 2440 | 4889 7424 | 484c 8944 | 2458 4c89 | 5c24 6844 | 8954 2470 
  0x0000020a5743150c: ;   {runtime_call UncommonTrapBlob}
  0x0000020a5743150c: c5f8 77e8 

  0x0000020a57431510: ; ImmutableOopMap {[40]=Oop [64]=Oop [72]=Oop [88]=Oop [104]=Oop [184]=Oop }
                      ;*ifeq {reexecute=1 rethrow=0 return_oop=0}
                      ; - (reexecute) java.lang.String::lastIndexOf@4
                      ; - java.lang.String::lastIndexOf@8
                      ; - java.net.URLClassLoader::defineClass@7
                      ; - java.net.URLClassLoader$1::run@43
                      ; - java.net.URLClassLoader$1::run@1
                      ; - java.security.AccessController::executePrivileged@29
                      ; - java.security.AccessController::doPrivileged@13
                      ; - java.net.URLClassLoader::findClass@13
  0x0000020a57431510: ec65 84ff 

  0x0000020a57431514: ;   {other}
  0x0000020a57431514: 0f1f 8400 | 8460 007b | ba45 ffff | ff4c 8b5c | 2440 4c89 | 5c24 204c | 8b9c 24b8 | 0000 004c 
  0x0000020a57431534: 895c 2430 | 4c89 4424 | 3848 8974 | 2440 4c8b | 5c24 504c | 895c 2448 | 4489 5424 | 504c 8944 
  0x0000020a57431554: 2458 894c | 2460 894c | 2464 4489 | 4c24 7c90 

  0x0000020a57431564: ;   {runtime_call UncommonTrapBlob}
  0x0000020a57431564: c5f8 77e8 

  0x0000020a57431568: ; ImmutableOopMap {[32]=Oop [48]=Oop [56]=Oop [64]=Oop [80]=NarrowOop [88]=Oop }
                      ;*if_icmpgt {reexecute=1 rethrow=0 return_oop=0}
                      ; - (reexecute) jdk.internal.util.Preconditions::checkFromToIndex@6
                      ; - java.lang.String::checkBoundsBeginEnd@6
                      ; - java.lang.String::substring@8
                      ; - java.net.URLClassLoader::defineClass@28
                      ; - java.net.URLClassLoader$1::run@43
                      ; - java.net.URLClassLoader$1::run@1
                      ; - java.security.AccessController::executePrivileged@29
                      ; - java.security.AccessController::doPrivileged@13
                      ; - java.net.URLClassLoader::findClass@13
  0x0000020a57431568: 9465 84ff 

  0x0000020a5743156c: ;   {other}
  0x0000020a5743156c: 0f1f 8400 | dc60 007c | ba45 ffff | ff4c 8b4c | 2440 4c89 | 4c24 204c | 8b4c 2448 | 4c89 4c24 
  0x0000020a5743158c: 284c 8b4c | 2458 4c89 | 4c24 404c | 8b4c 2450 | 4c89 4c24 | 488b 8c24 | 8800 0000 | 4c89 5424 
  0x0000020a574315ac: 684c 8944 | 2470 4c89 | 5c24 7889 | 4c24 544c | 8994 2480 | 0000 004c | 8984 2488 | 0000 0089 
  0x0000020a574315cc: 9c24 a000 | 0000 6690 

  0x0000020a574315d4: ;   {runtime_call UncommonTrapBlob}
  0x0000020a574315d4: c5f8 77e8 

  0x0000020a574315d8: ; ImmutableOopMap {[32]=Oop [40]=Oop [64]=Oop [84]=NarrowOop [104]=Oop [112]=Oop [120]=Oop [128]=Oop [136]=Oop [176]=Oop }
                      ;*ifle {reexecute=1 rethrow=0 return_oop=0}
                      ; - (reexecute) java.util.concurrent.ConcurrentHashMap::get@23
                      ; - java.lang.ClassLoader::getDefinedPackage@13
                      ; - java.net.URLClassLoader::getAndVerifyPackage@2
                      ; - java.net.URLClassLoader::defineClass@46
                      ; - java.net.URLClassLoader$1::run@43
                      ; - java.net.URLClassLoader$1::run@1
                      ; - java.security.AccessController::executePrivileged@29
                      ; - java.security.AccessController::doPrivileged@13
                      ; - java.net.URLClassLoader::findClass@13
  0x0000020a574315d8: 2465 84ff 

  0x0000020a574315dc: ;   {other}
  0x0000020a574315dc: 0f1f 8400 | 4c61 007d | 498b d7c5 | f877 49ba | 20a4 ef0f | fe7f 0000 

  0x0000020a574315f4: ;   {other}
  0x0000020a574315f4: 41ff d20f | 1f84 0000 | 0000 00e9 | dad5 ffff | ba45 ffff | ff48 8b6c | 2430 4c8b | 5424 404c 
  0x0000020a57431614: 8954 2420 | 4c8b 5424 | 484c 8954 | 2428 4c8b | 5424 504c | 8954 2448 | 448b 5c24 | 5844 895c 
  0x0000020a57431634: 2450 4889 | 4424 7090 

  0x0000020a5743163c: ;   {runtime_call UncommonTrapBlob}
  0x0000020a5743163c: c5f8 77e8 

  0x0000020a57431640: ; ImmutableOopMap {rbp=Oop [32]=Oop [40]=Oop [80]=NarrowOop [112]=Oop [184]=Oop }
                      ;*ifnull {reexecute=1 rethrow=0 return_oop=0}
                      ; - (reexecute) java.net.URLClassLoader::defineClass@139
                      ; - java.net.URLClassLoader$1::run@43
                      ; - java.net.URLClassLoader$1::run@1
                      ; - java.security.AccessController::executePrivileged@29
                      ; - java.security.AccessController::doPrivileged@13
                      ; - java.net.URLClassLoader::findClass@13
  0x0000020a57431640: bc64 84ff 

  0x0000020a57431644: ;   {other}
  0x0000020a57431644: 0f1f 8400 | b461 007e | ba45 ffff | ff4c 8b5c | 2440 4c89 | 5c24 204c | 8b9c 24b8 | 0000 004c 
  0x0000020a57431664: 895c 2430 | 4c89 4424 | 3848 8974 | 2440 4c8b | 5c24 504c | 895c 2448 | 4489 5424 | 504c 8944 
  0x0000020a57431684: 2458 894c | 2460 894c | 2464 4489 | 4c24 7c44 | 898c 2480 | 0000 0090 

  0x0000020a5743169c: ;   {runtime_call UncommonTrapBlob}
  0x0000020a5743169c: c5f8 77e8 

  0x0000020a574316a0: ; ImmutableOopMap {[32]=Oop [48]=Oop [56]=Oop [64]=Oop [80]=NarrowOop [88]=Oop }
                      ;*if_icmple {reexecute=1 rethrow=0 return_oop=0}
                      ; - (reexecute) jdk.internal.util.Preconditions::checkFromToIndex@11
                      ; - java.lang.String::checkBoundsBeginEnd@6
                      ; - java.lang.String::substring@8
                      ; - java.net.URLClassLoader::defineClass@28
                      ; - java.net.URLClassLoader$1::run@43
                      ; - java.net.URLClassLoader$1::run@1
                      ; - java.security.AccessController::executePrivileged@29
                      ; - java.security.AccessController::doPrivileged@13
                      ; - java.net.URLClassLoader::findClass@13
  0x0000020a574316a0: 5c64 84ff 

  0x0000020a574316a4: ;   {other}
  0x0000020a574316a4: 0f1f 8400 | 1462 007f | 498b f849 | 8bd7 c5f8 | 7749 ba20 | a4ef 0ffe | 7f00 0041 

  0x0000020a574316c0: ;   {other}
  0x0000020a574316c0: ffd2 0f1f | 8400 0000 | 0000 4c8b | 4c24 684c | 8bc7 e9c2 | b3ff ffba | 76ff ffff | 4c8b 5424 
  0x0000020a574316e0: 404c 8954 | 2428 4c8b | 5424 484c | 8954 2430 | 4c8b 5424 | 584c 8954 | 2448 448b | 9c24 8800 
  0x0000020a57431700: 0000 4489 | 5c24 584c | 8b94 2480 | 0000 004c | 8954 2468 | 448b 9424 | 9800 0000 | 4489 5424 
  0x0000020a57431720: 5c4c 8984 | 24a0 0000 | 0066 6690 

  0x0000020a5743172c: ;   {runtime_call UncommonTrapBlob}
  0x0000020a5743172c: c5f8 77e8 

  0x0000020a57431730: ; ImmutableOopMap {[40]=Oop [48]=Oop [72]=Oop [88]=NarrowOop [92]=NarrowOop [104]=Oop [120]=Oop [144]=Oop [160]=Oop [176]=Oop [184]=Oop [192]=NarrowOop }
                      ;*if_icmpge {reexecute=1 rethrow=0 return_oop=0}
                      ; - (reexecute) java.lang.StringLatin1::replace@82
                      ; - java.lang.String::replace@18
                      ; - java.net.URLClassLoader::isSealed@9
                      ; - java.net.URLClassLoader::getAndVerifyPackage@68
                      ; - java.net.URLClassLoader::defineClass@46
                      ; - java.net.URLClassLoader$1::run@43
                      ; - java.net.URLClassLoader$1::run@1
                      ; - java.security.AccessController::executePrivileged@29
                      ; - java.security.AccessController::doPrivileged@13
                      ; - java.net.URLClassLoader::findClass@13
  0x0000020a57431730: cc63 84ff 

  0x0000020a57431734: ;   {other}
  0x0000020a57431734: 0f1f 8400 | a462 0080 | 33ed 4585 | d240 0f95 | c5ba 45ff | ffff 4c8b | 5424 404c | 8954 2428 
  0x0000020a57431754: 4c8b 5424 | 484c 8954 | 2430 4c8b | 9424 b800 | 0000 4c89 | 5424 384c | 8b54 2458 | 4c89 5424 
  0x0000020a57431774: 484c 8b94 | 2490 0000 | 004c 8954 | 2478 448b | 9c24 8800 | 0000 4489 | 5c24 5c4c | 8984 2488 
  0x0000020a57431794: 0000 0090 

  0x0000020a57431798: ;   {runtime_call UncommonTrapBlob}
  0x0000020a57431798: c5f8 77e8 

  0x0000020a5743179c: ; ImmutableOopMap {[40]=Oop [48]=Oop [56]=Oop [72]=Oop [92]=NarrowOop [120]=Oop [128]=Oop [136]=Oop [176]=Oop }
                      ;*ifne {reexecute=1 rethrow=0 return_oop=0}
                      ; - (reexecute) java.lang.Package::isSealed@7
                      ; - java.net.URLClassLoader::getAndVerifyPackage@14
                      ; - java.net.URLClassLoader::defineClass@46
                      ; - java.net.URLClassLoader$1::run@43
                      ; - java.net.URLClassLoader$1::run@1
                      ; - java.security.AccessController::executePrivileged@29
                      ; - java.security.AccessController::doPrivileged@13
                      ; - java.net.URLClassLoader::findClass@13
  0x0000020a5743179c: 6063 84ff 

  0x0000020a574317a0: ;   {other}
  0x0000020a574317a0: 0f1f 8400 | 1063 0081 | 33ed 85ff | 400f 94c5 | ba45 ffff | ff4c 8b54 | 2440 4c89 | 5424 284c 
  0x0000020a574317c0: 8b54 2448 | 4c89 5424 | 304c 8b94 | 24b8 0000 | 004c 8954 | 2438 4c8b | 5424 584c | 8954 2448 
  0x0000020a574317e0: 8b9c 2488 | 0000 0089 | 5c24 584c | 8944 2478 | 4489 4c24 | 5c66 6690 

  0x0000020a574317f8: ;   {runtime_call UncommonTrapBlob}
  0x0000020a574317f8: c5f8 77e8 

  0x0000020a574317fc: ; ImmutableOopMap {[40]=Oop [48]=Oop [56]=Oop [72]=Oop [88]=NarrowOop [92]=NarrowOop [120]=Oop [128]=Oop [144]=Oop [176]=Oop }
                      ;*ifeq {reexecute=1 rethrow=0 return_oop=0}
                      ; - (reexecute) java.lang.String::replace@9
                      ; - java.net.URLClassLoader::isSealed@9
                      ; - java.net.URLClassLoader::getAndVerifyPackage@68
                      ; - java.net.URLClassLoader::defineClass@46
                      ; - java.net.URLClassLoader$1::run@43
                      ; - java.net.URLClassLoader$1::run@1
                      ; - java.security.AccessController::executePrivileged@29
                      ; - java.security.AccessController::doPrivileged@13
                      ; - java.net.URLClassLoader::findClass@13
  0x0000020a574317fc: 0063 84ff 

  0x0000020a57431800: ;   {other}
  0x0000020a57431800: 0f1f 8400 | 7063 0082 | ba45 ffff | ff4c 8b54 | 2440 4c89 | 5424 204c | 8b54 2448 | 4c89 5424 
  0x0000020a57431820: 284c 8b94 | 24b8 0000 | 004c 8954 | 2430 4c8b | 5424 584c | 8954 2440 | 4c8b 5424 | 504c 8954 
  0x0000020a57431840: 2448 8b9c | 2488 0000 | 0089 5c24 | 5048 894c | 2468 4c89 | 4424 704c | 895c 2478 | 4c89 9c24 
  0x0000020a57431860: 8000 0000 | 4489 4c24 | 5448 89b4 | 2498 0000 | 0089 bc24 | a000 0000 

  0x0000020a57431878: ;   {runtime_call UncommonTrapBlob}
  0x0000020a57431878: c5f8 77e8 

  0x0000020a5743187c: ; ImmutableOopMap {[32]=Oop [40]=Oop [48]=Oop [64]=Oop [80]=NarrowOop [84]=NarrowOop [104]=Oop [112]=Oop [120]=Oop [128]=Oop [152]=Oop [176]=Oop }
                      ;*iflt {reexecute=1 rethrow=0 return_oop=0}
                      ; - (reexecute) java.lang.StringConcatHelper::checkOverflow@2
                      ; - java.lang.StringConcatHelper::mix@23
                      ; - java.lang.StringConcatHelper::simpleConcat@46
                      ; - java.lang.String::concat@11
                      ; - java.net.URLClassLoader::isSealed@15
                      ; - java.net.URLClassLoader::getAndVerifyPackage@68
                      ; - java.net.URLClassLoader::defineClass@46
                      ; - java.net.URLClassLoader$1::run@43
                      ; - java.net.URLClassLoader$1::run@1
                      ; - java.security.AccessController::executePrivileged@29
                      ; - java.security.AccessController::doPrivileged@13
                      ; - java.net.URLClassLoader::findClass@13
  0x0000020a5743187c: 8062 84ff 

  0x0000020a57431880: ;   {other}
  0x0000020a57431880: 0f1f 8400 | f063 0083 | ba45 ffff | ff4c 8b54 | 2440 4c89 | 5424 284c | 8b54 2448 | 4c89 5424 
  0x0000020a574318a0: 304c 8b94 | 24b8 0000 | 004c 8954 | 2438 4c8b | 5424 584c | 8954 2448 | 448b 9c24 | 8800 0000 
  0x0000020a574318c0: 4489 5c24 | 5844 894c | 245c 6690 

  0x0000020a574318cc: ;   {runtime_call UncommonTrapBlob}
  0x0000020a574318cc: c5f8 77e8 

  0x0000020a574318d0: ; ImmutableOopMap {[40]=Oop [48]=Oop [56]=Oop [72]=Oop [88]=NarrowOop [92]=NarrowOop [112]=Oop [120]=Oop [128]=Oop [168]=Oop [176]=Oop }
                      ;*iflt {reexecute=1 rethrow=0 return_oop=0}
                      ; - (reexecute) java.lang.StringConcatHelper::checkOverflow@2
                      ; - java.lang.StringConcatHelper::mix@23
                      ; - java.lang.StringConcatHelper::simpleConcat@54
                      ; - java.lang.String::concat@11
                      ; - java.net.URLClassLoader::isSealed@15
                      ; - java.net.URLClassLoader::getAndVerifyPackage@68
                      ; - java.net.URLClassLoader::defineClass@46
                      ; - java.net.URLClassLoader$1::run@43
                      ; - java.net.URLClassLoader$1::run@1
                      ; - java.security.AccessController::executePrivileged@29
                      ; - java.security.AccessController::doPrivileged@13
                      ; - java.net.URLClassLoader::findClass@13
  0x0000020a574318d0: 2c62 84ff 

  0x0000020a574318d4: ;   {other}
  0x0000020a574318d4: 0f1f 8400 | 4464 0084 | ba45 ffff | ff48 8bac | 24b0 0000 | 004c 8b54 | 2440 4c89 | 5424 204c 
  0x0000020a574318f4: 8b54 2448 | 4c89 5424 | 284c 8b94 | 24b8 0000 | 004c 8954 | 2430 4c8b | 5424 584c | 8954 2440 
  0x0000020a57431914: 4c8b 5424 | 504c 8954 | 2448 448b | 9424 8800 | 0000 4489 | 5424 504c | 8b54 2470 | 4c89 5424 
  0x0000020a57431934: 584c 8b94 | 2480 0000 | 004c 8954 | 2460 4c8b | 5424 784c | 8954 2470 | 448b 9424 | a000 0000 
  0x0000020a57431954: 4489 5424 | 544c 8b94 | 24a8 0000 | 004c 8994 | 24a0 0000 | 004c 898c | 24a8 0000 | 0044 8984 
  0x0000020a57431974: 24b0 0000 | 0066 6690 

  0x0000020a5743197c: ;   {runtime_call UncommonTrapBlob}
  0x0000020a5743197c: c5f8 77e8 

  0x0000020a57431980: ; ImmutableOopMap {rbp=Oop [32]=Oop [40]=Oop [48]=Oop [64]=Oop [80]=NarrowOop [84]=NarrowOop [88]=Oop [96]=Oop [112]=Oop [160]=Oop [168]=Oop }
                      ;*if_icmpne {reexecute=1 rethrow=0 return_oop=0}
                      ; - (reexecute) java.lang.String::getBytes@5
                      ; - java.lang.StringConcatHelper::prepend@21
                      ; - java.lang.StringConcatHelper::simpleConcat@81
                      ; - java.lang.String::concat@11
                      ; - java.net.URLClassLoader::isSealed@15
                      ; - java.net.URLClassLoader::getAndVerifyPackage@68
                      ; - java.net.URLClassLoader::defineClass@46
                      ; - java.net.URLClassLoader$1::run@43
                      ; - java.net.URLClassLoader$1::run@1
                      ; - java.security.AccessController::executePrivileged@29
                      ; - java.security.AccessController::doPrivileged@13
                      ; - java.net.URLClassLoader::findClass@13
  0x0000020a57431980: 7c61 84ff 

  0x0000020a57431984: ;   {other}
  0x0000020a57431984: 0f1f 8400 | f464 0085 | 4d8b d14d | 8bdd c4c1 | 797e c145 | 8bee eb0b | 4d8b ddc4 | c179 7ec1 
  0x0000020a574319a4: 458b eeba | 45ff ffff | 488b 4c24 | 4048 894c | 2420 488b | 4c24 4848 | 894c 2428 | 488b 4c24 
  0x0000020a574319c4: 5848 894c | 2440 488b | 4c24 5048 | 894c 2448 | 8b8c 2488 | 0000 004c | 8954 2468 | 4c89 4424 
  0x0000020a574319e4: 704c 895c | 2478 894c | 2454 4c89 | 9424 8000 | 0000 4c89 | 8424 8800 | 0000 4489 | ac24 a800 
  0x0000020a57431a04: 0000 4489 | 8c24 ac00 | 0000 6690 

  0x0000020a57431a10: ;   {runtime_call UncommonTrapBlob}
  0x0000020a57431a10: c5f8 77e8 

  0x0000020a57431a14: ; ImmutableOopMap {[32]=Oop [40]=Oop [64]=Oop [84]=NarrowOop [104]=Oop [112]=Oop [120]=Oop [128]=Oop [136]=Oop [168]=NarrowOop [176]=Oop }
                      ;*ifeq {reexecute=1 rethrow=0 return_oop=0}
                      ; - (reexecute) java.util.concurrent.ConcurrentHashMap::get@76
                      ; - java.lang.ClassLoader::getDefinedPackage@13
                      ; - java.net.URLClassLoader::getAndVerifyPackage@2
                      ; - java.net.URLClassLoader::defineClass@46
                      ; - java.net.URLClassLoader$1::run@43
                      ; - java.net.URLClassLoader$1::run@1
                      ; - java.security.AccessController::executePrivileged@29
                      ; - java.security.AccessController::doPrivileged@13
                      ; - java.net.URLClassLoader::findClass@13
  0x0000020a57431a14: e860 84ff 

  0x0000020a57431a18: ;   {other}
  0x0000020a57431a18: 0f1f 8400 | 8865 0086 | ba45 ffff | ff4c 8b54 | 2440 4c89 | 5424 204c | 8b54 2448 | 4c89 5424 
  0x0000020a57431a38: 284c 8b94 | 24b8 0000 | 004c 8954 | 2430 4c8b | 5424 584c | 8954 2440 | 4c8b 5424 | 504c 8954 
  0x0000020a57431a58: 2448 4c8b | 9424 8000 | 0000 4c89 | 5424 604c | 894c 2470 | 448b 8424 | 8800 0000 | 4489 4424 
  0x0000020a57431a78: 544c 898c | 2488 0000 | 0044 899c | 24a4 0000 | 0066 6690 

  0x0000020a57431a8c: ;   {runtime_call UncommonTrapBlob}
  0x0000020a57431a8c: c5f8 77e8 

  0x0000020a57431a90: ; ImmutableOopMap {[32]=Oop [40]=Oop [48]=Oop [64]=Oop [84]=NarrowOop [96]=Oop [112]=Oop [136]=Oop [176]=Oop [192]=NarrowOop }
                      ;*ifle {reexecute=1 rethrow=0 return_oop=0}
                      ; - (reexecute) java.util.concurrent.ConcurrentHashMap::get@23
                      ; - java.lang.ClassLoader::definePackage@47
                      ; - java.lang.ClassLoader::getDefinedPackage@32
                      ; - java.net.URLClassLoader::getAndVerifyPackage@2
                      ; - java.net.URLClassLoader::defineClass@46
                      ; - java.net.URLClassLoader$1::run@43
                      ; - java.net.URLClassLoader$1::run@1
                      ; - java.security.AccessController::executePrivileged@29
                      ; - java.security.AccessController::doPrivileged@13
                      ; - java.net.URLClassLoader::findClass@13
  0x0000020a57431a90: 6c60 84ff 

  0x0000020a57431a94: ;   {other}
  0x0000020a57431a94: 0f1f 8400 | 0466 0087 | ba45 ffff | ff4c 8b54 | 2440 4c89 | 5424 284c | 8b54 2448 | 4c89 5424 
  0x0000020a57431ab4: 304c 8b94 | 24b8 0000 | 004c 8954 | 2438 4c8b | 5424 584c | 8954 2448 | 4c8b 9424 | 9000 0000 
  0x0000020a57431ad4: 4c89 5424 | 7844 8b9c | 2488 0000 | 0044 895c | 245c 4c89 | 8424 8800 | 0000 6690 

  0x0000020a57431af0: ;   {runtime_call UncommonTrapBlob}
  0x0000020a57431af0: c5f8 77e8 

  0x0000020a57431af4: ; ImmutableOopMap {rbp=NarrowOop [40]=Oop [48]=Oop [56]=Oop [72]=Oop [92]=NarrowOop [120]=Oop [128]=Oop [136]=Oop [176]=Oop }
                      ;*ifnull {reexecute=1 rethrow=0 return_oop=0}
                      ; - (reexecute) java.lang.Package::isSealed@17
                      ; - java.net.URLClassLoader::getAndVerifyPackage@14
                      ; - java.net.URLClassLoader::defineClass@46
                      ; - java.net.URLClassLoader$1::run@43
                      ; - java.net.URLClassLoader$1::run@1
                      ; - java.security.AccessController::executePrivileged@29
                      ; - java.security.AccessController::doPrivileged@13
                      ; - java.net.URLClassLoader::findClass@13
  0x0000020a57431af4: 0860 84ff 

  0x0000020a57431af8: ;   {other}
  0x0000020a57431af8: 0f1f 8400 | 6866 0088 | ba45 ffff | ff4c 8b54 | 2440 4c89 | 5424 204c | 8b54 2448 | 4c89 5424 
  0x0000020a57431b18: 284c 8b94 | 24b8 0000 | 004c 8954 | 2430 4c8b | 5424 584c | 8954 2440 | 4c8b 5424 | 504c 8954 
  0x0000020a57431b38: 2448 448b | 9424 8800 | 0000 4489 | 5424 504c | 895c 2468 | 4c89 4424 | 704c 895c | 2478 6690 
  0x0000020a57431b58: ;   {runtime_call UncommonTrapBlob}
  0x0000020a57431b58: c5f8 77e8 

  0x0000020a57431b5c: ; ImmutableOopMap {[32]=Oop [40]=Oop [48]=Oop [64]=Oop [80]=NarrowOop [104]=Oop [112]=Oop [120]=Oop [144]=Oop [176]=Oop }
                      ;*ifnull {reexecute=1 rethrow=0 return_oop=0}
                      ; - (reexecute) java.net.URLClassLoader::getAndVerifyPackage@62
                      ; - java.net.URLClassLoader::defineClass@46
                      ; - java.net.URLClassLoader$1::run@43
                      ; - java.net.URLClassLoader$1::run@1
                      ; - java.security.AccessController::executePrivileged@29
                      ; - java.security.AccessController::doPrivileged@13
                      ; - java.net.URLClassLoader::findClass@13
  0x0000020a57431b5c: a05f 84ff 

  0x0000020a57431b60: ;   {other}
  0x0000020a57431b60: 0f1f 8400 | d066 0089 | ba45 ffff | ff4c 8b5c | 2440 4c89 | 5c24 284c | 8b5c 2448 | 4c89 5c24 
  0x0000020a57431b80: 304c 8b9c | 24b8 0000 | 004c 895c | 2438 4c8b | 5c24 584c | 895c 2448 | 448b 9c24 | 8800 0000 
  0x0000020a57431ba0: 4489 5c24 | 584c 8954 | 2468 6690 

  0x0000020a57431bac: ;   {runtime_call UncommonTrapBlob}
  0x0000020a57431bac: c5f8 77e8 

  0x0000020a57431bb0: ; ImmutableOopMap {rbp=NarrowOop [40]=Oop [48]=Oop [56]=Oop [72]=Oop [88]=NarrowOop [104]=Oop [112]=Oop [120]=Oop [176]=Oop }
                      ;*ifnull {reexecute=1 rethrow=0 return_oop=0}
                      ; - (reexecute) java.net.URLClassLoader::isSealed@51
                      ; - java.net.URLClassLoader::getAndVerifyPackage@68
                      ; - java.net.URLClassLoader::defineClass@46
                      ; - java.net.URLClassLoader$1::run@43
                      ; - java.net.URLClassLoader$1::run@1
                      ; - java.security.AccessController::executePrivileged@29
                      ; - java.security.AccessController::doPrivileged@13
                      ; - java.net.URLClassLoader::findClass@13
  0x0000020a57431bb0: 4c5f 84ff 

  0x0000020a57431bb4: ;   {other}
  0x0000020a57431bb4: 0f1f 8400 | 2467 008a | ba45 ffff | ff4c 8b54 | 2440 4c89 | 5424 204c | 8b54 2448 | 4c89 5424 
  0x0000020a57431bd4: 284c 8b94 | 24b8 0000 | 004c 8954 | 2430 4c8b | 5424 584c | 8954 2440 | 4c8b 5424 | 504c 8954 
  0x0000020a57431bf4: 2448 4c8b | 5424 784c | 8954 2468 | 8944 2454 

  0x0000020a57431c04: ;   {runtime_call UncommonTrapBlob}
  0x0000020a57431c04: c5f8 77e8 

  0x0000020a57431c08: ; ImmutableOopMap {[32]=Oop [40]=Oop [48]=Oop [64]=Oop [96]=Oop [104]=Oop [136]=NarrowOop [176]=Oop }
                      ;*ifeq {reexecute=1 rethrow=0 return_oop=0}
                      ; - (reexecute) java.net.URLClassLoader::getAndVerifyPackage@71
                      ; - java.net.URLClassLoader::defineClass@46
                      ; - java.net.URLClassLoader$1::run@43
                      ; - java.net.URLClassLoader$1::run@1
                      ; - java.security.AccessController::executePrivileged@29
                      ; - java.security.AccessController::doPrivileged@13
                      ; - java.net.URLClassLoader::findClass@13
  0x0000020a57431c08: f45e 84ff 

  0x0000020a57431c0c: ;   {other}
  0x0000020a57431c0c: 0f1f 8400 | 7c67 008b | ba45 ffff | ff4c 8b54 | 2440 4c89 | 5424 204c | 8b54 2448 | 4c89 5424 
  0x0000020a57431c2c: 284c 8b94 | 24b8 0000 | 004c 8954 | 2430 4c8b | 5424 584c | 8954 2440 | 4c8b 5424 | 504c 8954 
  0x0000020a57431c4c: 2448 448b | 9424 8800 | 0000 4489 | 5424 5048 | 894c 2468 | 4c89 4424 | 704c 895c | 2478 4c89 
  0x0000020a57431c6c: 9c24 8000 | 0000 4489 | 4c24 5448 | 89b4 2498 | 0000 0048 | 8984 24a0 | 0000 0089 | 9c24 a800 
  0x0000020a57431c8c: 0000 6690 

  0x0000020a57431c90: ;   {runtime_call UncommonTrapBlob}
  0x0000020a57431c90: c5f8 77e8 

  0x0000020a57431c94: ; ImmutableOopMap {[32]=Oop [40]=Oop [48]=Oop [64]=Oop [80]=NarrowOop [84]=NarrowOop [104]=Oop [112]=Oop [120]=Oop [128]=Oop [152]=Oop [176]=Oop }
                      ;*if_icmpne {reexecute=1 rethrow=0 return_oop=0}
                      ; - (reexecute) java.lang.StringConcatHelper::mix@13
                      ; - java.lang.StringConcatHelper::simpleConcat@46
                      ; - java.lang.String::concat@11
                      ; - java.net.URLClassLoader::isSealed@15
                      ; - java.net.URLClassLoader::getAndVerifyPackage@68
                      ; - java.net.URLClassLoader::defineClass@46
                      ; - java.net.URLClassLoader$1::run@43
                      ; - java.net.URLClassLoader$1::run@1
                      ; - java.security.AccessController::executePrivileged@29
                      ; - java.security.AccessController::doPrivileged@13
                      ; - java.net.URLClassLoader::findClass@13
  0x0000020a57431c94: 685e 84ff 

  0x0000020a57431c98: ;   {other}
  0x0000020a57431c98: 0f1f 8400 | 0868 008c | ba45 ffff | ff4c 8b54 | 2440 4c89 | 5424 204c | 8b54 2448 | 4c89 5424 
  0x0000020a57431cb8: 284c 8b94 | 24b8 0000 | 004c 8954 | 2430 4c8b | 5424 584c | 8954 2440 | 4c8b 5424 | 504c 8954 
  0x0000020a57431cd8: 2448 448b | 9424 8800 | 0000 4489 | 5424 504c | 8b54 2470 | 4c89 5424 | 584c 8944 | 2470 4c89 
  0x0000020a57431cf8: 5c24 7844 | 894c 2454 | 4889 b424 | a000 0000 | 4889 8c24 | a800 0000 

  0x0000020a57431d10: ;   {runtime_call UncommonTrapBlob}
  0x0000020a57431d10: c5f8 77e8 

  0x0000020a57431d14: ; ImmutableOopMap {[32]=Oop [40]=Oop [48]=Oop [64]=Oop [80]=NarrowOop [84]=NarrowOop [88]=Oop [112]=Oop [120]=Oop [128]=Oop [160]=Oop [176]=Oop }
                      ;*ifge {reexecute=1 rethrow=0 return_oop=0}
                      ; - (reexecute) java.lang.StringConcatHelper::newArray@13
                      ; - java.lang.StringConcatHelper::simpleConcat@61
                      ; - java.lang.String::concat@11
                      ; - java.net.URLClassLoader::isSealed@15
                      ; - java.net.URLClassLoader::getAndVerifyPackage@68
                      ; - java.net.URLClassLoader::defineClass@46
                      ; - java.net.URLClassLoader$1::run@43
                      ; - java.net.URLClassLoader$1::run@1
                      ; - java.security.AccessController::executePrivileged@29
                      ; - java.security.AccessController::doPrivileged@13
                      ; - java.net.URLClassLoader::findClass@13
  0x0000020a57431d14: e85d 84ff 

  0x0000020a57431d18: ;   {other}
  0x0000020a57431d18: 0f1f 8400 | 8868 008d | 4c89 4c24 | 5844 8944 | 2450 4c89 

  0x0000020a57431d2c: ;   {metadata('java/net/URL')}
  0x0000020a57431d2c: 5c24 3848 | ba80 a901 | 630a 0200 | 0048 8bac | 24b0 0000 | 0066 6690 

  0x0000020a57431d44: ;   {runtime_call _new_instance_Java}
  0x0000020a57431d44: c5f8 77e8 

  0x0000020a57431d48: ; ImmutableOopMap {rbp=Oop [40]=Oop [48]=NarrowOop [64]=Oop [72]=Oop [88]=Oop [176]=Oop [184]=Oop }
                      ;*new {reexecute=0 rethrow=0 return_oop=1}
                      ; - jdk.internal.loader.URLClassPath$FileLoader::getResource@0
                      ; - jdk.internal.loader.URLClassPath::getResource@53
                      ; - java.net.URLClassLoader$1::run@26
                      ; - java.net.URLClassLoader$1::run@1
                      ; - java.security.AccessController::executePrivileged@29
                      ; - java.security.AccessController::doPrivileged@13
                      ; - java.net.URLClassLoader::findClass@13
  0x0000020a57431d48: b417 88ff 

  0x0000020a57431d4c: ;   {other}
  0x0000020a57431d4c: 0f1f 8400 | bc68 008e | e98f c6ff | ffba 76ff | ffff 4c8b | 5424 404c | 8954 2428 | 4c8b 5424 
  0x0000020a57431d6c: 484c 8954 | 2430 4c8b | 9424 b800 | 0000 4c89 | 5424 384c | 8b94 24b0 | 0000 004c | 8954 2440 
  0x0000020a57431d8c: 4c8b 5424 | 584c 8954 | 2448 448b | 9c24 8800 | 0000 4489 | 5c24 584c | 8b94 2480 | 0000 004c 
  0x0000020a57431dac: 8954 2468 | 448b 9424 | 9800 0000 | 4489 5424 | 5c44 8b9c | 24a8 0000 | 0044 899c | 2498 0000 
  0x0000020a57431dcc: 004c 8984 | 24a0 0000 | 004c 8b94 | 24b0 0000 | 004c 8994 | 24a8 0000 | 0066 6690 

  0x0000020a57431de8: ;   {runtime_call UncommonTrapBlob}
  0x0000020a57431de8: c5f8 77e8 

  0x0000020a57431dec: ; ImmutableOopMap {[40]=Oop [48]=Oop [56]=Oop [64]=Oop [72]=Oop [88]=NarrowOop [92]=NarrowOop [104]=Oop [120]=Oop [144]=Oop [160]=Oop [168]=Oop [192]=NarrowOop }
                      ;*if_icmpge {reexecute=1 rethrow=0 return_oop=0}
                      ; - (reexecute) java.lang.StringLatin1::replace@61
                      ; - java.lang.String::replace@18
                      ; - java.net.URLClassLoader::isSealed@9
                      ; - java.net.URLClassLoader::getAndVerifyPackage@68
                      ; - java.net.URLClassLoader::defineClass@46
                      ; - java.net.URLClassLoader$1::run@43
                      ; - java.net.URLClassLoader$1::run@1
                      ; - java.security.AccessController::executePrivileged@29
                      ; - java.security.AccessController::doPrivileged@13
                      ; - java.net.URLClassLoader::findClass@13
  0x0000020a57431dec: 105d 84ff 

  0x0000020a57431df0: ;   {other}
  0x0000020a57431df0: 0f1f 8400 | 6069 008f | 4c8b 5424 | 6845 8b52 | 1445 85d2 | 0f84 62d2 | ffff 4d8b | 5f28 498b 
  0x0000020a57431e10: ca4d 85db | 0f84 121c | 0000 4d8b | 5738 4b89 | 4c1a f849 | 83c3 f84d | 895f 28e9 | 3cd2 ffff 
  0x0000020a57431e30: baf6 ffff | ff4c 8b54 | 2440 4c89 | 5424 204c | 8b54 2448 | 4c89 5424 | 284c 8b54 | 2458 4c89 
  0x0000020a57431e50: 5424 404c | 8b54 2450 | 4c89 5424 | 484c 8b94 | 2480 0000 | 004c 8954 | 2460 4c89 | 4424 784c 
  0x0000020a57431e70: 899c 2480 | 0000 0090 

  0x0000020a57431e78: ;   {runtime_call UncommonTrapBlob}
  0x0000020a57431e78: c5f8 77e8 

  0x0000020a57431e7c: ; ImmutableOopMap {[32]=Oop [40]=Oop [64]=Oop [96]=Oop [120]=Oop [128]=Oop [136]=NarrowOop [144]=Oop [176]=Oop [184]=Oop }
                      ;*invokevirtual compute {reexecute=0 rethrow=0 return_oop=0}
                      ; - java.lang.ClassLoader::definePackage@78
                      ; - java.lang.ClassLoader::getDefinedPackage@32
                      ; - java.net.URLClassLoader::getAndVerifyPackage@2
                      ; - java.net.URLClassLoader::defineClass@46
                      ; - java.net.URLClassLoader$1::run@43
                      ; - java.net.URLClassLoader$1::run@1
                      ; - java.security.AccessController::executePrivileged@29
                      ; - java.security.AccessController::doPrivileged@13
                      ; - java.net.URLClassLoader::findClass@13
  0x0000020a57431e7c: 805c 84ff 

  0x0000020a57431e80: ;   {other}
  0x0000020a57431e80: 0f1f 8400 | f069 0090 

  0x0000020a57431e88: ;   {metadata('java/io/File')}
  0x0000020a57431e88: 48ba 10f6 | 0463 0a02 | 0000 6690 

  0x0000020a57431e94: ;   {runtime_call _new_instance_Java}
  0x0000020a57431e94: c5f8 77e8 

  0x0000020a57431e98: ; ImmutableOopMap {rbp=Oop [36]=NarrowOop [40]=Oop [48]=NarrowOop [64]=Oop [72]=Oop [88]=Oop [96]=Oop [176]=Oop [184]=Oop }
                      ;*new {reexecute=0 rethrow=0 return_oop=1}
                      ; - jdk.internal.loader.URLClassPath$FileLoader::getResource@56
                      ; - jdk.internal.loader.URLClassPath::getResource@53
                      ; - java.net.URLClassLoader$1::run@26
                      ; - java.net.URLClassLoader$1::run@1
                      ; - java.security.AccessController::executePrivileged@29
                      ; - java.security.AccessController::doPrivileged@13
                      ; - java.net.URLClassLoader::findClass@13
  0x0000020a57431e98: 6416 88ff 

  0x0000020a57431e9c: ;   {other}
  0x0000020a57431e9c: 0f1f 8400 | 0c6a 0091 | e962 c6ff | ff4c 8b54 | 2468 458b | 5a10 4585 | db0f 8453 | d3ff ff4d 
  0x0000020a57431ebc: 8b57 2849 | 8bcb 4d85 | d20f 8481 | 1b00 004d | 8b5f 384b | 894c 13f8 | 4983 c2f8 | 4d89 5728 
  0x0000020a57431edc: e92d d3ff | ffba 45ff | ffff 488b | ac24 b000 | 0000 4c8b | 5424 404c | 8954 2420 | 4c8b 5424 
  0x0000020a57431efc: 484c 8954 | 2428 4c8b | 9424 b800 | 0000 4c89 | 5424 304c | 8b54 2458 | 4c89 5424 | 404c 8b54 
  0x0000020a57431f1c: 2450 4c89 | 5424 4844 | 8b9c 2488 | 0000 004c | 8b94 2490 | 0000 004c | 8954 2458 | 4c8b 9424 
  0x0000020a57431f3c: 8000 0000 | 4c89 5424 | 6044 895c | 2454 4489 | 8c24 ac00 | 0000 6690 

  0x0000020a57431f54: ;   {runtime_call UncommonTrapBlob}
  0x0000020a57431f54: c5f8 77e8 

  0x0000020a57431f58: ; ImmutableOopMap {rbp=Oop [32]=Oop [40]=Oop [48]=Oop [64]=Oop [84]=NarrowOop [88]=Oop [96]=Oop [172]=NarrowOop [192]=NarrowOop }
                      ;*ifeq {reexecute=1 rethrow=0 return_oop=0}
                      ; - (reexecute) java.util.concurrent.ConcurrentHashMap::get@76
                      ; - java.lang.ClassLoader::definePackage@47
                      ; - java.lang.ClassLoader::getDefinedPackage@32
                      ; - java.net.URLClassLoader::getAndVerifyPackage@2
                      ; - java.net.URLClassLoader::defineClass@46
                      ; - java.net.URLClassLoader$1::run@43
                      ; - java.net.URLClassLoader$1::run@1
                      ; - java.security.AccessController::executePrivileged@29
                      ; - java.security.AccessController::doPrivileged@13
                      ; - java.net.URLClassLoader::findClass@13
  0x0000020a57431f58: a45b 84ff 

  0x0000020a57431f5c: ;   {other}
  0x0000020a57431f5c: 0f1f 8400 | cc6a 0092 

  0x0000020a57431f64: ;   {metadata('jdk/internal/loader/URLClassPath$FileLoader$1')}
  0x0000020a57431f64: 48ba 88f4 | 2f64 0a02 | 0000 6690 

  0x0000020a57431f70: ;   {runtime_call _new_instance_Java}
  0x0000020a57431f70: c5f8 77e8 

  0x0000020a57431f74: ; ImmutableOopMap {rbp=Oop [40]=Oop [48]=NarrowOop [64]=Oop [72]=Oop [88]=Oop [96]=Oop [112]=Oop [176]=Oop [184]=Oop }
                      ;*new {reexecute=0 rethrow=0 return_oop=1}
                      ; - jdk.internal.loader.URLClassPath$FileLoader::getResource@131
                      ; - jdk.internal.loader.URLClassPath::getResource@53
                      ; - java.net.URLClassLoader$1::run@26
                      ; - java.net.URLClassLoader$1::run@1
                      ; - java.security.AccessController::executePrivileged@29
                      ; - java.security.AccessController::doPrivileged@13
                      ; - java.net.URLClassLoader::findClass@13
  0x0000020a57431f74: 8815 88ff 

  0x0000020a57431f78: ;   {other}
  0x0000020a57431f78: 0f1f 8400 | e86a 0093 | e900 c8ff | ff4c 8b54 | 2468 458b | 5210 4585 | d20f 8477 | d3ff ff4d 
  0x0000020a57431f98: 8b5f 2849 | 8bca 4d85 | db0f 84c5 | 1a00 004d | 8b57 384b | 894c 1af8 | 4983 c3f8 | 4d89 5f28 
  0x0000020a57431fb8: e951 d3ff | ff4c 8b54 | 2468 458b | 5210 4585 | d20f 8487 | d1ff ff4d | 8b5f 2849 | 8bca 4d85 
  0x0000020a57431fd8: db0f 84ad | 1a00 004d | 8b57 384b | 894c 1af8 | 4983 c3f8 | 4d89 5f28 | e961 d1ff | ff4d 8b57 
  0x0000020a57431ff8: 584d 8b5f | 48f0 8344 | 24c0 0080 | 3900 0f84 | 84d1 ffff | 4488 214d | 85db 7520 | 498b d7c5 
  0x0000020a57432018: f877 49ba | 00a4 ef0f | fe7f 0000 

  0x0000020a57432024: ;   {other}
  0x0000020a57432024: 41ff d20f | 1f84 0000 | 0000 00e9 | 5cd1 ffff | 4b89 4c1a | f849 83c3 | f84d 895f | 48e9 4ad1 
  0x0000020a57432044: ffff ba45 | ffff ff4c | 8b54 2440 | 4c89 5424 | 284c 8b54 | 2448 4c89 | 5424 304c | 8b94 24b0 
  0x0000020a57432064: 0000 004c | 8954 2440 | 4c8b 5424 | 584c 8954 | 2448 448b | 9424 8800 | 0000 4c89 | 4c24 704c 
  0x0000020a57432084: 8944 2478 | 4c89 9c24 | 8000 0000 | 4489 5424 | 5c4c 898c | 2488 0000 | 004c 8984 | 2490 0000 
  0x0000020a574320a4: 004c 8b94 | 24b0 0000 | 004c 8994 | 24a0 0000 | 0044 89b4 | 24b0 0000 | 00c5 fa11 | 8424 b400 
  0x0000020a574320c4: 0000 898c | 24b8 0000 | 0066 6690 

  0x0000020a574320d0: ;   {runtime_call UncommonTrapBlob}
  0x0000020a574320d0: c5f8 77e8 

  0x0000020a574320d4: ; ImmutableOopMap {[40]=Oop [48]=Oop [64]=Oop [72]=Oop [92]=NarrowOop [112]=Oop [120]=Oop [128]=Oop [136]=Oop [144]=Oop [160]=Oop [176]=NarrowOop }
                      ;*if_icmpne {reexecute=1 rethrow=0 return_oop=0}
                      ; - (reexecute) java.lang.String::equals@33
                      ; - java.util.concurrent.ConcurrentHashMap::get@73
                      ; - java.lang.ClassLoader::getDefinedPackage@13
                      ; - java.net.URLClassLoader::getAndVerifyPackage@2
                      ; - java.net.URLClassLoader::defineClass@46
                      ; - java.net.URLClassLoader$1::run@43
                      ; - java.net.URLClassLoader$1::run@1
                      ; - java.security.AccessController::executePrivileged@29
                      ; - java.security.AccessController::doPrivileged@13
                      ; - java.net.URLClassLoader::findClass@13
  0x0000020a574320d4: 285a 84ff 

  0x0000020a574320d8: ;   {other}
  0x0000020a574320d8: 0f1f 8400 | 486c 0094 | ba45 ffff | ff48 8b4c | 2440 4889 | 4c24 2848 | 8b4c 2448 | 4889 4c24 
  0x0000020a574320f8: 3048 8b8c | 24b0 0000 | 0048 894c | 2440 488b | 4c24 5848 | 894c 2448 | 8b8c 2488 | 0000 004c 
  0x0000020a57432118: 8954 2470 | 4c89 4424 | 784c 899c | 2480 0000 | 0089 4c24 | 5c4c 8994 | 2488 0000 | 004c 8984 
  0x0000020a57432138: 2490 0000 | 004c 8b9c | 24b0 0000 | 004c 899c | 24a0 0000 | 0044 89ac | 24b0 0000 | 0044 898c 
  0x0000020a57432158: 24b4 0000 | 0066 6690 

  0x0000020a57432160: ;   {runtime_call UncommonTrapBlob}
  0x0000020a57432160: c5f8 77e8 

  0x0000020a57432164: ; ImmutableOopMap {[40]=Oop [48]=Oop [64]=Oop [72]=Oop [92]=NarrowOop [112]=Oop [120]=Oop [128]=Oop [136]=Oop [144]=Oop [160]=Oop [176]=NarrowOop }
                      ;*ifge {reexecute=1 rethrow=0 return_oop=0}
                      ; - (reexecute) java.util.concurrent.ConcurrentHashMap::get@86
                      ; - java.lang.ClassLoader::getDefinedPackage@13
                      ; - java.net.URLClassLoader::getAndVerifyPackage@2
                      ; - java.net.URLClassLoader::defineClass@46
                      ; - java.net.URLClassLoader$1::run@43
                      ; - java.net.URLClassLoader$1::run@1
                      ; - java.security.AccessController::executePrivileged@29
                      ; - java.security.AccessController::doPrivileged@13
                      ; - java.net.URLClassLoader::findClass@13
  0x0000020a57432164: 9859 84ff 

  0x0000020a57432168: ;   {other}
  0x0000020a57432168: 0f1f 8400 | d86c 0095 | ba45 ffff | ff4c 8b54 | 2440 4c89 | 5424 284c | 8b54 2448 | 4c89 5424 
  0x0000020a57432188: 304c 8b94 | 24b8 0000 | 004c 8954 | 2438 4c8b | 9424 b000 | 0000 4c89 | 5424 404c | 8b54 2458 
  0x0000020a574321a8: 4c89 5424 | 4844 8b9c | 2488 0000 | 004c 8b94 | 2490 0000 | 004c 8954 | 2460 4489 | 5c24 5c4c 
  0x0000020a574321c8: 8b94 24b0 | 0000 004c | 8994 24a0 | 0000 0044 | 898c 24b4 | 0000 0044 | 8984 24bc | 0000 0090 
  0x0000020a574321e8: ;   {runtime_call UncommonTrapBlob}
  0x0000020a574321e8: c5f8 77e8 

  0x0000020a574321ec: ; ImmutableOopMap {[40]=Oop [48]=Oop [56]=Oop [64]=Oop [72]=Oop [92]=NarrowOop [96]=Oop [128]=Oop [160]=Oop [180]=NarrowOop [192]=NarrowOop }
                      ;*if_icmpne {reexecute=1 rethrow=0 return_oop=0}
                      ; - (reexecute) java.lang.String::equals@33
                      ; - java.util.concurrent.ConcurrentHashMap::get@73
                      ; - java.lang.ClassLoader::definePackage@47
                      ; - java.lang.ClassLoader::getDefinedPackage@32
                      ; - java.net.URLClassLoader::getAndVerifyPackage@2
                      ; - java.net.URLClassLoader::defineClass@46
                      ; - java.net.URLClassLoader$1::run@43
                      ; - java.net.URLClassLoader$1::run@1
                      ; - java.security.AccessController::executePrivileged@29
                      ; - java.security.AccessController::doPrivileged@13
                      ; - java.net.URLClassLoader::findClass@13
  0x0000020a574321ec: 1059 84ff 

  0x0000020a574321f0: ;   {other}
  0x0000020a574321f0: 0f1f 8400 | 606d 0096 

  0x0000020a574321f8: ;   {metadata('java/util/jar/Manifest')}
  0x0000020a574321f8: 48ba a0e1 | 0463 0a02 | 0000 488b | ac24 b000 | 0000 6690 

  0x0000020a5743220c: ;   {runtime_call _new_instance_Java}
  0x0000020a5743220c: c5f8 77e8 

  0x0000020a57432210: ; ImmutableOopMap {rbp=Oop [36]=NarrowOop [40]=Oop [64]=Oop [72]=Oop [88]=Oop [96]=Oop [120]=Oop [128]=Oop [136]=NarrowOop [176]=Oop [184]=Oop [208]=Oop }
                      ;*new {reexecute=0 rethrow=0 return_oop=1}
                      ; - java.util.jar.JarFile::getManifestFromReference@101
                      ; - java.util.jar.JarFile::getManifest@1
                      ; - jdk.internal.loader.URLClassPath$JarLoader$2::getManifest@22
                      ; - java.net.URLClassLoader::defineClass@34
                      ; - java.net.URLClassLoader$1::run@43
                      ; - java.net.URLClassLoader$1::run@1
                      ; - java.security.AccessController::executePrivileged@29
                      ; - java.security.AccessController::doPrivileged@13
                      ; - java.net.URLClassLoader::findClass@13
  0x0000020a57432210: ec12 88ff 

  0x0000020a57432214: ;   {other}
  0x0000020a57432214: 0f1f 8400 | 846d 0097 | e996 c6ff 

  0x0000020a57432220: ;   {metadata('java/io/ByteArrayInputStream')}
  0x0000020a57432220: ff48 baa0 | 2305 630a | 0200 0048 | 8bac 24b0 | 0000 0090 

  0x0000020a57432234: ;   {runtime_call _new_instance_Java}
  0x0000020a57432234: c5f8 77e8 

  0x0000020a57432238: ; ImmutableOopMap {rbp=Oop [36]=NarrowOop [40]=Oop [48]=Oop [64]=Oop [72]=Oop [88]=Oop [96]=Oop [112]=Oop [120]=Oop [128]=Oop [136]=NarrowOop [140]=NarrowOop [176]=Oop [184]=Oop [208]=Oop }
                      ;*new {reexecute=0 rethrow=0 return_oop=1}
                      ; - java.util.jar.JarFile::getManifestFromReference@109
                      ; - java.util.jar.JarFile::getManifest@1
                      ; - jdk.internal.loader.URLClassPath$JarLoader$2::getManifest@22
                      ; - java.net.URLClassLoader::defineClass@34
                      ; - java.net.URLClassLoader$1::run@43
                      ; - java.net.URLClassLoader$1::run@1
                      ; - java.security.AccessController::executePrivileged@29
                      ; - java.security.AccessController::doPrivileged@13
                      ; - java.net.URLClassLoader::findClass@13
  0x0000020a57432238: c412 88ff 

  0x0000020a5743223c: ;   {other}
  0x0000020a5743223c: 0f1f 8400 | ac6d 0098 | e9e1 c6ff 

  0x0000020a57432248: ;   {metadata('java/util/jar/Attributes')}
  0x0000020a57432248: ff48 ba40 | 8816 630a | 0200 0048 | 8bac 24b0 | 0000 0090 

  0x0000020a5743225c: ;   {runtime_call _new_instance_Java}
  0x0000020a5743225c: c5f8 77e8 

  0x0000020a57432260: ; ImmutableOopMap {rbp=Oop [36]=NarrowOop [40]=Oop [48]=Oop [64]=Oop [72]=Oop [88]=Oop [96]=Oop [112]=Oop [120]=Oop [136]=NarrowOop [140]=NarrowOop [144]=Oop [176]=Oop [184]=Oop [208]=Oop }
                      ;*new {reexecute=0 rethrow=0 return_oop=1}
                      ; - java.util.jar.Manifest::<init>@5
                      ; - java.util.jar.JarFile::getManifestFromReference@121
                      ; - java.util.jar.JarFile::getManifest@1
                      ; - jdk.internal.loader.URLClassPath$JarLoader$2::getManifest@22
                      ; - java.net.URLClassLoader::defineClass@34
                      ; - java.net.URLClassLoader$1::run@43
                      ; - java.net.URLClassLoader$1::run@1
                      ; - java.security.AccessController::executePrivileged@29
                      ; - java.security.AccessController::doPrivileged@13
                      ; - java.net.URLClassLoader::findClass@13
  0x0000020a57432260: 9c12 88ff 

  0x0000020a57432264: ;   {other}
  0x0000020a57432264: 0f1f 8400 | d46d 0099 | e92f c7ff 

  0x0000020a57432270: ;   {metadata('java/util/HashMap')}
  0x0000020a57432270: ff48 ba68 | a908 630a | 0200 0048 | 8bac 24b0 | 0000 0090 

  0x0000020a57432284: ;   {runtime_call _new_instance_Java}
  0x0000020a57432284: c5f8 77e8 

  0x0000020a57432288: ; ImmutableOopMap {rbp=Oop [36]=NarrowOop [40]=Oop [48]=Oop [64]=Oop [72]=Oop [88]=Oop [96]=Oop [112]=Oop [120]=Oop [136]=NarrowOop [140]=NarrowOop [144]=Oop [176]=Oop [184]=Oop [208]=Oop }
                      ;*new {reexecute=0 rethrow=0 return_oop=1}
                      ; - java.util.jar.Manifest::<init>@16
                      ; - java.util.jar.JarFile::getManifestFromReference@121
                      ; - java.util.jar.JarFile::getManifest@1
                      ; - jdk.internal.loader.URLClassPath$JarLoader$2::getManifest@22
                      ; - java.net.URLClassLoader::defineClass@34
                      ; - java.net.URLClassLoader$1::run@43
                      ; - java.net.URLClassLoader$1::run@1
                      ; - java.security.AccessController::executePrivileged@29
                      ; - java.security.AccessController::doPrivileged@13
                      ; - java.net.URLClassLoader::findClass@13
  0x0000020a57432288: 7412 88ff 

  0x0000020a5743228c: ;   {other}
  0x0000020a5743228c: 0f1f 8400 | fc6d 009a | 4c8b d0e9 | 1fc8 ffff | 33ed 85db | 400f 94c5 | ba45 ffff | ff48 8b4c 
  0x0000020a574322ac: 2440 4889 | 4c24 2848 | 8b4c 2448 | 4889 4c24 | 3048 8b8c | 24b0 0000 | 0048 894c | 2440 488b 
  0x0000020a574322cc: 4c24 5848 | 894c 2448 | 8b8c 2488 | 0000 004c | 8954 2470 | 4c89 9c24 | 8000 0000 | 894c 245c 
  0x0000020a574322ec: 4c89 9424 | 8800 0000 | 4c8b 9c24 | b000 0000 | 4c89 9c24 | a800 0000 | 4489 8c24 | b800 0000 
  0x0000020a5743230c: ;   {runtime_call UncommonTrapBlob}
  0x0000020a5743230c: c5f8 77e8 

  0x0000020a57432310: ; ImmutableOopMap {[40]=Oop [48]=Oop [64]=Oop [72]=Oop [92]=NarrowOop [112]=Oop [128]=Oop [136]=Oop [168]=Oop [184]=NarrowOop [208]=Oop }
                      ;*ifeq {reexecute=1 rethrow=0 return_oop=0}
                      ; - (reexecute) java.lang.String::hashCode@20
                      ; - java.util.concurrent.ConcurrentHashMap::get@1
                      ; - java.lang.ClassLoader::getDefinedPackage@13
                      ; - java.net.URLClassLoader::getAndVerifyPackage@2
                      ; - java.net.URLClassLoader::defineClass@46
                      ; - java.net.URLClassLoader$1::run@43
                      ; - java.net.URLClassLoader$1::run@1
                      ; - java.security.AccessController::executePrivileged@29
                      ; - java.security.AccessController::doPrivileged@13
                      ; - java.net.URLClassLoader::findClass@13
  0x0000020a57432310: ec57 84ff 

  0x0000020a57432314: ;   {other}
  0x0000020a57432314: 0f1f 8400 | 846e 009b | ba45 ffff | ff4c 8b5c | 2440 4c89 | 5c24 284c | 8b5c 2448 | 4c89 5c24 
  0x0000020a57432334: 304c 8b9c | 24b8 0000 | 004c 895c | 2438 4c8b | 9c24 b000 | 0000 4c89 | 5c24 404c | 8b5c 2458 
  0x0000020a57432354: 4c89 5c24 | 484c 894c | 2478 448b | 8424 8800 | 0000 4489 | 4424 5c4c | 8b9c 24b0 | 0000 004c 
  0x0000020a57432374: 899c 24a0 | 0000 0044 | 8994 24b4 | 0000 0090 

  0x0000020a57432384: ;   {runtime_call UncommonTrapBlob}
  0x0000020a57432384: c5f8 77e8 

  0x0000020a57432388: ; ImmutableOopMap {[40]=Oop [48]=Oop [56]=Oop [64]=Oop [72]=Oop [92]=NarrowOop [120]=Oop [128]=Oop [144]=Oop [160]=Oop [180]=NarrowOop [192]=NarrowOop }
                      ;*ifge {reexecute=1 rethrow=0 return_oop=0}
                      ; - (reexecute) java.util.concurrent.ConcurrentHashMap::get@86
                      ; - java.lang.ClassLoader::definePackage@47
                      ; - java.lang.ClassLoader::getDefinedPackage@32
                      ; - java.net.URLClassLoader::getAndVerifyPackage@2
                      ; - java.net.URLClassLoader::defineClass@46
                      ; - java.net.URLClassLoader$1::run@43
                      ; - java.net.URLClassLoader$1::run@1
                      ; - java.security.AccessController::executePrivileged@29
                      ; - java.security.AccessController::doPrivileged@13
                      ; - java.net.URLClassLoader::findClass@13
  0x0000020a57432388: 7457 84ff 

  0x0000020a5743238c: ;   {other}
  0x0000020a5743238c: 0f1f 8400 | fc6e 009c | 33ed 4585 | c940 0f94 | c5ba 45ff | ffff 4c8b | 5424 404c | 8954 2428 
  0x0000020a574323ac: 4c8b 5424 | 484c 8954 | 2430 4c8b | 9424 b800 | 0000 4c89 | 5424 384c | 8b94 24b0 | 0000 004c 
  0x0000020a574323cc: 8954 2440 | 4c8b 5424 | 584c 8954 | 2448 448b | 9c24 8800 | 0000 4c89 | 4424 7844 | 895c 245c 
  0x0000020a574323ec: 4c89 8424 | 9000 0000 | 4c8b 9424 | b000 0000 | 4c89 9424 | a800 0000 

  0x0000020a57432404: ;   {runtime_call UncommonTrapBlob}
  0x0000020a57432404: c5f8 77e8 

  0x0000020a57432408: ; ImmutableOopMap {[40]=Oop [48]=Oop [56]=Oop [64]=Oop [72]=Oop [92]=NarrowOop [120]=Oop [128]=Oop [144]=Oop [168]=Oop [192]=NarrowOop [196]=NarrowOop }
                      ;*ifeq {reexecute=1 rethrow=0 return_oop=0}
                      ; - (reexecute) java.lang.String::hashCode@20
                      ; - java.util.concurrent.ConcurrentHashMap::get@1
                      ; - java.lang.ClassLoader::definePackage@47
                      ; - java.lang.ClassLoader::getDefinedPackage@32
                      ; - java.net.URLClassLoader::getAndVerifyPackage@2
                      ; - java.net.URLClassLoader::defineClass@46
                      ; - java.net.URLClassLoader$1::run@43
                      ; - java.net.URLClassLoader$1::run@1
                      ; - java.security.AccessController::executePrivileged@29
                      ; - java.security.AccessController::doPrivileged@13
                      ; - java.net.URLClassLoader::findClass@13
  0x0000020a57432408: f456 84ff 

  0x0000020a5743240c: ;   {other}
  0x0000020a5743240c: 0f1f 8400 | 7c6f 009d | ba45 ffff | ff48 8b5c | 2440 4889 | 5c24 2848 | 8b5c 2448 | 4889 5c24 
  0x0000020a5743242c: 3048 8b9c | 24b0 0000 | 0048 895c | 2440 488b | 5c24 5848 | 895c 2448 | 8b9c 2488 | 0000 004c 
  0x0000020a5743244c: 8954 2470 | 4c89 4424 | 784c 899c | 2480 0000 | 0089 5c24 | 5c4c 8994 | 2488 0000 | 004c 8984 
  0x0000020a5743246c: 2490 0000 | 004c 8b9c | 24b0 0000 | 004c 899c | 24a0 0000 | 0048 898c | 24b0 0000 | 0044 898c 
  0x0000020a5743248c: 24b8 0000 | 0066 6690 

  0x0000020a57432494: ;   {runtime_call UncommonTrapBlob}
  0x0000020a57432494: c5f8 77e8 

  0x0000020a57432498: ; ImmutableOopMap {rbp=NarrowOop [40]=Oop [48]=Oop [64]=Oop [72]=Oop [92]=NarrowOop [112]=Oop [120]=Oop [128]=Oop [136]=Oop [144]=Oop [160]=Oop [176]=Oop }
                      ;*ifnull {reexecute=1 rethrow=0 return_oop=0}
                      ; - (reexecute) java.util.concurrent.ConcurrentHashMap::get@143
                      ; - java.lang.ClassLoader::getDefinedPackage@13
                      ; - java.net.URLClassLoader::getAndVerifyPackage@2
                      ; - java.net.URLClassLoader::defineClass@46
                      ; - java.net.URLClassLoader$1::run@43
                      ; - java.net.URLClassLoader$1::run@1
                      ; - java.security.AccessController::executePrivileged@29
                      ; - java.security.AccessController::doPrivileged@13
                      ; - java.net.URLClassLoader::findClass@13
  0x0000020a57432498: 6456 84ff 

  0x0000020a5743249c: ;   {other}
  0x0000020a5743249c: 0f1f 8400 | 0c70 009e | bade ffff | ff4c 8b5c | 2440 4c89 | 5c24 204c | 8b5c 2448 | 4c89 5c24 
  0x0000020a574324bc: 284c 8b5c | 2458 4c89 | 5c24 404c | 8b5c 2450 | 4c89 5c24 | 484c 8b5c | 2478 4c89 | 5c24 704c 
  0x0000020a574324dc: 8954 2478 | 4c89 8424 | 8000 0000 

  0x0000020a574324e8: ;   {runtime_call UncommonTrapBlob}
  0x0000020a574324e8: c5f8 77e8 

  0x0000020a574324ec: ; ImmutableOopMap {rbp=Oop [32]=Oop [40]=Oop [64]=Oop [104]=Oop [112]=Oop [120]=Oop [128]=Oop [136]=NarrowOop [208]=Oop }
                      ;*invokevirtual close {reexecute=0 rethrow=0 return_oop=0}
                      ; - java.util.jar.JarFile::getManifestFromReference@152
                      ; - java.util.jar.JarFile::getManifest@1
                      ; - jdk.internal.loader.URLClassPath$JarLoader$2::getManifest@22
                      ; - java.net.URLClassLoader::defineClass@34
                      ; - java.net.URLClassLoader$1::run@43
                      ; - java.net.URLClassLoader$1::run@1
                      ; - java.security.AccessController::executePrivileged@29
                      ; - java.security.AccessController::doPrivileged@13
                      ; - java.net.URLClassLoader::findClass@13
  0x0000020a574324ec: 1056 84ff 

  0x0000020a574324f0: ;   {other}
  0x0000020a574324f0: 0f1f 8400 | 6070 009f | ba45 ffff | ff4c 8b54 | 2440 4c89 | 5424 284c | 8b54 2448 | 4c89 5424 
  0x0000020a57432510: 304c 8b94 | 24b8 0000 | 004c 8954 | 2438 4c8b | 9424 b000 | 0000 4c89 | 5424 404c | 8b54 2458 
  0x0000020a57432530: 4c89 5424 | 484c 895c | 2460 448b | 9c24 8800 | 0000 4489 | 5c24 5c4c | 8b94 24b0 | 0000 004c 
  0x0000020a57432550: 8994 24a0 | 0000 0090 

  0x0000020a57432558: ;   {runtime_call UncommonTrapBlob}
  0x0000020a57432558: c5f8 77e8 

  0x0000020a5743255c: ; ImmutableOopMap {rbp=NarrowOop [40]=Oop [48]=Oop [56]=Oop [64]=Oop [72]=Oop [92]=NarrowOop [96]=Oop [128]=Oop [160]=Oop [192]=NarrowOop [200]=Oop }
                      ;*ifnull {reexecute=1 rethrow=0 return_oop=0}
                      ; - (reexecute) java.util.concurrent.ConcurrentHashMap::get@143
                      ; - java.lang.ClassLoader::definePackage@47
                      ; - java.lang.ClassLoader::getDefinedPackage@32
                      ; - java.net.URLClassLoader::getAndVerifyPackage@2
                      ; - java.net.URLClassLoader::defineClass@46
                      ; - java.net.URLClassLoader$1::run@43
                      ; - java.net.URLClassLoader$1::run@1
                      ; - java.security.AccessController::executePrivileged@29
                      ; - java.security.AccessController::doPrivileged@13
                      ; - java.net.URLClassLoader::findClass@13
  0x0000020a5743255c: a055 84ff 

  0x0000020a57432560: ;   {other}
  0x0000020a57432560: 0f1f 8400 | d070 00a0 

  0x0000020a57432568: ;   {metadata('java/io/File')}
  0x0000020a57432568: 48ba 10f6 | 0463 0a02 | 0000 6690 

  0x0000020a57432574: ;   {runtime_call _new_instance_Java}
  0x0000020a57432574: c5f8 77e8 

  0x0000020a57432578: ; ImmutableOopMap {rbp=Oop [36]=NarrowOop [40]=Oop [48]=NarrowOop [64]=Oop [72]=Oop [88]=Oop [96]=Oop [176]=Oop [184]=Oop }
                      ;*new {reexecute=0 rethrow=0 return_oop=1}
                      ; - jdk.internal.loader.URLClassPath$FileLoader::getResource@101
                      ; - jdk.internal.loader.URLClassPath::getResource@53
                      ; - java.net.URLClassLoader$1::run@26
                      ; - java.net.URLClassLoader$1::run@1
                      ; - java.security.AccessController::executePrivileged@29
                      ; - java.security.AccessController::doPrivileged@13
                      ; - java.net.URLClassLoader::findClass@13
  0x0000020a57432578: 840f 88ff 

  0x0000020a5743257c: ;   {other}
  0x0000020a5743257c: 0f1f 8400 | ec70 00a1 | e9a7 caff | ff4c 8b54 | 2468 458b | 5a10 4585 | db0f 8473 | e0ff ff4d 
  0x0000020a5743259c: 8b57 2849 | 8bcb 4d85 | d20f 8452 | 1500 004d | 8b5f 384b | 894c 13f8 | 4983 c2f8 | 4d89 5728 
  0x0000020a574325bc: e94d e0ff | ff4c 8b54 | 2468 458b | 5210 4585 | d20f 8483 | e1ff ff4d | 8b5f 2849 | 8bca 4d85 
  0x0000020a574325dc: db0f 843a | 1500 004d | 8b57 384b | 894c 1af8 | 4983 c3f8 | 4d89 5f28 | e95d e1ff | ff49 8bd7 
  0x0000020a574325fc: c5f8 7749 | ba20 a4ef | 0ffe 7f00 | 0041 ffd2 

  0x0000020a5743260c: ;   {other}
  0x0000020a5743260c: 0f1f 8400 | 0000 0000 | e950 bcff | ff49 8bd7 | c5f8 7749 | ba20 a4ef | 0ffe 7f00 | 0041 ffd2 
  0x0000020a5743262c: ;   {other}
  0x0000020a5743262c: 0f1f 8400 | 0000 0000 | e9e1 bbff | ff49 8bd7 | c5f8 7749 | ba20 a4ef | 0ffe 7f00 | 0041 ffd2 
  0x0000020a5743264c: ;   {other}
  0x0000020a5743264c: 0f1f 8400 | 0000 0000 | e9e0 b9ff | ff49 8bd7 | c5f8 7749 | ba20 a4ef | 0ffe 7f00 | 0041 ffd2 
  0x0000020a5743266c: ;   {other}
  0x0000020a5743266c: 0f1f 8400 | 0000 0000 | e96b baff | ff49 8bd7 | c5f8 7749 | ba20 a4ef | 0ffe 7f00 | 0041 ffd2 
  0x0000020a5743268c: ;   {other}
  0x0000020a5743268c: 0f1f 8400 | 0000 0000 | e94d b9ff | ff49 8bda | 498b d7c5 | f877 49ba | 20a4 ef0f | fe7f 0000 
  0x0000020a574326ac: ;   {other}
  0x0000020a574326ac: 41ff d20f | 1f84 0000 | 0000 00e9 | 46dd ffff | 4489 5424 | 6444 894c | 2460 4c89 | 4424 384c 
  0x0000020a574326cc: 895c 2430 | 4889 4c24 

  0x0000020a574326d4: ;   {metadata('java/lang/String')}
  0x0000020a574326d4: 2048 ba78 | e800 630a | 0200 0090 

  0x0000020a574326e0: ;   {runtime_call _new_instance_Java}
  0x0000020a574326e0: c5f8 77e8 

  0x0000020a574326e4: ; ImmutableOopMap {rbp=Oop [32]=Oop [40]=Oop [48]=Oop [56]=Oop [64]=Oop [72]=Oop [88]=Oop [96]=NarrowOop [136]=NarrowOop [176]=Oop [184]=Oop }
                      ;*new {reexecute=0 rethrow=0 return_oop=1}
                      ; - java.lang.StringConcatHelper::simpleConcat@17
                      ; - java.lang.String::concat@11
                      ; - java.net.URLClassLoader::isSealed@15
                      ; - java.net.URLClassLoader::getAndVerifyPackage@68
                      ; - java.net.URLClassLoader::defineClass@46
                      ; - java.net.URLClassLoader$1::run@43
                      ; - java.net.URLClassLoader$1::run@1
                      ; - java.security.AccessController::executePrivileged@29
                      ; - java.security.AccessController::doPrivileged@13
                      ; - java.net.URLClassLoader::findClass@13
  0x0000020a574326e4: 180e 88ff 

  0x0000020a574326e8: ;   {other}
  0x0000020a574326e8: 0f1f 8400 | 5872 00a2 | 488b 4c24 | 204c 8b5c | 2430 4c8b | 4424 3844 | 8b4c 2460 | 448b 5424 
  0x0000020a57432708: 64e9 d2cc | ffff 488b | d84c 8b5c | 2460 488d | 8424 f000 | 0000 4883 | 3800 0f84 | 7900 0000 
  0x0000020a57432728: 4d8b 1341 | f6c2 020f | 8462 0000 | 0049 83ba | 8600 0000 | 0074 0949 | ff8a 8600 | 0000 eb4b 
  0x0000020a57432748: 498b 8296 | 0000 0049 | 0b82 8e00 | 0000 750a | 49c7 423e | 0000 0000 | eb3d 4983 | ba9e 0000 
  0x0000020a57432768: 0000 7422 | 4833 c049 | c742 3e00 | 0000 00f0 | 8304 2400 | 4983 ba9e | 0000 0000 | 750d f04d 
  0x0000020a57432788: 0fb1 7a3e | 7505 83c8 | 01eb 0ca8 | 00eb 084c | 8b10 f04d | 0fb1 1375 | 0a49 ff8f | 5005 0000 
  0x0000020a574327a8: 4533 d20f | 84b7 0200 | 0048 8b4c | 2460 488d | 9424 f000 | 0000 4d8b | c7c5 f877 | 49ba 40d9 
  0x0000020a574327c8: 3010 fe7f | 0000 41ff 

  0x0000020a574327d0: ;   {other}
  0x0000020a574327d0: d20f 1f84 | 0000 0000 | 00e9 8a02 | 0000 488b | d844 8b58 | 0849 ba00 | 0000 630a | 0200 004d 
  0x0000020a574327f0: 03d3 4d8b 

  0x0000020a574327f4: ;   {metadata('java/io/IOException')}
  0x0000020a574327f4: 5248 49bb | b86c 0464 | 0a02 0000 | 4d3b d30f | 8508 ffff | ff4c 8bc0 | 498b 87b8 | 0100 004c 
  0x0000020a57432814: 8bd0 4983 | c228 4d3b | 97c8 0100 | 000f 839d | 1200 004d | 8997 b801 | 0000 410f | 0d8a c000 
  0x0000020a57432834: 0000 48c7 | 0001 0000 | 004c 8bd0 | 4983 c210 

  0x0000020a57432844: ;   {metadata('java/lang/RuntimeException')}
  0x0000020a57432844: c740 08a8 | b705 0044 | 8960 0cc5 | fdef c041 | bb07 0000 | 00c4 c178 | 92fb 62d1 | fe2f 7f02 
  0x0000020a57432864: 4c89 4424 | 704c 8bd0 | 4c89 5424 | 7848 8b6c | 2468 4c8b | 5424 504c | 8954 2420 | 448b 5c24 
  0x0000020a57432884: 5844 895c | 2428 488b | 5424 784c | 8b44 2470 | 4c8b 9424 | b000 0000 | 4c89 5424 | 504c 8b94 
  0x0000020a574328a4: 24b8 0000 | 004c 8954 | 2458 6690 

  0x0000020a574328b0: ;   {optimized virtual_call}
  0x0000020a574328b0: c5f8 77e8 

  0x0000020a574328b4: ; ImmutableOopMap {rbp=Oop [40]=NarrowOop [64]=Oop [72]=Oop [80]=Oop [88]=Oop [96]=Oop [120]=Oop [176]=Oop [184]=Oop [208]=Oop }
                      ;*invokespecial <init> {reexecute=0 rethrow=0 return_oop=0}
                      ; - java.util.jar.JarFile::ensureInitialization@13
                      ; - java.util.jar.JavaUtilJarAccessImpl::ensureInitialization@1
                      ; - jdk.internal.loader.URLClassPath$JarLoader$2::getManifest@10
                      ; - java.net.URLClassLoader::defineClass@34
                      ; - java.net.URLClassLoader$1::run@43
                      ; - java.net.URLClassLoader$1::run@1
                      ; - java.security.AccessController::executePrivileged@29
                      ; - java.security.AccessController::doPrivileged@13
                      ; - java.net.URLClassLoader::findClass@13
  0x0000020a574328b4: c8c5 83ff 

  0x0000020a574328b8: ;   {other}
  0x0000020a574328b8: 0f1f 8400 | 2874 00a3 | 4c8b 5c24 | 6048 8d84 | 24f0 0000 | 0048 8338 | 000f 8479 | 0000 004d 
  0x0000020a574328d8: 8b13 41f6 | c202 0f84 | 6200 0000 | 4983 ba86 | 0000 0000 | 7409 49ff | 8a86 0000 | 00eb 4b49 
  0x0000020a574328f8: 8b82 9600 | 0000 490b | 828e 0000 | 0075 0a49 | c742 3e00 | 0000 00eb | 3d49 83ba | 9e00 0000 
  0x0000020a57432918: 0074 2248 | 33c0 49c7 | 423e 0000 | 0000 f083 | 0424 0049 | 83ba 9e00 | 0000 0075 | 0df0 4d0f 
  0x0000020a57432938: b17a 3e75 | 0583 c801 | eb0c a800 | eb08 4c8b | 10f0 4d0f | b113 750a | 49ff 8f50 | 0500 0045 
  0x0000020a57432958: 33d2 0f85 | d014 0000 | 4c8b 5424 | 7849 8bda | e9b0 0200 | 004c 8bd0 | e9f0 0000 | 004c 8bd0 
  0x0000020a57432978: e9e8 0000 | 0048 8bd8 | 448b 5008 | 49b8 0000 | 0063 0a02 | 0000 4d03 | c24d 8b50 | 504c 3bd5 
  0x0000020a57432998: 0f85 9301 | 0000 4c8b | 4c24 2048 | 8b6c 2458 | 488b 9424 | b800 0000 | 4c8b 4424 

  0x0000020a574329b4: ;   {no_reloc}
  0x0000020a574329b4: 3048 8b7c | 2428 6690 

  0x0000020a574329bc: ;   {optimized virtual_call}
  0x0000020a574329bc: c5f8 77e8 

  0x0000020a574329c0: ; ImmutableOopMap {rbp=Oop [40]=Oop [48]=Oop [64]=Oop [72]=Oop [136]=NarrowOop [176]=Oop [184]=Oop }
                      ;*invokevirtual getAndVerifyPackage {reexecute=0 rethrow=0 return_oop=1}
                      ; - java.net.URLClassLoader::defineClass@97
                      ; - java.net.URLClassLoader$1::run@43
                      ; - java.net.URLClassLoader$1::run@1
                      ; - java.security.AccessController::executePrivileged@29
                      ; - java.security.AccessController::doPrivileged@13
                      ; - java.net.URLClassLoader::findClass@13
  0x0000020a574329c0: bcc4 83ff 

  0x0000020a574329c4: ;   {other}
  0x0000020a574329c4: 0f1f 8400 | 3475 00a4 | 4885 c00f | 843b 1400 | 004c 8b84 | 24b0 0000 | 0048 8b74 | 2448 448b 
  0x0000020a574329e4: 9424 8800 | 0000 e9d2 | b1ff ff4c | 8bd0 e926 | 0100 004c | 8bd0 e91e | 0100 004c | 8bd0 e916 
  0x0000020a57432a04: 0100 004c | 8bd0 e90e | 0100 00eb | 0048 8984 | 2490 0000 | 004c 8b54 | 2430 4d85 | d274 3549 
  0x0000020a57432a24: 8bd2 488b | ac24 b000 | 0000 4c8b | 9424 b800 | 0000 4c89 | 5424 3066 | 6690 c5f8 | 7748 b8ff 
  0x0000020a57432a44: ffff ffff 

  0x0000020a57432a48: ;   {virtual_call}
  0x0000020a57432a48: ffff ffe8 

  0x0000020a57432a4c: ; ImmutableOopMap {rbp=Oop [48]=Oop [64]=Oop [72]=Oop [88]=Oop [136]=NarrowOop [144]=Oop [176]=Oop [184]=Oop [208]=Oop }
                      ;*invokevirtual close {reexecute=0 rethrow=0 return_oop=0}
                      ; - java.util.jar.JarFile::getManifestFromReference@165
                      ; - java.util.jar.JarFile::getManifest@1
                      ; - jdk.internal.loader.URLClassPath$JarLoader$2::getManifest@22
                      ; - java.net.URLClassLoader::defineClass@34
                      ; - java.net.URLClassLoader$1::run@43
                      ; - java.net.URLClassLoader$1::run@1
                      ; - java.security.AccessController::executePrivileged@29
                      ; - java.security.AccessController::doPrivileged@13
                      ; - java.net.URLClassLoader::findClass@13
  0x0000020a57432a4c: 30c9 83ff 

  0x0000020a57432a50: ;   {other}
  0x0000020a57432a50: 0f1f 8400 | c075 00a5 | 4c8b 9424 | 9000 0000 | eb03 4c8b | d049 8bda | 448b 5308 | 49b8 0000 
  0x0000020a57432a70: 0063 0a02 | 0000 4d03 | c2e9 b300 | 0000 4c8b | d0e9 9700 | 0000 488b | d844 8b58 | 0849 b800 
  0x0000020a57432a90: 0000 630a | 0200 004d | 03c3 e992 | 0000 0048 | 8bd8 448b | 5808 49b8 | 0000 0063 | 0a02 0000 
  0x0000020a57432ab0: 4d03 c3eb | 7c48 8bd8 | 448b 5808 | 49b8 0000 | 0063 0a02 | 0000 4d03 | c3eb 6648 | 8bd8 448b 
  0x0000020a57432ad0: 5808 49b8 | 0000 0063 | 0a02 0000 | 4d03 c3eb | 504c 8bd0 | 498b da45 | 8b5a 0849 | b800 0000 
  0x0000020a57432af0: 630a 0200 | 004d 03c3 | eb37 488b | d844 8b58 | 0849 b800 | 0000 630a | 0200 004d | 03c3 eb21 
  0x0000020a57432b10: 4c8b d0eb | 084c 8bd0 | eb03 4c8b | d049 8bda | 458b 5208 | 49b8 0000 | 0063 0a02 | 0000 4d03 
  0x0000020a57432b30: c24d 8b50 

  0x0000020a57432b34: ;   {metadata('java/io/IOException')}
  0x0000020a57432b34: 4849 bbb8 | 6c04 640a | 0200 004d | 3bd3 0f84 | 640f 0000 | 4d8b 5050 

  0x0000020a57432b4c: ;   {metadata('java/lang/ClassFormatError')}
  0x0000020a57432b4c: 49bb d0d3 | 2e64 0a02 | 0000 4d3b | d30f 859a | 0000 004c | 8bd3 4c89 | 5424 2048 | 8b54 2448 
  0x0000020a57432b6c: 6690 c5f8 | 7748 b8ff | ffff ffff 

  0x0000020a57432b78: ;   {virtual_call}
  0x0000020a57432b78: ffff ffe8 

  0x0000020a57432b7c: ; ImmutableOopMap {[32]=Oop [64]=Oop [72]=Oop [176]=Oop }
                      ;*invokevirtual getDataError {reexecute=0 rethrow=0 return_oop=1}
                      ; - java.net.URLClassLoader$1::run@63
                      ; - java.net.URLClassLoader$1::run@1
                      ; - java.security.AccessController::executePrivileged@29
                      ; - java.security.AccessController::doPrivileged@13
                      ; - java.net.URLClassLoader::findClass@13
  0x0000020a57432b7c: 00c8 83ff 

  0x0000020a57432b80: ;   {other}
  0x0000020a57432b80: 0f1f 8400 | f076 00a6 | 4885 c074 | 3f48 8b54 | 2448 c5f8 | 7748 b8ff | ffff ffff 

  0x0000020a57432b9c: ;   {virtual_call}
  0x0000020a57432b9c: ffff ffe8 

  0x0000020a57432ba0: ; ImmutableOopMap {[32]=Oop [64]=Oop [176]=Oop }
                      ;*invokevirtual getDataError {reexecute=0 rethrow=0 return_oop=1}
                      ; - java.net.URLClassLoader$1::run@71
                      ; - java.net.URLClassLoader$1::run@1
                      ; - java.security.AccessController::executePrivileged@29
                      ; - java.security.AccessController::doPrivileged@13
                      ; - java.net.URLClassLoader::findClass@13
  0x0000020a57432ba0: dcc7 83ff 

  0x0000020a57432ba4: ;   {other}
  0x0000020a57432ba4: 0f1f 8400 | 1477 00a7 | 488b 6c24 | 4048 8b54 | 2420 4c8b | c066 6690 

  0x0000020a57432bbc: ;   {optimized virtual_call}
  0x0000020a57432bbc: c5f8 77e8 

  0x0000020a57432bc0: ; ImmutableOopMap {rbp=Oop [32]=Oop [176]=Oop }
                      ;*invokevirtual addSuppressed {reexecute=0 rethrow=0 return_oop=0}
                      ; - java.net.URLClassLoader$1::run@74
                      ; - java.net.URLClassLoader$1::run@1
                      ; - java.security.AccessController::executePrivileged@29
                      ; - java.security.AccessController::doPrivileged@13
                      ; - java.net.URLClassLoader::findClass@13
  0x0000020a57432bc0: bcc2 83ff 

  0x0000020a57432bc4: ;   {other}
  0x0000020a57432bc4: 0f1f 8400 | 3477 00a8 | 488b 5424 | 20e9 619a | ffff 488b | d844 8b58 | 0849 ba00 | 0000 630a 
  0x0000020a57432be4: 0200 004d | 03d3 eb1e | 488b d8eb | 0848 8bd8 | eb03 488b | d844 8b43 | 0849 ba00 | 0000 630a 
  0x0000020a57432c04: 0200 004d | 03d0 4d8b 

  0x0000020a57432c0c: ;   {metadata('java/lang/RuntimeException')}
  0x0000020a57432c0c: 5a48 49b8 | a8b7 0563 | 0a02 0000 | 4d3b d875 | 0848 8bd3 | e912 9aff | ff4d 8b52 

  0x0000020a57432c28: ;   {metadata('java/lang/Exception')}
  0x0000020a57432c28: 4049 bb20 | c000 630a | 0200 004d | 3bd3 0f85 | a900 0000 | 4c8b d34c | 8954 2428 | 498b 87b8 
  0x0000020a57432c48: 0100 004c | 8bd0 4983 | c228 4d3b | 97c8 0100 | 000f 83ba | 0000 004d | 8997 b801 | 0000 410f 
  0x0000020a57432c68: 0d8a c000 | 0000 48c7 | 0001 0000 | 004c 8bd0 | 4983 c210 

  0x0000020a57432c7c: ;   {metadata('java/security/PrivilegedActionException')}
  0x0000020a57432c7c: c740 0800 | af04 0144 | 8960 0cc5 | fdef c041 | bb07 0000 | 00c4 c178 | 92fb 62d1 | fe2f 7f02 
  0x0000020a57432c9c: 488b e848 | 8bd5 4c8b | 4424 2890 

  0x0000020a57432ca8: ;   {optimized virtual_call}
  0x0000020a57432ca8: c5f8 77e8 

  0x0000020a57432cac: ; ImmutableOopMap {rbp=Oop [176]=Oop }
                      ;*invokespecial <init> {reexecute=0 rethrow=0 return_oop=0}
                      ; - java.security.AccessController::wrapException@5
                      ; - java.security.AccessController::doPrivileged@22
                      ; - java.net.URLClassLoader::findClass@13
  0x0000020a57432cac: d0c1 83ff 

  0x0000020a57432cb0: ;   {other}
  0x0000020a57432cb0: 0f1f 8400 | 2078 00a9 | 488b d590 

  0x0000020a57432cbc: ;   {optimized virtual_call}
  0x0000020a57432cbc: c5f8 77e8 

  0x0000020a57432cc0: ; ImmutableOopMap {}
                      ;*invokevirtual getException {reexecute=0 rethrow=0 return_oop=1}
                      ; - java.net.URLClassLoader::findClass@25
  0x0000020a57432cc0: bcc1 83ff 

  0x0000020a57432cc4: ;   {other}
  0x0000020a57432cc4: 0f1f 8400 | 3478 00aa 

  0x0000020a57432ccc: ; implicit exception: dispatches to 0x0000020a57434c10
  0x0000020a57432ccc: 448b 5808 

  0x0000020a57432cd0: ;   {metadata('java/lang/ClassNotFoundException')}
  0x0000020a57432cd0: 4181 fb88 | 9306 000f | 8537 0d00 | 0048 8bd0 | e952 99ff | ff44 8b53 

  0x0000020a57432ce8: ;   {metadata('java/security/PrivilegedActionException')}
  0x0000020a57432ce8: 0849 bb00 | af04 640a | 0200 0049 | b800 0000 | 630a 0200 | 004d 03c2 | 4d8b 5048 | 4d3b d375 
  0x0000020a57432d08: 0848 8bd3 | ebad 488b | d848 8bd3 | e91e 99ff 

  0x0000020a57432d18: ;   {metadata('java/security/PrivilegedActionException')}
  0x0000020a57432d18: ff48 ba00 | af04 640a | 0200 0090 

  0x0000020a57432d24: ;   {runtime_call _new_instance_Java}
  0x0000020a57432d24: c5f8 77e8 

  0x0000020a57432d28: ; ImmutableOopMap {[40]=Oop [176]=Oop }
                      ;*new {reexecute=0 rethrow=0 return_oop=1}
                      ; - java.security.AccessController::wrapException@0
                      ; - java.security.AccessController::doPrivileged@22
                      ; - java.net.URLClassLoader::findClass@13
  0x0000020a57432d28: d407 88ff 

  0x0000020a57432d2c: ;   {other}
  0x0000020a57432d2c: 0f1f 8400 | 9c78 00ab | e963 ffff | ffba 45ff | ffff 4c8b | 5424 304c | 8954 2420 | 4c8b 5424 
  0x0000020a57432d4c: 404c 8954 | 2428 4c8b | 5424 484c | 8954 2430 | 4c8b 5424 | 704c 8954 | 2438 4889 | 8424 8000 
  0x0000020a57432d6c: 0000 6690 

  0x0000020a57432d70: ;   {runtime_call UncommonTrapBlob}
  0x0000020a57432d70: c5f8 77e8 

  0x0000020a57432d74: ; ImmutableOopMap {rbp=NarrowOop [32]=Oop [40]=Oop [48]=Oop [56]=Oop [88]=NarrowOop [104]=Oop [128]=Oop [208]=Oop }
                      ;*ifnull {reexecute=1 rethrow=0 return_oop=0}
                      ; - (reexecute) java.util.jar.JarFile::maybeInstantiateVerifier@27
                      ; - java.util.jar.JarFile::ensureInitialization@1
                      ; - java.util.jar.JavaUtilJarAccessImpl::ensureInitialization@1
                      ; - jdk.internal.loader.URLClassPath$JarLoader$2::getManifest@10
                      ; - java.net.URLClassLoader::defineClass@34
                      ; - java.net.URLClassLoader$1::run@43
                      ; - java.net.URLClassLoader$1::run@1
                      ; - java.security.AccessController::executePrivileged@29
                      ; - java.security.AccessController::doPrivileged@13
                      ; - java.net.URLClassLoader::findClass@13
  0x0000020a57432d74: 884d 84ff 

  0x0000020a57432d78: ;   {other}
  0x0000020a57432d78: 0f1f 8400 | e878 00ac | 4c8b 9424 | 9000 0000 | 458b 5a2c | 4585 db0f | 84bd caff | ff4d 8b57 
  0x0000020a57432d98: 2849 8bcb | 4d85 d20f | 84eb 0e00 | 004d 8b5f | 384b 894c | 13f8 4983 | c2f8 4d89 | 5728 e997 
  0x0000020a57432db8: caff ff44 | 8b55 1c45 | 85d2 0f84 | dacb ffff | 4d8b 5f28 | 498b ca4d | 85db 0f84 | f80e 0000 
  0x0000020a57432dd8: 4d8b 5738 | 4b89 4c1a | f849 83c3 | f84d 895f | 28e9 b4cb | ffff 4c8b | 9424 9000 | 0000 458b 
  0x0000020a57432df8: 5a14 4585 | db0f 84e0 | cbff ff4d | 8b57 2849 | 8bcb 4d85 | d20f 849d | 0e00 004d | 8b5f 384b 
  0x0000020a57432e18: 894c 13f8 | 4983 c2f8 | 4d89 5728 | e9ba cbff | ff4c 8b94 | 2490 0000 | 0045 8b52 | 1045 85d2 
  0x0000020a57432e38: 0f84 2dcd | ffff 4d8b | 5f28 498b | ca4d 85db | 0f84 a20e | 0000 4d8b | 5738 4b89 | 4c1a f849 
  0x0000020a57432e58: 83c3 f84d | 895f 28e9 | 07cd ffff | 448b 5d1c | 4585 db0f | 84b9 ccff | ff4d 8b57 

  0x0000020a57432e74: ;   {no_reloc}
  0x0000020a57432e74: 2849 8bcb | 4d85 d20f | 848f 0e00 | 004d 8b5f | 384b 894c | 13f8 4983 | c2f8 4d89 | 5728 e993 
  0x0000020a57432e94: ccff ff4c | 8b94 2490 | 0000 0045 | 8b5a 3845 | 85db 0f84 | 61d1 ffff | 4d8b 5728 | 498b cb4d 
  0x0000020a57432eb4: 85d2 0f84 | d40e 0000 | 4d8b 5f38 | 4b89 4c13 | f849 83c2 | f84d 8957 | 28e9 3bd1 | ffff 4c8b 
  0x0000020a57432ed4: 5424 7845 | 8b5a 3045 | 85db 0f84 | 74d1 ffff | 4d8b 5728 | 498b cb4d | 85d2 0f84 | bc0e 0000 
  0x0000020a57432ef4: 4d8b 5f38 | 4b89 4c13 | f849 83c2 | f84d 8957 | 28e9 4ed1 | ffff 4c8b | 9424 9000 | 0000 458b 
  0x0000020a57432f14: 5a34 4585 | db0f 843f | d0ff ff4d | 8b57 2849 | 8bcb 4d85 | d20f 8441 | 0e00 004d | 8b5f 384b 
  0x0000020a57432f34: 894c 13f8 | 4983 c2f8 | 4d89 5728 | e919 d0ff | ff4c 8b94 | 2490 0000 | 0045 8b5a | 2445 85db 
  0x0000020a57432f54: 0f84 70cf | ffff 4d8b | 5728 498b | cb4d 85d2 | 0f84 c60d | 0000 4d8b | 5f38 4b89 | 4c13 f849 
  0x0000020a57432f74: ;   {no_reloc}
  0x0000020a57432f74: 83c2 f84d | 8957 28e9 | 4acf ffff | 4c8b 9424 | 9000 0000 | 458b 5a1c | 4585 db0f | 84fe cdff 
  0x0000020a57432f94: ff4d 8b57 | 2849 8bcb | 4d85 d20f | 84ab 0d00 | 004d 8b5f | 384b 894c | 13f8 4983 | c2f8 4d89 
  0x0000020a57432fb4: 5728 e9d8 | cdff ff44 | 8b55 1c45 | 85d2 0f84 | eacc ffff | 4d8b 5f28 | 498b ca4d | 85db 0f84 
  0x0000020a57432fd4: 180e 0000 | 4d8b 5738 | 4b89 4c1a | f849 83c3 | f84d 895f | 28e9 c4cc | ffff 4c8b | 9424 9000 
  0x0000020a57432ff4: 0000 458b | 5a18 4585 | db0f 84fd | ccff ff4d | 8b57 2849 | 8bcb 4d85 | d20f 84bd | 0d00 004d 
  0x0000020a57433014: 8b5f 384b | 894c 13f8 | 4983 c2f8 | 4d89 5728 | e9d7 ccff | ff4d 8b57 | 484d 8b5f | 58f0 8344 
  0x0000020a57433034: 24c0 0080 | 3900 0f84 | e7c9 ffff | 4488 214d | 85d2 7520 | 498b d7c5 | f877 49ba | 00a4 ef0f 
  0x0000020a57433054: fe7f 0000 

  0x0000020a57433058: ;   {other}
  0x0000020a57433058: 41ff d20f | 1f84 0000 | 0000 00e9 | bfc9 ffff | 4b89 4c13 | f849 83c2 | f84d 8957 | 48e9 adc9 
  0x0000020a57433078: ffff 4d8b | 5758 4d8b | 5f48 f083 | 4424 c000 | 8039 000f | 8447 c9ff | ff44 8821 | 4d85 db75 
  0x0000020a57433098: 2049 8bd7 | c5f8 7749 | ba00 a4ef | 0ffe 7f00 | 0041 ffd2 

  0x0000020a574330ac: ;   {other}
  0x0000020a574330ac: 0f1f 8400 | 0000 0000 | e91f c9ff | ff4b 894c | 1af8 4983 | c3f8 4d89 | 5f48 e90d | c9ff ff4d 
  0x0000020a574330cc: 8b57 484d | 8b5f 58f0 | 8344 24c0 | 0080 3900 | 0f84 cdca | ffff 4488 | 214d 85d2 | 7520 498b 
  0x0000020a574330ec: d7c5 f877 | 49ba 00a4 | ef0f fe7f | 0000 41ff 

  0x0000020a574330fc: ;   {other}
  0x0000020a574330fc: d20f 1f84 | 0000 0000 | 00e9 a5ca | ffff 4b89 | 4c13 f849 | 83c2 f84d | 8957 48e9 | 93ca ffff 
  0x0000020a5743311c: 4d8b 5758 | 4d8b 5f48 | f083 4424 | c000 8039 | 000f 842d | caff ff44 | 8821 4d85 | db75 2049 
  0x0000020a5743313c: 8bd7 c5f8 | 7749 ba00 | a4ef 0ffe | 7f00 0041 

  0x0000020a5743314c: ;   {other}
  0x0000020a5743314c: ffd2 0f1f | 8400 0000 | 0000 e905 | caff ff4b | 894c 1af8 | 4983 c3f8 | 4d89 5f48 | e9f3 c9ff 
  0x0000020a5743316c: ff4d 8b57 | 484d 8b5f | 58f0 8344 | 24c0 0080 | 3900 0f84 | 71cb ffff | 4488 214d | 85d2 7520 
  0x0000020a5743318c: 498b d7c5 | f877 49ba | 00a4 ef0f | fe7f 0000 

  0x0000020a5743319c: ;   {other}
  0x0000020a5743319c: 41ff d20f | 1f84 0000 | 0000 00e9 | 49cb ffff | 4b89 4c13 | f849 83c2 | f84d 8957 | 48e9 37cb 
  0x0000020a574331bc: ffff 4d8b | 5748 4d8b | 5f58 f083 | 4424 c000 | 8039 000f | 8467 cbff | ff44 8821 | 4d85 d275 
  0x0000020a574331dc: 2049 8bd7 | c5f8 7749 | ba00 a4ef | 0ffe 7f00 | 0041 ffd2 

  0x0000020a574331f0: ;   {other}
  0x0000020a574331f0: 0f1f 8400 | 0000 0000 | e93f cbff | ff4b 894c | 13f8 4983 | c2f8 4d89 | 5748 e92d | cbff ff4d 
  0x0000020a57433210: 8b57 484d | 8b5f 58f0 | 8344 24c0 | 0080 3900 | 0f84 e1cc | ffff 4488 | 214d 85d2 | 7520 498b 
  0x0000020a57433230: d7c5 f877 | 49ba 00a4 | ef0f fe7f | 0000 41ff 

  0x0000020a57433240: ;   {other}
  0x0000020a57433240: d20f 1f84 | 0000 0000 | 00e9 b9cc | ffff 4b89 | 4c13 f849 | 83c2 f84d | 8957 48e9 | a7cc ffff 
  0x0000020a57433260: 4d8b 5758 | 4d8b 5f48 | f083 4424 | c000 8039 | 000f 8422 | cdff ff44 | 8821 4d85 | db75 2049 
  0x0000020a57433280: 8bd7 c5f8 | 7749 ba00 | a4ef 0ffe | 7f00 0041 

  0x0000020a57433290: ;   {other}
  0x0000020a57433290: ffd2 0f1f | 8400 0000 | 0000 e9fa | ccff ff4b | 894c 1af8 | 4983 c3f8 | 4d89 5f48 | e9e8 ccff 
  0x0000020a574332b0: ff4d 8b57 | 484d 8b5f | 58f0 8344 | 24c0 0080 | 3900 0f84 | 85cd ffff | 4488 214d | 85d2 7520 
  0x0000020a574332d0: 498b d7c5 | f877 49ba | 00a4 ef0f | fe7f 0000 

  0x0000020a574332e0: ;   {other}
  0x0000020a574332e0: 41ff d20f | 1f84 0000 | 0000 00e9 | 5dcd ffff | 4b89 4c13 | f849 83c2 | f84d 8957 | 48e9 4bcd 
  0x0000020a57433300: ffff 4d8b | 5748 4d8b | 5f58 f083 | 4424 c000 | 8039 000f | 84a6 cbff | ff44 8821 | 4d85 d275 
  0x0000020a57433320: 2049 8bd7 | c5f8 7749 | ba00 a4ef | 0ffe 7f00 | 0041 ffd2 

  0x0000020a57433334: ;   {other}
  0x0000020a57433334: 0f1f 8400 | 0000 0000 | e97e cbff | ff4b 894c | 13f8 4983 | c2f8 4d89 | 5748 e96c | cbff ff4d 
  0x0000020a57433354: 8b57 584d | 8b5f 48f0 | 8344 24c0 | 0080 3900 | 0f84 64ca | ffff 4488 | 214d 85db | 7520 498b 
  0x0000020a57433374: d7c5 f877 | 49ba 00a4 | ef0f fe7f | 0000 41ff 

  0x0000020a57433384: ;   {other}
  0x0000020a57433384: d20f 1f84 | 0000 0000 | 00e9 3cca | ffff 4b89 | 4c1a f849 | 83c3 f84d | 895f 48e9 | 2aca ffff 
  0x0000020a574333a4: 4d8b 5758 | 4d8b 5f48 | f083 4424 | c000 8039 | 000f 84e3 | c4ff ff44 | 8821 4d85 | db75 2049 
  0x0000020a574333c4: 8bd7 c5f8 | 7749 ba00 | a4ef 0ffe | 7f00 0041 

  0x0000020a574333d4: ;   {other}
  0x0000020a574333d4: ffd2 0f1f | 8400 0000 | 0000 e9bb | c4ff ff4b | 894c 1af8 | 4983 c3f8 | 4d89 5f48 | e9a9 c4ff 
  0x0000020a574333f4: ff4d 8b57 | 584d 8b5f | 48f0 8344 | 24c0 0080 | 3900 0f84 | 3bc4 ffff | 4488 214d | 85db 7520 
  0x0000020a57433414: 498b d7c5 | f877 49ba | 00a4 ef0f | fe7f 0000 

  0x0000020a57433424: ;   {other}
  0x0000020a57433424: 41ff d20f | 1f84 0000 | 0000 00e9 | 13c4 ffff | 4b89 4c1a | f849 83c3 | f84d 895f | 48e9 01c4 
  0x0000020a57433444: ffff baf6 | ffff ff4c | 8b94 24b0 | 0000 004c | 8954 2420 | 4c8b 5424 | 404c 8954 | 2428 4c8b 
  0x0000020a57433464: 5424 4844 | 8b5c 2450 | 4489 5c24 | 344c 8954 | 2440 6690 

  0x0000020a57433478: ;   {runtime_call UncommonTrapBlob}
  0x0000020a57433478: c5f8 77e8 

  0x0000020a5743347c: ; ImmutableOopMap {rbp=NarrowOop [32]=Oop [40]=Oop [48]=NarrowOop [64]=Oop [88]=Oop [96]=Oop [184]=Oop }
                      ;*invokevirtual startsWith {reexecute=0 rethrow=0 return_oop=0}
                      ; - jdk.internal.loader.URLClassPath$FileLoader::getResource@31
                      ; - jdk.internal.loader.URLClassPath::getResource@53
                      ; - java.net.URLClassLoader$1::run@26
                      ; - java.net.URLClassLoader$1::run@1
                      ; - java.security.AccessController::executePrivileged@29
                      ; - java.security.AccessController::doPrivileged@13
                      ; - java.net.URLClassLoader::findClass@13
  0x0000020a5743347c: 8046 84ff 

  0x0000020a57433480: ;   {other}
  0x0000020a57433480: 0f1f 8400 | f07f 00ad | 4c8b 9424 | b000 0000 | 498b ea4c | 8b54 2440 | 4c89 5424 | 2044 8b54 
  0x0000020a574334a0: 2430 4489 | 5424 284c | 8b54 2448 | 4489 4424 | 2c48 8954 | 2438 4c89 | 5424 40ba | c6ff ffff 
  0x0000020a574334c0: ;   {runtime_call UncommonTrapBlob}
  0x0000020a574334c0: c5f8 77e8 

  0x0000020a574334c4: ; ImmutableOopMap {rbp=Oop [32]=Oop [40]=NarrowOop [56]=Oop [64]=Oop [184]=Oop }
                      ;*invokevirtual getResource {reexecute=0 rethrow=0 return_oop=0}
                      ; - jdk.internal.loader.URLClassPath::getResource@53
                      ; - java.net.URLClassLoader$1::run@26
                      ; - java.net.URLClassLoader$1::run@1
                      ; - java.security.AccessController::executePrivileged@29
                      ; - java.security.AccessController::doPrivileged@13
                      ; - java.net.URLClassLoader::findClass@13
  0x0000020a574334c4: 3846 84ff 

  0x0000020a574334c8: ;   {other}
  0x0000020a574334c8: 0f1f 8400 | 3880 00ae | ba38 0000 | 0048 8b6c | 2468 4c8b | 5c24 404c | 895c 2420 | 448b 5c24 
  0x0000020a574334e8: 3044 895c | 2428 4c8b | 5c24 4844 | 8b44 2450 | 4489 4424 | 2c4c 895c | 2438 4c8b | 5c24 584c 
  0x0000020a57433508: 895c 2450 | 4c8b 5c24 | 604c 895c | 2458 4c89 | 5424 6090 

  0x0000020a5743351c: ;   {runtime_call UncommonTrapBlob}
  0x0000020a5743351c: c5f8 77e8 

  0x0000020a57433520: ; ImmutableOopMap {rbp=Oop [32]=Oop [40]=NarrowOop [56]=Oop [80]=Oop [88]=Oop [96]=Oop [184]=Oop }
                      ;*new {reexecute=0 rethrow=0 return_oop=0}
                      ; - java.io.File::<init>@13
                      ; - jdk.internal.loader.URLClassPath$FileLoader::getResource@73
                      ; - jdk.internal.loader.URLClassPath::getResource@53
                      ; - java.net.URLClassLoader$1::run@26
                      ; - java.net.URLClassLoader$1::run@1
                      ; - java.security.AccessController::executePrivileged@29
                      ; - java.security.AccessController::doPrivileged@13
                      ; - java.net.URLClassLoader::findClass@13
  0x0000020a57433520: dc45 84ff 

  0x0000020a57433524: ;   {other}
  0x0000020a57433524: 0f1f 8400 | 9480 00af | baf6 ffff | ff4c 8b94 | 24b0 0000 | 004c 8954 | 2420 4c8b | 5424 404c 
  0x0000020a57433544: 8954 2428 | 448b 5424 | 5044 8954 | 2434 4c8b | 5424 484c | 8954 2440 | 4889 4424 | 6866 6690 
  0x0000020a57433564: ;   {runtime_call UncommonTrapBlob}
  0x0000020a57433564: c5f8 77e8 

  0x0000020a57433568: ; ImmutableOopMap {rbp=NarrowOop [32]=Oop [40]=Oop [48]=NarrowOop [64]=Oop [88]=Oop [96]=Oop [104]=Oop [184]=Oop }
                      ;*invokevirtual startsWith {reexecute=0 rethrow=0 return_oop=0}
                      ; - jdk.internal.loader.URLClassPath$FileLoader::getResource@93
                      ; - jdk.internal.loader.URLClassPath::getResource@53
                      ; - java.net.URLClassLoader$1::run@26
                      ; - java.net.URLClassLoader$1::run@1
                      ; - java.security.AccessController::executePrivileged@29
                      ; - java.security.AccessController::doPrivileged@13
                      ; - java.net.URLClassLoader::findClass@13
  0x0000020a57433568: 9445 84ff 

  0x0000020a5743356c: ;   {other}
  0x0000020a5743356c: 0f1f 8400 | dc80 00b0 | baf6 ffff | ff48 8bac | 24b0 0000 | 004c 8b54 | 2440 4c89 | 5424 2044 
  0x0000020a5743358c: 8b54 2430 | 4489 5424 | 284c 8b54 | 2448 448b | 5c24 5044 | 895c 242c | 4c89 5424 | 384c 8b54 
  0x0000020a574335ac: 2458 4c89 | 5424 504c | 8b54 2460 | 4c89 5424 | 5866 6690 

  0x0000020a574335c0: ;   {runtime_call UncommonTrapBlob}
  0x0000020a574335c0: c5f8 77e8 

  0x0000020a574335c4: ; ImmutableOopMap {rbp=Oop [32]=Oop [40]=NarrowOop [56]=Oop [80]=Oop [88]=Oop [104]=Oop [184]=Oop }
                      ;*invokevirtual isEmpty {reexecute=0 rethrow=0 return_oop=0}
                      ; - java.io.File::<init>@29
                      ; - jdk.internal.loader.URLClassPath$FileLoader::getResource@73
                      ; - jdk.internal.loader.URLClassPath::getResource@53
                      ; - java.net.URLClassLoader$1::run@26
                      ; - java.net.URLClassLoader$1::run@1
                      ; - java.security.AccessController::executePrivileged@29
                      ; - java.security.AccessController::doPrivileged@13
                      ; - java.net.URLClassLoader::findClass@13
  0x0000020a574335c4: 3845 84ff 

  0x0000020a574335c8: ;   {other}
  0x0000020a574335c8: 0f1f 8400 | 3881 00b1 | 498b d7c5 | f877 49ba | 20a4 ef0f | fe7f 0000 

  0x0000020a574335e0: ;   {other}
  0x0000020a574335e0: 41ff d20f | 1f84 0000 | 0000 00e9 | 5eaf ffff 

  0x0000020a574335f0: ;   {metadata('java/util/jar/JarVerifier')}
  0x0000020a574335f0: 48ba 789e | 1663 0a02 | 0000 6690 

  0x0000020a574335fc: ;   {runtime_call _new_instance_Java}
  0x0000020a574335fc: c5f8 77e8 

  0x0000020a57433600: ; ImmutableOopMap {rbp=Oop [36]=NarrowOop [40]=Oop [64]=Oop [72]=Oop [88]=Oop [96]=Oop [112]=Oop [120]=Oop [128]=Oop [136]=NarrowOop [176]=Oop [184]=Oop [208]=Oop }
                      ;*new {reexecute=0 rethrow=0 return_oop=1}
                      ; - java.util.jar.JarFile::getManifestFromReference@69
                      ; - java.util.jar.JarFile::getManifest@1
                      ; - jdk.internal.loader.URLClassPath$JarLoader$2::getManifest@22
                      ; - java.net.URLClassLoader::defineClass@34
                      ; - java.net.URLClassLoader$1::run@43
                      ; - java.net.URLClassLoader$1::run@1
                      ; - java.security.AccessController::executePrivileged@29
                      ; - java.security.AccessController::doPrivileged@13
                      ; - java.net.URLClassLoader::findClass@13
  0x0000020a57433600: fcfe 87ff 

  0x0000020a57433604: ;   {other}
  0x0000020a57433604: 0f1f 8400 | 7481 00b2 | e9b8 c1ff 

  0x0000020a57433610: ;   {metadata('java/util/Hashtable')}
  0x0000020a57433610: ff48 bab8 | d300 630a | 0200 0090 

  0x0000020a5743361c: ;   {runtime_call _new_instance_Java}
  0x0000020a5743361c: c5f8 77e8 

  0x0000020a57433620: ; ImmutableOopMap {rbp=Oop [36]=NarrowOop [40]=Oop [64]=Oop [72]=Oop [88]=Oop [96]=Oop [120]=Oop [128]=Oop [136]=NarrowOop [144]=Oop [176]=Oop [184]=Oop [208]=Oop }
                      ;*new {reexecute=0 rethrow=0 return_oop=1}
                      ; - java.util.jar.JarVerifier::<init>@35
                      ; - java.util.jar.JarFile::getManifestFromReference@78
                      ; - java.util.jar.JarFile::getManifest@1
                      ; - jdk.internal.loader.URLClassPath$JarLoader$2::getManifest@22
                      ; - java.net.URLClassLoader::defineClass@34
                      ; - java.net.URLClassLoader$1::run@43
                      ; - java.net.URLClassLoader$1::run@1
                      ; - java.security.AccessController::executePrivileged@29
                      ; - java.security.AccessController::doPrivileged@13
                      ; - java.net.URLClassLoader::findClass@13
  0x0000020a57433620: dcfe 87ff 

  0x0000020a57433624: ;   {other}
  0x0000020a57433624: 0f1f 8400 | 9481 00b3 | e9ba c2ff 

  0x0000020a57433630: ;   {metadata('java/util/Hashtable$Entry'[])}
  0x0000020a57433630: ff48 baa8 | 7f13 630a | 0200 0041 | b80b 0000 | 0066 6690 

  0x0000020a57433644: ;   {runtime_call _new_array_Java}
  0x0000020a57433644: c5f8 77e8 

  0x0000020a57433648: ; ImmutableOopMap {rbp=Oop [36]=NarrowOop [40]=Oop [48]=Oop [64]=Oop [72]=Oop [88]=Oop [96]=Oop [120]=Oop [128]=Oop [136]=NarrowOop [144]=Oop [176]=Oop [184]=Oop [208]=Oop }
                      ;*anewarray {reexecute=0 rethrow=0 return_oop=1}
                      ; - java.util.Hashtable::<init>@93
                      ; - java.util.Hashtable::<init>@5
                      ; - java.util.jar.JarVerifier::<init>@39
                      ; - java.util.jar.JarFile::getManifestFromReference@78
                      ; - java.util.jar.JarFile::getManifest@1
                      ; - jdk.internal.loader.URLClassPath$JarLoader$2::getManifest@22
                      ; - java.net.URLClassLoader::defineClass@34
                      ; - java.net.URLClassLoader$1::run@43
                      ; - java.net.URLClassLoader$1::run@1
                      ; - java.security.AccessController::executePrivileged@29
                      ; - java.security.AccessController::doPrivileged@13
                      ; - java.net.URLClassLoader::findClass@13
  0x0000020a57433648: b4fb 87ff 

  0x0000020a5743364c: ;   {other}
  0x0000020a5743364c: 0f1f 8400 | bc81 00b4 | 4c8b d0e9 | 38c3 ffff 

  0x0000020a5743365c: ;   {metadata('java/util/Hashtable')}
  0x0000020a5743365c: 48ba b8d3 | 0063 0a02 | 0000 488b | 6c24 3090 

  0x0000020a5743366c: ;   {runtime_call _new_instance_Java}
  0x0000020a5743366c: c5f8 77e8 

  0x0000020a57433670: ; ImmutableOopMap {rbp=Oop [36]=NarrowOop [40]=Oop [64]=Oop [72]=Oop [88]=Oop [96]=Oop [120]=Oop [128]=Oop [136]=NarrowOop [144]=Oop [176]=Oop [184]=Oop [208]=Oop }
                      ;*new {reexecute=0 rethrow=0 return_oop=1}
                      ; - java.util.jar.JarVerifier::<init>@46
                      ; - java.util.jar.JarFile::getManifestFromReference@78
                      ; - java.util.jar.JarFile::getManifest@1
                      ; - jdk.internal.loader.URLClassPath$JarLoader$2::getManifest@22
                      ; - java.net.URLClassLoader::defineClass@34
                      ; - java.net.URLClassLoader$1::run@43
                      ; - java.net.URLClassLoader$1::run@1
                      ; - java.security.AccessController::executePrivileged@29
                      ; - java.security.AccessController::doPrivileged@13
                      ; - java.net.URLClassLoader::findClass@13
  0x0000020a57433670: 8cfe 87ff 

  0x0000020a57433674: ;   {other}
  0x0000020a57433674: 0f1f 8400 | e481 00b5 | e9f3 c3ff 

  0x0000020a57433680: ;   {metadata('java/util/Hashtable')}
  0x0000020a57433680: ff48 bab8 | d300 630a | 0200 0048 | 8b6c 2430 

  0x0000020a57433690: ;   {runtime_call _new_instance_Java}
  0x0000020a57433690: c5f8 77e8 

  0x0000020a57433694: ; ImmutableOopMap {rbp=Oop [36]=NarrowOop [40]=Oop [64]=Oop [72]=Oop [88]=Oop [96]=Oop [120]=Oop [128]=Oop [136]=NarrowOop [144]=Oop [176]=Oop [184]=Oop [208]=Oop }
                      ;*new {reexecute=0 rethrow=0 return_oop=1}
                      ; - java.util.jar.JarVerifier::<init>@57
                      ; - java.util.jar.JarFile::getManifestFromReference@78
                      ; - java.util.jar.JarFile::getManifest@1
                      ; - jdk.internal.loader.URLClassPath$JarLoader$2::getManifest@22
                      ; - java.net.URLClassLoader::defineClass@34
                      ; - java.net.URLClassLoader$1::run@43
                      ; - java.net.URLClassLoader$1::run@1
                      ; - java.security.AccessController::executePrivileged@29
                      ; - java.security.AccessController::doPrivileged@13
                      ; - java.net.URLClassLoader::findClass@13
  0x0000020a57433694: 68fe 87ff 

  0x0000020a57433698: ;   {other}
  0x0000020a57433698: 0f1f 8400 | 0882 00b6 | e957 c5ff 

  0x0000020a574336a4: ;   {metadata('java/util/Hashtable$Entry'[])}
  0x0000020a574336a4: ff48 baa8 | 7f13 630a | 0200 0041 | b80b 0000 | 0066 6690 

  0x0000020a574336b8: ;   {runtime_call _new_array_Java}
  0x0000020a574336b8: c5f8 77e8 

  0x0000020a574336bc: ; ImmutableOopMap {rbp=Oop [36]=NarrowOop [40]=Oop [48]=Oop [64]=Oop [72]=Oop [88]=Oop [96]=Oop [120]=Oop [128]=Oop [136]=NarrowOop [144]=Oop [176]=Oop [184]=Oop [208]=Oop }
                      ;*anewarray {reexecute=0 rethrow=0 return_oop=1}
                      ; - java.util.Hashtable::<init>@93
                      ; - java.util.Hashtable::<init>@5
                      ; - java.util.jar.JarVerifier::<init>@50
                      ; - java.util.jar.JarFile::getManifestFromReference@78
                      ; - java.util.jar.JarFile::getManifest@1
                      ; - jdk.internal.loader.URLClassPath$JarLoader$2::getManifest@22
                      ; - java.net.URLClassLoader::defineClass@34
                      ; - java.net.URLClassLoader$1::run@43
                      ; - java.net.URLClassLoader$1::run@1
                      ; - java.security.AccessController::executePrivileged@29
                      ; - java.security.AccessController::doPrivileged@13
                      ; - java.net.URLClassLoader::findClass@13
  0x0000020a574336bc: 40fb 87ff 

  0x0000020a574336c0: ;   {other}
  0x0000020a574336c0: 0f1f 8400 | 3082 00b7 | 4c8b d0e9 | 4cc4 ffff 

  0x0000020a574336d0: ;   {metadata('java/util/ArrayList')}
  0x0000020a574336d0: 48ba d089 | 0b63 0a02 | 0000 488b | ac24 b000 | 0000 6690 

  0x0000020a574336e4: ;   {runtime_call _new_instance_Java}
  0x0000020a574336e4: c5f8 77e8 

  0x0000020a574336e8: ; ImmutableOopMap {rbp=Oop [36]=NarrowOop [40]=Oop [64]=Oop [72]=Oop [88]=Oop [96]=Oop [116]=NarrowOop [120]=Oop [128]=Oop [136]=NarrowOop [144]=Oop [176]=Oop [184]=Oop [208]=Oop }
                      ;*new {reexecute=0 rethrow=0 return_oop=1}
                      ; - java.util.jar.JarVerifier::<init>@92
                      ; - java.util.jar.JarFile::getManifestFromReference@78
                      ; - java.util.jar.JarFile::getManifest@1
                      ; - jdk.internal.loader.URLClassPath$JarLoader$2::getManifest@22
                      ; - java.net.URLClassLoader::defineClass@34
                      ; - java.net.URLClassLoader$1::run@43
                      ; - java.net.URLClassLoader$1::run@1
                      ; - java.security.AccessController::executePrivileged@29
                      ; - java.security.AccessController::doPrivileged@13
                      ; - java.net.URLClassLoader::findClass@13
  0x0000020a574336e8: 14fe 87ff 

  0x0000020a574336ec: ;   {other}
  0x0000020a574336ec: 0f1f 8400 | 5c82 00b8 | 4c8b d0e9 | 4cc8 ffff 

  0x0000020a574336fc: ;   {metadata('java/util/HashMap')}
  0x0000020a574336fc: 48ba 68a9 | 0863 0a02 | 0000 488b | ac24 b000 | 0000 6690 

  0x0000020a57433710: ;   {runtime_call _new_instance_Java}
  0x0000020a57433710: c5f8 77e8 

  0x0000020a57433714: ; ImmutableOopMap {rbp=Oop [36]=NarrowOop [40]=Oop [64]=Oop [72]=Oop [88]=Oop [96]=Oop [116]=NarrowOop [120]=Oop [128]=Oop [136]=NarrowOop [144]=Oop [176]=Oop [184]=Oop [208]=Oop }
                      ;*new {reexecute=0 rethrow=0 return_oop=1}
                      ; - java.util.jar.JarVerifier::<init>@103
                      ; - java.util.jar.JarFile::getManifestFromReference@78
                      ; - java.util.jar.JarFile::getManifest@1
                      ; - jdk.internal.loader.URLClassPath$JarLoader$2::getManifest@22
                      ; - java.net.URLClassLoader::defineClass@34
                      ; - java.net.URLClassLoader$1::run@43
                      ; - java.net.URLClassLoader$1::run@1
                      ; - java.security.AccessController::executePrivileged@29
                      ; - java.security.AccessController::doPrivileged@13
                      ; - java.net.URLClassLoader::findClass@13
  0x0000020a57433714: e8fd 87ff 

  0x0000020a57433718: ;   {other}
  0x0000020a57433718: 0f1f 8400 | 8882 00b9 | 4c8b d0e9 | cfc8 ffff 

  0x0000020a57433728: ;   {metadata('java/util/Hashtable$Entry'[])}
  0x0000020a57433728: 48ba a87f | 1363 0a02 | 0000 41b8 | 0b00 0000 

  0x0000020a57433738: ;   {runtime_call _new_array_Java}
  0x0000020a57433738: c5f8 77e8 

  0x0000020a5743373c: ; ImmutableOopMap {rbp=Oop [36]=NarrowOop [40]=Oop [48]=Oop [64]=Oop [72]=Oop [88]=Oop [96]=Oop [120]=Oop [128]=Oop [136]=NarrowOop [144]=Oop [176]=Oop [184]=Oop [208]=Oop }
                      ;*anewarray {reexecute=0 rethrow=0 return_oop=1}
                      ; - java.util.Hashtable::<init>@93
                      ; - java.util.Hashtable::<init>@4
                      ; - java.util.jar.JarVerifier::<init>@63
                      ; - java.util.jar.JarFile::getManifestFromReference@78
                      ; - java.util.jar.JarFile::getManifest@1
                      ; - jdk.internal.loader.URLClassPath$JarLoader$2::getManifest@22
                      ; - java.net.URLClassLoader::defineClass@34
                      ; - java.net.URLClassLoader$1::run@43
                      ; - java.net.URLClassLoader$1::run@1
                      ; - java.security.AccessController::executePrivileged@29
                      ; - java.security.AccessController::doPrivileged@13
                      ; - java.net.URLClassLoader::findClass@13
  0x0000020a5743373c: c0fa 87ff 

  0x0000020a57433740: ;   {other}
  0x0000020a57433740: 0f1f 8400 | b082 00ba | 4c8b d0e9 | 54c5 ffff 

  0x0000020a57433750: ;   {metadata('java/io/ByteArrayOutputStream')}
  0x0000020a57433750: 48ba a000 | 2263 0a02 | 0000 488b | ac24 b000 | 0000 6690 

  0x0000020a57433764: ;   {runtime_call _new_instance_Java}
  0x0000020a57433764: c5f8 77e8 

  0x0000020a57433768: ; ImmutableOopMap {rbp=Oop [36]=NarrowOop [40]=Oop [64]=Oop [72]=Oop [88]=Oop [96]=Oop [116]=NarrowOop [120]=Oop [128]=Oop [136]=NarrowOop [144]=Oop [176]=Oop [184]=Oop [208]=Oop }
                      ;*new {reexecute=0 rethrow=0 return_oop=1}
                      ; - java.util.jar.JarVerifier::<init>@81
                      ; - java.util.jar.JarFile::getManifestFromReference@78
                      ; - java.util.jar.JarFile::getManifest@1
                      ; - jdk.internal.loader.URLClassPath$JarLoader$2::getManifest@22
                      ; - java.net.URLClassLoader::defineClass@34
                      ; - java.net.URLClassLoader$1::run@43
                      ; - java.net.URLClassLoader$1::run@1
                      ; - java.security.AccessController::executePrivileged@29
                      ; - java.security.AccessController::doPrivileged@13
                      ; - java.net.URLClassLoader::findClass@13
  0x0000020a57433768: 94fd 87ff 

  0x0000020a5743376c: ;   {other}
  0x0000020a5743376c: 0f1f 8400 | dc82 00bb | 4c8b d0e9 | 9fc6 ffff | 41b8 2000 

  0x0000020a57433780: ;   {metadata({type array byte})}
  0x0000020a57433780: 0000 48ba | 1823 0063 | 0a02 0000 | 4c8b 9424 | b000 0000 | 4c89 5424 | 3066 6690 

  0x0000020a5743379c: ;   {runtime_call _new_array_Java}
  0x0000020a5743379c: c5f8 77e8 

  0x0000020a574337a0: ; ImmutableOopMap {rbp=Oop [36]=NarrowOop [40]=Oop [48]=Oop [64]=Oop [72]=Oop [88]=Oop [96]=Oop [116]=NarrowOop [120]=Oop [128]=Oop [136]=NarrowOop [144]=Oop [176]=Oop [184]=Oop [208]=Oop }
                      ;*newarray {reexecute=0 rethrow=0 return_oop=1}
                      ; - java.io.ByteArrayOutputStream::<init>@37
                      ; - java.io.ByteArrayOutputStream::<init>@3
                      ; - java.util.jar.JarVerifier::<init>@85
                      ; - java.util.jar.JarFile::getManifestFromReference@78
                      ; - java.util.jar.JarFile::getManifest@1
                      ; - jdk.internal.loader.URLClassPath$JarLoader$2::getManifest@22
                      ; - java.net.URLClassLoader::defineClass@34
                      ; - java.net.URLClassLoader$1::run@43
                      ; - java.net.URLClassLoader$1::run@1
                      ; - java.security.AccessController::executePrivileged@29
                      ; - java.security.AccessController::doPrivileged@13
                      ; - java.net.URLClassLoader::findClass@13
  0x0000020a574337a0: 5cfa 87ff 

  0x0000020a574337a4: ;   {other}
  0x0000020a574337a4: 0f1f 8400 | 1483 00bc | e9d5 c6ff 

  0x0000020a574337b0: ;   {metadata('java/util/ArrayList')}
  0x0000020a574337b0: ff48 bad0 | 890b 630a | 0200 0048 | 8b6c 2430 

  0x0000020a574337c0: ;   {runtime_call _new_instance_Java}
  0x0000020a574337c0: c5f8 77e8 

  0x0000020a574337c4: ; ImmutableOopMap {rbp=Oop [36]=NarrowOop [40]=Oop [64]=Oop [72]=Oop [88]=Oop [96]=Oop [116]=NarrowOop [120]=Oop [128]=Oop [136]=NarrowOop [144]=Oop [176]=Oop [184]=Oop [208]=Oop }
                      ;*new {reexecute=0 rethrow=0 return_oop=1}
                      ; - java.util.jar.JarVerifier::<init>@70
                      ; - java.util.jar.JarFile::getManifestFromReference@78
                      ; - java.util.jar.JarFile::getManifest@1
                      ; - jdk.internal.loader.URLClassPath$JarLoader$2::getManifest@22
                      ; - java.net.URLClassLoader::defineClass@34
                      ; - java.net.URLClassLoader$1::run@43
                      ; - java.net.URLClassLoader$1::run@1
                      ; - java.security.AccessController::executePrivileged@29
                      ; - java.security.AccessController::doPrivileged@13
                      ; - java.net.URLClassLoader::findClass@13
  0x0000020a574337c4: 38fd 87ff 

  0x0000020a574337c8: ;   {other}
  0x0000020a574337c8: 0f1f 8400 | 3883 00bd | 4c8b d0e9 | a5c5 ffff | 498b d7c5 | f877 49ba | 20a4 ef0f | fe7f 0000 
  0x0000020a574337e8: ;   {other}
  0x0000020a574337e8: 41ff d20f | 1f84 0000 | 0000 00e9 | 42ae ffff | ba3f 0000 | 004c 8b54 | 2440 4c89 | 5424 204c 
  0x0000020a57433808: 8b54 2448 | 4c89 5424 | 284c 8b94 | 24b8 0000 | 004c 8954 | 2430 4c8b | 5424 584c | 8954 2440 
  0x0000020a57433828: 4c8b 5424 | 504c 8954 | 2448 448b | 9424 8800 | 0000 4489 | 5424 504c | 8b54 2478 | 4c89 5424 
  0x0000020a57433848: 6866 6690 

  0x0000020a5743384c: ;   {runtime_call UncommonTrapBlob}
  0x0000020a5743384c: c5f8 77e8 

  0x0000020a57433850: ; ImmutableOopMap {[32]=Oop [40]=Oop [48]=Oop [64]=Oop [80]=NarrowOop [96]=Oop [104]=Oop [112]=Oop [152]=Oop [176]=Oop }
                      ;*new {reexecute=0 rethrow=0 return_oop=0}
                      ; - java.util.jar.Manifest::getTrustedAttributes@28
                      ; - java.util.jar.JavaUtilJarAccessImpl::getTrustedAttributes@2
                      ; - java.net.URLClassLoader::isSealed@18
                      ; - java.net.URLClassLoader::getAndVerifyPackage@68
                      ; - java.net.URLClassLoader::defineClass@46
                      ; - java.net.URLClassLoader$1::run@43
                      ; - java.net.URLClassLoader$1::run@1
                      ; - java.security.AccessController::executePrivileged@29
                      ; - java.security.AccessController::doPrivileged@13
                      ; - java.net.URLClassLoader::findClass@13
  0x0000020a57433850: ac42 84ff 

  0x0000020a57433854: ;   {other}
  0x0000020a57433854: 0f1f 8400 | c483 00be | 498b d7c5 | f877 49ba | 20a4 ef0f | fe7f 0000 

  0x0000020a5743386c: ;   {other}
  0x0000020a5743386c: 41ff d20f | 1f84 0000 | 0000 00e9 | 55b2 ffff | 498b d7c5 | f877 49ba | 20a4 ef0f | fe7f 0000 
  0x0000020a5743388c: ;   {other}
  0x0000020a5743388c: 41ff d20f | 1f84 0000 | 0000 00e9 | 8ab1 ffff | 498b d7c5 | f877 49ba | 20a4 ef0f | fe7f 0000 
  0x0000020a574338ac: ;   {other}
  0x0000020a574338ac: 41ff d20f | 1f84 0000 | 0000 00e9 | 1ab1 ffff | 498b d7c5 | f877 49ba | 20a4 ef0f | fe7f 0000 
  0x0000020a574338cc: ;   {other}
  0x0000020a574338cc: 41ff d20f | 1f84 0000 | 0000 00e9 | 73b2 ffff | bac6 ffff | ff4c 8b54 | 2440 4c89 | 5424 204c 
  0x0000020a574338ec: 8b94 24b8 | 0000 004c | 8954 2430 | 4c89 4424 | 3848 8974 | 2440 4c8b | 5424 504c | 8954 2448 
  0x0000020a5743390c: 894c 2450 | 4889 7424 | 584c 8944 | 2460 6690 

  0x0000020a5743391c: ;   {runtime_call UncommonTrapBlob}
  0x0000020a5743391c: c5f8 77e8 

  0x0000020a57433920: ; ImmutableOopMap {[32]=Oop [48]=Oop [56]=Oop [64]=Oop [88]=Oop [96]=Oop }
                      ;*invokevirtual getCodeSourceURL {reexecute=0 rethrow=0 return_oop=0}
                      ; - java.net.URLClassLoader::defineClass@13
                      ; - java.net.URLClassLoader$1::run@43
                      ; - java.net.URLClassLoader$1::run@1
                      ; - java.security.AccessController::executePrivileged@29
                      ; - java.security.AccessController::doPrivileged@13
                      ; - java.net.URLClassLoader::findClass@13
  0x0000020a57433920: dc41 84ff 

  0x0000020a57433924: ;   {other}
  0x0000020a57433924: 0f1f 8400 | 9484 00bf | bac6 ffff | ff48 8bac | 24b0 0000 | 004c 8b5c | 2440 4c89 | 5c24 204c 
  0x0000020a57433944: 8b5c 2450 | 4c89 5c24 | 4044 8b5c | 2458 4489 | 5c24 484c | 8954 2450 

  0x0000020a5743395c: ;   {runtime_call UncommonTrapBlob}
  0x0000020a5743395c: c5f8 77e8 

  0x0000020a57433960: ; ImmutableOopMap {rbp=Oop [32]=Oop [72]=NarrowOop [80]=Oop [104]=Oop [184]=Oop }
                      ;*invokevirtual getCodeSigners {reexecute=0 rethrow=0 return_oop=0}
                      ; - java.net.URLClassLoader::defineClass@185
                      ; - java.net.URLClassLoader$1::run@43
                      ; - java.net.URLClassLoader$1::run@1
                      ; - java.security.AccessController::executePrivileged@29
                      ; - java.security.AccessController::doPrivileged@13
                      ; - java.net.URLClassLoader::findClass@13
  0x0000020a57433960: 9c41 84ff 

  0x0000020a57433964: ;   {other}
  0x0000020a57433964: 0f1f 8400 | d484 00c0 | ba38 0000 | 004c 8b54 | 2440 4c89 | 5424 2044 | 8b54 2430 | 4489 5424 
  0x0000020a57433984: 284c 8b54 | 2448 448b | 5c24 5044 | 895c 242c | 4c89 5424 | 384c 8b54 | 2458 4c89 | 5424 504c 
  0x0000020a574339a4: 8b54 2460 | 4c89 5424 | 5866 6690 

  0x0000020a574339b0: ;   {runtime_call UncommonTrapBlob}
  0x0000020a574339b0: c5f8 77e8 

  0x0000020a574339b4: ; ImmutableOopMap {rbp=Oop [32]=Oop [40]=NarrowOop [56]=Oop [80]=Oop [88]=Oop [104]=Oop [184]=Oop }
                      ;*new {reexecute=0 rethrow=0 return_oop=0}
                      ; - java.io.File::<init>@13
                      ; - jdk.internal.loader.URLClassPath$FileLoader::getResource@118
                      ; - jdk.internal.loader.URLClassPath::getResource@53
                      ; - java.net.URLClassLoader$1::run@26
                      ; - java.net.URLClassLoader$1::run@1
                      ; - java.security.AccessController::executePrivileged@29
                      ; - java.security.AccessController::doPrivileged@13
                      ; - java.net.URLClassLoader::findClass@13
  0x0000020a574339b4: 4841 84ff 

  0x0000020a574339b8: ;   {other}
  0x0000020a574339b8: 0f1f 8400 | 2885 00c1 | baf6 ffff | ff4c 8b54 | 2440 4c89 | 5424 2044 | 8b5c 2430 | 4489 5c24 
  0x0000020a574339d8: 2844 8b54 | 2450 4489 | 5424 2c4c | 8b54 2448 | 4c89 5424 | 384c 8b54 | 2458 4c89 | 5424 504c 
  0x0000020a574339f8: 8b54 2460 | 4c89 5424 | 5866 6690 

  0x0000020a57433a04: ;   {runtime_call UncommonTrapBlob}
  0x0000020a57433a04: c5f8 77e8 

  0x0000020a57433a08: ; ImmutableOopMap {rbp=Oop [32]=Oop [40]=NarrowOop [56]=Oop [80]=Oop [88]=Oop [104]=Oop [184]=Oop }
                      ;*invokevirtual isEmpty {reexecute=0 rethrow=0 return_oop=0}
                      ; - java.io.File::<init>@29
                      ; - jdk.internal.loader.URLClassPath$FileLoader::getResource@118
                      ; - jdk.internal.loader.URLClassPath::getResource@53
                      ; - java.net.URLClassLoader$1::run@26
                      ; - java.net.URLClassLoader$1::run@1
                      ; - java.security.AccessController::executePrivileged@29
                      ; - java.security.AccessController::doPrivileged@13
                      ; - java.net.URLClassLoader::findClass@13
  0x0000020a57433a08: f440 84ff 

  0x0000020a57433a0c: ;   {other}
  0x0000020a57433a0c: 0f1f 8400 | 7c85 00c2 | bade ffff | ff48 8be8 

  0x0000020a57433a1c: ;   {runtime_call UncommonTrapBlob}
  0x0000020a57433a1c: c5f8 77e8 

  0x0000020a57433a20: ; ImmutableOopMap {rbp=Oop }
                      ;*checkcast {reexecute=0 rethrow=0 return_oop=0}
                      ; - java.net.URLClassLoader::findClass@28
  0x0000020a57433a20: dc40 84ff 

  0x0000020a57433a24: ;   {other}
  0x0000020a57433a24: 0f1f 8400 | 9485 00c3 | 498b d7c5 | f877 49ba | 20a4 ef0f | fe7f 0000 

  0x0000020a57433a3c: ;   {other}
  0x0000020a57433a3c: 41ff d20f | 1f84 0000 | 0000 00e9 | 20b6 ffff | 498b d7c5 | f877 49ba | 20a4 ef0f | fe7f 0000 
  0x0000020a57433a5c: ;   {other}
  0x0000020a57433a5c: 41ff d20f | 1f84 0000 | 0000 00e9 | a2b7 ffff | 498b d7c5 | f877 49ba | 20a4 ef0f | fe7f 0000 
  0x0000020a57433a7c: ;   {other}
  0x0000020a57433a7c: 41ff d20f | 1f84 0000 | 0000 00e9 | 82b8 ffff | 498b d7c5 | f877 49ba | 20a4 ef0f | fe7f 0000 
  0x0000020a57433a9c: ;   {other}
  0x0000020a57433a9c: 41ff d20f | 1f84 0000 | 0000 00e9 | aab6 ffff | 488b ebba | 2f00 0000 

  0x0000020a57433ab4: ;   {runtime_call UncommonTrapBlob}
  0x0000020a57433ab4: c5f8 77e8 

  0x0000020a57433ab8: ; ImmutableOopMap {rbp=Oop [64]=Oop [176]=Oop [184]=Oop }
                      ;*new {reexecute=0 rethrow=0 return_oop=0}
                      ; - java.net.URLClassLoader$1::run@48
                      ; - java.net.URLClassLoader$1::run@1
                      ; - java.security.AccessController::executePrivileged@29
                      ; - java.security.AccessController::doPrivileged@13
                      ; - java.net.URLClassLoader::findClass@13
  0x0000020a57433ab8: 4440 84ff 

  0x0000020a57433abc: ;   {other}
  0x0000020a57433abc: 0f1f 8400 | 2c86 00c4 | 4c89 4424 

  0x0000020a57433ac8: ;   {metadata('java/lang/RuntimeException')}
  0x0000020a57433ac8: 7048 baa8 | b705 630a | 0200 0048 | 8b6c 2430 | 4c8b 9424 | b800 0000 | 4c89 5424 | 3066 6690 
  0x0000020a57433ae8: ;   {runtime_call _new_instance_Java}
  0x0000020a57433ae8: c5f8 77e8 

  0x0000020a57433aec: ; ImmutableOopMap {rbp=Oop [48]=Oop [64]=Oop [72]=Oop [88]=NarrowOop [96]=Oop [104]=Oop [112]=Oop [176]=Oop [184]=Oop [208]=Oop }
                      ;*new {reexecute=0 rethrow=0 return_oop=1}
                      ; - java.util.jar.JarFile::ensureInitialization@8
                      ; - java.util.jar.JavaUtilJarAccessImpl::ensureInitialization@1
                      ; - jdk.internal.loader.URLClassPath$JarLoader$2::getManifest@10
                      ; - java.net.URLClassLoader::defineClass@34
                      ; - java.net.URLClassLoader$1::run@43
                      ; - java.net.URLClassLoader$1::run@1
                      ; - java.security.AccessController::executePrivileged@29
                      ; - java.security.AccessController::doPrivileged@13
                      ; - java.net.URLClassLoader::findClass@13
  0x0000020a57433aec: 10fa 87ff 

  0x0000020a57433af0: ;   {other}
  0x0000020a57433af0: 0f1f 8400 | 6086 00c5 | e96c edff | ff49 8bd7 | c5f8 7749 | ba20 a4ef | 0ffe 7f00 | 0041 ffd2 
  0x0000020a57433b10: ;   {other}
  0x0000020a57433b10: 0f1f 8400 | 0000 0000 | e9f1 caff | ff49 8bd7 | c5f8 7749 | ba20 a4ef | 0ffe 7f00 | 0041 ffd2 
  0x0000020a57433b30: ;   {other}
  0x0000020a57433b30: 0f1f 8400 | 0000 0000 | e919 ccff | ffba deff | ffff 4c8b | 5424 404c | 8954 2420 | 4c8b 5424 
  0x0000020a57433b50: 484c 8954 | 2428 4c8b | 5424 604c | 8954 2430 | 4c8b 5424 | 584c 8954 | 2440 4c8b | 5424 504c 
  0x0000020a57433b70: 8954 2448 | 448b 9424 | 8800 0000 | 4489 5424 | 5066 6690 

  0x0000020a57433b84: ;   {runtime_call UncommonTrapBlob}
  0x0000020a57433b84: c5f8 77e8 

  0x0000020a57433b88: ; ImmutableOopMap {rbp=Oop [32]=Oop [40]=Oop [48]=Oop [64]=Oop [80]=NarrowOop [112]=Oop [120]=Oop [128]=Oop [144]=Oop [208]=Oop }
                      ;*invokevirtual getName {reexecute=0 rethrow=0 return_oop=0}
                      ; - java.util.jar.JarFile::getManifestFromReference@74
                      ; - java.util.jar.JarFile::getManifest@1
                      ; - jdk.internal.loader.URLClassPath$JarLoader$2::getManifest@22
                      ; - java.net.URLClassLoader::defineClass@34
                      ; - java.net.URLClassLoader$1::run@43
                      ; - java.net.URLClassLoader$1::run@1
                      ; - java.security.AccessController::executePrivileged@29
                      ; - java.security.AccessController::doPrivileged@13
                      ; - java.net.URLClassLoader::findClass@13
  0x0000020a57433b88: 743f 84ff 

  0x0000020a57433b8c: ;   {other}
  0x0000020a57433b8c: 0f1f 8400 | fc86 00c6 | ba0f 0000 | 004c 8b54 | 2430 4c89 | 5424 204c | 8b54 2440 | 4c89 5424 
  0x0000020a57433bac: 284c 8b54 | 2448 4c89 | 5424 304c | 8b54 2460 | 4c89 5424 | 384c 8b54 | 2458 4c89 | 5424 4844 
  0x0000020a57433bcc: 8b94 2488 | 0000 0044 | 8954 2458 

  0x0000020a57433bd8: ;   {runtime_call UncommonTrapBlob}
  0x0000020a57433bd8: c5f8 77e8 

  0x0000020a57433bdc: ; ImmutableOopMap {rbp=Oop [32]=Oop [40]=Oop [48]=Oop [56]=Oop [72]=Oop [88]=NarrowOop [120]=Oop [128]=Oop [144]=Oop [208]=Oop }
                      ;*new {reexecute=0 rethrow=0 return_oop=0}
                      ; - java.util.Hashtable::<init>@53
                      ; - java.util.Hashtable::<init>@5
                      ; - java.util.jar.JarVerifier::<init>@39
                      ; - java.util.jar.JarFile::getManifestFromReference@78
                      ; - java.util.jar.JarFile::getManifest@1
                      ; - jdk.internal.loader.URLClassPath$JarLoader$2::getManifest@22
                      ; - java.net.URLClassLoader::defineClass@34
                      ; - java.net.URLClassLoader$1::run@43
                      ; - java.net.URLClassLoader$1::run@1
                      ; - java.security.AccessController::executePrivileged@29
                      ; - java.security.AccessController::doPrivileged@13
                      ; - java.net.URLClassLoader::findClass@13
  0x0000020a57433bdc: 203f 84ff 

  0x0000020a57433be0: ;   {other}
  0x0000020a57433be0: 0f1f 8400 | 5087 00c7 | ba0f 0000 | 004c 8b54 | 2430 4c89 | 5424 204c | 8b54 2440 | 4c89 5424 
  0x0000020a57433c00: 284c 8b54 | 2448 4c89 | 5424 304c | 8b54 2460 | 4c89 5424 | 384c 8b54 | 2458 4c89 | 5424 4844 
  0x0000020a57433c20: 8b94 2488 | 0000 0044 | 8954 2458 

  0x0000020a57433c2c: ;   {runtime_call UncommonTrapBlob}
  0x0000020a57433c2c: c5f8 77e8 

  0x0000020a57433c30: ; ImmutableOopMap {rbp=Oop [32]=Oop [40]=Oop [48]=Oop [56]=Oop [72]=Oop [88]=NarrowOop [120]=Oop [128]=Oop [144]=Oop [208]=Oop }
                      ;*new {reexecute=0 rethrow=0 return_oop=0}
                      ; - java.util.Hashtable::<init>@53
                      ; - java.util.Hashtable::<init>@5
                      ; - java.util.jar.JarVerifier::<init>@50
                      ; - java.util.jar.JarFile::getManifestFromReference@78
                      ; - java.util.jar.JarFile::getManifest@1
                      ; - jdk.internal.loader.URLClassPath$JarLoader$2::getManifest@22
                      ; - java.net.URLClassLoader::defineClass@34
                      ; - java.net.URLClassLoader$1::run@43
                      ; - java.net.URLClassLoader$1::run@1
                      ; - java.security.AccessController::executePrivileged@29
                      ; - java.security.AccessController::doPrivileged@13
                      ; - java.net.URLClassLoader::findClass@13
  0x0000020a57433c30: cc3e 84ff 

  0x0000020a57433c34: ;   {other}
  0x0000020a57433c34: 0f1f 8400 | a487 00c8 | ba0f 0000 | 004c 8b54 | 2430 4c89 | 5424 204c | 8b54 2440 | 4c89 5424 
  0x0000020a57433c54: 284c 8b54 | 2448 4c89 | 5424 304c | 8b54 2460 | 4c89 5424 | 384c 8b54 | 2458 4c89 | 5424 4844 
  0x0000020a57433c74: 8b94 2488 | 0000 0044 | 8954 2458 

  0x0000020a57433c80: ;   {runtime_call UncommonTrapBlob}
  0x0000020a57433c80: c5f8 77e8 

  0x0000020a57433c84: ; ImmutableOopMap {rbp=Oop [32]=Oop [40]=Oop [48]=Oop [56]=Oop [72]=Oop [88]=NarrowOop [120]=Oop [128]=Oop [144]=Oop [208]=Oop }
                      ;*new {reexecute=0 rethrow=0 return_oop=0}
                      ; - java.util.Hashtable::<init>@53
                      ; - java.util.Hashtable::<init>@4
                      ; - java.util.jar.JarVerifier::<init>@63
                      ; - java.util.jar.JarFile::getManifestFromReference@78
                      ; - java.util.jar.JarFile::getManifest@1
                      ; - jdk.internal.loader.URLClassPath$JarLoader$2::getManifest@22
                      ; - java.net.URLClassLoader::defineClass@34
                      ; - java.net.URLClassLoader$1::run@43
                      ; - java.net.URLClassLoader$1::run@1
                      ; - java.security.AccessController::executePrivileged@29
                      ; - java.security.AccessController::doPrivileged@13
                      ; - java.net.URLClassLoader::findClass@13
  0x0000020a57433c84: 783e 84ff 

  0x0000020a57433c88: ;   {other}
  0x0000020a57433c88: 0f1f 8400 | f887 00c9 | 498b d7c5 | f877 49ba | 20a4 ef0f | fe7f 0000 

  0x0000020a57433ca0: ;   {other}
  0x0000020a57433ca0: 41ff d20f | 1f84 0000 | 0000 00e9 | a2bb ffff | 498b d7c5 | f877 49ba | 20a4 ef0f | fe7f 0000 
  0x0000020a57433cc0: ;   {other}
  0x0000020a57433cc0: 41ff d20f | 1f84 0000 | 0000 00e9 | 13bd ffff | 498b d7c5 | f877 49ba | 20a4 ef0f | fe7f 0000 
  0x0000020a57433ce0: ;   {other}
  0x0000020a57433ce0: 41ff d20f | 1f84 0000 | 0000 00e9 | b2bc ffff | 498b d7c5 | f877 49ba | 20a4 ef0f | fe7f 0000 
  0x0000020a57433d00: ;   {other}
  0x0000020a57433d00: 41ff d20f | 1f84 0000 | 0000 00e9 | 5bbe ffff | 498b d7c5 | f877 49ba | 20a4 ef0f | fe7f 0000 
  0x0000020a57433d20: ;   {other}
  0x0000020a57433d20: 41ff d20f | 1f84 0000 | 0000 00e9 | fabd ffff | 498b d7c5 | f877 49ba | 20a4 ef0f | fe7f 0000 
  0x0000020a57433d40: ;   {other}
  0x0000020a57433d40: 41ff d20f | 1f84 0000 | 0000 00e9 | 7ac1 ffff | 498b d7c5 | f877 49ba | 20a4 ef0f | fe7f 0000 
  0x0000020a57433d60: ;   {other}
  0x0000020a57433d60: 41ff d20f | 1f84 0000 | 0000 00e9 | 23c0 ffff | 498b d7c5 | f877 49ba | 20a4 ef0f | fe7f 0000 
  0x0000020a57433d80: ;   {other}
  0x0000020a57433d80: 41ff d20f | 1f84 0000 | 0000 00e9 | cec1 ffff | 498b d7c5 | f877 49ba | 20a4 ef0f | fe7f 0000 
  0x0000020a57433da0: ;   {other}
  0x0000020a57433da0: 41ff d20f | 1f84 0000 | 0000 00e9 | 5dc2 ffff | 498b d7c5 | f877 49ba | 20a4 ef0f | fe7f 0000 
  0x0000020a57433dc0: ;   {other}
  0x0000020a57433dc0: 41ff d20f | 1f84 0000 | 0000 00e9 | 88c2 ffff | 498b d7c5 | f877 49ba | 20a4 ef0f | fe7f 0000 
  0x0000020a57433de0: ;   {other}
  0x0000020a57433de0: 41ff d20f | 1f84 0000 | 0000 00e9 | 10bf ffff | 498b d7c5 | f877 49ba | 20a4 ef0f | fe7f 0000 
  0x0000020a57433e00: ;   {other}
  0x0000020a57433e00: 41ff d20f | 1f84 0000 | 0000 00e9 | a2be ffff | bafd 0000 | 004c 8b54 | 2440 4c89 | 5424 2090 
  0x0000020a57433e20: ;   {runtime_call UncommonTrapBlob}
  0x0000020a57433e20: c5f8 77e8 

  0x0000020a57433e24: ; ImmutableOopMap {[32]=Oop [48]=Oop [72]=Oop [176]=Oop [184]=Oop }
                      ;*new {reexecute=0 rethrow=0 return_oop=0}
                      ; - java.net.URLClassLoader::defineClass@103
                      ; - java.net.URLClassLoader$1::run@43
                      ; - java.net.URLClassLoader$1::run@1
                      ; - java.security.AccessController::executePrivileged@29
                      ; - java.security.AccessController::doPrivileged@13
                      ; - java.net.URLClassLoader::findClass@13
  0x0000020a57433e24: d83c 84ff 

  0x0000020a57433e28: ;   {other}
  0x0000020a57433e28: 0f1f 8400 | 9889 00ca | 498b cb48 | 8d94 24f0 | 0000 004d | 8bc7 c5f8 | 7749 ba40 | d930 10fe 
  0x0000020a57433e48: 7f00 0041 

  0x0000020a57433e4c: ;   {other}
  0x0000020a57433e4c: ffd2 0f1f | 8400 0000 | 0000 e905 | ebff ffba | deff ffff | 4c8b 4c24 | 404c 894c | 2428 4c8b 
  0x0000020a57433e6c: 4c24 484c | 894c 2430 | 4c8b 4c24 | 584c 894c | 2448 8b8c | 2488 0000 | 004c 8954 | 2470 4c89 
  0x0000020a57433e8c: 4424 784c | 899c 2480 | 0000 0089 | 4c24 5c4c | 8994 2488 | 0000 004c | 8984 2490 | 0000 0090 
  0x0000020a57433eac: ;   {runtime_call UncommonTrapBlob}
  0x0000020a57433eac: c5f8 77e8 

  0x0000020a57433eb0: ; ImmutableOopMap {rbp=NarrowOop [40]=Oop [48]=Oop [72]=Oop [92]=NarrowOop [112]=Oop [120]=Oop [128]=Oop [136]=Oop [144]=Oop [176]=Oop }
                      ;*checkcast {reexecute=0 rethrow=0 return_oop=0}
                      ; - java.lang.ClassLoader::getDefinedPackage@16
                      ; - java.net.URLClassLoader::getAndVerifyPackage@2
                      ; - java.net.URLClassLoader::defineClass@46
                      ; - java.net.URLClassLoader$1::run@43
                      ; - java.net.URLClassLoader$1::run@1
                      ; - java.security.AccessController::executePrivileged@29
                      ; - java.security.AccessController::doPrivileged@13
                      ; - java.net.URLClassLoader::findClass@13
  0x0000020a57433eb0: 4c3c 84ff 

  0x0000020a57433eb4: ;   {other}
  0x0000020a57433eb4: 0f1f 8400 | 248a 00cb | bade ffff | ff4c 8b54 | 2440 4c89 | 5424 204c | 8b54 2448 | 4c89 5424 
  0x0000020a57433ed4: 284c 8b54 | 2458 4c89 | 5424 404c | 8b54 2450 | 4c89 5424 | 484c 8b94 | 2490 0000 | 004c 8954 
  0x0000020a57433ef4: 2470 448b | 9c24 8800 | 0000 4489 | 5c24 5448 | 8984 2490 | 0000 0090 

  0x0000020a57433f0c: ;   {runtime_call UncommonTrapBlob}
  0x0000020a57433f0c: c5f8 77e8 

  0x0000020a57433f10: ; ImmutableOopMap {[32]=Oop [40]=Oop [48]=Oop [64]=Oop [84]=NarrowOop [96]=Oop [112]=Oop [144]=Oop [176]=Oop }
                      ;*checkcast {reexecute=0 rethrow=0 return_oop=0}
                      ; - java.lang.ClassLoader::definePackage@81
                      ; - java.lang.ClassLoader::getDefinedPackage@32
                      ; - java.net.URLClassLoader::getAndVerifyPackage@2
                      ; - java.net.URLClassLoader::defineClass@46
                      ; - java.net.URLClassLoader$1::run@43
                      ; - java.net.URLClassLoader$1::run@1
                      ; - java.security.AccessController::executePrivileged@29
                      ; - java.security.AccessController::doPrivileged@13
                      ; - java.net.URLClassLoader::findClass@13
  0x0000020a57433f10: ec3b 84ff 

  0x0000020a57433f14: ;   {other}
  0x0000020a57433f14: 0f1f 8400 | 848a 00cc | bade ffff | ff4c 8b54 | 2440 4c89 | 5424 284c | 8b54 2448 | 4c89 5424 
  0x0000020a57433f34: 304c 8b94 | 24b8 0000 | 004c 8954 | 2438 4c8b | 5424 584c | 8954 2448 | 4c8b 9424 | 9000 0000 
  0x0000020a57433f54: 4c89 5424 | 6044 8b9c | 2488 0000 | 0044 895c | 245c 6690 

  0x0000020a57433f68: ;   {runtime_call UncommonTrapBlob}
  0x0000020a57433f68: c5f8 77e8 

  0x0000020a57433f6c: ; ImmutableOopMap {rbp=NarrowOop [40]=Oop [48]=Oop [56]=Oop [72]=Oop [92]=NarrowOop [96]=Oop [128]=Oop [176]=Oop [192]=NarrowOop }
                      ;*checkcast {reexecute=0 rethrow=0 return_oop=0}
                      ; - java.lang.ClassLoader::definePackage@50
                      ; - java.lang.ClassLoader::getDefinedPackage@32
                      ; - java.net.URLClassLoader::getAndVerifyPackage@2
                      ; - java.net.URLClassLoader::defineClass@46
                      ; - java.net.URLClassLoader$1::run@43
                      ; - java.net.URLClassLoader$1::run@1
                      ; - java.security.AccessController::executePrivileged@29
                      ; - java.security.AccessController::doPrivileged@13
                      ; - java.net.URLClassLoader::findClass@13
  0x0000020a57433f6c: 903b 84ff 

  0x0000020a57433f70: ;   {other}
  0x0000020a57433f70: 0f1f 8400 | e08a 00cd | bade ffff | ff4c 8b54 | 2440 4c89 | 5424 2848 | 8974 2430 | 4c8b 9424 
  0x0000020a57433f90: b800 0000 | 4c89 5424 | 384c 8944 | 2440 4c8b | 5424 584c | 8954 2448 | 4c89 4424 | 6848 895c 
  0x0000020a57433fb0: 2478 6690 

  0x0000020a57433fb4: ;   {runtime_call UncommonTrapBlob}
  0x0000020a57433fb4: c5f8 77e8 

  0x0000020a57433fb8: ; ImmutableOopMap {rbp=NarrowOop [40]=Oop [48]=Oop [56]=Oop [64]=Oop [72]=Oop [104]=Oop [120]=Oop [136]=NarrowOop [208]=Oop }
                      ;*checkcast {reexecute=0 rethrow=0 return_oop=0}
                      ; - java.util.jar.JarFile::getManifestFromReference@14
                      ; - java.util.jar.JarFile::getManifest@1
                      ; - jdk.internal.loader.URLClassPath$JarLoader$2::getManifest@22
                      ; - java.net.URLClassLoader::defineClass@34
                      ; - java.net.URLClassLoader$1::run@43
                      ; - java.net.URLClassLoader$1::run@1
                      ; - java.security.AccessController::executePrivileged@29
                      ; - java.security.AccessController::doPrivileged@13
                      ; - java.net.URLClassLoader::findClass@13
  0x0000020a57433fb8: 443b 84ff 

  0x0000020a57433fbc: ;   {other}
  0x0000020a57433fbc: 0f1f 8400 | 2c8b 00ce | baf6 ffff | ff48 895c | 2420 4c89 | 5424 2890 

  0x0000020a57433fd4: ;   {runtime_call UncommonTrapBlob}
  0x0000020a57433fd4: c5f8 77e8 

  0x0000020a57433fd8: ; ImmutableOopMap {[32]=Oop [40]=Oop [176]=Oop [184]=Oop }
                      ;*invokevirtual replace {reexecute=0 rethrow=0 return_oop=0}
                      ; - java.net.URLClassLoader$1::run@8
                      ; - java.net.URLClassLoader$1::run@1
                      ; - java.security.AccessController::executePrivileged@29
                      ; - java.security.AccessController::doPrivileged@13
                      ; - java.net.URLClassLoader::findClass@13
  0x0000020a57433fd8: 243b 84ff 

  0x0000020a57433fdc: ;   {other}
  0x0000020a57433fdc: 0f1f 8400 | 4c8b 00cf | baf6 ffff | ff48 895c | 2420 4c89 | 5424 2890 

  0x0000020a57433ff4: ;   {runtime_call UncommonTrapBlob}
  0x0000020a57433ff4: c5f8 77e8 

  0x0000020a57433ff8: ; ImmutableOopMap {[32]=Oop [40]=Oop [176]=Oop [184]=Oop }
                      ;*arraylength {reexecute=0 rethrow=0 return_oop=0}
                      ; - java.lang.StringLatin1::replace@8
                      ; - java.lang.String::replace@18
                      ; - java.net.URLClassLoader$1::run@8
                      ; - java.net.URLClassLoader$1::run@1
                      ; - java.security.AccessController::executePrivileged@29
                      ; - java.security.AccessController::doPrivileged@13
                      ; - java.net.URLClassLoader::findClass@13
  0x0000020a57433ff8: 043b 84ff 

  0x0000020a57433ffc: ;   {other}
  0x0000020a57433ffc: 0f1f 8400 | 6c8b 00d0 | baf6 ffff | ff4c 8b54 | 2440 4c89 | 5424 204c | 8b94 24b8 | 0000 004c 
  0x0000020a5743401c: 8954 2430 | 4c89 4424 | 3848 8974 | 2440 4889 | 4424 484c | 8944 2450 

  0x0000020a57434034: ;   {runtime_call UncommonTrapBlob}
  0x0000020a57434034: c5f8 77e8 

  0x0000020a57434038: ; ImmutableOopMap {[32]=Oop [48]=Oop [56]=Oop [64]=Oop [80]=Oop }
                      ;*arraylength {reexecute=0 rethrow=0 return_oop=0}
                      ; - java.lang.String::length@4
                      ; - java.lang.String::lastIndexOf@3
                      ; - java.net.URLClassLoader::defineClass@7
                      ; - java.net.URLClassLoader$1::run@43
                      ; - java.net.URLClassLoader$1::run@1
                      ; - java.security.AccessController::executePrivileged@29
                      ; - java.security.AccessController::doPrivileged@13
                      ; - java.net.URLClassLoader::findClass@13
  0x0000020a57434038: c43a 84ff 

  0x0000020a5743403c: ;   {other}
  0x0000020a5743403c: 0f1f 8400 | ac8b 00d1 | baf6 ffff | ff48 8b6c | 2420 4c8b | 5424 404c | 8954 2420 | 4c8b 5424 
  0x0000020a5743405c: 484c 8954 | 2428 6690 

  0x0000020a57434064: ;   {runtime_call UncommonTrapBlob}
  0x0000020a57434064: c5f8 77e8 

  0x0000020a57434068: ; ImmutableOopMap {rbp=Oop [32]=Oop [40]=Oop [88]=Oop [184]=Oop }
                      ;*arraylength {reexecute=0 rethrow=0 return_oop=0}
                      ; - java.net.URLClassLoader::defineClass@217
                      ; - java.net.URLClassLoader$1::run@43
                      ; - java.net.URLClassLoader$1::run@1
                      ; - java.security.AccessController::executePrivileged@29
                      ; - java.security.AccessController::doPrivileged@13
                      ; - java.net.URLClassLoader::findClass@13
  0x0000020a57434068: 943a 84ff 

  0x0000020a5743406c: ;   {other}
  0x0000020a5743406c: 0f1f 8400 | dc8b 00d2 | baf6 ffff | ff4c 8b4c | 2440 4c89 | 4c24 2048 | 8974 2428 | 4c8b 8c24 
  0x0000020a5743408c: b800 0000 | 4c89 4424 | 384c 895c | 2440 4c8b | 5c24 504c | 895c 2448 | 4489 5424 | 504c 8944 
  0x0000020a574340ac: 2460 4c89 | 4c24 6890 

  0x0000020a574340b4: ;   {runtime_call UncommonTrapBlob}
  0x0000020a574340b4: c5f8 77e8 

  0x0000020a574340b8: ; ImmutableOopMap {[32]=Oop [40]=Oop [56]=Oop [64]=Oop [80]=NarrowOop [96]=Oop [104]=Oop [184]=Oop [208]=Oop }
                      ;*getfield jar {reexecute=1 rethrow=0 return_oop=0}
                      ; - (reexecute) jdk.internal.loader.URLClassPath$JarLoader$2::getManifest@7
                      ; - java.net.URLClassLoader::defineClass@34
                      ; - java.net.URLClassLoader$1::run@43
                      ; - java.net.URLClassLoader$1::run@1
                      ; - java.security.AccessController::executePrivileged@29
                      ; - java.security.AccessController::doPrivileged@13
                      ; - java.net.URLClassLoader::findClass@13
  0x0000020a574340b8: 443a 84ff 

  0x0000020a574340bc: ;   {other}
  0x0000020a574340bc: 0f1f 8400 | 2c8c 00d3 | baf6 ffff | ff4c 8b4c | 2440 4c89 | 4c24 2048 | 8974 2428 | 4c8b 8c24 
  0x0000020a574340dc: b800 0000 | 4c89 4424 | 384c 895c | 2440 4c8b | 5c24 504c | 895c 2448 | 4489 5424 | 504c 8944 
  0x0000020a574340fc: 2460 4c89 | 4c24 6890 

  0x0000020a57434104: ;   {runtime_call UncommonTrapBlob}
  0x0000020a57434104: c5f8 77e8 

  0x0000020a57434108: ; ImmutableOopMap {[32]=Oop [40]=Oop [56]=Oop [64]=Oop [80]=NarrowOop [96]=Oop [104]=Oop [184]=Oop [208]=Oop }
                      ;*getfield jar {reexecute=1 rethrow=0 return_oop=0}
                      ; - (reexecute) jdk.internal.loader.URLClassPath$JarLoader$2::getManifest@19
                      ; - java.net.URLClassLoader::defineClass@34
                      ; - java.net.URLClassLoader$1::run@43
                      ; - java.net.URLClassLoader$1::run@1
                      ; - java.security.AccessController::executePrivileged@29
                      ; - java.security.AccessController::doPrivileged@13
                      ; - java.net.URLClassLoader::findClass@13
  0x0000020a57434108: f439 84ff 

  0x0000020a5743410c: ;   {other}
  0x0000020a5743410c: 0f1f 8400 | 7c8c 00d4 | baf6 ffff | ff4c 8b4c | 2440 4c89 | 4c24 2048 | 8974 2428 | 4c8b 8c24 
  0x0000020a5743412c: b800 0000 | 4c89 4424 | 384c 895c | 2440 4c8b | 5c24 504c | 895c 2448 | 4489 5424 | 504c 8944 
  0x0000020a5743414c: 2460 4c89 | 4c24 6890 

  0x0000020a57434154: ;   {runtime_call UncommonTrapBlob}
  0x0000020a57434154: c5f8 77e8 

  0x0000020a57434158: ; ImmutableOopMap {[32]=Oop [40]=Oop [56]=Oop [64]=Oop [80]=NarrowOop [96]=Oop [104]=Oop [184]=Oop [208]=Oop }
                      ;*invokevirtual getManifest {reexecute=0 rethrow=0 return_oop=0}
                      ; - jdk.internal.loader.URLClassPath$JarLoader$2::getManifest@22
                      ; - java.net.URLClassLoader::defineClass@34
                      ; - java.net.URLClassLoader$1::run@43
                      ; - java.net.URLClassLoader$1::run@1
                      ; - java.security.AccessController::executePrivileged@29
                      ; - java.security.AccessController::doPrivileged@13
                      ; - java.net.URLClassLoader::findClass@13
  0x0000020a57434158: a439 84ff 

  0x0000020a5743415c: ;   {other}
  0x0000020a5743415c: 0f1f 8400 | cc8c 00d5 | baf6 ffff | ff4c 8b54 | 2440 4c89 | 5424 2048 | 8974 2428 | 4c8b 9424 
  0x0000020a5743417c: b800 0000 | 4c89 5424 | 304c 8944 | 2438 4c8b | 5424 504c | 8954 2440 | 894c 2448 | 4c89 4424 
  0x0000020a5743419c: 5048 897c | 2460 6690 

  0x0000020a574341a4: ;   {runtime_call UncommonTrapBlob}
  0x0000020a574341a4: c5f8 77e8 

  0x0000020a574341a8: ; ImmutableOopMap {[32]=Oop [40]=Oop [48]=Oop [56]=Oop [80]=Oop [96]=Oop }
                      ;*getfield csu {reexecute=1 rethrow=0 return_oop=0}
                      ; - (reexecute) jdk.internal.loader.URLClassPath$JarLoader$2::getCodeSourceURL@4
                      ; - java.net.URLClassLoader::defineClass@13
                      ; - java.net.URLClassLoader$1::run@43
                      ; - java.net.URLClassLoader$1::run@1
                      ; - java.security.AccessController::executePrivileged@29
                      ; - java.security.AccessController::doPrivileged@13
                      ; - java.net.URLClassLoader::findClass@13
  0x0000020a574341a8: 5439 84ff 

  0x0000020a574341ac: ;   {other}
  0x0000020a574341ac: 0f1f 8400 | 1c8d 00d6 | baf4 ffff | ff4c 8b4c | 2440 4c89 | 4c24 2048 | 8974 2428 | 4c8b 8c24 
  0x0000020a574341cc: b800 0000 | 4c89 4424 | 384c 895c | 2440 4c8b | 5c24 504c | 895c 2448 | 4489 5424 | 504c 8944 
  0x0000020a574341ec: 2460 4c89 | 4c24 6848 | 895c 2470 

  0x0000020a574341f8: ;   {runtime_call UncommonTrapBlob}
  0x0000020a574341f8: c5f8 77e8 

  0x0000020a574341fc: ; ImmutableOopMap {[32]=Oop [40]=Oop [56]=Oop [64]=Oop [80]=NarrowOop [96]=Oop [104]=Oop [112]=Oop [184]=Oop [208]=Oop }
                      ;*checkcast {reexecute=0 rethrow=0 return_oop=0}
                      ; - java.util.jar.JarFile::getManifestFromReference@14
                      ; - java.util.jar.JarFile::getManifest@1
                      ; - jdk.internal.loader.URLClassPath$JarLoader$2::getManifest@22
                      ; - java.net.URLClassLoader::defineClass@34
                      ; - java.net.URLClassLoader$1::run@43
                      ; - java.net.URLClassLoader$1::run@1
                      ; - java.security.AccessController::executePrivileged@29
                      ; - java.security.AccessController::doPrivileged@13
                      ; - java.net.URLClassLoader::findClass@13
  0x0000020a574341fc: 0039 84ff 

  0x0000020a57434200: ;   {other}
  0x0000020a57434200: 0f1f 8400 | 708d 00d7 | baf6 ffff | ff4c 8b54 | 2440 4c89 | 5424 204c | 8b54 2448 | 4c89 5424 
  0x0000020a57434220: 284c 8b94 | 24b8 0000 | 004c 8954 | 2430 4c8b | 5424 584c | 8954 2440 | 4c8b 5424 | 504c 8954 
  0x0000020a57434240: 2448 4c89 | 4424 5890 

  0x0000020a57434248: ;   {runtime_call UncommonTrapBlob}
  0x0000020a57434248: c5f8 77e8 

  0x0000020a5743424c: ; ImmutableOopMap {[32]=Oop [40]=Oop [48]=Oop [64]=Oop [88]=Oop [128]=Oop [136]=NarrowOop [176]=Oop }
                      ;*arraylength {reexecute=0 rethrow=0 return_oop=0}
                      ; - java.lang.String::isEmpty@4
                      ; - java.lang.ClassLoader::definePackage@1
                      ; - java.lang.ClassLoader::getDefinedPackage@32
                      ; - java.net.URLClassLoader::getAndVerifyPackage@2
                      ; - java.net.URLClassLoader::defineClass@46
                      ; - java.net.URLClassLoader$1::run@43
                      ; - java.net.URLClassLoader$1::run@1
                      ; - java.security.AccessController::executePrivileged@29
                      ; - java.security.AccessController::doPrivileged@13
                      ; - java.net.URLClassLoader::findClass@13
  0x0000020a5743424c: b038 84ff 

  0x0000020a57434250: ;   {other}
  0x0000020a57434250: 0f1f 8400 | c08d 00d8 | baf6 ffff | ff4c 8b54 | 2440 4c89 | 5424 204c | 8b54 2448 | 4c89 5424 
  0x0000020a57434270: 284c 8b94 | 24b8 0000 | 004c 8954 | 2430 4c8b | 5424 584c | 8954 2440 | 4c8b 5424 | 504c 8954 
  0x0000020a57434290: 2448 6690 

  0x0000020a57434294: ;   {runtime_call UncommonTrapBlob}
  0x0000020a57434294: c5f8 77e8 

  0x0000020a57434298: ; ImmutableOopMap {[32]=Oop [40]=Oop [48]=Oop [64]=Oop [128]=Oop [136]=NarrowOop [144]=Oop [176]=Oop }
                      ;*invokevirtual isNamed {reexecute=0 rethrow=0 return_oop=0}
                      ; - java.lang.Package::isSealed@4
                      ; - java.net.URLClassLoader::getAndVerifyPackage@14
                      ; - java.net.URLClassLoader::defineClass@46
                      ; - java.net.URLClassLoader$1::run@43
                      ; - java.net.URLClassLoader$1::run@1
                      ; - java.security.AccessController::executePrivileged@29
                      ; - java.security.AccessController::doPrivileged@13
                      ; - java.net.URLClassLoader::findClass@13
  0x0000020a57434298: 6438 84ff 

  0x0000020a5743429c: ;   {other}
  0x0000020a5743429c: 0f1f 8400 | 0c8e 00d9 | baf6 ffff | ff4c 8b54 | 2440 4c89 | 5424 204c | 8b54 2448 | 4c89 5424 
  0x0000020a574342bc: 284c 8b94 | 24b8 0000 | 004c 8954 | 2430 4c8b | 5424 584c | 8954 2440 | 4c8b 5424 | 504c 8954 
  0x0000020a574342dc: 2448 6690 

  0x0000020a574342e0: ;   {runtime_call UncommonTrapBlob}
  0x0000020a574342e0: c5f8 77e8 

  0x0000020a574342e4: ; ImmutableOopMap {[32]=Oop [40]=Oop [48]=Oop [64]=Oop [128]=Oop [136]=NarrowOop [144]=Oop [176]=Oop }
                      ;*getfield sealBase {reexecute=1 rethrow=0 return_oop=0}
                      ; - (reexecute) java.lang.Package::isSealed@14
                      ; - java.net.URLClassLoader::getAndVerifyPackage@14
                      ; - java.net.URLClassLoader::defineClass@46
                      ; - java.net.URLClassLoader$1::run@43
                      ; - java.net.URLClassLoader$1::run@1
                      ; - java.security.AccessController::executePrivileged@29
                      ; - java.security.AccessController::doPrivileged@13
                      ; - java.net.URLClassLoader::findClass@13
  0x0000020a574342e4: 1838 84ff 

  0x0000020a574342e8: ;   {other}
  0x0000020a574342e8: 0f1f 8400 | 588e 00da | baf6 ffff | ff4c 8b54 | 2440 4c89 | 5424 204c | 8b54 2448 | 4c89 5424 
  0x0000020a57434308: 284c 8b94 | 24b8 0000 | 004c 8954 | 2430 4c8b | 5424 584c | 8954 2440 | 4c8b 5424 | 504c 8954 
  0x0000020a57434328: 2448 6690 

  0x0000020a5743432c: ;   {runtime_call UncommonTrapBlob}
  0x0000020a5743432c: c5f8 77e8 

  0x0000020a57434330: ; ImmutableOopMap {[32]=Oop [40]=Oop [48]=Oop [64]=Oop [128]=Oop [136]=NarrowOop [144]=Oop [176]=Oop }
                      ;*arraylength {reexecute=0 rethrow=0 return_oop=0}
                      ; - java.lang.StringLatin1::replace@8
                      ; - java.lang.String::replace@18
                      ; - java.net.URLClassLoader::isSealed@9
                      ; - java.net.URLClassLoader::getAndVerifyPackage@68
                      ; - java.net.URLClassLoader::defineClass@46
                      ; - java.net.URLClassLoader$1::run@43
                      ; - java.net.URLClassLoader$1::run@1
                      ; - java.security.AccessController::executePrivileged@29
                      ; - java.security.AccessController::doPrivileged@13
                      ; - java.net.URLClassLoader::findClass@13
  0x0000020a57434330: cc37 84ff 

  0x0000020a57434334: ;   {other}
  0x0000020a57434334: 0f1f 8400 | a48e 00db | ba45 ffff | ff4c 8b4c | 2440 4c89 | 4c24 2048 | 8974 2428 | 4c8b 8c24 
  0x0000020a57434354: b800 0000 | 4c89 4c24 | 304c 8944 | 2438 4c8b | 4c24 504c | 894c 2448 | 4489 5424 | 504c 895c 
  0x0000020a57434374: 2460 4c89 | 4424 6889 | 4c24 7890 

  0x0000020a57434380: ;   {runtime_call UncommonTrapBlob}
  0x0000020a57434380: c5f8 77e8 

  0x0000020a57434384: ; ImmutableOopMap {[32]=Oop [40]=Oop [48]=Oop [56]=Oop [80]=NarrowOop [96]=Oop [104]=Oop [120]=NarrowOop [208]=Oop }
                      ;*ifnonnull {reexecute=1 rethrow=0 return_oop=0}
                      ; - (reexecute) jdk.internal.access.SharedSecrets::javaUtilJarAccess@5
                      ; - jdk.internal.loader.URLClassPath$JarLoader$2::getManifest@0
                      ; - java.net.URLClassLoader::defineClass@34
                      ; - java.net.URLClassLoader$1::run@43
                      ; - java.net.URLClassLoader$1::run@1
                      ; - java.security.AccessController::executePrivileged@29
                      ; - java.security.AccessController::doPrivileged@13
                      ; - java.net.URLClassLoader::findClass@13
  0x0000020a57434384: 7837 84ff 

  0x0000020a57434388: ;   {other}
  0x0000020a57434388: 0f1f 8400 | f88e 00dc | ba45 ffff | ff4c 8b54 | 2440 4c89 | 5424 204c | 8b54 2448 | 4c89 5424 
  0x0000020a574343a8: 284c 8b94 | 24b8 0000 | 004c 8954 | 2430 4c8b | 5424 584c | 8954 2440 | 4c8b 5424 | 504c 8954 
  0x0000020a574343c8: 2448 448b | 9424 8800 | 0000 4489 | 5424 504c | 8b94 2490 | 0000 004c | 8954 2468 | 4c89 4424 
  0x0000020a574343e8: 704c 8954 | 2478 4489 | 8c24 9800 | 0000 6690 

  0x0000020a574343f8: ;   {runtime_call UncommonTrapBlob}
  0x0000020a574343f8: c5f8 77e8 

  0x0000020a574343fc: ; ImmutableOopMap {[32]=Oop [40]=Oop [48]=Oop [64]=Oop [80]=NarrowOop [104]=Oop [112]=Oop [120]=Oop [128]=Oop [152]=NarrowOop [176]=Oop }
                      ;*ifnonnull {reexecute=1 rethrow=0 return_oop=0}
                      ; - (reexecute) jdk.internal.access.SharedSecrets::javaUtilJarAccess@5
                      ; - java.net.URLClassLoader::isSealed@0
                      ; - java.net.URLClassLoader::getAndVerifyPackage@68
                      ; - java.net.URLClassLoader::defineClass@46
                      ; - java.net.URLClassLoader$1::run@43
                      ; - java.net.URLClassLoader$1::run@1
                      ; - java.security.AccessController::executePrivileged@29
                      ; - java.security.AccessController::doPrivileged@13
                      ; - java.net.URLClassLoader::findClass@13
  0x0000020a574343fc: 0037 84ff 

  0x0000020a57434400: ;   {other}
  0x0000020a57434400: 0f1f 8400 | 708f 00dd | baf4 ffff | ff4c 8b54 | 2440 4c89 | 5424 204c | 8b54 2448 | 4c89 5424 
  0x0000020a57434420: 284c 8b54 | 2458 4c89 | 5424 404c | 8b54 2450 | 4c89 5424 | 4844 8b9c | 2488 0000 | 0044 895c 
  0x0000020a57434440: 2454 6690 

  0x0000020a57434444: ;   {runtime_call UncommonTrapBlob}
  0x0000020a57434444: c5f8 77e8 

  0x0000020a57434448: ; ImmutableOopMap {[32]=Oop [40]=Oop [48]=Oop [64]=Oop [84]=NarrowOop [96]=Oop [144]=Oop [176]=Oop }
                      ;*checkcast {reexecute=0 rethrow=0 return_oop=0}
                      ; - java.lang.ClassLoader::definePackage@81
                      ; - java.lang.ClassLoader::getDefinedPackage@32
                      ; - java.net.URLClassLoader::getAndVerifyPackage@2
                      ; - java.net.URLClassLoader::defineClass@46
                      ; - java.net.URLClassLoader$1::run@43
                      ; - java.net.URLClassLoader$1::run@1
                      ; - java.security.AccessController::executePrivileged@29
                      ; - java.security.AccessController::doPrivileged@13
                      ; - java.net.URLClassLoader::findClass@13
  0x0000020a57434448: b436 84ff 

  0x0000020a5743444c: ;   {other}
  0x0000020a5743444c: 0f1f 8400 | bc8f 00de | ba45 ffff | ff48 8b4c | 2440 4889 | 4c24 2848 | 8b4c 2448 | 4889 4c24 
  0x0000020a5743446c: 3048 8b8c | 24b0 0000 | 0048 894c | 2440 488b | 4c24 5848 | 894c 2448 | 8b9c 2488 | 0000 004c 
  0x0000020a5743448c: 8954 2470 | 4c89 4424 | 784c 899c | 2480 0000 | 0089 5c24 | 5c4c 8994 | 2488 0000 | 004c 8984 
  0x0000020a574344ac: 2490 0000 | 004c 8b9c | 24b0 0000 | 004c 899c | 24a0 0000 | 0044 89ac | 24b0 0000 | 0044 898c 
  0x0000020a574344cc: 24b4 0000 | 0066 6690 

  0x0000020a574344d4: ;   {runtime_call UncommonTrapBlob}
  0x0000020a574344d4: c5f8 77e8 

  0x0000020a574344d8: ; ImmutableOopMap {rbp=NarrowOop [40]=Oop [48]=Oop [64]=Oop [72]=Oop [92]=NarrowOop [112]=Oop [120]=Oop [128]=Oop [136]=Oop [144]=Oop [160]=Oop [176]=NarrowOop }
                      ;*ifnull {reexecute=1 rethrow=0 return_oop=0}
                      ; - (reexecute) java.util.concurrent.ConcurrentHashMap::get@67
                      ; - java.lang.ClassLoader::getDefinedPackage@13
                      ; - java.net.URLClassLoader::getAndVerifyPackage@2
                      ; - java.net.URLClassLoader::defineClass@46
                      ; - java.net.URLClassLoader$1::run@43
                      ; - java.net.URLClassLoader$1::run@1
                      ; - java.security.AccessController::executePrivileged@29
                      ; - java.security.AccessController::doPrivileged@13
                      ; - java.net.URLClassLoader::findClass@13
  0x0000020a574344d8: 2436 84ff 

  0x0000020a574344dc: ;   {other}
  0x0000020a574344dc: 0f1f 8400 | 4c90 00df | ba45 ffff | ff4c 8b54 | 2440 4c89 | 5424 284c | 8b54 2448 | 4c89 5424 
  0x0000020a574344fc: 304c 8b94 | 24b8 0000 | 004c 8954 | 2438 4c8b | 9424 b000 | 0000 4c89 | 5424 404c | 8b54 2458 
  0x0000020a5743451c: 4c89 5424 | 484c 895c | 2460 448b | 9c24 8800 | 0000 4489 | 5c24 5c4c | 8b94 24b0 | 0000 004c 
  0x0000020a5743453c: 8994 24a0 | 0000 0044 | 898c 24b4 | 0000 0090 

  0x0000020a5743454c: ;   {runtime_call UncommonTrapBlob}
  0x0000020a5743454c: c5f8 77e8 

  0x0000020a57434550: ; ImmutableOopMap {rbp=NarrowOop [40]=Oop [48]=Oop [56]=Oop [64]=Oop [72]=Oop [92]=NarrowOop [96]=Oop [128]=Oop [160]=Oop [180]=NarrowOop [192]=NarrowOop }
                      ;*ifnull {reexecute=1 rethrow=0 return_oop=0}
                      ; - (reexecute) java.util.concurrent.ConcurrentHashMap::get@67
                      ; - java.lang.ClassLoader::definePackage@47
                      ; - java.lang.ClassLoader::getDefinedPackage@32
                      ; - java.net.URLClassLoader::getAndVerifyPackage@2
                      ; - java.net.URLClassLoader::defineClass@46
                      ; - java.net.URLClassLoader$1::run@43
                      ; - java.net.URLClassLoader$1::run@1
                      ; - java.security.AccessController::executePrivileged@29
                      ; - java.security.AccessController::doPrivileged@13
                      ; - java.net.URLClassLoader::findClass@13
  0x0000020a57434550: ac35 84ff 

  0x0000020a57434554: ;   {other}
  0x0000020a57434554: 0f1f 8400 | c490 00e0 | 488b d844 | 8b50 0849 | bb00 0000 | 630a 0200 | 004d 03da | 4d8b 5340 
  0x0000020a57434574: ;   {metadata('java/lang/Exception')}
  0x0000020a57434574: 49bb 20c0 | 0063 0a02 | 0000 4d3b | d30f 8446 | aaff ffe9 | 6de6 ffff | 488b d844 | 8b58 0849 
  0x0000020a57434594: ba00 0000 | 630a 0200 | 004d 03d3 | 4d8b 5240 

  0x0000020a574345a4: ;   {metadata('java/lang/Exception')}
  0x0000020a574345a4: 49bb 20c0 | 0063 0a02 | 0000 4d3b | d30f 8416 | aaff ffe9 | 3de6 ffff | 488b d844 | 8b50 0849 
  0x0000020a574345c4: bb00 0000 | 630a 0200 | 004d 03da | 4d8b 5340 

  0x0000020a574345d4: ;   {metadata('java/lang/Exception')}
  0x0000020a574345d4: 49bb 20c0 | 0063 0a02 | 0000 4d3b | d30f 84e6 | a9ff ffe9 | 0de6 ffff | 488b d844 | 8b58 0849 
  0x0000020a574345f4: ba00 0000 | 630a 0200 | 004d 03d3 | 4d8b 5240 

  0x0000020a57434604: ;   {metadata('java/lang/Exception')}
  0x0000020a57434604: 49bb 20c0 | 0063 0a02 | 0000 4d3b | d30f 84b6 | a9ff ffe9 | dde5 ffff | 488b d844 | 8b58 0849 
  0x0000020a57434624: ba00 0000 | 630a 0200 | 004d 03d3 | 4d8b 5240 

  0x0000020a57434634: ;   {metadata('java/lang/Exception')}
  0x0000020a57434634: 49bb 20c0 | 0063 0a02 | 0000 4d3b | d30f 8486 | a9ff ffe9 | ade5 ffff | 488b d844 | 8b50 0849 
  0x0000020a57434654: bb00 0000 | 630a 0200 | 004d 03da | 4d8b 5340 

  0x0000020a57434664: ;   {metadata('java/lang/Exception')}
  0x0000020a57434664: 49bb 20c0 | 0063 0a02 | 0000 4d3b | d30f 8456 | a9ff ffe9 | 7de5 ffff | 488b d844 | 8b50 0849 
  0x0000020a57434684: bb00 0000 | 630a 0200 | 004d 03da | 4d8b 5340 

  0x0000020a57434694: ;   {metadata('java/lang/Exception')}
  0x0000020a57434694: 49bb 20c0 | 0063 0a02 | 0000 4d3b | d30f 8426 | a9ff ffe9 | 4de5 ffff | 488b d844 | 8b58 0849 
  0x0000020a574346b4: ba00 0000 | 630a 0200 | 004d 03d3 | 4d8b 5240 

  0x0000020a574346c4: ;   {metadata('java/lang/Exception')}
  0x0000020a574346c4: 49bb 20c0 | 0063 0a02 | 0000 4d3b | d30f 84f6 | a8ff ffe9 | 1de5 ffff | 488b d844 | 8b50 0849 
  0x0000020a574346e4: bb00 0000 | 630a 0200 | 004d 03da | e9c1 a8ff | ffba 45ff | ffff 4c8b | 5c24 404c | 895c 2420 
  0x0000020a57434704: 4c8b 5c24 | 484c 895c | 2428 4c8b | 5c24 584c | 895c 2440 | 4c8b 5c24 | 504c 895c | 2448 448b 
  0x0000020a57434724: 9c24 8800 | 0000 4489 | 5c24 504c | 8b5c 2478 | 4c89 5c24 | 704c 8954 | 2478 4c89 | 8424 8800 
  0x0000020a57434744: 0000 6690 

  0x0000020a57434748: ;   {runtime_call UncommonTrapBlob}
  0x0000020a57434748: c5f8 77e8 

  0x0000020a5743474c: ; ImmutableOopMap {rbp=Oop [32]=Oop [40]=Oop [64]=Oop [80]=NarrowOop [104]=Oop [112]=Oop [120]=Oop [136]=Oop [208]=Oop }
                      ;*ifnull {reexecute=1 rethrow=0 return_oop=0}
                      ; - (reexecute) java.util.jar.JarFile::getManifestFromReference@148
                      ; - java.util.jar.JarFile::getManifest@1
                      ; - jdk.internal.loader.URLClassPath$JarLoader$2::getManifest@22
                      ; - java.net.URLClassLoader::defineClass@34
                      ; - java.net.URLClassLoader$1::run@43
                      ; - java.net.URLClassLoader$1::run@1
                      ; - java.security.AccessController::executePrivileged@29
                      ; - java.security.AccessController::doPrivileged@13
                      ; - java.net.URLClassLoader::findClass@13
  0x0000020a5743474c: b033 84ff 

  0x0000020a57434750: ;   {other}
  0x0000020a57434750: 0f1f 8400 | c092 00e1 | 488b d844 | 8b50 0849 | bb00 0000 | 630a 0200 | 004d 03da | e945 a8ff 
  0x0000020a57434770: ff48 8bd8 | 448b 5008 | 49bb 0000 | 0063 0a02 | 0000 4d03 | dae9 2ca8 | ffff 488b | d844 8b50 
  0x0000020a57434790: 0849 bb00 | 0000 630a | 0200 004d | 03da e913 | a8ff ff4c | 8bd0 e9ba | e2ff ff4c | 8bd0 e9b2 
  0x0000020a574347b0: e2ff ff4c | 8bd0 e9aa | e2ff ff48 | 8bd8 448b | 5808 49b8 | 0000 0063 | 0a02 0000 | 4d03 c34d 
  0x0000020a574347d0: 8b50 504c | 3bd5 0f85 | 55e3 ffff | 4533 c9e9 | bfe1 ffff | 4c8b d0e9 | 31e3 ffff | 4c8b d0e9 
  0x0000020a574347f0: 29e3 ffff | 4c8b d0e9 | e8e2 ffff | baf6 ffff | ff48 8bac | 24b0 0000 | 004c 8b54 | 2440 4c89 
  0x0000020a57434810: 5424 2044 | 8b5c 2430 | 4489 5c24 | 2844 8b54 | 2450 4489 | 5424 2c4c | 8b54 2448 | 4c89 5424 
  0x0000020a57434830: 3848 ff74 | 2458 488f | 4424 504c | 894c 2458 | 895c 2460 

  0x0000020a57434844: ;   {runtime_call UncommonTrapBlob}
  0x0000020a57434844: c5f8 77e8 

  0x0000020a57434848: ; ImmutableOopMap {rbp=Oop [32]=Oop [40]=NarrowOop [56]=Oop [80]=Oop [88]=Oop [96]=NarrowOop [184]=Oop }
                      ;*invokevirtual getFile {reexecute=0 rethrow=0 return_oop=0}
                      ; - jdk.internal.loader.URLClassPath$FileLoader::getResource@28
                      ; - jdk.internal.loader.URLClassPath::getResource@53
                      ; - java.net.URLClassLoader$1::run@26
                      ; - java.net.URLClassLoader$1::run@1
                      ; - java.security.AccessController::executePrivileged@29
                      ; - java.security.AccessController::doPrivileged@13
                      ; - java.net.URLClassLoader::findClass@13
  0x0000020a57434848: b432 84ff 

  0x0000020a5743484c: ;   {other}
  0x0000020a5743484c: 0f1f 8400 | bc93 00e2 | 488b d844 | 8b58 0849 | ba00 0000 | 630a 0200 | 004d 03d3 | 4d8b 5240 
  0x0000020a5743486c: ;   {metadata('java/lang/Exception')}
  0x0000020a5743486c: 49bb 20c0 | 0063 0a02 | 0000 4d3b | d30f 844e | a7ff ffe9 | 75e3 ffff | baf6 ffff | ff4c 8b54 
  0x0000020a5743488c: 2440 4c89 | 5424 2044 | 8b54 2430 | 4489 5424 | 284c 8b54 | 2448 448b | 5c24 5044 | 895c 242c 
  0x0000020a574348ac: 4c89 5424 | 384c 8b54 | 2458 4c89 | 5424 5090 

  0x0000020a574348bc: ;   {runtime_call UncommonTrapBlob}
  0x0000020a574348bc: c5f8 77e8 

  0x0000020a574348c0: ; ImmutableOopMap {rbp=Oop [32]=Oop [40]=NarrowOop [56]=Oop [80]=Oop [96]=Oop [184]=Oop }
                      ;*invokevirtual getPath {reexecute=0 rethrow=0 return_oop=0}
                      ; - jdk.internal.loader.URLClassPath$FileLoader::getResource@83
                      ; - jdk.internal.loader.URLClassPath::getResource@53
                      ; - java.net.URLClassLoader$1::run@26
                      ; - java.net.URLClassLoader$1::run@1
                      ; - java.security.AccessController::executePrivileged@29
                      ; - java.security.AccessController::doPrivileged@13
                      ; - java.net.URLClassLoader::findClass@13
  0x0000020a574348c0: 3c32 84ff 

  0x0000020a574348c4: ;   {other}
  0x0000020a574348c4: 0f1f 8400 | 3494 00e3 | baf6 ffff | ff48 8bac | 24b0 0000 | 004c 8b54 | 2440 4c89 | 5424 2044 
  0x0000020a574348e4: 8b54 2430 | 4489 5424 | 284c 8b54 | 2448 448b | 5c24 5044 | 895c 242c | 4c89 5424 | 3848 ff74 
  0x0000020a57434904: 2458 488f | 4424 504c | 8b54 2460 | 4c89 5424 | 5848 8944 | 2460 894c | 2468 6690 

  0x0000020a57434920: ;   {runtime_call UncommonTrapBlob}
  0x0000020a57434920: c5f8 77e8 

  0x0000020a57434924: ; ImmutableOopMap {rbp=Oop [32]=Oop [40]=NarrowOop [56]=Oop [80]=Oop [88]=Oop [96]=Oop [104]=NarrowOop [184]=Oop }
                      ;*invokevirtual getPath {reexecute=0 rethrow=0 return_oop=0}
                      ; - jdk.internal.loader.URLClassPath$FileLoader::getResource@90
                      ; - jdk.internal.loader.URLClassPath::getResource@53
                      ; - java.net.URLClassLoader$1::run@26
                      ; - java.net.URLClassLoader$1::run@1
                      ; - java.security.AccessController::executePrivileged@29
                      ; - java.security.AccessController::doPrivileged@13
                      ; - java.net.URLClassLoader::findClass@13
  0x0000020a57434924: d831 84ff 

  0x0000020a57434928: ;   {other}
  0x0000020a57434928: 0f1f 8400 | 9894 00e4 | 488b d844 | 8b40 0849 | bb00 0000 | 630a 0200 | 004d 03d8 | e96d a6ff 
  0x0000020a57434948: ff48 8bd8 | 448b 5008 | 49bb 0000 | 0063 0a02 | 0000 4d03 | dae9 54a6 | ffff 488b | d844 8b50 
  0x0000020a57434968: 0849 bb00 | 0000 630a | 0200 004d | 03da e93b | a6ff ff48 | 8bd8 e98e | e3ff ff48 | 8bd8 e986 
  0x0000020a57434988: e3ff ff4c | 8bd0 eb03 | 4c8b d049 | 8bda e95e | e2ff ffba | f6ff ffff | 488b ac24 | b000 0000 
  0x0000020a574349a8: 4c8b 5424 | 404c 8954 | 2420 4c8b | 5424 484c | 8954 2428 | 4c8b 5424 | 604c 8954 | 2430 4c8b 
  0x0000020a574349c8: 5424 584c | 8954 2440 | 4c8b 5424 | 504c 8954 | 2448 448b | 9c24 8800 | 0000 4489 | 5c24 5044 
  0x0000020a574349e8: 8b94 248c | 0000 0044 | 8954 2454 

  0x0000020a574349f4: ;   {runtime_call UncommonTrapBlob}
  0x0000020a574349f4: c5f8 77e8 

  0x0000020a574349f8: ; ImmutableOopMap {rbp=Oop [32]=Oop [40]=Oop [48]=Oop [64]=Oop [80]=NarrowOop [84]=NarrowOop [112]=Oop [120]=Oop [144]=Oop [208]=Oop }
                      ;*arraylength {reexecute=0 rethrow=0 return_oop=0}
                      ; - java.io.ByteArrayInputStream::<init>@21
                      ; - java.util.jar.JarFile::getManifestFromReference@114
                      ; - java.util.jar.JarFile::getManifest@1
                      ; - jdk.internal.loader.URLClassPath$JarLoader$2::getManifest@22
                      ; - java.net.URLClassLoader::defineClass@34
                      ; - java.net.URLClassLoader$1::run@43
                      ; - java.net.URLClassLoader$1::run@1
                      ; - java.security.AccessController::executePrivileged@29
                      ; - java.security.AccessController::doPrivileged@13
                      ; - java.net.URLClassLoader::findClass@13
  0x0000020a574349f8: 0431 84ff 

  0x0000020a574349fc: ;   {other}
  0x0000020a574349fc: 0f1f 8400 | 6c95 00e5 | 488b d844 | 8b58 0849 | b800 0000 | 630a 0200 | 004d 03c3 | e914 e1ff 
  0x0000020a57434a1c: ff4c 8bd0 | e940 e0ff | ff4c 8bd0 | eb03 4c8b | d049 8bda | 458b 5208 | 49b8 0000 | 0063 0a02 
  0x0000020a57434a3c: 0000 4d03 | c2e9 ebe0 | ffff 488b | d8e9 abe1 | ffff 488b | d8e9 a3e1 | ffff 488b | d8e9 9be1 
  0x0000020a57434a5c: ffff 4c8b | d0e9 b7e0 | ffff 4c8b | d0e9 afe0 | ffff 4c8b | d0e9 a7e0 | ffff 4c8b | d0e9 9fe0 
  0x0000020a57434a7c: ffff 4c8b | d0eb 084c | 8bd0 eb03 | 4c8b d049 | 8bda e966 | e1ff ffba | f6ff ffff | 4c8b 5424 
  0x0000020a57434a9c: 404c 8954 | 2420 4889 | 7424 284c | 8b94 24b8 | 0000 004c | 8954 2430 | 4c89 4424 | 384c 8b54 
  0x0000020a57434abc: 2450 4c89 | 5424 4089 | 4c24 484c | 8944 2450 | 4889 7c24 | 6066 6690 

  0x0000020a57434ad4: ;   {runtime_call UncommonTrapBlob}
  0x0000020a57434ad4: c5f8 77e8 

  0x0000020a57434ad8: ; ImmutableOopMap {[32]=Oop [40]=Oop [48]=Oop [56]=Oop [80]=Oop [96]=Oop }
                      ;*invokevirtual getBaseURL {reexecute=0 rethrow=0 return_oop=0}
                      ; - jdk.internal.loader.URLClassPath$FileLoader$1::getCodeSourceURL@4
                      ; - java.net.URLClassLoader::defineClass@13
                      ; - java.net.URLClassLoader$1::run@43
                      ; - java.net.URLClassLoader$1::run@1
                      ; - java.security.AccessController::executePrivileged@29
                      ; - java.security.AccessController::doPrivileged@13
                      ; - java.net.URLClassLoader::findClass@13
  0x0000020a57434ad8: 2430 84ff 

  0x0000020a57434adc: ;   {other}
  0x0000020a57434adc: 0f1f 8400 | 4c96 00e6 | ba97 ffff | ff4c 8b54 | 2440 4c89 | 5424 204c | 8b54 2478 | 4c89 5424 
  0x0000020a57434afc: 304c 8b54 | 2448 4c89 | 5424 404c | 8b54 2450 | 4c89 5424 | 4844 8b5c | 2458 4489 | 5c24 5044 
  0x0000020a57434b1c: 8b54 245c | 4489 5424 | 5466 6690 

  0x0000020a57434b28: ;   {runtime_call UncommonTrapBlob}
  0x0000020a57434b28: c5f8 77e8 

  0x0000020a57434b2c: ; ImmutableOopMap {[32]=Oop [48]=Oop [64]=Oop [80]=NarrowOop [84]=NarrowOop [104]=Oop [176]=Oop }
                      ;*invokevirtual clone {reexecute=1 rethrow=0 return_oop=0}
                      ; - (reexecute) java.util.Arrays::copyOfRange@18
                      ; - java.lang.StringLatin1::newString@16
                      ; - java.lang.String::substring@41
                      ; - java.net.URLClassLoader::defineClass@28
                      ; - java.net.URLClassLoader$1::run@43
                      ; - java.net.URLClassLoader$1::run@1
                      ; - java.security.AccessController::executePrivileged@29
                      ; - java.security.AccessController::doPrivileged@13
                      ; - java.net.URLClassLoader::findClass@13
  0x0000020a57434b2c: d02f 84ff 

  0x0000020a57434b30: ;   {other}
  0x0000020a57434b30: 0f1f 8400 | a096 00e7 | 4c8b d0e9 | dddf ffff | 488b d844 | 8b50 0849 | bb00 0000 | 630a 0200 
  0x0000020a57434b50: 004d 03da | e99b 0000 | 0048 8bd8 | 448b 5008 | 49bb 0000 | 0063 0a02 | 0000 4d03 | dae9 8200 
  0x0000020a57434b70: 0000 488b | d844 8b50 | 0849 bb00 | 0000 630a | 0200 004d | 03da eb6c | 488b d844 | 8b50 0849 
  0x0000020a57434b90: bb00 0000 | 630a 0200 | 004d 03da | eb56 488b | d844 8b50 | 0849 bb00 | 0000 630a | 0200 004d 
  0x0000020a57434bb0: 03da eb40 | 488b d844 | 8b50 0849 | bb00 0000 | 630a 0200 | 004d 03da | eb2a 488b | d844 8b50 
  0x0000020a57434bd0: 0849 bb00 | 0000 630a | 0200 004d | 03da eb14 | 488b d844 | 8b50 0849 | bb00 0000 | 630a 0200 
  0x0000020a57434bf0: 004d 03da | 4d8b 5340 

  0x0000020a57434bf8: ;   {metadata('java/lang/Exception')}
  0x0000020a57434bf8: 49bb 20c0 | 0063 0a02 | 0000 4d3b | d30f 84c2 | a3ff ffe9 | e9df ffff | baf4 ffff | ff66 6690 
  0x0000020a57434c18: ;   {runtime_call UncommonTrapBlob}
  0x0000020a57434c18: c5f8 77e8 

  0x0000020a57434c1c: ; ImmutableOopMap {}
                      ;*checkcast {reexecute=0 rethrow=0 return_oop=0}
                      ; - java.net.URLClassLoader::findClass@28
  0x0000020a57434c1c: e02e 84ff 

  0x0000020a57434c20: ;   {other}
  0x0000020a57434c20: 0f1f 8400 | 9097 00e8 | 4889 4424 | 7048 8b6c | 2458 4c8b | 5424 504c | 8954 2420 | 488b 5424 
  0x0000020a57434c40: 684c 8b94 | 24b0 0000 | 004c 8954 | 2450 4c8b | 5424 784c | 8954 2458 

  0x0000020a57434c58: ;   {static_call}
  0x0000020a57434c58: c5f8 77e8 

  0x0000020a57434c5c: ; ImmutableOopMap {rbp=Oop [40]=NarrowOop [64]=Oop [72]=Oop [80]=Oop [88]=Oop [96]=Oop [112]=Oop [176]=Oop [184]=Oop [208]=Oop }
                      ;*invokestatic endInit {reexecute=0 rethrow=0 return_oop=0}
                      ; - java.util.jar.JarFile::ensureInitialization@53
                      ; - java.util.jar.JavaUtilJarAccessImpl::ensureInitialization@1
                      ; - jdk.internal.loader.URLClassPath$JarLoader$2::getManifest@10
                      ; - java.net.URLClassLoader::defineClass@34
                      ; - java.net.URLClassLoader$1::run@43
                      ; - java.net.URLClassLoader$1::run@1
                      ; - java.security.AccessController::executePrivileged@29
                      ; - java.security.AccessController::doPrivileged@13
                      ; - java.net.URLClassLoader::findClass@13
  0x0000020a57434c5c: 20ac 83ff 

  0x0000020a57434c60: ;   {other}
  0x0000020a57434c60: 0f1f 8400 | d097 00e9 | 4c8b 5424 | 7049 8bda | e99c daff | ff48 8bd8 | e994 daff | ff4c 8bd0 
  0x0000020a57434c80: e9e0 ddff | ff4c 8bd0 | e9d8 ddff | ff4c 8bd0 | e9d0 ddff | ff4c 8bd0 | e9c8 ddff | ffe9 6fdd 
  0x0000020a57434ca0: ffff 4889 | 8424 9000 | 0000 e96a | ddff ffe9 | 5ddd ffff | 488b d844 | 8b58 0849 | b800 0000 
  0x0000020a57434cc0: 630a 0200 | 004d 03c3 | e964 deff | ff48 8b6c | 2458 4c8b | 5c24 504c | 895c 2420 | 488b 9424 
  0x0000020a57434ce0: 9000 0000 | 4c8b c04c | 8b94 24b0 | 0000 004c | 8954 2438 | 4c8b 9424 | b800 0000 | 4c89 5424 
  0x0000020a57434d00: 5066 6690 

  0x0000020a57434d04: ;   {optimized virtual_call}
  0x0000020a57434d04: c5f8 77e8 

  0x0000020a57434d08: ; ImmutableOopMap {rbp=Oop [56]=Oop [64]=Oop [72]=Oop [80]=Oop [136]=NarrowOop [144]=Oop [176]=Oop [184]=Oop [208]=Oop }
                      ;*invokevirtual addSuppressed {reexecute=0 rethrow=0 return_oop=0}
                      ; - java.util.jar.JarFile::getManifestFromReference@177
                      ; - java.util.jar.JarFile::getManifest@1
                      ; - jdk.internal.loader.URLClassPath$JarLoader$2::getManifest@22
                      ; - java.net.URLClassLoader::defineClass@34
                      ; - java.net.URLClassLoader$1::run@43
                      ; - java.net.URLClassLoader$1::run@1
                      ; - java.security.AccessController::executePrivileged@29
                      ; - java.security.AccessController::doPrivileged@13
                      ; - java.net.URLClassLoader::findClass@13
  0x0000020a57434d08: 74a1 83ff 

  0x0000020a57434d0c: ;   {other}
  0x0000020a57434d0c: 0f1f 8400 | 7c98 00ea | e93f ddff | ff48 8bd8 | 448b 5808 | 49ba 0000 | 0063 0a02 | 0000 4d03 
  0x0000020a57434d2c: d34d 8b52 

  0x0000020a57434d30: ;   {metadata('java/lang/Exception')}
  0x0000020a57434d30: 4049 bb20 | c000 630a | 0200 004d | 3bd3 0f84 | 89a2 ffff | e9b0 deff | ff48 8bd8 | e9c0 d9ff 
  0x0000020a57434d50: ff48 8bd8 | 448b 5808 | 49ba 0000 | 0063 0a02 | 0000 4d03 | d34d 8b52 

  0x0000020a57434d68: ;   {metadata('java/lang/Exception')}
  0x0000020a57434d68: 4049 bb20 | c000 630a | 0200 004d | 3bd3 0f84 | 51a2 ffff | e978 deff | ff48 8bd8 | 448b 5008 
  0x0000020a57434d88: 49bb 0000 | 0063 0a02 | 0000 4d03 | da4d 8b53 

  0x0000020a57434d98: ;   {metadata('java/lang/Exception')}
  0x0000020a57434d98: 4049 bb20 | c000 630a | 0200 004d | 3bd3 0f84 | 21a2 ffff | e948 deff | ff4c 8bd0 | e9ac dcff 
  0x0000020a57434db8: ff4c 8bd0 | e9a4 dcff | ff4c 8bd0 | e99c dcff | ff4c 8bd0 | e994 dcff | ff48 8bd8 | 448b 5008 
  0x0000020a57434dd8: 49bb 0000 | 0063 0a02 | 0000 4d03 | da4d 8b53 

  0x0000020a57434de8: ;   {metadata('java/lang/Exception')}
  0x0000020a57434de8: 4049 bb20 | c000 630a | 0200 004d | 3bd3 0f84 | d1a1 ffff | e9f8 ddff | ff4c 8bd0 | e914 ddff 
  0x0000020a57434e08: ff4c 8bd0 | eb03 4c8b | d049 8bda | 458b 5208 | e9cc deff | ff4c 8bd0 | e940 dcff | ff4c 8bd0 
  0x0000020a57434e28: e938 dcff | ff4c 8bd0 | e930 dcff | ff4c 8bd0 | e928 dcff | ff4c 8bd0 | e920 dcff | ff4c 8bd0 
  0x0000020a57434e48: e918 dcff | ff4c 8bd0 | e910 dcff | ff4c 8bd0 | e908 dcff | ff4c 8bd0 | e900 dcff | ff4c 8bd0 
  0x0000020a57434e68: e9f8 dbff | ff4c 8bd0 | e9f0 dbff | ff4c 8bd0 | e9e8 dbff | ff48 8bd8 | e98c d8ff | ff48 8bd8 
  0x0000020a57434e88: e984 d8ff | ff4c 8bd0 | e9d0 dbff 

  0x0000020a57434e94: ;   {internal_word}
  0x0000020a57434e94: ff49 ba60 | dd42 570a | 0200 004d | 8997 6804 

  0x0000020a57434ea4: ;   {runtime_call SafepointBlob}
  0x0000020a57434ea4: 0000 e9d5 

  0x0000020a57434ea8: ;   {runtime_call StubRoutines (final stubs)}
  0x0000020a57434ea8: 1a84 ffe8 | f033 82ff | e949 70ff | fff4 f4f4 
[Stub Code]
  0x0000020a57434eb8: ;   {no_reloc}
  0x0000020a57434eb8: 48bb 0000 | 0000 0000 

  0x0000020a57434ec0: ;   {runtime_call nmethod}
  0x0000020a57434ec0: 0000 e9fb 

  0x0000020a57434ec4: ;   {static_stub}
  0x0000020a57434ec4: ffff ff48 | bb00 0000 | 0000 0000 

  0x0000020a57434ed0: ;   {runtime_call nmethod}
  0x0000020a57434ed0: 00e9 fbff 

  0x0000020a57434ed4: ;   {static_stub}
  0x0000020a57434ed4: ffff 48bb | 0000 0000 | 0000 0000 

  0x0000020a57434ee0: ;   {runtime_call nmethod}
  0x0000020a57434ee0: e9fb ffff 

  0x0000020a57434ee4: ;   {static_stub}
  0x0000020a57434ee4: ff48 bb00 | 0000 0000 

  0x0000020a57434eec: ;   {runtime_call nmethod}
  0x0000020a57434eec: 0000 00e9 | fbff ffff 

  0x0000020a57434ef4: ;   {static_stub}
  0x0000020a57434ef4: 48bb 0000 | 0000 0000 

  0x0000020a57434efc: ;   {runtime_call nmethod}
  0x0000020a57434efc: 0000 e9fb 

  0x0000020a57434f00: ;   {static_stub}
  0x0000020a57434f00: ffff ff48 | bb00 0000 | 0000 0000 

  0x0000020a57434f0c: ;   {runtime_call nmethod}
  0x0000020a57434f0c: 00e9 fbff 

  0x0000020a57434f10: ;   {static_stub}
  0x0000020a57434f10: ffff 48bb | 0000 0000 | 0000 0000 

  0x0000020a57434f1c: ;   {runtime_call nmethod}
  0x0000020a57434f1c: e9fb ffff 

  0x0000020a57434f20: ;   {static_stub}
  0x0000020a57434f20: ff48 bb00 | 0000 0000 

  0x0000020a57434f28: ;   {runtime_call nmethod}
  0x0000020a57434f28: 0000 00e9 | fbff ffff 

  0x0000020a57434f30: ;   {static_stub}
  0x0000020a57434f30: 48bb 0000 | 0000 0000 

  0x0000020a57434f38: ;   {runtime_call nmethod}
  0x0000020a57434f38: 0000 e9fb 

  0x0000020a57434f3c: ;   {static_stub}
  0x0000020a57434f3c: ffff ff48 | bb00 0000 | 0000 0000 

  0x0000020a57434f48: ;   {runtime_call nmethod}
  0x0000020a57434f48: 00e9 fbff 

  0x0000020a57434f4c: ;   {static_stub}
  0x0000020a57434f4c: ffff 48bb | d8ae 3163 | 0a02 0000 

  0x0000020a57434f58: ;   {runtime_call I2C/C2I adapters}
  0x0000020a57434f58: e906 ef83 

  0x0000020a57434f5c: ;   {static_stub}
  0x0000020a57434f5c: ff48 bb00 | 0000 0000 

  0x0000020a57434f64: ;   {runtime_call nmethod}
  0x0000020a57434f64: 0000 00e9 | fbff ffff 

  0x0000020a57434f6c: ;   {static_stub}
  0x0000020a57434f6c: 48bb 0000 | 0000 0000 

  0x0000020a57434f74: ;   {runtime_call nmethod}
  0x0000020a57434f74: 0000 e9fb 

  0x0000020a57434f78: ;   {static_stub}
  0x0000020a57434f78: ffff ff48 | bb00 0000 | 0000 0000 

  0x0000020a57434f84: ;   {runtime_call nmethod}
  0x0000020a57434f84: 00e9 fbff 

  0x0000020a57434f88: ;   {static_stub}
  0x0000020a57434f88: ffff 48bb | 0000 0000 | 0000 0000 

  0x0000020a57434f94: ;   {runtime_call nmethod}
  0x0000020a57434f94: e9fb ffff 

  0x0000020a57434f98: ;   {static_stub}
  0x0000020a57434f98: ff48 bb00 | 0000 0000 

  0x0000020a57434fa0: ;   {runtime_call nmethod}
  0x0000020a57434fa0: 0000 00e9 | fbff ffff 

  0x0000020a57434fa8: ;   {static_stub}
  0x0000020a57434fa8: 48bb 0000 | 0000 0000 

  0x0000020a57434fb0: ;   {runtime_call nmethod}
  0x0000020a57434fb0: 0000 e9fb 

  0x0000020a57434fb4: ;   {static_stub}
  0x0000020a57434fb4: ffff ff48 | bb00 0000 | 0000 0000 

  0x0000020a57434fc0: ;   {runtime_call nmethod}
  0x0000020a57434fc0: 00e9 fbff 

  0x0000020a57434fc4: ;   {static_stub}
  0x0000020a57434fc4: ffff 48bb | 0000 0000 | 0000 0000 

  0x0000020a57434fd0: ;   {runtime_call nmethod}
  0x0000020a57434fd0: e9fb ffff 

  0x0000020a57434fd4: ;   {static_stub}
  0x0000020a57434fd4: ff48 bb00 | 0000 0000 

  0x0000020a57434fdc: ;   {runtime_call nmethod}
  0x0000020a57434fdc: 0000 00e9 | fbff ffff 

  0x0000020a57434fe4: ;   {static_stub}
  0x0000020a57434fe4: 48bb e8f3 | 0463 0a02 

  0x0000020a57434fec: ;   {runtime_call I2C/C2I adapters}
  0x0000020a57434fec: 0000 e978 

  0x0000020a57434ff0: ;   {static_stub}
  0x0000020a57434ff0: 6183 ff48 | bb78 cb0f | 630a 0200 

  0x0000020a57434ffc: ;   {runtime_call I2C/C2I adapters}
  0x0000020a57434ffc: 00e9 60f3 

  0x0000020a57435000: ;   {static_stub}
  0x0000020a57435000: 83ff 48bb | 0000 0000 | 0000 0000 

  0x0000020a5743500c: ;   {runtime_call nmethod}
  0x0000020a5743500c: e9fb ffff 

  0x0000020a57435010: ;   {static_stub}
  0x0000020a57435010: ff48 bb00 | 0000 0000 

  0x0000020a57435018: ;   {runtime_call nmethod}
  0x0000020a57435018: 0000 00e9 | fbff ffff 

  0x0000020a57435020: ;   {static_stub}
  0x0000020a57435020: 48bb 0000 | 0000 0000 

  0x0000020a57435028: ;   {runtime_call nmethod}
  0x0000020a57435028: 0000 e9fb 

  0x0000020a5743502c: ;   {static_stub}
  0x0000020a5743502c: ffff ff48 | bb00 0000 | 0000 0000 

  0x0000020a57435038: ;   {runtime_call nmethod}
  0x0000020a57435038: 00e9 fbff 

  0x0000020a5743503c: ;   {static_stub}
  0x0000020a5743503c: ffff 48bb | 0000 0000 | 0000 0000 

  0x0000020a57435048: ;   {runtime_call nmethod}
  0x0000020a57435048: e9fb ffff 

  0x0000020a5743504c: ;   {static_stub}
  0x0000020a5743504c: ff48 bb00 | 0000 0000 

  0x0000020a57435054: ;   {runtime_call nmethod}
  0x0000020a57435054: 0000 00e9 | fbff ffff 

  0x0000020a5743505c: ;   {static_stub}
  0x0000020a5743505c: 48bb 0000 | 0000 0000 

  0x0000020a57435064: ;   {runtime_call nmethod}
  0x0000020a57435064: 0000 e9fb 

  0x0000020a57435068: ;   {static_stub}
  0x0000020a57435068: ffff ff48 | bb00 0000 | 0000 0000 

  0x0000020a57435074: ;   {runtime_call nmethod}
  0x0000020a57435074: 00e9 fbff 

  0x0000020a57435078: ;   {static_stub}
  0x0000020a57435078: ffff 48bb | 0000 0000 | 0000 0000 

  0x0000020a57435084: ;   {runtime_call nmethod}
  0x0000020a57435084: e9fb ffff 

  0x0000020a57435088: ;   {static_stub}
  0x0000020a57435088: ff48 bb00 | 0000 0000 

  0x0000020a57435090: ;   {runtime_call nmethod}
  0x0000020a57435090: 0000 00e9 | fbff ffff 

  0x0000020a57435098: ;   {static_stub}
  0x0000020a57435098: 48bb 0000 | 0000 0000 

  0x0000020a574350a0: ;   {runtime_call nmethod}
  0x0000020a574350a0: 0000 e9fb 

  0x0000020a574350a4: ;   {static_stub}
  0x0000020a574350a4: ffff ff48 | bb00 0000 | 0000 0000 

  0x0000020a574350b0: ;   {runtime_call nmethod}
  0x0000020a574350b0: 00e9 fbff 

  0x0000020a574350b4: ;   {static_stub}
  0x0000020a574350b4: ffff 48bb | 382a 4563 | 0a02 0000 

  0x0000020a574350c0: ;   {runtime_call I2C/C2I adapters}
  0x0000020a574350c0: e9a2 fc83 

  0x0000020a574350c4: ;   {static_stub}
  0x0000020a574350c4: ff48 bb00 | 0000 0000 

  0x0000020a574350cc: ;   {runtime_call nmethod}
  0x0000020a574350cc: 0000 00e9 | fbff ffff 

  0x0000020a574350d4: ;   {static_stub}
  0x0000020a574350d4: 48bb 0000 | 0000 0000 

  0x0000020a574350dc: ;   {runtime_call nmethod}
  0x0000020a574350dc: 0000 e9fb 

  0x0000020a574350e0: ;   {static_stub}
  0x0000020a574350e0: ffff ff48 | bb00 0000 | 0000 0000 

  0x0000020a574350ec: ;   {runtime_call nmethod}
  0x0000020a574350ec: 00e9 fbff 

  0x0000020a574350f0: ;   {static_stub}
  0x0000020a574350f0: ffff 48bb | 0000 0000 | 0000 0000 

  0x0000020a574350fc: ;   {runtime_call nmethod}
  0x0000020a574350fc: e9fb ffff 

  0x0000020a57435100: ;   {static_stub}
  0x0000020a57435100: ff48 bb00 | 0000 0000 

  0x0000020a57435108: ;   {runtime_call nmethod}
  0x0000020a57435108: 0000 00e9 | fbff ffff 

  0x0000020a57435110: ;   {static_stub}
  0x0000020a57435110: 48bb 0000 | 0000 0000 

  0x0000020a57435118: ;   {runtime_call nmethod}
  0x0000020a57435118: 0000 e9fb 

  0x0000020a5743511c: ;   {static_stub}
  0x0000020a5743511c: ffff ff48 | bb00 0000 | 0000 0000 

  0x0000020a57435128: ;   {runtime_call nmethod}
  0x0000020a57435128: 00e9 fbff 

  0x0000020a5743512c: ;   {static_stub}
  0x0000020a5743512c: ffff 48bb | 0000 0000 | 0000 0000 

  0x0000020a57435138: ;   {runtime_call nmethod}
  0x0000020a57435138: e9fb ffff 

  0x0000020a5743513c: ;   {static_stub}
  0x0000020a5743513c: ff48 bb00 | 0000 0000 

  0x0000020a57435144: ;   {runtime_call nmethod}
  0x0000020a57435144: 0000 00e9 | fbff ffff 

  0x0000020a5743514c: ;   {static_stub}
  0x0000020a5743514c: 48bb d8dd | 1663 0a02 

  0x0000020a57435154: ;   {runtime_call I2C/C2I adapters}
  0x0000020a57435154: 0000 e90c 

  0x0000020a57435158: ;   {static_stub}
  0x0000020a57435158: f783 ff48 | bb00 0000 | 0000 0000 

  0x0000020a57435164: ;   {runtime_call nmethod}
  0x0000020a57435164: 00e9 fbff 

  0x0000020a57435168: ;   {static_stub}
  0x0000020a57435168: ffff 48bb | 0000 0000 | 0000 0000 

  0x0000020a57435174: ;   {runtime_call nmethod}
  0x0000020a57435174: e9fb ffff 

  0x0000020a57435178: ;   {static_stub}
  0x0000020a57435178: ff48 bb00 | 0000 0000 

  0x0000020a57435180: ;   {runtime_call nmethod}
  0x0000020a57435180: 0000 00e9 | fbff ffff 

  0x0000020a57435188: ;   {static_stub}
  0x0000020a57435188: 48bb 0000 | 0000 0000 

  0x0000020a57435190: ;   {runtime_call nmethod}
  0x0000020a57435190: 0000 e9fb 

  0x0000020a57435194: ;   {runtime_call ExceptionBlob}
  0x0000020a57435194: ffff ffe9 | 64e6 87ff 
[Deopt Handler Code]
  0x0000020a5743519c: e800 0000 | 0048 832c 

  0x0000020a574351a4: ;   {runtime_call DeoptimizationBlob}
  0x0000020a574351a4: 2405 e975 | 2c84 fff4 | f4f4 f4f4 
[/MachCode]


---------------  P R O C E S S  ---------------

Threads class SMR info:
_java_thread_list=0x0000020a00905400, length=36, elements={
0x0000020a4aecfb40, 0x0000020a625f4c70, 0x0000020a625f63f0, 0x0000020a626038e0,
0x0000020a62608360, 0x0000020a62609ae0, 0x0000020a6260a540, 0x0000020a6260f2e0,
0x0000020a62614e10, 0x0000020a6288e2e0, 0x0000020a628a1f20, 0x0000020a7c98d050,
0x0000020a7c8cf5c0, 0x0000020a7dbf1930, 0x0000020a7c8178e0, 0x0000020a7c8160c0,
0x0000020a627edc10, 0x0000020a7da855f0, 0x0000020a7da85c80, 0x0000020a7da876c0,
0x0000020a7da88a70, 0x0000020a7da86310, 0x0000020a7da869a0, 0x0000020a7da87030,
0x0000020a009625f0, 0x0000020a00960520, 0x0000020a00961240, 0x0000020a00960bb0,
0x0000020a009618d0, 0x0000020a00962c80, 0x0000020a00963310, 0x0000020a0095fe90,
0x0000020a7de459d0, 0x0000020a7de43270, 0x0000020a7de44cb0, 0x0000020a7de42be0
}

Java Threads: ( => current thread )
  0x0000020a4aecfb40 JavaThread "main"                              [_thread_blocked, id=2792, stack(0x0000009339800000,0x0000009339900000) (1024K)]
  0x0000020a625f4c70 JavaThread "Reference Handler"          daemon [_thread_blocked, id=23288, stack(0x000000933a000000,0x000000933a100000) (1024K)]
  0x0000020a625f63f0 JavaThread "Finalizer"                  daemon [_thread_blocked, id=33220, stack(0x000000933a100000,0x000000933a200000) (1024K)]
  0x0000020a626038e0 JavaThread "Signal Dispatcher"          daemon [_thread_blocked, id=31712, stack(0x000000933a200000,0x000000933a300000) (1024K)]
  0x0000020a62608360 JavaThread "Attach Listener"            daemon [_thread_blocked, id=36624, stack(0x000000933a300000,0x000000933a400000) (1024K)]
  0x0000020a62609ae0 JavaThread "Service Thread"             daemon [_thread_blocked, id=29332, stack(0x000000933a400000,0x000000933a500000) (1024K)]
  0x0000020a6260a540 JavaThread "Monitor Deflation Thread"   daemon [_thread_blocked, id=14376, stack(0x000000933a500000,0x000000933a600000) (1024K)]
  0x0000020a6260f2e0 JavaThread "C2 CompilerThread0"         daemon [_thread_blocked, id=10508, stack(0x000000933a600000,0x000000933a700000) (1024K)]
  0x0000020a62614e10 JavaThread "C1 CompilerThread0"         daemon [_thread_blocked, id=19332, stack(0x000000933a700000,0x000000933a800000) (1024K)]
  0x0000020a6288e2e0 JavaThread "Common-Cleaner"             daemon [_thread_blocked, id=36152, stack(0x000000933a800000,0x000000933a900000) (1024K)]
  0x0000020a628a1f20 JavaThread "Notification Thread"        daemon [_thread_blocked, id=29720, stack(0x000000933a900000,0x000000933aa00000) (1024K)]
  0x0000020a7c98d050 JavaThread "Daemon health stats"               [_thread_blocked, id=30244, stack(0x000000933af00000,0x000000933b000000) (1024K)]
  0x0000020a7c8cf5c0 JavaThread "Incoming local TCP Connector on port 60952"        [_thread_in_native, id=23132, stack(0x000000933b000000,0x000000933b100000) (1024K)]
  0x0000020a7dbf1930 JavaThread "Daemon periodic checks"            [_thread_blocked, id=19408, stack(0x000000933b100000,0x000000933b200000) (1024K)]
  0x0000020a7c8178e0 JavaThread "Daemon"                            [_thread_blocked, id=27940, stack(0x0000009339700000,0x0000009339800000) (1024K)]
  0x0000020a7c8160c0 JavaThread "Handler for socket connection from /127.0.0.1:60952 to /127.0.0.1:54496"        [_thread_in_native, id=17200, stack(0x000000933b200000,0x000000933b300000) (1024K)]
  0x0000020a627edc10 JavaThread "Cancel handler"                    [_thread_blocked, id=2900, stack(0x000000933b300000,0x000000933b400000) (1024K)]
=>0x0000020a7da855f0 JavaThread "Daemon worker"                     [_thread_in_vm, id=22504, stack(0x000000933b400000,0x000000933b500000) (1024K)]
  0x0000020a7da85c80 JavaThread "Asynchronous log dispatcher for DefaultDaemonConnection: socket connection from /127.0.0.1:60952 to /127.0.0.1:54496"        [_thread_blocked, id=22164, stack(0x000000933b500000,0x000000933b600000) (1024K)]
  0x0000020a7da876c0 JavaThread "Stdin handler"                     [_thread_blocked, id=30380, stack(0x000000933b600000,0x000000933b700000) (1024K)]
  0x0000020a7da88a70 JavaThread "Daemon client event forwarder"        [_thread_blocked, id=2096, stack(0x000000933b700000,0x000000933b800000) (1024K)]
  0x0000020a7da86310 JavaThread "Cache worker for journal cache (C:\Users\user\.gradle\caches\journal-1)"        [_thread_blocked, id=24928, stack(0x000000933b800000,0x000000933b900000) (1024K)]
  0x0000020a7da869a0 JavaThread "File lock request listener"        [_thread_in_native, id=33364, stack(0x000000933b900000,0x000000933ba00000) (1024K)]
  0x0000020a7da87030 JavaThread "Cache worker for file hash cache (C:\Users\user\.gradle\caches\9.5.1\fileHashes)"        [_thread_blocked, id=7592, stack(0x000000933ba00000,0x000000933bb00000) (1024K)]
  0x0000020a009625f0 JavaThread "Cache worker for file hash cache (C:\2026_spring\.gradle\9.5.1\fileHashes)"        [_thread_blocked, id=25924, stack(0x000000933be00000,0x000000933bf00000) (1024K)]
  0x0000020a00960520 JavaThread "Cache worker for Build Output Cleanup Cache (C:\2026_spring\.gradle\buildOutputCleanup)"        [_thread_blocked, id=18492, stack(0x000000933bf00000,0x000000933c000000) (1024K)]
  0x0000020a00961240 JavaThread "File lock release action executor"        [_thread_blocked, id=22232, stack(0x000000933c000000,0x000000933c100000) (1024K)]
  0x0000020a00960bb0 JavaThread "File watcher server"        daemon [_thread_in_native, id=26524, stack(0x000000933c100000,0x000000933c200000) (1024K)]
  0x0000020a009618d0 JavaThread "File watcher consumer"      daemon [_thread_blocked, id=18844, stack(0x000000933c200000,0x000000933c300000) (1024K)]
  0x0000020a00962c80 JavaThread "Cache worker for file content cache (C:\Users\user\.gradle\caches\9.5.1\fileContent)"        [_thread_blocked, id=26276, stack(0x000000933c300000,0x000000933c400000) (1024K)]
  0x0000020a00963310 JavaThread "Cache worker for checksums cache (C:\2026_spring\.gradle\9.5.1\checksums)"        [_thread_blocked, id=24784, stack(0x000000933c400000,0x000000933c500000) (1024K)]
  0x0000020a0095fe90 JavaThread "Cache worker for cache directory md-supplier (C:\Users\user\.gradle\caches\9.5.1\md-supplier)"        [_thread_blocked, id=9640, stack(0x000000933c500000,0x000000933c600000) (1024K)]
  0x0000020a7de459d0 JavaThread "Cache worker for cache directory md-rule (C:\Users\user\.gradle\caches\9.5.1\md-rule)"        [_thread_blocked, id=8224, stack(0x000000933c600000,0x000000933c700000) (1024K)]
  0x0000020a7de43270 JavaThread "jar transforms"                    [_thread_blocked, id=29196, stack(0x000000933c700000,0x000000933c800000) (1024K)]
  0x0000020a7de44cb0 JavaThread "jar transforms Thread 2"           [_thread_blocked, id=25820, stack(0x000000933c800000,0x000000933c900000) (1024K)]
  0x0000020a7de42be0 JavaThread "jar transforms Thread 3"           [_thread_blocked, id=21424, stack(0x0000009339500000,0x0000009339600000) (1024K)]
Total: 36

Other Threads:
  0x0000020a625d5720 VMThread "VM Thread"                           [id=29464, stack(0x0000009339f00000,0x000000933a000000) (1024K)] _threads_hazard_ptr=0x0000020a00905400
  0x0000020a625c6880 WatcherThread "VM Periodic Task Thread"        [id=33616, stack(0x0000009339e00000,0x0000009339f00000) (1024K)]
  0x0000020a4aefa470 WorkerThread "GC Thread#0"                     [id=34852, stack(0x0000009339900000,0x0000009339a00000) (1024K)]
  0x0000020a7c81d7d0 WorkerThread "GC Thread#1"                     [id=26716, stack(0x000000933aa00000,0x000000933ab00000) (1024K)]
  0x0000020a629f2b90 WorkerThread "GC Thread#2"                     [id=24088, stack(0x000000933ab00000,0x000000933ac00000) (1024K)]
  0x0000020a629f2f40 WorkerThread "GC Thread#3"                     [id=24952, stack(0x000000933ac00000,0x000000933ad00000) (1024K)]
  0x0000020a62862c60 WorkerThread "GC Thread#4"                     [id=25628, stack(0x000000933ad00000,0x000000933ae00000) (1024K)]
  0x0000020a62863010 WorkerThread "GC Thread#5"                     [id=28964, stack(0x000000933ae00000,0x000000933af00000) (1024K)]
  0x0000020a01610a00 WorkerThread "GC Thread#6"                     [id=2400, stack(0x000000933bb00000,0x000000933bc00000) (1024K)]
  0x0000020a0160da10 WorkerThread "GC Thread#7"                     [id=31480, stack(0x000000933bc00000,0x000000933bd00000) (1024K)]
  0x0000020a4aeffb80 ConcurrentGCThread "G1 Main Marker"            [id=13440, stack(0x0000009339a00000,0x0000009339b00000) (1024K)]
  0x0000020a4af01420 WorkerThread "G1 Conc#0"                       [id=18224, stack(0x0000009339b00000,0x0000009339c00000) (1024K)]
  0x0000020a016102a0 WorkerThread "G1 Conc#1"                       [id=29760, stack(0x000000933bd00000,0x000000933be00000) (1024K)]
  0x0000020a4af8e830 ConcurrentGCThread "G1 Refine#0"               [id=14248, stack(0x0000009339c00000,0x0000009339d00000) (1024K)]
  0x0000020a62495450 ConcurrentGCThread "G1 Service"                [id=23316, stack(0x0000009339d00000,0x0000009339e00000) (1024K)]
Total: 15

Threads with active compile tasks:
Total: 0

VM state: synchronizing (normal execution)

VM Mutex/Monitor currently owned by a thread:  ([mutex/lock_event])
[0x00007ffe1088d530] Metaspace_lock - owner thread: 0x0000020a7da855f0
[0x00007ffe1088f5b0] Threads_lock - owner thread: 0x0000020a625d5720

Heap address: 0x00000000e0000000, size: 512 MB, Compressed Oops mode: 32-bit

CDS archive(s) mapped at: [0x0000020a63000000-0x0000020a63ba0000-0x0000020a63ba0000), size 12189696, SharedBaseAddress: 0x0000020a63000000, ArchiveRelocationMode: 1.
Compressed class space mapped at: 0x0000020a64000000-0x0000020a78000000, reserved size: 335544320
Narrow klass base: 0x0000020a63000000, Narrow klass shift: 0, Narrow klass range: 0x100000000

GC Precious Log:
 CardTable entry size: 512
 Card Set container configuration: InlinePtr #cards 5 size 8 Array Of Cards #cards 12 size 40 Howl #buckets 4 coarsen threshold 1843 Howl Bitmap #cards 512 size 80 coarsen threshold 460 Card regions per heap region 1 cards per card region 2048
 CPUs: 8 total, 8 available
 Memory: 16107M
 Large Page Support: Disabled
 NUMA Support: Disabled
 Compressed Oops: Enabled (32-bit)
 Heap Region Size: 1M
 Heap Min Capacity: 256M
 Heap Initial Capacity: 256M
 Heap Max Capacity: 512M
 Pre-touch: Disabled
 Parallel Workers: 8
 Concurrent Workers: 2
 Concurrent Refinement Workers: 8
 Periodic GC: Disabled

Heap:
 garbage-first heap   total 262144K, used 134573K [0x00000000e0000000, 0x0000000100000000)
  region size 1024K, 110 young (112640K), 7 survivors (7168K)
 Metaspace       used 46885K, committed 48704K, reserved 393216K
  class space    used 6959K, committed 7872K, reserved 327680K

Heap Regions: E=young(eden), S=young(survivor), O=old, HS=humongous(starts), HC=humongous(continues), CS=collection set, F=free, TAMS=top-at-mark-start, PB=parsable bottom
|   0|0x00000000e0000000, 0x00000000e0100000, 0x00000000e0100000|100%|HS|  |TAMS 0x00000000e0000000| PB 0x00000000e0000000| Complete 
|   1|0x00000000e0100000, 0x00000000e0200000, 0x00000000e0200000|100%|HC|  |TAMS 0x00000000e0100000| PB 0x00000000e0100000| Complete 
|   2|0x00000000e0200000, 0x00000000e0300000, 0x00000000e0300000|100%|HC|  |TAMS 0x00000000e0200000| PB 0x00000000e0200000| Complete 
|   3|0x00000000e0300000, 0x00000000e0400000, 0x00000000e0400000|100%|HC|  |TAMS 0x00000000e0300000| PB 0x00000000e0300000| Complete 
|   4|0x00000000e0400000, 0x00000000e0500000, 0x00000000e0500000|100%| O|  |TAMS 0x00000000e0400000| PB 0x00000000e0400000| Untracked 
|   5|0x00000000e0500000, 0x00000000e0600000, 0x00000000e0600000|100%| O|  |TAMS 0x00000000e0500000| PB 0x00000000e0500000| Untracked 
|   6|0x00000000e0600000, 0x00000000e0700000, 0x00000000e0700000|100%| O|  |TAMS 0x00000000e0600000| PB 0x00000000e0600000| Untracked 
|   7|0x00000000e0700000, 0x00000000e0800000, 0x00000000e0800000|100%| O|  |TAMS 0x00000000e0700000| PB 0x00000000e0700000| Untracked 
|   8|0x00000000e0800000, 0x00000000e0900000, 0x00000000e0900000|100%|HS|  |TAMS 0x00000000e0800000| PB 0x00000000e0800000| Complete 
|   9|0x00000000e0900000, 0x00000000e09c3410, 0x00000000e0a00000| 76%| O|  |TAMS 0x00000000e0900000| PB 0x00000000e0900000| Untracked 
|  10|0x00000000e0a00000, 0x00000000e0b00000, 0x00000000e0b00000|100%| O|  |TAMS 0x00000000e0a00000| PB 0x00000000e0a00000| Untracked 
|  11|0x00000000e0b00000, 0x00000000e0b00000, 0x00000000e0c00000|  0%| F|  |TAMS 0x00000000e0b00000| PB 0x00000000e0b00000| Untracked 
|  12|0x00000000e0c00000, 0x00000000e0d00000, 0x00000000e0d00000|100%| O|  |TAMS 0x00000000e0c00000| PB 0x00000000e0c00000| Untracked 
|  13|0x00000000e0d00000, 0x00000000e0e00000, 0x00000000e0e00000|100%| O|  |TAMS 0x00000000e0d00000| PB 0x00000000e0d00000| Untracked 
|  14|0x00000000e0e00000, 0x00000000e0e00000, 0x00000000e0f00000|  0%| F|  |TAMS 0x00000000e0e00000| PB 0x00000000e0e00000| Untracked 
|  15|0x00000000e0f00000, 0x00000000e1000000, 0x00000000e1000000|100%| O|  |TAMS 0x00000000e0f00000| PB 0x00000000e0f00000| Untracked 
|  16|0x00000000e1000000, 0x00000000e1100000, 0x00000000e1100000|100%| O|  |TAMS 0x00000000e1000000| PB 0x00000000e1000000| Untracked 
|  17|0x00000000e1100000, 0x00000000e1200000, 0x00000000e1200000|100%| O|  |TAMS 0x00000000e1100000| PB 0x00000000e1100000| Untracked 
|  18|0x00000000e1200000, 0x00000000e1300000, 0x00000000e1300000|100%| O|  |TAMS 0x00000000e1200000| PB 0x00000000e1200000| Untracked 
|  19|0x00000000e1300000, 0x00000000e1400000, 0x00000000e1400000|100%| O|  |TAMS 0x00000000e1300000| PB 0x00000000e1300000| Untracked 
|  20|0x00000000e1400000, 0x00000000e1500000, 0x00000000e1500000|100%| O|  |TAMS 0x00000000e1400000| PB 0x00000000e1400000| Untracked 
|  21|0x00000000e1500000, 0x00000000e1600000, 0x00000000e1600000|100%| O|  |TAMS 0x00000000e1500000| PB 0x00000000e1500000| Untracked 
|  22|0x00000000e1600000, 0x00000000e1700000, 0x00000000e1700000|100%| O|  |TAMS 0x00000000e1600000| PB 0x00000000e1600000| Untracked 
|  23|0x00000000e1700000, 0x00000000e1800000, 0x00000000e1800000|100%| O|Cm|TAMS 0x00000000e1700000| PB 0x00000000e1700000| Complete 
|  24|0x00000000e1800000, 0x00000000e1900000, 0x00000000e1900000|100%| O|  |TAMS 0x00000000e1800000| PB 0x00000000e1800000| Untracked 
|  25|0x00000000e1900000, 0x00000000e1a00000, 0x00000000e1a00000|100%| O|  |TAMS 0x00000000e1900000| PB 0x00000000e1900000| Untracked 
|  26|0x00000000e1a00000, 0x00000000e1a00000, 0x00000000e1b00000|  0%| F|  |TAMS 0x00000000e1a00000| PB 0x00000000e1a00000| Untracked 
|  27|0x00000000e1b00000, 0x00000000e1b00000, 0x00000000e1c00000|  0%| F|  |TAMS 0x00000000e1b00000| PB 0x00000000e1b00000| Untracked 
|  28|0x00000000e1c00000, 0x00000000e1c00000, 0x00000000e1d00000|  0%| F|  |TAMS 0x00000000e1c00000| PB 0x00000000e1c00000| Untracked 
|  29|0x00000000e1d00000, 0x00000000e1d00000, 0x00000000e1e00000|  0%| F|  |TAMS 0x00000000e1d00000| PB 0x00000000e1d00000| Untracked 
|  30|0x00000000e1e00000, 0x00000000e1e00000, 0x00000000e1f00000|  0%| F|  |TAMS 0x00000000e1e00000| PB 0x00000000e1e00000| Untracked 
|  31|0x00000000e1f00000, 0x00000000e1f00000, 0x00000000e2000000|  0%| F|  |TAMS 0x00000000e1f00000| PB 0x00000000e1f00000| Untracked 
|  32|0x00000000e2000000, 0x00000000e2000000, 0x00000000e2100000|  0%| F|  |TAMS 0x00000000e2000000| PB 0x00000000e2000000| Untracked 
|  33|0x00000000e2100000, 0x00000000e2100000, 0x00000000e2200000|  0%| F|  |TAMS 0x00000000e2100000| PB 0x00000000e2100000| Untracked 
|  34|0x00000000e2200000, 0x00000000e2200000, 0x00000000e2300000|  0%| F|  |TAMS 0x00000000e2200000| PB 0x00000000e2200000| Untracked 
|  35|0x00000000e2300000, 0x00000000e2300000, 0x00000000e2400000|  0%| F|  |TAMS 0x00000000e2300000| PB 0x00000000e2300000| Untracked 
|  36|0x00000000e2400000, 0x00000000e2400000, 0x00000000e2500000|  0%| F|  |TAMS 0x00000000e2400000| PB 0x00000000e2400000| Untracked 
|  37|0x00000000e2500000, 0x00000000e2500000, 0x00000000e2600000|  0%| F|  |TAMS 0x00000000e2500000| PB 0x00000000e2500000| Untracked 
|  38|0x00000000e2600000, 0x00000000e2600000, 0x00000000e2700000|  0%| F|  |TAMS 0x00000000e2600000| PB 0x00000000e2600000| Untracked 
|  39|0x00000000e2700000, 0x00000000e2700000, 0x00000000e2800000|  0%| F|  |TAMS 0x00000000e2700000| PB 0x00000000e2700000| Untracked 
|  40|0x00000000e2800000, 0x00000000e2800000, 0x00000000e2900000|  0%| F|  |TAMS 0x00000000e2800000| PB 0x00000000e2800000| Untracked 
|  41|0x00000000e2900000, 0x00000000e2900000, 0x00000000e2a00000|  0%| F|  |TAMS 0x00000000e2900000| PB 0x00000000e2900000| Untracked 
|  42|0x00000000e2a00000, 0x00000000e2a00000, 0x00000000e2b00000|  0%| F|  |TAMS 0x00000000e2a00000| PB 0x00000000e2a00000| Untracked 
|  43|0x00000000e2b00000, 0x00000000e2b00000, 0x00000000e2c00000|  0%| F|  |TAMS 0x00000000e2b00000| PB 0x00000000e2b00000| Untracked 
|  44|0x00000000e2c00000, 0x00000000e2c00000, 0x00000000e2d00000|  0%| F|  |TAMS 0x00000000e2c00000| PB 0x00000000e2c00000| Untracked 
|  45|0x00000000e2d00000, 0x00000000e2d00000, 0x00000000e2e00000|  0%| F|  |TAMS 0x00000000e2d00000| PB 0x00000000e2d00000| Untracked 
|  46|0x00000000e2e00000, 0x00000000e2e00000, 0x00000000e2f00000|  0%| F|  |TAMS 0x00000000e2e00000| PB 0x00000000e2e00000| Untracked 
|  47|0x00000000e2f00000, 0x00000000e2f00000, 0x00000000e3000000|  0%| F|  |TAMS 0x00000000e2f00000| PB 0x00000000e2f00000| Untracked 
|  48|0x00000000e3000000, 0x00000000e3000000, 0x00000000e3100000|  0%| F|  |TAMS 0x00000000e3000000| PB 0x00000000e3000000| Untracked 
|  49|0x00000000e3100000, 0x00000000e3100000, 0x00000000e3200000|  0%| F|  |TAMS 0x00000000e3100000| PB 0x00000000e3100000| Untracked 
|  50|0x00000000e3200000, 0x00000000e3200000, 0x00000000e3300000|  0%| F|  |TAMS 0x00000000e3200000| PB 0x00000000e3200000| Untracked 
|  51|0x00000000e3300000, 0x00000000e3300000, 0x00000000e3400000|  0%| F|  |TAMS 0x00000000e3300000| PB 0x00000000e3300000| Untracked 
|  52|0x00000000e3400000, 0x00000000e3400000, 0x00000000e3500000|  0%| F|  |TAMS 0x00000000e3400000| PB 0x00000000e3400000| Untracked 
|  53|0x00000000e3500000, 0x00000000e3500000, 0x00000000e3600000|  0%| F|  |TAMS 0x00000000e3500000| PB 0x00000000e3500000| Untracked 
|  54|0x00000000e3600000, 0x00000000e3600000, 0x00000000e3700000|  0%| F|  |TAMS 0x00000000e3600000| PB 0x00000000e3600000| Untracked 
|  55|0x00000000e3700000, 0x00000000e3700000, 0x00000000e3800000|  0%| F|  |TAMS 0x00000000e3700000| PB 0x00000000e3700000| Untracked 
|  56|0x00000000e3800000, 0x00000000e3800000, 0x00000000e3900000|  0%| F|  |TAMS 0x00000000e3800000| PB 0x00000000e3800000| Untracked 
|  57|0x00000000e3900000, 0x00000000e3900000, 0x00000000e3a00000|  0%| F|  |TAMS 0x00000000e3900000| PB 0x00000000e3900000| Untracked 
|  58|0x00000000e3a00000, 0x00000000e3a00000, 0x00000000e3b00000|  0%| F|  |TAMS 0x00000000e3a00000| PB 0x00000000e3a00000| Untracked 
|  59|0x00000000e3b00000, 0x00000000e3b00000, 0x00000000e3c00000|  0%| F|  |TAMS 0x00000000e3b00000| PB 0x00000000e3b00000| Untracked 
|  60|0x00000000e3c00000, 0x00000000e3c00000, 0x00000000e3d00000|  0%| F|  |TAMS 0x00000000e3c00000| PB 0x00000000e3c00000| Untracked 
|  61|0x00000000e3d00000, 0x00000000e3d00000, 0x00000000e3e00000|  0%| F|  |TAMS 0x00000000e3d00000| PB 0x00000000e3d00000| Untracked 
|  62|0x00000000e3e00000, 0x00000000e3e00000, 0x00000000e3f00000|  0%| F|  |TAMS 0x00000000e3e00000| PB 0x00000000e3e00000| Untracked 
|  63|0x00000000e3f00000, 0x00000000e3f00000, 0x00000000e4000000|  0%| F|  |TAMS 0x00000000e3f00000| PB 0x00000000e3f00000| Untracked 
|  64|0x00000000e4000000, 0x00000000e4000000, 0x00000000e4100000|  0%| F|  |TAMS 0x00000000e4000000| PB 0x00000000e4000000| Untracked 
|  65|0x00000000e4100000, 0x00000000e4100000, 0x00000000e4200000|  0%| F|  |TAMS 0x00000000e4100000| PB 0x00000000e4100000| Untracked 
|  66|0x00000000e4200000, 0x00000000e4200000, 0x00000000e4300000|  0%| F|  |TAMS 0x00000000e4200000| PB 0x00000000e4200000| Untracked 
|  67|0x00000000e4300000, 0x00000000e4300000, 0x00000000e4400000|  0%| F|  |TAMS 0x00000000e4300000| PB 0x00000000e4300000| Untracked 
|  68|0x00000000e4400000, 0x00000000e4400000, 0x00000000e4500000|  0%| F|  |TAMS 0x00000000e4400000| PB 0x00000000e4400000| Untracked 
|  69|0x00000000e4500000, 0x00000000e4500000, 0x00000000e4600000|  0%| F|  |TAMS 0x00000000e4500000| PB 0x00000000e4500000| Untracked 
|  70|0x00000000e4600000, 0x00000000e4600000, 0x00000000e4700000|  0%| F|  |TAMS 0x00000000e4600000| PB 0x00000000e4600000| Untracked 
|  71|0x00000000e4700000, 0x00000000e4700000, 0x00000000e4800000|  0%| F|  |TAMS 0x00000000e4700000| PB 0x00000000e4700000| Untracked 
|  72|0x00000000e4800000, 0x00000000e4800000, 0x00000000e4900000|  0%| F|  |TAMS 0x00000000e4800000| PB 0x00000000e4800000| Untracked 
|  73|0x00000000e4900000, 0x00000000e4900000, 0x00000000e4a00000|  0%| F|  |TAMS 0x00000000e4900000| PB 0x00000000e4900000| Untracked 
|  74|0x00000000e4a00000, 0x00000000e4a00000, 0x00000000e4b00000|  0%| F|  |TAMS 0x00000000e4a00000| PB 0x00000000e4a00000| Untracked 
|  75|0x00000000e4b00000, 0x00000000e4b00000, 0x00000000e4c00000|  0%| F|  |TAMS 0x00000000e4b00000| PB 0x00000000e4b00000| Untracked 
|  76|0x00000000e4c00000, 0x00000000e4c00000, 0x00000000e4d00000|  0%| F|  |TAMS 0x00000000e4c00000| PB 0x00000000e4c00000| Untracked 
|  77|0x00000000e4d00000, 0x00000000e4d00000, 0x00000000e4e00000|  0%| F|  |TAMS 0x00000000e4d00000| PB 0x00000000e4d00000| Untracked 
|  78|0x00000000e4e00000, 0x00000000e4e00000, 0x00000000e4f00000|  0%| F|  |TAMS 0x00000000e4e00000| PB 0x00000000e4e00000| Untracked 
|  79|0x00000000e4f00000, 0x00000000e4f00000, 0x00000000e5000000|  0%| F|  |TAMS 0x00000000e4f00000| PB 0x00000000e4f00000| Untracked 
|  80|0x00000000e5000000, 0x00000000e5000000, 0x00000000e5100000|  0%| F|  |TAMS 0x00000000e5000000| PB 0x00000000e5000000| Untracked 
|  81|0x00000000e5100000, 0x00000000e5100000, 0x00000000e5200000|  0%| F|  |TAMS 0x00000000e5100000| PB 0x00000000e5100000| Untracked 
|  82|0x00000000e5200000, 0x00000000e5200000, 0x00000000e5300000|  0%| F|  |TAMS 0x00000000e5200000| PB 0x00000000e5200000| Untracked 
|  83|0x00000000e5300000, 0x00000000e5300000, 0x00000000e5400000|  0%| F|  |TAMS 0x00000000e5300000| PB 0x00000000e5300000| Untracked 
|  84|0x00000000e5400000, 0x00000000e5400000, 0x00000000e5500000|  0%| F|  |TAMS 0x00000000e5400000| PB 0x00000000e5400000| Untracked 
|  85|0x00000000e5500000, 0x00000000e5500000, 0x00000000e5600000|  0%| F|  |TAMS 0x00000000e5500000| PB 0x00000000e5500000| Untracked 
|  86|0x00000000e5600000, 0x00000000e5600000, 0x00000000e5700000|  0%| F|  |TAMS 0x00000000e5600000| PB 0x00000000e5600000| Untracked 
|  87|0x00000000e5700000, 0x00000000e5700000, 0x00000000e5800000|  0%| F|  |TAMS 0x00000000e5700000| PB 0x00000000e5700000| Untracked 
|  88|0x00000000e5800000, 0x00000000e5800000, 0x00000000e5900000|  0%| F|  |TAMS 0x00000000e5800000| PB 0x00000000e5800000| Untracked 
|  89|0x00000000e5900000, 0x00000000e5900000, 0x00000000e5a00000|  0%| F|  |TAMS 0x00000000e5900000| PB 0x00000000e5900000| Untracked 
|  90|0x00000000e5a00000, 0x00000000e5a00000, 0x00000000e5b00000|  0%| F|  |TAMS 0x00000000e5a00000| PB 0x00000000e5a00000| Untracked 
|  91|0x00000000e5b00000, 0x00000000e5b00000, 0x00000000e5c00000|  0%| F|  |TAMS 0x00000000e5b00000| PB 0x00000000e5b00000| Untracked 
|  92|0x00000000e5c00000, 0x00000000e5c00000, 0x00000000e5d00000|  0%| F|  |TAMS 0x00000000e5c00000| PB 0x00000000e5c00000| Untracked 
|  93|0x00000000e5d00000, 0x00000000e5d00000, 0x00000000e5e00000|  0%| F|  |TAMS 0x00000000e5d00000| PB 0x00000000e5d00000| Untracked 
|  94|0x00000000e5e00000, 0x00000000e5e00000, 0x00000000e5f00000|  0%| F|  |TAMS 0x00000000e5e00000| PB 0x00000000e5e00000| Untracked 
|  95|0x00000000e5f00000, 0x00000000e5f00000, 0x00000000e6000000|  0%| F|  |TAMS 0x00000000e5f00000| PB 0x00000000e5f00000| Untracked 
|  96|0x00000000e6000000, 0x00000000e6000000, 0x00000000e6100000|  0%| F|  |TAMS 0x00000000e6000000| PB 0x00000000e6000000| Untracked 
|  97|0x00000000e6100000, 0x00000000e6100000, 0x00000000e6200000|  0%| F|  |TAMS 0x00000000e6100000| PB 0x00000000e6100000| Untracked 
|  98|0x00000000e6200000, 0x00000000e6200000, 0x00000000e6300000|  0%| F|  |TAMS 0x00000000e6200000| PB 0x00000000e6200000| Untracked 
|  99|0x00000000e6300000, 0x00000000e6300000, 0x00000000e6400000|  0%| F|  |TAMS 0x00000000e6300000| PB 0x00000000e6300000| Untracked 
| 100|0x00000000e6400000, 0x00000000e6400000, 0x00000000e6500000|  0%| F|  |TAMS 0x00000000e6400000| PB 0x00000000e6400000| Untracked 
| 101|0x00000000e6500000, 0x00000000e6500000, 0x00000000e6600000|  0%| F|  |TAMS 0x00000000e6500000| PB 0x00000000e6500000| Untracked 
| 102|0x00000000e6600000, 0x00000000e6600000, 0x00000000e6700000|  0%| F|  |TAMS 0x00000000e6600000| PB 0x00000000e6600000| Untracked 
| 103|0x00000000e6700000, 0x00000000e6700000, 0x00000000e6800000|  0%| F|  |TAMS 0x00000000e6700000| PB 0x00000000e6700000| Untracked 
| 104|0x00000000e6800000, 0x00000000e6800000, 0x00000000e6900000|  0%| F|  |TAMS 0x00000000e6800000| PB 0x00000000e6800000| Untracked 
| 105|0x00000000e6900000, 0x00000000e6900000, 0x00000000e6a00000|  0%| F|  |TAMS 0x00000000e6900000| PB 0x00000000e6900000| Untracked 
| 106|0x00000000e6a00000, 0x00000000e6a00000, 0x00000000e6b00000|  0%| F|  |TAMS 0x00000000e6a00000| PB 0x00000000e6a00000| Untracked 
| 107|0x00000000e6b00000, 0x00000000e6b00000, 0x00000000e6c00000|  0%| F|  |TAMS 0x00000000e6b00000| PB 0x00000000e6b00000| Untracked 
| 108|0x00000000e6c00000, 0x00000000e6c00000, 0x00000000e6d00000|  0%| F|  |TAMS 0x00000000e6c00000| PB 0x00000000e6c00000| Untracked 
| 109|0x00000000e6d00000, 0x00000000e6d00000, 0x00000000e6e00000|  0%| F|  |TAMS 0x00000000e6d00000| PB 0x00000000e6d00000| Untracked 
| 110|0x00000000e6e00000, 0x00000000e6e00000, 0x00000000e6f00000|  0%| F|  |TAMS 0x00000000e6e00000| PB 0x00000000e6e00000| Untracked 
| 111|0x00000000e6f00000, 0x00000000e6f00000, 0x00000000e7000000|  0%| F|  |TAMS 0x00000000e6f00000| PB 0x00000000e6f00000| Untracked 
| 112|0x00000000e7000000, 0x00000000e7000000, 0x00000000e7100000|  0%| F|  |TAMS 0x00000000e7000000| PB 0x00000000e7000000| Untracked 
| 113|0x00000000e7100000, 0x00000000e7100000, 0x00000000e7200000|  0%| F|  |TAMS 0x00000000e7100000| PB 0x00000000e7100000| Untracked 
| 114|0x00000000e7200000, 0x00000000e7200000, 0x00000000e7300000|  0%| F|  |TAMS 0x00000000e7200000| PB 0x00000000e7200000| Untracked 
| 115|0x00000000e7300000, 0x00000000e7300000, 0x00000000e7400000|  0%| F|  |TAMS 0x00000000e7300000| PB 0x00000000e7300000| Untracked 
| 116|0x00000000e7400000, 0x00000000e7400000, 0x00000000e7500000|  0%| F|  |TAMS 0x00000000e7400000| PB 0x00000000e7400000| Untracked 
| 117|0x00000000e7500000, 0x00000000e7500000, 0x00000000e7600000|  0%| F|  |TAMS 0x00000000e7500000| PB 0x00000000e7500000| Untracked 
| 118|0x00000000e7600000, 0x00000000e7600000, 0x00000000e7700000|  0%| F|  |TAMS 0x00000000e7600000| PB 0x00000000e7600000| Untracked 
| 119|0x00000000e7700000, 0x00000000e7700000, 0x00000000e7800000|  0%| F|  |TAMS 0x00000000e7700000| PB 0x00000000e7700000| Untracked 
| 120|0x00000000e7800000, 0x00000000e7800000, 0x00000000e7900000|  0%| F|  |TAMS 0x00000000e7800000| PB 0x00000000e7800000| Untracked 
| 121|0x00000000e7900000, 0x00000000e7900000, 0x00000000e7a00000|  0%| F|  |TAMS 0x00000000e7900000| PB 0x00000000e7900000| Untracked 
| 122|0x00000000e7a00000, 0x00000000e7a00000, 0x00000000e7b00000|  0%| F|  |TAMS 0x00000000e7a00000| PB 0x00000000e7a00000| Untracked 
| 123|0x00000000e7b00000, 0x00000000e7b00000, 0x00000000e7c00000|  0%| F|  |TAMS 0x00000000e7b00000| PB 0x00000000e7b00000| Untracked 
| 124|0x00000000e7c00000, 0x00000000e7c00000, 0x00000000e7d00000|  0%| F|  |TAMS 0x00000000e7c00000| PB 0x00000000e7c00000| Untracked 
| 125|0x00000000e7d00000, 0x00000000e7d00000, 0x00000000e7e00000|  0%| F|  |TAMS 0x00000000e7d00000| PB 0x00000000e7d00000| Untracked 
| 126|0x00000000e7e00000, 0x00000000e7e00000, 0x00000000e7f00000|  0%| F|  |TAMS 0x00000000e7e00000| PB 0x00000000e7e00000| Untracked 
| 127|0x00000000e7f00000, 0x00000000e7f00000, 0x00000000e8000000|  0%| F|  |TAMS 0x00000000e7f00000| PB 0x00000000e7f00000| Untracked 
| 128|0x00000000e8000000, 0x00000000e8000000, 0x00000000e8100000|  0%| F|  |TAMS 0x00000000e8000000| PB 0x00000000e8000000| Untracked 
| 129|0x00000000e8100000, 0x00000000e8100000, 0x00000000e8200000|  0%| F|  |TAMS 0x00000000e8100000| PB 0x00000000e8100000| Untracked 
| 130|0x00000000e8200000, 0x00000000e8200000, 0x00000000e8300000|  0%| F|  |TAMS 0x00000000e8200000| PB 0x00000000e8200000| Untracked 
| 131|0x00000000e8300000, 0x00000000e8300000, 0x00000000e8400000|  0%| F|  |TAMS 0x00000000e8300000| PB 0x00000000e8300000| Untracked 
| 132|0x00000000e8400000, 0x00000000e8400000, 0x00000000e8500000|  0%| F|  |TAMS 0x00000000e8400000| PB 0x00000000e8400000| Untracked 
| 133|0x00000000e8500000, 0x00000000e8500000, 0x00000000e8600000|  0%| F|  |TAMS 0x00000000e8500000| PB 0x00000000e8500000| Untracked 
| 134|0x00000000e8600000, 0x00000000e8600000, 0x00000000e8700000|  0%| F|  |TAMS 0x00000000e8600000| PB 0x00000000e8600000| Untracked 
| 135|0x00000000e8700000, 0x00000000e8700000, 0x00000000e8800000|  0%| F|  |TAMS 0x00000000e8700000| PB 0x00000000e8700000| Untracked 
| 136|0x00000000e8800000, 0x00000000e8800000, 0x00000000e8900000|  0%| F|  |TAMS 0x00000000e8800000| PB 0x00000000e8800000| Untracked 
| 137|0x00000000e8900000, 0x00000000e8900000, 0x00000000e8a00000|  0%| F|  |TAMS 0x00000000e8900000| PB 0x00000000e8900000| Untracked 
| 138|0x00000000e8a00000, 0x00000000e8a00000, 0x00000000e8b00000|  0%| F|  |TAMS 0x00000000e8a00000| PB 0x00000000e8a00000| Untracked 
| 139|0x00000000e8b00000, 0x00000000e8b00000, 0x00000000e8c00000|  0%| F|  |TAMS 0x00000000e8b00000| PB 0x00000000e8b00000| Untracked 
| 140|0x00000000e8c00000, 0x00000000e8c00000, 0x00000000e8d00000|  0%| F|  |TAMS 0x00000000e8c00000| PB 0x00000000e8c00000| Untracked 
| 141|0x00000000e8d00000, 0x00000000e8d00000, 0x00000000e8e00000|  0%| F|  |TAMS 0x00000000e8d00000| PB 0x00000000e8d00000| Untracked 
| 142|0x00000000e8e00000, 0x00000000e8e00000, 0x00000000e8f00000|  0%| F|  |TAMS 0x00000000e8e00000| PB 0x00000000e8e00000| Untracked 
| 143|0x00000000e8f00000, 0x00000000e8f00000, 0x00000000e9000000|  0%| F|  |TAMS 0x00000000e8f00000| PB 0x00000000e8f00000| Untracked 
| 144|0x00000000e9000000, 0x00000000e9000000, 0x00000000e9100000|  0%| F|  |TAMS 0x00000000e9000000| PB 0x00000000e9000000| Untracked 
| 145|0x00000000e9100000, 0x00000000e9100000, 0x00000000e9200000|  0%| F|  |TAMS 0x00000000e9100000| PB 0x00000000e9100000| Untracked 
| 146|0x00000000e9200000, 0x00000000e9300000, 0x00000000e9300000|100%| E|  |TAMS 0x00000000e9200000| PB 0x00000000e9200000| Complete 
| 147|0x00000000e9300000, 0x00000000e9400000, 0x00000000e9400000|100%| E|CS|TAMS 0x00000000e9300000| PB 0x00000000e9300000| Complete 
| 148|0x00000000e9400000, 0x00000000e9500000, 0x00000000e9500000|100%| E|CS|TAMS 0x00000000e9400000| PB 0x00000000e9400000| Complete 
| 149|0x00000000e9500000, 0x00000000e9600000, 0x00000000e9600000|100%| E|CS|TAMS 0x00000000e9500000| PB 0x00000000e9500000| Complete 
| 150|0x00000000e9600000, 0x00000000e9700000, 0x00000000e9700000|100%| E|CS|TAMS 0x00000000e9600000| PB 0x00000000e9600000| Complete 
| 151|0x00000000e9700000, 0x00000000e9800000, 0x00000000e9800000|100%| E|CS|TAMS 0x00000000e9700000| PB 0x00000000e9700000| Complete 
| 152|0x00000000e9800000, 0x00000000e9900000, 0x00000000e9900000|100%| E|CS|TAMS 0x00000000e9800000| PB 0x00000000e9800000| Complete 
| 153|0x00000000e9900000, 0x00000000e9a00000, 0x00000000e9a00000|100%| E|CS|TAMS 0x00000000e9900000| PB 0x00000000e9900000| Complete 
| 154|0x00000000e9a00000, 0x00000000e9b00000, 0x00000000e9b00000|100%| E|CS|TAMS 0x00000000e9a00000| PB 0x00000000e9a00000| Complete 
| 155|0x00000000e9b00000, 0x00000000e9c00000, 0x00000000e9c00000|100%| E|CS|TAMS 0x00000000e9b00000| PB 0x00000000e9b00000| Complete 
| 156|0x00000000e9c00000, 0x00000000e9d00000, 0x00000000e9d00000|100%| E|CS|TAMS 0x00000000e9c00000| PB 0x00000000e9c00000| Complete 
| 157|0x00000000e9d00000, 0x00000000e9e00000, 0x00000000e9e00000|100%| E|CS|TAMS 0x00000000e9d00000| PB 0x00000000e9d00000| Complete 
| 158|0x00000000e9e00000, 0x00000000e9f00000, 0x00000000e9f00000|100%| E|CS|TAMS 0x00000000e9e00000| PB 0x00000000e9e00000| Complete 
| 159|0x00000000e9f00000, 0x00000000ea000000, 0x00000000ea000000|100%| E|CS|TAMS 0x00000000e9f00000| PB 0x00000000e9f00000| Complete 
| 160|0x00000000ea000000, 0x00000000ea100000, 0x00000000ea100000|100%| E|CS|TAMS 0x00000000ea000000| PB 0x00000000ea000000| Complete 
| 161|0x00000000ea100000, 0x00000000ea200000, 0x00000000ea200000|100%| E|CS|TAMS 0x00000000ea100000| PB 0x00000000ea100000| Complete 
| 162|0x00000000ea200000, 0x00000000ea300000, 0x00000000ea300000|100%| E|CS|TAMS 0x00000000ea200000| PB 0x00000000ea200000| Complete 
| 163|0x00000000ea300000, 0x00000000ea400000, 0x00000000ea400000|100%| E|CS|TAMS 0x00000000ea300000| PB 0x00000000ea300000| Complete 
| 164|0x00000000ea400000, 0x00000000ea500000, 0x00000000ea500000|100%| E|CS|TAMS 0x00000000ea400000| PB 0x00000000ea400000| Complete 
| 165|0x00000000ea500000, 0x00000000ea600000, 0x00000000ea600000|100%| E|CS|TAMS 0x00000000ea500000| PB 0x00000000ea500000| Complete 
| 166|0x00000000ea600000, 0x00000000ea700000, 0x00000000ea700000|100%| E|CS|TAMS 0x00000000ea600000| PB 0x00000000ea600000| Complete 
| 167|0x00000000ea700000, 0x00000000ea800000, 0x00000000ea800000|100%| E|CS|TAMS 0x00000000ea700000| PB 0x00000000ea700000| Complete 
| 168|0x00000000ea800000, 0x00000000ea900000, 0x00000000ea900000|100%| E|CS|TAMS 0x00000000ea800000| PB 0x00000000ea800000| Complete 
| 169|0x00000000ea900000, 0x00000000eaa00000, 0x00000000eaa00000|100%| E|CS|TAMS 0x00000000ea900000| PB 0x00000000ea900000| Complete 
| 170|0x00000000eaa00000, 0x00000000eab00000, 0x00000000eab00000|100%| E|CS|TAMS 0x00000000eaa00000| PB 0x00000000eaa00000| Complete 
| 171|0x00000000eab00000, 0x00000000eac00000, 0x00000000eac00000|100%| E|CS|TAMS 0x00000000eab00000| PB 0x00000000eab00000| Complete 
| 172|0x00000000eac00000, 0x00000000ead00000, 0x00000000ead00000|100%| E|CS|TAMS 0x00000000eac00000| PB 0x00000000eac00000| Complete 
| 173|0x00000000ead00000, 0x00000000eae00000, 0x00000000eae00000|100%| E|CS|TAMS 0x00000000ead00000| PB 0x00000000ead00000| Complete 
| 174|0x00000000eae00000, 0x00000000eaf00000, 0x00000000eaf00000|100%| E|CS|TAMS 0x00000000eae00000| PB 0x00000000eae00000| Complete 
| 175|0x00000000eaf00000, 0x00000000eb000000, 0x00000000eb000000|100%| E|CS|TAMS 0x00000000eaf00000| PB 0x00000000eaf00000| Complete 
| 176|0x00000000eb000000, 0x00000000eb100000, 0x00000000eb100000|100%| E|CS|TAMS 0x00000000eb000000| PB 0x00000000eb000000| Complete 
| 177|0x00000000eb100000, 0x00000000eb200000, 0x00000000eb200000|100%| E|CS|TAMS 0x00000000eb100000| PB 0x00000000eb100000| Complete 
| 178|0x00000000eb200000, 0x00000000eb300000, 0x00000000eb300000|100%| E|CS|TAMS 0x00000000eb200000| PB 0x00000000eb200000| Complete 
| 179|0x00000000eb300000, 0x00000000eb400000, 0x00000000eb400000|100%| E|CS|TAMS 0x00000000eb300000| PB 0x00000000eb300000| Complete 
| 180|0x00000000eb400000, 0x00000000eb500000, 0x00000000eb500000|100%| E|CS|TAMS 0x00000000eb400000| PB 0x00000000eb400000| Complete 
| 181|0x00000000eb500000, 0x00000000eb600000, 0x00000000eb600000|100%| E|CS|TAMS 0x00000000eb500000| PB 0x00000000eb500000| Complete 
| 182|0x00000000eb600000, 0x00000000eb700000, 0x00000000eb700000|100%| E|CS|TAMS 0x00000000eb600000| PB 0x00000000eb600000| Complete 
| 183|0x00000000eb700000, 0x00000000eb800000, 0x00000000eb800000|100%| E|CS|TAMS 0x00000000eb700000| PB 0x00000000eb700000| Complete 
| 184|0x00000000eb800000, 0x00000000eb900000, 0x00000000eb900000|100%| E|CS|TAMS 0x00000000eb800000| PB 0x00000000eb800000| Complete 
| 185|0x00000000eb900000, 0x00000000eba00000, 0x00000000eba00000|100%| E|CS|TAMS 0x00000000eb900000| PB 0x00000000eb900000| Complete 
| 186|0x00000000eba00000, 0x00000000ebb00000, 0x00000000ebb00000|100%| E|CS|TAMS 0x00000000eba00000| PB 0x00000000eba00000| Complete 
| 187|0x00000000ebb00000, 0x00000000ebc00000, 0x00000000ebc00000|100%| E|CS|TAMS 0x00000000ebb00000| PB 0x00000000ebb00000| Complete 
| 188|0x00000000ebc00000, 0x00000000ebd00000, 0x00000000ebd00000|100%| E|CS|TAMS 0x00000000ebc00000| PB 0x00000000ebc00000| Complete 
| 189|0x00000000ebd00000, 0x00000000ebe00000, 0x00000000ebe00000|100%| E|CS|TAMS 0x00000000ebd00000| PB 0x00000000ebd00000| Complete 
| 190|0x00000000ebe00000, 0x00000000ebf00000, 0x00000000ebf00000|100%| E|CS|TAMS 0x00000000ebe00000| PB 0x00000000ebe00000| Complete 
| 191|0x00000000ebf00000, 0x00000000ec000000, 0x00000000ec000000|100%| E|CS|TAMS 0x00000000ebf00000| PB 0x00000000ebf00000| Complete 
| 192|0x00000000ec000000, 0x00000000ec100000, 0x00000000ec100000|100%| E|CS|TAMS 0x00000000ec000000| PB 0x00000000ec000000| Complete 
| 193|0x00000000ec100000, 0x00000000ec200000, 0x00000000ec200000|100%| E|CS|TAMS 0x00000000ec100000| PB 0x00000000ec100000| Complete 
| 194|0x00000000ec200000, 0x00000000ec300000, 0x00000000ec300000|100%| E|CS|TAMS 0x00000000ec200000| PB 0x00000000ec200000| Complete 
| 195|0x00000000ec300000, 0x00000000ec400000, 0x00000000ec400000|100%| E|CS|TAMS 0x00000000ec300000| PB 0x00000000ec300000| Complete 
| 196|0x00000000ec400000, 0x00000000ec500000, 0x00000000ec500000|100%| E|CS|TAMS 0x00000000ec400000| PB 0x00000000ec400000| Complete 
| 197|0x00000000ec500000, 0x00000000ec600000, 0x00000000ec600000|100%| E|CS|TAMS 0x00000000ec500000| PB 0x00000000ec500000| Complete 
| 198|0x00000000ec600000, 0x00000000ec700000, 0x00000000ec700000|100%| E|CS|TAMS 0x00000000ec600000| PB 0x00000000ec600000| Complete 
| 199|0x00000000ec700000, 0x00000000ec800000, 0x00000000ec800000|100%| E|CS|TAMS 0x00000000ec700000| PB 0x00000000ec700000| Complete 
| 200|0x00000000ec800000, 0x00000000ec900000, 0x00000000ec900000|100%| E|CS|TAMS 0x00000000ec800000| PB 0x00000000ec800000| Complete 
| 201|0x00000000ec900000, 0x00000000eca00000, 0x00000000eca00000|100%| E|CS|TAMS 0x00000000ec900000| PB 0x00000000ec900000| Complete 
| 202|0x00000000eca00000, 0x00000000ecb00000, 0x00000000ecb00000|100%| E|CS|TAMS 0x00000000eca00000| PB 0x00000000eca00000| Complete 
| 203|0x00000000ecb00000, 0x00000000ecc00000, 0x00000000ecc00000|100%| E|CS|TAMS 0x00000000ecb00000| PB 0x00000000ecb00000| Complete 
| 204|0x00000000ecc00000, 0x00000000ecd00000, 0x00000000ecd00000|100%| E|CS|TAMS 0x00000000ecc00000| PB 0x00000000ecc00000| Complete 
| 205|0x00000000ecd00000, 0x00000000ece00000, 0x00000000ece00000|100%| E|CS|TAMS 0x00000000ecd00000| PB 0x00000000ecd00000| Complete 
| 206|0x00000000ece00000, 0x00000000ecf00000, 0x00000000ecf00000|100%| E|CS|TAMS 0x00000000ece00000| PB 0x00000000ece00000| Complete 
| 207|0x00000000ecf00000, 0x00000000ed000000, 0x00000000ed000000|100%| E|CS|TAMS 0x00000000ecf00000| PB 0x00000000ecf00000| Complete 
| 208|0x00000000ed000000, 0x00000000ed100000, 0x00000000ed100000|100%| E|CS|TAMS 0x00000000ed000000| PB 0x00000000ed000000| Complete 
| 209|0x00000000ed100000, 0x00000000ed200000, 0x00000000ed200000|100%| E|CS|TAMS 0x00000000ed100000| PB 0x00000000ed100000| Complete 
| 210|0x00000000ed200000, 0x00000000ed300000, 0x00000000ed300000|100%| E|CS|TAMS 0x00000000ed200000| PB 0x00000000ed200000| Complete 
| 211|0x00000000ed300000, 0x00000000ed400000, 0x00000000ed400000|100%| E|CS|TAMS 0x00000000ed300000| PB 0x00000000ed300000| Complete 
| 212|0x00000000ed400000, 0x00000000ed500000, 0x00000000ed500000|100%| E|CS|TAMS 0x00000000ed400000| PB 0x00000000ed400000| Complete 
| 213|0x00000000ed500000, 0x00000000ed600000, 0x00000000ed600000|100%| E|CS|TAMS 0x00000000ed500000| PB 0x00000000ed500000| Complete 
| 214|0x00000000ed600000, 0x00000000ed700000, 0x00000000ed700000|100%| E|CS|TAMS 0x00000000ed600000| PB 0x00000000ed600000| Complete 
| 215|0x00000000ed700000, 0x00000000ed800000, 0x00000000ed800000|100%| E|CS|TAMS 0x00000000ed700000| PB 0x00000000ed700000| Complete 
| 216|0x00000000ed800000, 0x00000000ed900000, 0x00000000ed900000|100%| E|CS|TAMS 0x00000000ed800000| PB 0x00000000ed800000| Complete 
| 217|0x00000000ed900000, 0x00000000eda00000, 0x00000000eda00000|100%| E|CS|TAMS 0x00000000ed900000| PB 0x00000000ed900000| Complete 
| 218|0x00000000eda00000, 0x00000000edb00000, 0x00000000edb00000|100%| E|CS|TAMS 0x00000000eda00000| PB 0x00000000eda00000| Complete 
| 219|0x00000000edb00000, 0x00000000edc00000, 0x00000000edc00000|100%| E|CS|TAMS 0x00000000edb00000| PB 0x00000000edb00000| Complete 
| 220|0x00000000edc00000, 0x00000000edd00000, 0x00000000edd00000|100%| E|CS|TAMS 0x00000000edc00000| PB 0x00000000edc00000| Complete 
| 221|0x00000000edd00000, 0x00000000ede00000, 0x00000000ede00000|100%| E|CS|TAMS 0x00000000edd00000| PB 0x00000000edd00000| Complete 
| 222|0x00000000ede00000, 0x00000000edf00000, 0x00000000edf00000|100%| E|CS|TAMS 0x00000000ede00000| PB 0x00000000ede00000| Complete 
| 223|0x00000000edf00000, 0x00000000ee000000, 0x00000000ee000000|100%| E|  |TAMS 0x00000000edf00000| PB 0x00000000edf00000| Complete 
| 224|0x00000000ee000000, 0x00000000ee100000, 0x00000000ee100000|100%| E|CS|TAMS 0x00000000ee000000| PB 0x00000000ee000000| Complete 
| 225|0x00000000ee100000, 0x00000000ee200000, 0x00000000ee200000|100%| E|CS|TAMS 0x00000000ee100000| PB 0x00000000ee100000| Complete 
| 226|0x00000000ee200000, 0x00000000ee300000, 0x00000000ee300000|100%| E|CS|TAMS 0x00000000ee200000| PB 0x00000000ee200000| Complete 
| 227|0x00000000ee300000, 0x00000000ee400000, 0x00000000ee400000|100%| E|CS|TAMS 0x00000000ee300000| PB 0x00000000ee300000| Complete 
| 228|0x00000000ee400000, 0x00000000ee500000, 0x00000000ee500000|100%| E|CS|TAMS 0x00000000ee400000| PB 0x00000000ee400000| Complete 
| 229|0x00000000ee500000, 0x00000000ee600000, 0x00000000ee600000|100%| E|CS|TAMS 0x00000000ee500000| PB 0x00000000ee500000| Complete 
| 230|0x00000000ee600000, 0x00000000ee700000, 0x00000000ee700000|100%| E|CS|TAMS 0x00000000ee600000| PB 0x00000000ee600000| Complete 
| 231|0x00000000ee700000, 0x00000000ee800000, 0x00000000ee800000|100%| E|CS|TAMS 0x00000000ee700000| PB 0x00000000ee700000| Complete 
| 232|0x00000000ee800000, 0x00000000ee900000, 0x00000000ee900000|100%| E|CS|TAMS 0x00000000ee800000| PB 0x00000000ee800000| Complete 
| 233|0x00000000ee900000, 0x00000000eea00000, 0x00000000eea00000|100%| E|CS|TAMS 0x00000000ee900000| PB 0x00000000ee900000| Complete 
| 234|0x00000000eea00000, 0x00000000eeb00000, 0x00000000eeb00000|100%| E|CS|TAMS 0x00000000eea00000| PB 0x00000000eea00000| Complete 
| 235|0x00000000eeb00000, 0x00000000eec00000, 0x00000000eec00000|100%| E|CS|TAMS 0x00000000eeb00000| PB 0x00000000eeb00000| Complete 
| 236|0x00000000eec00000, 0x00000000eed00000, 0x00000000eed00000|100%| E|CS|TAMS 0x00000000eec00000| PB 0x00000000eec00000| Complete 
| 237|0x00000000eed00000, 0x00000000eee00000, 0x00000000eee00000|100%| E|CS|TAMS 0x00000000eed00000| PB 0x00000000eed00000| Complete 
| 238|0x00000000eee00000, 0x00000000eef00000, 0x00000000eef00000|100%| E|CS|TAMS 0x00000000eee00000| PB 0x00000000eee00000| Complete 
| 239|0x00000000eef00000, 0x00000000ef000000, 0x00000000ef000000|100%| E|CS|TAMS 0x00000000eef00000| PB 0x00000000eef00000| Complete 
| 240|0x00000000ef000000, 0x00000000ef0a8310, 0x00000000ef100000| 65%| S|CS|TAMS 0x00000000ef000000| PB 0x00000000ef000000| Complete 
| 241|0x00000000ef100000, 0x00000000ef200000, 0x00000000ef200000|100%| S|CS|TAMS 0x00000000ef100000| PB 0x00000000ef100000| Complete 
| 242|0x00000000ef200000, 0x00000000ef300000, 0x00000000ef300000|100%| S|CS|TAMS 0x00000000ef200000| PB 0x00000000ef200000| Complete 
| 243|0x00000000ef300000, 0x00000000ef400000, 0x00000000ef400000|100%| S|CS|TAMS 0x00000000ef300000| PB 0x00000000ef300000| Complete 
| 244|0x00000000ef400000, 0x00000000ef500000, 0x00000000ef500000|100%| S|CS|TAMS 0x00000000ef400000| PB 0x00000000ef400000| Complete 
| 245|0x00000000ef500000, 0x00000000ef600000, 0x00000000ef600000|100%| S|CS|TAMS 0x00000000ef500000| PB 0x00000000ef500000| Complete 
| 246|0x00000000ef600000, 0x00000000ef700000, 0x00000000ef700000|100%| E|CS|TAMS 0x00000000ef600000| PB 0x00000000ef600000| Complete 
| 247|0x00000000ef700000, 0x00000000ef800000, 0x00000000ef800000|100%| E|CS|TAMS 0x00000000ef700000| PB 0x00000000ef700000| Complete 
| 248|0x00000000ef800000, 0x00000000ef900000, 0x00000000ef900000|100%| E|CS|TAMS 0x00000000ef800000| PB 0x00000000ef800000| Complete 
| 249|0x00000000ef900000, 0x00000000efa00000, 0x00000000efa00000|100%| E|CS|TAMS 0x00000000ef900000| PB 0x00000000ef900000| Complete 
| 250|0x00000000efa00000, 0x00000000efb00000, 0x00000000efb00000|100%| E|CS|TAMS 0x00000000efa00000| PB 0x00000000efa00000| Complete 
| 251|0x00000000efb00000, 0x00000000efc00000, 0x00000000efc00000|100%| E|CS|TAMS 0x00000000efb00000| PB 0x00000000efb00000| Complete 
| 252|0x00000000efc00000, 0x00000000efd00000, 0x00000000efd00000|100%| E|CS|TAMS 0x00000000efc00000| PB 0x00000000efc00000| Complete 
| 253|0x00000000efd00000, 0x00000000efe00000, 0x00000000efe00000|100%| S|CS|TAMS 0x00000000efd00000| PB 0x00000000efd00000| Complete 
| 254|0x00000000efe00000, 0x00000000eff00000, 0x00000000eff00000|100%| E|CS|TAMS 0x00000000efe00000| PB 0x00000000efe00000| Complete 
| 255|0x00000000eff00000, 0x00000000f0000000, 0x00000000f0000000|100%| E|CS|TAMS 0x00000000eff00000| PB 0x00000000eff00000| Complete 

Card table byte_map: [0x0000020a5f270000,0x0000020a5f370000] _byte_map_base: 0x0000020a5eb70000

Marking Bits: (CMBitMap*) 0x0000020a4aefaa90
 Bits: [0x0000020a5f370000, 0x0000020a5fb70000)

Polling page: 0x0000020a4abf0000

Metaspace:

Usage:
  Non-class:     38.99 MB used.
      Class:      6.80 MB used.
       Both:     45.79 MB used.

Virtual space:
  Non-class space:       64.00 MB reserved,      39.88 MB ( 62%) committed,  1 nodes.
      Class space:      320.00 MB reserved,       7.69 MB (  2%) committed,  1 nodes.
             Both:      384.00 MB reserved,      47.56 MB ( 12%) committed. 

Chunk freelists:
   Non-Class:  7.73 MB
       Class:  8.28 MB
        Both:  16.02 MB

MaxMetaspaceSize: 384.00 MB
CompressedClassSpaceSize: 320.00 MB
Initial GC threshold: 21.00 MB
Current GC threshold: 59.81 MB
CDS: on
 - commit_granule_bytes: 65536.
 - commit_granule_words: 8192.
 - virtual_space_node_default_size: 8388608.
 - enlarge_chunks_in_place: 1.
 - use_allocation_guard: 0.


Internal statistics:

num_allocs_failed_limit: 12.
num_arena_births: 3358.
num_arena_deaths: 0.
num_vsnodes_births: 2.
num_vsnodes_deaths: 0.
num_space_committed: 761.
num_space_uncommitted: 0.
num_chunks_returned_to_freelist: 12.
num_chunks_taken_from_freelist: 5770.
num_chunk_merges: 12.
num_chunk_splits: 3685.
num_chunks_enlarged: 2153.
num_inconsistent_stats: 0.

CodeHeap 'non-profiled nmethods': size=120000Kb used=3289Kb max_used=3289Kb free=116710Kb
 bounds [0x0000020a571c0000, 0x0000020a57500000, 0x0000020a5e6f0000]
CodeHeap 'profiled nmethods': size=120000Kb used=9738Kb max_used=9738Kb free=110261Kb
 bounds [0x0000020a4f6f0000, 0x0000020a50080000, 0x0000020a56c20000]
CodeHeap 'non-nmethods': size=5760Kb used=2070Kb max_used=2096Kb free=3689Kb
 bounds [0x0000020a56c20000, 0x0000020a56e90000, 0x0000020a571c0000]
CodeCache: size=245760Kb, used=15097Kb, max_used=15123Kb, free=230660Kb
 total_blobs=5844, nmethods=5087, adapters=662, full_count=0
Compilation: enabled, stopped_count=0, restarted_count=0

Compilation events (20 events):
Event: 184.254 Thread 0x0000020a62614e10 5542       1       org.gradle.internal.component.external.model.DefaultModuleComponentSelector::hashCode (5 bytes)
Event: 184.254 Thread 0x0000020a62614e10 nmethod 5542 0x0000020a574f5410 code [0x0000020a574f55a0, 0x0000020a574f5668]
Event: 184.325 Thread 0x0000020a62614e10 5543       1       org.gradle.api.internal.artifacts.ivyservice.resolveengine.graph.builder.ResolveState::getAttributesFactory (5 bytes)
Event: 184.325 Thread 0x0000020a62614e10 nmethod 5543 0x0000020a574f5710 code [0x0000020a574f58a0, 0x0000020a574f5968]
Event: 184.350 Thread 0x0000020a62614e10 5544       3       org.gradle.api.internal.artifacts.ivyservice.resolveengine.graph.builder.ComponentState::alreadyResolved (20 bytes)
Event: 184.350 Thread 0x0000020a62614e10 nmethod 5544 0x0000020a50068290 code [0x0000020a50068440, 0x0000020a500685d8]
Event: 184.444 Thread 0x0000020a62614e10 5545       3       org.gradle.internal.snapshot.impl.AbstractScalarValueSnapshot::hashCode (8 bytes)
Event: 184.445 Thread 0x0000020a62614e10 nmethod 5545 0x0000020a50068690 code [0x0000020a50068840, 0x0000020a50068a18]
Event: 184.445 Thread 0x0000020a62614e10 5546       3       com.google.common.collect.RegularImmutableMap$Values::get (15 bytes)
Event: 184.445 Thread 0x0000020a62614e10 nmethod 5546 0x0000020a50068b10 code [0x0000020a50068cc0, 0x0000020a50068ec8]
Event: 184.445 Thread 0x0000020a62614e10 5547       3       org.gradle.api.internal.attributes.DefaultAttributesFactory::doConcatEntry (77 bytes)
Event: 184.446 Thread 0x0000020a62614e10 nmethod 5547 0x0000020a50069010 code [0x0000020a500692c0, 0x0000020a5006a138]
Event: 184.446 Thread 0x0000020a62614e10 5548       3       org.gradle.api.internal.attributes.DefaultAttributesFactory::assertAttributeNotAlreadyPresent (51 bytes)
Event: 184.446 Thread 0x0000020a62614e10 nmethod 5548 0x0000020a5006a590 code [0x0000020a5006a780, 0x0000020a5006ac38]
Event: 184.782 Thread 0x0000020a62614e10 5549       3       java.lang.invoke.DirectMethodHandle$Holder::invokeStatic (15 bytes)
Event: 184.782 Thread 0x0000020a62614e10 nmethod 5549 0x0000020a5006ae10 code [0x0000020a5006afe0, 0x0000020a5006b540]
Event: 184.790 Thread 0x0000020a62614e10 5550       3       org.gradle.api.internal.attributes.DefaultImmutableAttributesContainer::getEntries (8 bytes)
Event: 184.790 Thread 0x0000020a62614e10 nmethod 5550 0x0000020a5006b690 code [0x0000020a5006b840, 0x0000020a5006ba18]
Event: 184.905 Thread 0x0000020a62614e10 5551       3       java.io.DataOutputStream::<init> (19 bytes)
Event: 184.906 Thread 0x0000020a62614e10 nmethod 5551 0x0000020a5006bb10 code [0x0000020a5006bce0, 0x0000020a5006c198]

GC Heap History (12 events):
Event: 17.941 GC heap before
{Heap before GC invocations=0 (full 0):
 garbage-first heap   total 262144K, used 27648K [0x00000000e0000000, 0x0000000100000000)
  region size 1024K, 23 young (23552K), 0 survivors (0K)
 Metaspace       used 3023K, committed 3200K, reserved 393216K
  class space    used 364K, committed 448K, reserved 327680K
}
Event: 18.196 GC heap after
{Heap after GC invocations=1 (full 0):
 garbage-first heap   total 262144K, used 11007K [0x00000000e0000000, 0x0000000100000000)
  region size 1024K, 3 young (3072K), 3 survivors (3072K)
 Metaspace       used 3023K, committed 3200K, reserved 393216K
  class space    used 364K, committed 448K, reserved 327680K
}
Event: 30.083 GC heap before
{Heap before GC invocations=1 (full 0):
 garbage-first heap   total 262144K, used 40703K [0x00000000e0000000, 0x0000000100000000)
  region size 1024K, 31 young (31744K), 3 survivors (3072K)
 Metaspace       used 4699K, committed 4864K, reserved 393216K
  class space    used 597K, committed 704K, reserved 327680K
}
Event: 30.087 GC heap after
{Heap after GC invocations=2 (full 0):
 garbage-first heap   total 262144K, used 15418K [0x00000000e0000000, 0x0000000100000000)
  region size 1024K, 3 young (3072K), 3 survivors (3072K)
 Metaspace       used 4699K, committed 4864K, reserved 393216K
  class space    used 597K, committed 704K, reserved 327680K
}
Event: 117.669 GC heap before
{Heap before GC invocations=2 (full 0):
 garbage-first heap   total 262144K, used 124986K [0x00000000e0000000, 0x0000000100000000)
  region size 1024K, 111 young (113664K), 3 survivors (3072K)
 Metaspace       used 20783K, committed 21504K, reserved 393216K
  class space    used 2958K, committed 3328K, reserved 327680K
}
Event: 117.773 GC heap after
{Heap after GC invocations=3 (full 0):
 garbage-first heap   total 262144K, used 24634K [0x00000000e0000000, 0x0000000100000000)
  region size 1024K, 12 young (12288K), 12 survivors (12288K)
 Metaspace       used 20783K, committed 21504K, reserved 393216K
  class space    used 2958K, committed 3328K, reserved 327680K
}
Event: 131.203 GC heap before
{Heap before GC invocations=4 (full 0):
 garbage-first heap   total 262144K, used 126010K [0x00000000e0000000, 0x0000000100000000)
  region size 1024K, 111 young (113664K), 12 survivors (12288K)
 Metaspace       used 34637K, committed 35968K, reserved 393216K
  class space    used 4971K, committed 5632K, reserved 327680K
}
Event: 131.221 GC heap after
{Heap after GC invocations=5 (full 0):
 garbage-first heap   total 262144K, used 30376K [0x00000000e0000000, 0x0000000100000000)
  region size 1024K, 6 young (6144K), 6 survivors (6144K)
 Metaspace       used 34637K, committed 35968K, reserved 393216K
  class space    used 4971K, committed 5632K, reserved 327680K
}
Event: 131.795 GC heap before
{Heap before GC invocations=5 (full 0):
 garbage-first heap   total 262144K, used 32424K [0x00000000e0000000, 0x0000000100000000)
  region size 1024K, 9 young (9216K), 6 survivors (6144K)
 Metaspace       used 34913K, committed 36288K, reserved 393216K
  class space    used 5001K, committed 5696K, reserved 327680K
}
Event: 131.807 GC heap after
{Heap after GC invocations=6 (full 0):
 garbage-first heap   total 262144K, used 30937K [0x00000000e0000000, 0x0000000100000000)
  region size 1024K, 7 young (7168K), 7 survivors (7168K)
 Metaspace       used 34913K, committed 36288K, reserved 393216K
  class space    used 5001K, committed 5696K, reserved 327680K
}
Event: 132.180 GC heap before
{Heap before GC invocations=6 (full 0):
 garbage-first heap   total 262144K, used 31961K [0x00000000e0000000, 0x0000000100000000)
  region size 1024K, 9 young (9216K), 7 survivors (7168K)
 Metaspace       used 35283K, committed 36608K, reserved 393216K
  class space    used 5029K, committed 5696K, reserved 327680K
}
Event: 132.189 GC heap after
{Heap after GC invocations=7 (full 0):
 garbage-first heap   total 262144K, used 31149K [0x00000000e0000000, 0x0000000100000000)
  region size 1024K, 7 young (7168K), 7 survivors (7168K)
 Metaspace       used 35283K, committed 36608K, reserved 393216K
  class space    used 5029K, committed 5696K, reserved 327680K
}

Dll operation events (20 events):
Event: 3.592 Attempting to load shared library C:\Users\user\.vscode\extensions\redhat.java-1.56.0-win32-x64\jre\21.0.12.1-win32-x86_64\bin\nio.dll
Event: 3.597 Loaded shared library C:\Users\user\.vscode\extensions\redhat.java-1.56.0-win32-x64\jre\21.0.12.1-win32-x86_64\bin\nio.dll
Event: 3.709 Attempting to load shared library C:\Users\user\.vscode\extensions\redhat.java-1.56.0-win32-x64\jre\21.0.12.1-win32-x86_64\bin\zip.dll
Event: 3.709 Loaded shared library C:\Users\user\.vscode\extensions\redhat.java-1.56.0-win32-x64\jre\21.0.12.1-win32-x86_64\bin\zip.dll
Event: 10.010 Attempting to load shared library C:\Users\user\.vscode\extensions\redhat.java-1.56.0-win32-x64\jre\21.0.12.1-win32-x86_64\bin\jimage.dll
Event: 10.010 Loaded shared library C:\Users\user\.vscode\extensions\redhat.java-1.56.0-win32-x64\jre\21.0.12.1-win32-x86_64\bin\jimage.dll
Event: 14.535 Attempting to load shared library C:\Users\user\.vscode\extensions\redhat.java-1.56.0-win32-x64\jre\21.0.12.1-win32-x86_64\bin\verify.dll
Event: 14.545 Loaded shared library C:\Users\user\.vscode\extensions\redhat.java-1.56.0-win32-x64\jre\21.0.12.1-win32-x86_64\bin\verify.dll
Event: 15.814 Attempting to load shared library C:\Users\user\.gradle\native\660c5614fbf4a5f2a75b1949f50a0caf5cd603558e7d8a26e50b933a0cfb79d1\windows-amd64\native-platform.dll
Event: 15.821 Loaded shared library C:\Users\user\.gradle\native\660c5614fbf4a5f2a75b1949f50a0caf5cd603558e7d8a26e50b933a0cfb79d1\windows-amd64\native-platform.dll
Event: 16.328 Attempting to load shared library C:\Users\user\.gradle\native\0.2.8\x86_64-windows-gnu\gradle-fileevents.dll
Event: 16.333 Loaded shared library C:\Users\user\.gradle\native\0.2.8\x86_64-windows-gnu\gradle-fileevents.dll
Event: 41.841 Attempting to load shared library C:\Users\user\.vscode\extensions\redhat.java-1.56.0-win32-x64\jre\21.0.12.1-win32-x86_64\bin\management.dll
Event: 41.846 Loaded shared library C:\Users\user\.vscode\extensions\redhat.java-1.56.0-win32-x64\jre\21.0.12.1-win32-x86_64\bin\management.dll
Event: 41.857 Attempting to load shared library C:\Users\user\.vscode\extensions\redhat.java-1.56.0-win32-x64\jre\21.0.12.1-win32-x86_64\bin\management_ext.dll
Event: 41.863 Loaded shared library C:\Users\user\.vscode\extensions\redhat.java-1.56.0-win32-x64\jre\21.0.12.1-win32-x86_64\bin\management_ext.dll
Event: 54.638 Attempting to load shared library C:\Users\user\.vscode\extensions\redhat.java-1.56.0-win32-x64\jre\21.0.12.1-win32-x86_64\bin\extnet.dll
Event: 54.656 Loaded shared library C:\Users\user\.vscode\extensions\redhat.java-1.56.0-win32-x64\jre\21.0.12.1-win32-x86_64\bin\extnet.dll
Event: 111.502 Attempting to load shared library C:\Users\user\.vscode\extensions\redhat.java-1.56.0-win32-x64\jre\21.0.12.1-win32-x86_64\bin\sunmscapi.dll
Event: 111.537 Loaded shared library C:\Users\user\.vscode\extensions\redhat.java-1.56.0-win32-x64\jre\21.0.12.1-win32-x86_64\bin\sunmscapi.dll

Deoptimization events (20 events):
Event: 181.140 Thread 0x0000020a7da855f0 Uncommon trap: trap_request=0xffffffde fr.pc=0x0000020a574c19c8 relative=0x00000000000007a8
Event: 181.140 Thread 0x0000020a7da855f0 Uncommon trap: reason=class_check action=maybe_recompile pc=0x0000020a574c19c8 method=org.gradle.internal.instantiation.generator.AbstractClassGenerator$InjectionAnnotationValidator.validateMethod(Ljava/lang/reflect/Method;Lorg/gradle/internal/reflect/Pro
Event: 181.140 Thread 0x0000020a7da855f0 DEOPT PACKING pc=0x0000020a574c19c8 sp=0x000000933b4f7a40
Event: 181.140 Thread 0x0000020a7da855f0 DEOPT UNPACKING pc=0x0000020a56c77ba2 sp=0x000000933b4f7a08 mode 2
Event: 181.366 Thread 0x0000020a7da855f0 Uncommon trap: trap_request=0xffffff45 fr.pc=0x0000020a573f0050 relative=0x0000000000000130
Event: 181.366 Thread 0x0000020a7da855f0 Uncommon trap: reason=unstable_if action=reinterpret pc=0x0000020a573f0050 method=java.util.Arrays.hashCode([Ljava/lang/Object;)I @ 34 c2
Event: 181.366 Thread 0x0000020a7da855f0 DEOPT PACKING pc=0x0000020a573f0050 sp=0x000000933b4f8a00
Event: 181.366 Thread 0x0000020a7da855f0 DEOPT UNPACKING pc=0x0000020a56c77ba2 sp=0x000000933b4f8978 mode 2
Event: 182.682 Thread 0x0000020a7da855f0 DEOPT PACKING pc=0x0000020a4f85a939 sp=0x000000933b4f6650
Event: 182.682 Thread 0x0000020a7da855f0 DEOPT UNPACKING pc=0x0000020a56c786e2 sp=0x000000933b4f5b50 mode 0
Event: 182.919 Thread 0x0000020a7da855f0 DEOPT PACKING pc=0x0000020a4fbfb1c6 sp=0x000000933b4f6580
Event: 182.919 Thread 0x0000020a7da855f0 DEOPT UNPACKING pc=0x0000020a56c786e2 sp=0x000000933b4f5b00 mode 0
Event: 184.959 Thread 0x0000020a7da855f0 Uncommon trap: trap_request=0xffffff45 fr.pc=0x0000020a572e7dbc relative=0x00000000000005bc
Event: 184.959 Thread 0x0000020a7da855f0 Uncommon trap: reason=unstable_if action=reinterpret pc=0x0000020a572e7dbc method=java.lang.AbstractStringBuilder.inflateIfNeededFor(Ljava/lang/String;)V @ 14 c2
Event: 184.960 Thread 0x0000020a7da855f0 DEOPT PACKING pc=0x0000020a572e7dbc sp=0x000000933b4f6c70
Event: 184.960 Thread 0x0000020a7da855f0 DEOPT UNPACKING pc=0x0000020a56c77ba2 sp=0x000000933b4f6b20 mode 2
Event: 184.960 Thread 0x0000020a7da855f0 Uncommon trap: trap_request=0xffffff45 fr.pc=0x0000020a5722cc10 relative=0x0000000000000550
Event: 184.960 Thread 0x0000020a7da855f0 Uncommon trap: reason=unstable_if action=reinterpret pc=0x0000020a5722cc10 method=java.lang.AbstractStringBuilder.isLatin1()Z @ 10 c2
Event: 184.960 Thread 0x0000020a7da855f0 DEOPT PACKING pc=0x0000020a5722cc10 sp=0x000000933b4f6c80
Event: 184.965 Thread 0x0000020a7da855f0 DEOPT UNPACKING pc=0x0000020a56c77ba2 sp=0x000000933b4f6b20 mode 2

Classes loaded (20 events):
Event: 164.708 Loading class javax/net/ssl/SSLPeerUnverifiedException
Event: 164.708 Loading class javax/net/ssl/SSLException
Event: 164.708 Loading class javax/net/ssl/SSLException done
Event: 164.708 Loading class javax/net/ssl/SSLPeerUnverifiedException done
Event: 164.708 Loading class javax/naming/NamingException
Event: 164.894 Loading class javax/naming/NamingException done
Event: 164.894 Loading class javax/naming/InvalidNameException
Event: 164.894 Loading class javax/naming/InvalidNameException done
Event: 164.895 Loading class java/security/cert/CertificateParsingException
Event: 164.895 Loading class java/security/cert/CertificateException
Event: 164.895 Loading class java/security/cert/CertificateException done
Event: 164.895 Loading class java/security/cert/CertificateParsingException done
Event: 170.319 Loading class java/nio/file/Path$1
Event: 170.319 Loading class java/nio/file/Path$1 done
Event: 179.133 Loading class java/util/ArrayList$SubList$1
Event: 179.133 Loading class java/util/ArrayList$SubList$1 done
Event: 179.333 Loading class java/util/ArrayList$ListItr
Event: 179.333 Loading class java/util/ArrayList$ListItr done
Event: 179.952 Loading class java/util/regex/Pattern$Pos
Event: 179.952 Loading class java/util/regex/Pattern$Pos done

Classes unloaded (0 events):
No events

Classes redefined (0 events):
No events

Internal exceptions (20 events):
Event: 156.472 Thread 0x0000020a7da855f0 Exception <a 'java/lang/NoSuchMethodError'{0x00000000ec04ee48}: 'java.lang.Object java.lang.invoke.DelegatingMethodHandle$Holder.reinvoke_L(java.lang.Object, java.lang.Object, java.lang.Object, java.lang.Object, java.lang.Object, java.lang.Object, java.lang.Object, java.lang.Object, java.lang.Object, java.lang.Object, java.lang.Object, java.lang.Object, java.lang.Object, java.lang.Object, java.lang.Object, java.lang.Object, java.lang.Object, java.lang.Object, java.lang.Object)'> (0x00000000ec04ee48) 
throw
Event: 160.719 Thread 0x0000020a7da855f0 Exception <a 'java/lang/NoSuchMethodError'{0x00000000ebbb52f8}: 'java.lang.Object java.lang.invoke.DelegatingMethodHandle$Holder.reinvoke_L(java.lang.Object, java.lang.Object, java.lang.Object, java.lang.Object, int, java.lang.Object, java.lang.Object, java.lang.Object, java.lang.Object, java.lang.Object, java.lang.Object, java.lang.Object, java.lang.Object)'> (0x00000000ebbb52f8) 
thrown [s\src\hotspot\share\interpreter\linkResolver.cpp, line 773]
Event: 162.033 Thread 0x0000020a7da855f0 Exception <a 'java/lang/NoSuchMethodError'{0x00000000eb818420}: 'java.lang.Object java.lang.invoke.DirectMethodHandle$Holder.newInvokeSpecial(java.lang.Object, java.lang.Object, java.lang.Object, int, java.lang.Object)'> (0x00000000eb818420) 
thrown [s\src\hotspot\share\interpreter\linkResolver.cpp, line 773]
Event: 162.034 Thread 0x0000020a7da855f0 Exception <a 'java/lang/NoSuchMethodError'{0x00000000eb81c890}: 'java.lang.Object java.lang.invoke.Invokers$Holder.linkToTargetMethod(java.lang.Object, java.lang.Object, int, java.lang.Object, java.lang.Object)'> (0x00000000eb81c890) 
thrown [s\src\hotspot\share\interpreter\linkResolver.cpp, line 773]
Event: 163.014 Thread 0x0000020a7da855f0 Exception <a 'java/lang/NoSuchMethodError'{0x00000000eb6a89e8}: 'java.lang.Object java.lang.invoke.DirectMethodHandle$Holder.newInvokeSpecial(java.lang.Object, int, java.lang.Object)'> (0x00000000eb6a89e8) 
thrown [s\src\hotspot\share\interpreter\linkResolver.cpp, line 773]
Event: 163.432 Thread 0x0000020a7da855f0 Exception <a 'java/lang/NoSuchMethodError'{0x00000000eb47fd20}: 'java.lang.Object java.lang.invoke.DirectMethodHandle$Holder.invokeSpecial(java.lang.Object, java.lang.Object, long, int)'> (0x00000000eb47fd20) 
thrown [s\src\hotspot\share\interpreter\linkResolver.cpp, line 773]
Event: 170.313 Thread 0x0000020a7da855f0 Exception <a 'java/lang/NoSuchMethodError'{0x00000000eaa4ab90}: 'int java.lang.invoke.DirectMethodHandle$Holder.invokeSpecialIFC(java.lang.Object, java.lang.Object, java.lang.Object)'> (0x00000000eaa4ab90) 
thrown [s\src\hotspot\share\interpreter\linkResolver.cpp, line 773]
Event: 172.414 Thread 0x0000020a7da855f0 Exception <a 'java/lang/NoSuchMethodError'{0x00000000ea52a430}: 'void java.lang.invoke.DirectMethodHandle$Holder.invokeStatic(java.lang.Object, java.lang.Object, java.lang.Object, int, java.lang.Object)'> (0x00000000ea52a430) 
thrown [s\src\hotspot\share\interpreter\linkResolver.cpp, line 773]
Event: 173.640 Thread 0x0000020a7da855f0 Exception <a 'java/lang/NoSuchMethodError'{0x00000000ea304048}: 'int java.lang.invoke.DirectMethodHandle$Holder.invokeInterface(java.lang.Object, java.lang.Object, java.lang.Object, java.lang.Object, java.lang.Object)'> (0x00000000ea304048) 
thrown [s\src\hotspot\share\interpreter\linkResolver.cpp, line 773]
Event: 179.467 Thread 0x0000020a7da855f0 Exception <a 'java/lang/NoSuchMethodError'{0x00000000e9cf1f00}: 'int java.lang.invoke.DirectMethodHandle$Holder.invokeInterface(java.lang.Object, java.lang.Object, java.lang.Object, java.lang.Object)'> (0x00000000e9cf1f00) 
thrown [s\src\hotspot\share\interpreter\linkResolver.cpp, line 773]
Event: 180.517 Thread 0x0000020a7da855f0 Exception <a 'java/lang/NoSuchMethodError'{0x00000000e9acf098}: 'java.lang.Object java.lang.invoke.DirectMethodHandle$Holder.invokeStatic(java.lang.Object, long, java.lang.Object)'> (0x00000000e9acf098) 
thrown [s\src\hotspot\share\interpreter\linkResolver.cpp, line 773]
Event: 180.518 Thread 0x0000020a7da855f0 Exception <a 'java/lang/NoSuchMethodError'{0x00000000e9ad6508}: 'java.lang.Object java.lang.invoke.DirectMethodHandle$Holder.newInvokeSpecial(java.lang.Object, long)'> (0x00000000e9ad6508) 
thrown [s\src\hotspot\share\interpreter\linkResolver.cpp, line 773]
Event: 180.791 Thread 0x0000020a7da855f0 Exception <a 'java/lang/NoSuchMethodError'{0x00000000e99360d8}: 'java.lang.Object java.lang.invoke.DirectMethodHandle$Holder.newInvokeSpecial(java.lang.Object, java.lang.Object, java.lang.Object, java.lang.Object, java.lang.Object, long, java.lang.Object)'> (0x00000000e99360d8) 
thrown [s\src\hotspot\share\interpreter\linkResolver.cpp, line 773]
Event: 180.795 Thread 0x0000020a7da855f0 Exception <a 'java/lang/NoSuchMethodError'{0x00000000e993eab0}: 'java.lang.Object java.lang.invoke.Invokers$Holder.linkToTargetMethod(java.lang.Object, java.lang.Object, java.lang.Object, java.lang.Object, long, java.lang.Object, java.lang.Object)'> (0x00000000e993eab0) 
thrown [s\src\hotspot\share\interpreter\linkResolver.cpp, line 773]
Event: 180.984 Thread 0x0000020a7da855f0 Exception <a 'java/lang/NoSuchMethodError'{0x00000000e997eb30}: 'java.lang.Object java.lang.invoke.DirectMethodHandle$Holder.newInvokeSpecial(java.lang.Object, java.lang.Object, java.lang.Object, long, java.lang.Object)'> (0x00000000e997eb30) 
thrown [s\src\hotspot\share\interpreter\linkResolver.cpp, line 773]
Event: 180.984 Thread 0x0000020a7da855f0 Exception <a 'java/lang/NoSuchMethodError'{0x00000000e9983c90}: 'java.lang.Object java.lang.invoke.DirectMethodHandle$Holder.invokeSpecial(java.lang.Object, java.lang.Object, java.lang.Object, java.lang.Object, long, java.lang.Object)'> (0x00000000e9983c90) 
thrown [s\src\hotspot\share\interpreter\linkResolver.cpp, line 773]
Event: 181.001 Thread 0x0000020a7da855f0 Exception <a 'java/lang/NoSuchMethodError'{0x00000000e99881d8}: 'java.lang.Object java.lang.invoke.Invokers$Holder.linkToTargetMethod(java.lang.Object, java.lang.Object, long, java.lang.Object, java.lang.Object)'> (0x00000000e99881d8) 
thrown [s\src\hotspot\share\interpreter\linkResolver.cpp, line 773]
Event: 181.366 Thread 0x0000020a7da855f0 Implicit null exception at 0x0000020a573eff7c to 0x0000020a573f0034
Event: 181.949 Thread 0x0000020a7da855f0 Exception <a 'java/lang/NoSuchMethodError'{0x00000000e97f37f0}: 'java.lang.Object java.lang.invoke.DirectMethodHandle$Holder.invokeSpecial(java.lang.Object, java.lang.Object, long, java.lang.Object, java.lang.Object)'> (0x00000000e97f37f0) 
thrown [s\src\hotspot\share\interpreter\linkResolver.cpp, line 773]
Event: 184.937 Thread 0x0000020a7da855f0 Exception <a 'java/io/IOException'{0x00000000e926dba0}> (0x00000000e926dba0) 
thrown [s\src\hotspot\share\prims\jni.cpp, line 520]

ZGC Phase Switch (0 events):
No events

VM Operations (20 events):
Event: 178.476 Executing safepoint VM operation: Cleanup
Event: 178.492 Executing safepoint VM operation: Cleanup done
Event: 179.334 Executing non-safepoint VM operation: HandshakeAllThreads (Deoptimize)
Event: 179.334 Executing non-safepoint VM operation: HandshakeAllThreads (Deoptimize) done
Event: 179.447 Executing non-safepoint VM operation: HandshakeAllThreads (Deoptimize)
Event: 179.447 Executing non-safepoint VM operation: HandshakeAllThreads (Deoptimize) done
Event: 180.450 Executing safepoint VM operation: Cleanup
Event: 180.479 Executing safepoint VM operation: Cleanup done
Event: 180.600 Executing non-safepoint VM operation: HandshakeAllThreads (HandshakeForDeflation)
Event: 180.665 Executing non-safepoint VM operation: HandshakeAllThreads (HandshakeForDeflation) done
Event: 180.665 Executing non-safepoint VM operation: RendezvousGCThreads
Event: 180.665 Executing non-safepoint VM operation: RendezvousGCThreads done
Event: 181.668 Executing safepoint VM operation: Cleanup
Event: 181.850 Executing safepoint VM operation: Cleanup done
Event: 182.851 Executing safepoint VM operation: Cleanup
Event: 182.852 Executing safepoint VM operation: Cleanup done
Event: 183.854 Executing safepoint VM operation: Cleanup
Event: 183.869 Executing safepoint VM operation: Cleanup done
Event: 184.871 Executing safepoint VM operation: Cleanup
Event: 184.871 Executing safepoint VM operation: Cleanup done

Memory protections (0 events):
No events

Nmethod flushes (20 events):
Event: 132.238 Thread 0x0000020a625d5720 flushing  nmethod 0x0000020a4f83f290
Event: 132.238 Thread 0x0000020a625d5720 flushing  nmethod 0x0000020a4f840c90
Event: 132.238 Thread 0x0000020a625d5720 flushing  nmethod 0x0000020a4f86ce10
Event: 132.238 Thread 0x0000020a625d5720 flushing  nmethod 0x0000020a4f86db10
Event: 132.238 Thread 0x0000020a625d5720 flushing  nmethod 0x0000020a4f873690
Event: 132.238 Thread 0x0000020a625d5720 flushing  nmethod 0x0000020a4f875b10
Event: 132.238 Thread 0x0000020a625d5720 flushing  nmethod 0x0000020a4f8dc790
Event: 132.238 Thread 0x0000020a625d5720 flushing  nmethod 0x0000020a4f8de890
Event: 132.238 Thread 0x0000020a625d5720 flushing  nmethod 0x0000020a4f8dfc90
Event: 132.238 Thread 0x0000020a625d5720 flushing  nmethod 0x0000020a4fa01890
Event: 132.238 Thread 0x0000020a625d5720 flushing  nmethod 0x0000020a4fa06790
Event: 132.238 Thread 0x0000020a625d5720 flushing  nmethod 0x0000020a4fa07590
Event: 132.238 Thread 0x0000020a625d5720 flushing  nmethod 0x0000020a4fa2cc10
Event: 132.238 Thread 0x0000020a625d5720 flushing  nmethod 0x0000020a4fa65f90
Event: 132.238 Thread 0x0000020a625d5720 flushing  nmethod 0x0000020a4fa66910
Event: 132.238 Thread 0x0000020a625d5720 flushing  nmethod 0x0000020a4fa67990
Event: 132.238 Thread 0x0000020a625d5720 flushing  nmethod 0x0000020a4fa67e90
Event: 132.238 Thread 0x0000020a625d5720 flushing  nmethod 0x0000020a4faa2c90
Event: 132.238 Thread 0x0000020a625d5720 flushing  nmethod 0x0000020a4fb56e10
Event: 132.238 Thread 0x0000020a625d5720 flushing  nmethod 0x0000020a4fbb1d90

Events (20 events):
Event: 114.609 Thread 0x0000020a7da855f0 Thread added: 0x0000020a7da869a0
Event: 114.831 Thread 0x0000020a62614e10 Thread added: 0x0000020a7e705f20
Event: 115.275 Thread 0x0000020a7e705f20 Thread exited: 0x0000020a7e705f20
Event: 115.395 Thread 0x0000020a7da855f0 Thread added: 0x0000020a7da87030
Event: 115.603 Thread 0x0000020a62614e10 Thread added: 0x0000020a7ef87160
Event: 115.891 Thread 0x0000020a7ef87160 Thread exited: 0x0000020a7ef87160
Event: 116.268 Thread 0x0000020a62614e10 Thread added: 0x0000020a7e814910
Event: 117.432 Thread 0x0000020a7e814910 Thread exited: 0x0000020a7e814910
Event: 119.954 Thread 0x0000020a7da855f0 Thread added: 0x0000020a009625f0
Event: 120.025 Thread 0x0000020a7da855f0 Thread added: 0x0000020a00960520
Event: 120.037 Thread 0x0000020a7da869a0 Thread added: 0x0000020a00961240
Event: 120.903 Thread 0x0000020a7da855f0 Thread added: 0x0000020a00960bb0
Event: 120.925 Thread 0x0000020a7da855f0 Thread added: 0x0000020a009618d0
Event: 122.175 Thread 0x0000020a7da855f0 Thread added: 0x0000020a00962c80
Event: 122.814 Thread 0x0000020a7da855f0 Thread added: 0x0000020a00963310
Event: 125.909 Thread 0x0000020a7da855f0 Thread added: 0x0000020a0095fe90
Event: 126.419 Thread 0x0000020a7da855f0 Thread added: 0x0000020a7de459d0
Event: 134.530 Thread 0x0000020a7da855f0 Thread added: 0x0000020a7de43270
Event: 136.186 Thread 0x0000020a7da855f0 Thread added: 0x0000020a7de44cb0
Event: 152.428 Thread 0x0000020a7da855f0 Thread added: 0x0000020a7de42be0


Dynamic libraries:
0x00007ff784e70000 - 0x00007ff784e7e000 	C:\Users\user\.vscode\extensions\redhat.java-1.56.0-win32-x64\jre\21.0.12.1-win32-x86_64\bin\java.exe
0x00007ffec1060000 - 0x00007ffec12c7000 	C:\WINDOWS\SYSTEM32\ntdll.dll
0x00007ffec07a0000 - 0x00007ffec086b000 	C:\WINDOWS\System32\KERNEL32.DLL
0x00007ffebe6a0000 - 0x00007ffebeaa2000 	C:\WINDOWS\System32\KERNELBASE.dll
0x00007ffebe540000 - 0x00007ffebe68c000 	C:\WINDOWS\System32\ucrtbase.dll
0x00007ffeadf10000 - 0x00007ffeadf2e000 	C:\Users\user\.vscode\extensions\redhat.java-1.56.0-win32-x64\jre\21.0.12.1-win32-x86_64\bin\VCRUNTIME140.dll
0x00007ffeadf30000 - 0x00007ffeadf48000 	C:\Users\user\.vscode\extensions\redhat.java-1.56.0-win32-x64\jre\21.0.12.1-win32-x86_64\bin\jli.dll
0x00007ffec0d00000 - 0x00007ffec0ecf000 	C:\WINDOWS\System32\USER32.dll
0x00007ffebed50000 - 0x00007ffebed77000 	C:\WINDOWS\System32\win32u.dll
0x00007ffebf580000 - 0x00007ffebf5ab000 	C:\WINDOWS\System32\GDI32.dll
0x00007ffebeab0000 - 0x00007ffebebd9000 	C:\WINDOWS\System32\gdi32full.dll
0x00007ffebeca0000 - 0x00007ffebed43000 	C:\WINDOWS\System32\msvcp_win.dll
0x00007ffea8470000 - 0x00007ffea8700000 	C:\WINDOWS\WinSxS\amd64_microsoft.windows.common-controls_6595b64144ccf1df_6.0.26100.9278_none_3e0d1ba8e3303201\COMCTL32.dll
0x00007ffec0100000 - 0x00007ffec01a9000 	C:\WINDOWS\System32\msvcrt.dll
0x00007ffebf230000 - 0x00007ffebf261000 	C:\WINDOWS\System32\IMM32.DLL
0x00007ffeb62e0000 - 0x00007ffeb62ec000 	C:\Users\user\.vscode\extensions\redhat.java-1.56.0-win32-x64\jre\21.0.12.1-win32-x86_64\bin\vcruntime140_1.dll
0x00007ffe9b410000 - 0x00007ffe9b49d000 	C:\Users\user\.vscode\extensions\redhat.java-1.56.0-win32-x64\jre\21.0.12.1-win32-x86_64\bin\msvcp140.dll
0x00007ffe0fbd0000 - 0x00007ffe10972000 	C:\Users\user\.vscode\extensions\redhat.java-1.56.0-win32-x64\jre\21.0.12.1-win32-x86_64\bin\server\jvm.dll
0x00007ffebf4a0000 - 0x00007ffebf55c000 	C:\WINDOWS\System32\ADVAPI32.dll
0x00007ffec0ee0000 - 0x00007ffec0f89000 	C:\WINDOWS\System32\sechost.dll
0x00007ffec01b0000 - 0x00007ffec02c8000 	C:\WINDOWS\System32\RPCRT4.dll
0x00007ffec0f90000 - 0x00007ffec1010000 	C:\WINDOWS\System32\WS2_32.dll
0x00007ffebe0c0000 - 0x00007ffebe11e000 	C:\WINDOWS\SYSTEM32\POWRPROF.dll
0x00007ffea8710000 - 0x00007ffea8746000 	C:\WINDOWS\SYSTEM32\WINMM.dll
0x00007ffeabe00000 - 0x00007ffeabe0b000 	C:\WINDOWS\SYSTEM32\VERSION.dll
0x00007ffebe0a0000 - 0x00007ffebe0b5000 	C:\WINDOWS\SYSTEM32\UMPDC.dll
0x00007ffebcf30000 - 0x00007ffebcf4b000 	C:\WINDOWS\SYSTEM32\kernel.appcore.dll
0x00007ffeaf5a0000 - 0x00007ffeaf5aa000 	C:\Users\user\.vscode\extensions\redhat.java-1.56.0-win32-x64\jre\21.0.12.1-win32-x86_64\bin\jimage.dll
0x00007ffebb9a0000 - 0x00007ffebbbec000 	C:\WINDOWS\SYSTEM32\DBGHELP.DLL
0x00007ffebeea0000 - 0x00007ffebf225000 	C:\WINDOWS\System32\combase.dll
0x00007ffebf670000 - 0x00007ffebf749000 	C:\WINDOWS\System32\OLEAUT32.dll
0x00007ffe9af60000 - 0x00007ffe9af9b000 	C:\WINDOWS\SYSTEM32\dbgcore.DLL
0x00007ffebebe0000 - 0x00007ffebec8c000 	C:\WINDOWS\System32\bcryptPrimitives.dll
0x00007ffeadf00000 - 0x00007ffeadf0f000 	C:\Users\user\.vscode\extensions\redhat.java-1.56.0-win32-x64\jre\21.0.12.1-win32-x86_64\bin\instrument.dll
0x00007ffeadee0000 - 0x00007ffeadf00000 	C:\Users\user\.vscode\extensions\redhat.java-1.56.0-win32-x64\jre\21.0.12.1-win32-x86_64\bin\java.dll
0x00007ffebf7a0000 - 0x00007ffebff38000 	C:\WINDOWS\System32\SHELL32.dll
0x00007ffebbc00000 - 0x00007ffebc4ae000 	C:\WINDOWS\SYSTEM32\windows.storage.dll
0x00007ffebf3a0000 - 0x00007ffebf49b000 	C:\WINDOWS\System32\SHCORE.dll
0x00007ffec0c90000 - 0x00007ffec0cf6000 	C:\WINDOWS\System32\shlwapi.dll
0x00007ffebe180000 - 0x00007ffebe1a9000 	C:\WINDOWS\SYSTEM32\profapi.dll
0x00007ffeac440000 - 0x00007ffeac458000 	C:\Users\user\.vscode\extensions\redhat.java-1.56.0-win32-x64\jre\21.0.12.1-win32-x86_64\bin\zip.dll
0x00007ffeac430000 - 0x00007ffeac440000 	C:\Users\user\.vscode\extensions\redhat.java-1.56.0-win32-x64\jre\21.0.12.1-win32-x86_64\bin\net.dll
0x00007ffeae130000 - 0x00007ffeae25a000 	C:\WINDOWS\SYSTEM32\WINHTTP.dll
0x00007ffebd4f0000 - 0x00007ffebd55c000 	C:\WINDOWS\system32\mswsock.dll
0x00007ffe9b520000 - 0x00007ffe9b536000 	C:\Users\user\.vscode\extensions\redhat.java-1.56.0-win32-x64\jre\21.0.12.1-win32-x86_64\bin\nio.dll
0x00007ffea3c40000 - 0x00007ffea3c50000 	C:\Users\user\.vscode\extensions\redhat.java-1.56.0-win32-x64\jre\21.0.12.1-win32-x86_64\bin\verify.dll
0x00007ffeaa170000 - 0x00007ffeaa197000 	C:\Users\user\.gradle\native\660c5614fbf4a5f2a75b1949f50a0caf5cd603558e7d8a26e50b933a0cfb79d1\windows-amd64\native-platform.dll
0x00007ffea2bd0000 - 0x00007ffea2c47000 	C:\Users\user\.gradle\native\0.2.8\x86_64-windows-gnu\gradle-fileevents.dll
0x00007ffea2da0000 - 0x00007ffea2daa000 	C:\Users\user\.vscode\extensions\redhat.java-1.56.0-win32-x64\jre\21.0.12.1-win32-x86_64\bin\management.dll
0x00007ffea2d90000 - 0x00007ffea2d9c000 	C:\Users\user\.vscode\extensions\redhat.java-1.56.0-win32-x64\jre\21.0.12.1-win32-x86_64\bin\management_ext.dll
0x00007ffebf570000 - 0x00007ffebf578000 	C:\WINDOWS\System32\PSAPI.DLL
0x00007ffebc900000 - 0x00007ffebc933000 	C:\WINDOWS\SYSTEM32\IPHLPAPI.DLL
0x00007ffebf270000 - 0x00007ffebf27a000 	C:\WINDOWS\System32\NSI.dll
0x00007ffea0900000 - 0x00007ffea0909000 	C:\Users\user\.vscode\extensions\redhat.java-1.56.0-win32-x64\jre\21.0.12.1-win32-x86_64\bin\extnet.dll
0x00007ffebd7e0000 - 0x00007ffebd7fb000 	C:\WINDOWS\SYSTEM32\CRYPTSP.dll
0x00007ffebce90000 - 0x00007ffebcec9000 	C:\WINDOWS\system32\rsaenh.dll
0x00007ffebd5a0000 - 0x00007ffebd5d4000 	C:\WINDOWS\SYSTEM32\USERENV.dll
0x00007ffebe150000 - 0x00007ffebe17a000 	C:\WINDOWS\SYSTEM32\bcrypt.dll
0x00007ffebd800000 - 0x00007ffebd80c000 	C:\WINDOWS\SYSTEM32\CRYPTBASE.dll
0x00007ffea2330000 - 0x00007ffea233e000 	C:\Users\user\.vscode\extensions\redhat.java-1.56.0-win32-x64\jre\21.0.12.1-win32-x86_64\bin\sunmscapi.dll
0x00007ffebe320000 - 0x00007ffebe49e000 	C:\WINDOWS\System32\CRYPT32.dll
0x00007ffebda20000 - 0x00007ffebda50000 	C:\WINDOWS\SYSTEM32\ncrypt.dll
0x00007ffebd9d0000 - 0x00007ffebda0f000 	C:\WINDOWS\SYSTEM32\NTASN1.dll
0x00007ffeab6e0000 - 0x00007ffeab6e8000 	C:\WINDOWS\system32\wshunix.dll

JVMTI agents:
C:\Users\user\.gradle\wrapper\dists\gradle-9.5.1-bin\iq79hdu3mqx29lgffhp8bfmx\gradle-9.5.1\lib\agents\gradle-instrumentation-agent-9.5.1.jar path:C:\Users\user\.vscode\extensions\redhat.java-1.56.0-win32-x64\jre\21.0.12.1-win32-x86_64\bin\instrument.dll, loaded, initialized, instrumentlib options:none

dbghelp: loaded successfully - version: 4.0.5 - missing functions: none
symbol engine: initialized successfully - sym options: 0x614 - pdb path: .;C:\Users\user\.vscode\extensions\redhat.java-1.56.0-win32-x64\jre\21.0.12.1-win32-x86_64\bin;C:\WINDOWS\SYSTEM32;C:\WINDOWS\WinSxS\amd64_microsoft.windows.common-controls_6595b64144ccf1df_6.0.26100.9278_none_3e0d1ba8e3303201;C:\Users\user\.vscode\extensions\redhat.java-1.56.0-win32-x64\jre\21.0.12.1-win32-x86_64\bin\server;C:\Users\user\.gradle\native\660c5614fbf4a5f2a75b1949f50a0caf5cd603558e7d8a26e50b933a0cfb79d1\windows-amd64;C:\Users\user\.gradle\native\0.2.8\x86_64-windows-gnu

VM Arguments:
jvm_args: --add-opens=java.base/java.lang=ALL-UNNAMED --add-opens=java.base/java.lang.invoke=ALL-UNNAMED --add-opens=java.base/java.util=ALL-UNNAMED --add-opens=java.prefs/java.util.prefs=ALL-UNNAMED --add-exports=jdk.compiler/com.sun.tools.javac.api=ALL-UNNAMED --add-exports=jdk.compiler/com.sun.tools.javac.util=ALL-UNNAMED --add-opens=java.base/java.nio.charset=ALL-UNNAMED --add-opens=java.base/java.net=ALL-UNNAMED --add-opens=java.base/java.util.concurrent=ALL-UNNAMED --add-opens=java.base/java.util.concurrent.atomic=ALL-UNNAMED --add-opens=java.xml/javax.xml.namespace=ALL-UNNAMED --add-opens=java.base/java.time=ALL-UNNAMED -XX:MaxMetaspaceSize=384m -XX:+HeapDumpOnOutOfMemoryError -Xms256m -Xmx512m -Dfile.encoding=UTF-8 -Duser.country=KR -Duser.language=ko -Duser.variant -javaagent:C:\Users\user\.gradle\wrapper\dists\gradle-9.5.1-bin\iq79hdu3mqx29lgffhp8bfmx\gradle-9.5.1\lib\agents\gradle-instrumentation-agent-9.5.1.jar 
java_command: org.gradle.launcher.daemon.bootstrap.GradleDaemon 9.5.1
java_class_path (initial): C:\Users\user\.gradle\wrapper\dists\gradle-9.5.1-bin\iq79hdu3mqx29lgffhp8bfmx\gradle-9.5.1\lib\gradle-daemon-main-9.5.1.jar
Launcher Type: SUN_STANDARD

[Global flags]
     intx CICompilerCount                          = 4                                         {product} {ergonomic}
   size_t CompressedClassSpaceSize                 = 335544320                                 {product} {ergonomic}
     uint ConcGCThreads                            = 2                                         {product} {ergonomic}
     uint G1ConcRefinementThreads                  = 8                                         {product} {ergonomic}
   size_t G1HeapRegionSize                         = 1048576                                   {product} {ergonomic}
    uintx GCDrainStackTargetSize                   = 64                                        {product} {ergonomic}
     bool HeapDumpOnOutOfMemoryError               = true                                   {manageable} {command line}
   size_t InitialHeapSize                          = 268435456                                 {product} {command line}
   size_t MarkStackSize                            = 4194304                                   {product} {ergonomic}
   size_t MaxHeapSize                              = 536870912                                 {product} {command line}
   size_t MaxMetaspaceSize                         = 402653184                                 {product} {command line}
   size_t MaxNewSize                               = 321912832                                 {product} {ergonomic}
   size_t MinHeapDeltaBytes                        = 1048576                                   {product} {ergonomic}
   size_t MinHeapSize                              = 268435456                                 {product} {command line}
    uintx NonNMethodCodeHeapSize                   = 5839372                                {pd product} {ergonomic}
    uintx NonProfiledCodeHeapSize                  = 122909434                              {pd product} {ergonomic}
    uintx ProfiledCodeHeapSize                     = 122909434                              {pd product} {ergonomic}
    uintx ReservedCodeCacheSize                    = 251658240                              {pd product} {ergonomic}
     bool SegmentedCodeCache                       = true                                      {product} {ergonomic}
   size_t SoftMaxHeapSize                          = 536870912                              {manageable} {ergonomic}
     bool UseCompressedOops                        = true                           {product lp64_product} {ergonomic}
     bool UseG1GC                                  = true                                      {product} {ergonomic}
     bool UseLargePagesIndividualAllocation        = false                                  {pd product} {ergonomic}

Logging:
Log output configuration:
 #0: stdout all=warning uptime,level,tags foldmultilines=false
 #1: stderr all=off uptime,level,tags foldmultilines=false

Release file:
JAVA_VERSION="21.0.12.1" 
MODULES="java.base java.compiler java.datatransfer java.xml java.prefs java.desktop java.instrument java.logging java.management java.security.sasl java.naming java.rmi java.management.rmi java.net.http java.scripting java.security.jgss java.transaction.xa java.sql java.sql.rowset java.xml.crypto java.se java.smartcardio jdk.accessibility jdk.internal.jvmstat jdk.attach jdk.charsets jdk.internal.opt jdk.zipfs jdk.compiler jdk.crypto.ec jdk.crypto.cryptoki jdk.crypto.mscapi jdk.dynalink jdk.internal.ed jdk.editpad jdk.hotspot.agent jdk.httpserver jdk.internal.le jdk.internal.vm.ci jdk.internal.vm.compiler jdk.internal.vm.compiler.management jdk.jartool jdk.javadoc jdk.jcmd jdk.management jdk.management.agent jdk.jconsole jdk.jdeps jdk.jdwp.agent jdk.jdi jdk.jfr jdk.jshell jdk.jsobject jdk.jstatd jdk.localedata jdk.management.jfr jdk.naming.dns jdk.naming.rmi jdk.net jdk.nio.mapmode jdk.random jdk.sctp jdk.security.auth jdk.security.jgss jdk.unsupported jdk.unsupported.desktop jdk.xml.dom" 

Environment Variables:
PATH=C:\Program Files\Common Files\Oracle\Java\javapath;C:\Program Files\Python313\Scripts\;C:\Program Files\Python313\;C:\WINDOWS\system32;C:\WINDOWS;C:\WINDOWS\System32\Wbem;C:\WINDOWS\System32\WindowsPowerShell\v1.0\;C:\WINDOWS\System32\OpenSSH\;C:\Program Files\nodejs\;C:\Program Files\Git\cmd;C:\Program Files (x86)\cloudflared\;C:\Users\user\Desktop\Scripts\;C:\Users\user\Desktop\;C:\Users\user\AppData\Local\Microsoft\WindowsApps;C:\Users\user\AppData\Local\Programs\Microsoft VS Code\bin;C:\Program Files\Multipass\bin;C:\Users\user\AppData\Roaming\npm;C:\intelFPGA_lite\18.1\modelsim_ase\win32aloem;C:\Users\user\Desktop\opencv\build\x64\vc15\bin;
USERNAME=user
OS=Windows_NT
PROCESSOR_IDENTIFIER=Intel64 Family 6 Model 140 Stepping 1, GenuineIntel
TMP=C:\Users\user\AppData\Local\Temp
TEMP=C:\Users\user\AppData\Local\Temp




Periodic native trim disabled

---------------  S Y S T E M  ---------------

OS:
 Windows 11 , 64 bit Build 26100 (10.0.26100.9444)
OS uptime: 0 days 7:17 hours

CPU: total 8 (initial active 8) (4 cores per cpu, 2 threads per core) family 6 model 140 stepping 1 microcode 0x8a, cx8, cmov, fxsr, ht, mmx, 3dnowpref, sse, sse2, sse3, ssse3, sse4.1, sse4.2, popcnt, lzcnt, tsc, tscinvbit, avx, avx2, aes, erms, clmul, bmi1, bmi2, adx, avx512f, avx512dq, avx512cd, avx512bw, avx512vl, sha, fma, vzeroupper, avx512_vpopcntdq, avx512_vpclmulqdq, avx512_vaes, avx512_vnni, clflush, clflushopt, clwb, avx512_vbmi2, avx512_vbmi, rdtscp, rdpid, fsrm, gfni, avx512_bitalg, f16c, pku, cet_ibt, cet_ss, avx512_ifma
Processor Information for the first 8 processors :
  Max Mhz: 2419, Current Mhz: 2419, Mhz Limit: 2419

Memory: 4k page, system-wide physical 16107M (4742M free)
TotalPageFile size 39408M (AvailPageFile size 8156M)
current process WorkingSet (physical memory assigned to process): 291M, peak: 320M
current process commit charge ("private bytes"): 455M, peak: 468M

vm_info: OpenJDK 64-Bit Server VM (21.0.12.1+1-LTS) for windows-amd64 JRE (21.0.12.1+1-LTS), built on 2026-08-18T00:00:00Z by "admin" with MS VC++ 17.12 (VS2022)

END.
