#
# There is insufficient memory for the Java Runtime Environment to continue.
# Native memory allocation (mmap) failed to map 65536 bytes. Error detail: Failed to commit metaspace.
# Possible reasons:
#   The system is out of physical RAM or swap space
#   This process is running with CompressedOops enabled, and the Java Heap may be blocking the growth of the native heap
# Possible solutions:
#   Reduce memory load on the system
#   Increase physical memory or swap space
#   Check if swap backing store is full
#   Decrease Java heap size (-Xmx/-Xms)
#   Decrease number of Java threads
#   Decrease Java thread stack sizes (-Xss)
#   Set larger code cache with -XX:ReservedCodeCacheSize=
#   JVM is running with Unscaled Compressed Oops mode in which the Java heap is
#     placed in the first 4GB address space. The Java Heap base address is the
#     maximum limit for the native heap growth. Please use -XX:HeapBaseMinAddress
#     to set the Java Heap base and to place the Java Heap above 4GB virtual address.
# This output file may be truncated or incomplete.
#
#  Out of Memory Error (virtualSpaceNode.cpp:113), pid=28272, tid=26728
#
# JRE version: OpenJDK Runtime Environment Temurin-21.0.12.1+1 (21.0.12.1+1) (build 21.0.12.1+1-LTS)
# Java VM: OpenJDK 64-Bit Server VM Temurin-21.0.12.1+1 (21.0.12.1+1-LTS, mixed mode, sharing, tiered, compressed oops, compressed class ptrs, g1 gc, windows-amd64)
# No core dump will be written. Minidumps are not enabled by default on client versions of Windows
#

---------------  S U M M A R Y ------------

Command Line: --add-opens=java.base/java.lang=ALL-UNNAMED --add-opens=java.base/java.lang.invoke=ALL-UNNAMED --add-opens=java.base/java.util=ALL-UNNAMED --add-opens=java.prefs/java.util.prefs=ALL-UNNAMED --add-exports=jdk.compiler/com.sun.tools.javac.api=ALL-UNNAMED --add-exports=jdk.compiler/com.sun.tools.javac.util=ALL-UNNAMED --add-opens=java.base/java.nio.charset=ALL-UNNAMED --add-opens=java.base/java.net=ALL-UNNAMED --add-opens=java.base/java.util.concurrent=ALL-UNNAMED --add-opens=java.base/java.util.concurrent.atomic=ALL-UNNAMED --add-opens=java.xml/javax.xml.namespace=ALL-UNNAMED --add-opens=java.base/java.time=ALL-UNNAMED -XX:MaxMetaspaceSize=384m -XX:+HeapDumpOnOutOfMemoryError -Xms256m -Xmx512m -Dfile.encoding=UTF-8 -Duser.country=KR -Duser.language=ko -Duser.variant -javaagent:C:\Users\user\.gradle\wrapper\dists\gradle-9.5.1-bin\iq79hdu3mqx29lgffhp8bfmx\gradle-9.5.1\lib\agents\gradle-instrumentation-agent-9.5.1.jar org.gradle.launcher.daemon.bootstrap.GradleDaemon 9.5.1

Host: 11th Gen Intel(R) Core(TM) i5-1135G7 @ 2.40GHz, 8 cores, 15G,  Windows 11 , 64 bit Build 26100 (10.0.26100.9444)
Time: Wed Sep 16 10:00:56 2026 elapsed time: 88.320599 seconds (0d 0h 1m 28s)

---------------  T H R E A D  ---------------

Current thread (0x000001d7f64e1300):  JavaThread "Daemon worker"        [_thread_in_vm, id=26728, stack(0x000000a747300000,0x000000a747400000) (1024K)]

Stack: [0x000000a747300000,0x000000a747400000]
Native frames: (J=compiled Java code, j=interpreted, Vv=VM code, C=native code)
V  [jvm.dll+0x6d83e9]
V  [jvm.dll+0x8b5736]
V  [jvm.dll+0x8b7cee]
V  [jvm.dll+0x8b83d3]
V  [jvm.dll+0x284596]
V  [jvm.dll+0x8b147e]
V  [jvm.dll+0x679ad4]
V  [jvm.dll+0x679b3a]
V  [jvm.dll+0x67c336]
V  [jvm.dll+0x67c202]
V  [jvm.dll+0x67a4ae]
V  [jvm.dll+0x684758]
V  [jvm.dll+0x21973e]
V  [jvm.dll+0x219be5]
V  [jvm.dll+0x21a5d8]
V  [jvm.dll+0x20f80e]
V  [jvm.dll+0x5b6a7f]
V  [jvm.dll+0x2218ae]
V  [jvm.dll+0x82ec5d]
V  [jvm.dll+0x82fc8b]
V  [jvm.dll+0x830254]
V  [jvm.dll+0x82fee8]
V  [jvm.dll+0x271ebd]
V  [jvm.dll+0x685ecf]
V  [jvm.dll+0x73db6d]
V  [jvm.dll+0x1a8690]
V  [jvm.dll+0x1a8302]
C  0x000001d7d103abcf

The last pc belongs to handle_exception_from_callee Runtime1 stub (printed below).
Java frames: (J=compiled Java code, j=interpreted, Vv=VM code)
v  ~RuntimeStub::handle_exception_from_callee Runtime1 stub 0x000001d7d103ab9d
J 2157 c1 jdk.internal.reflect.DirectMethodHandleAccessor.invoke(Ljava/lang/Object;[Ljava/lang/Object;)Ljava/lang/Object; java.base@21.0.12.1 (92 bytes) @ 0x000001d7c9e1873c [0x000001d7c9e16b40+0x0000000000001bfc]
J 2156 c1 java.lang.reflect.Method.invoke(Ljava/lang/Object;[Ljava/lang/Object;)Ljava/lang/Object; java.base@21.0.12.1 (108 bytes) @ 0x000001d7c9e162d4 [0x000001d7c9e15dc0+0x0000000000000514]
j  org.gradle.internal.reflect.JavaMethod.invoke(Ljava/lang/Object;[Ljava/lang/Object;)Ljava/lang/Object;+6
j  org.gradle.internal.service.ReflectionBasedServiceMethod.invoke(Ljava/lang/Object;[Ljava/lang/Object;)Ljava/lang/Object;+6
j  org.gradle.internal.service.DefaultServiceRegistry$FactoryMethodService.invokeMethod([Ljava/lang/Object;)Ljava/lang/Object;+28
j  org.gradle.internal.service.DefaultServiceRegistry$FactoryService.createServiceInstance()Ljava/lang/Object;+7
j  org.gradle.internal.service.DefaultServiceRegistry$FactoryMethodService.createServiceInstance()Ljava/lang/Object;+1
j  org.gradle.internal.service.DefaultServiceRegistry$ManagedObjectServiceProvider.getInstance()Ljava/lang/Object;+24
j  org.gradle.internal.service.DefaultServiceRegistry$SingletonService.get()Ljava/lang/Object;+1
j  org.gradle.internal.service.DefaultServiceRegistry.applyConfigureMethod(Lorg/gradle/internal/service/ServiceAccessToken;Lorg/gradle/internal/service/ServiceMethod;Ljava/lang/Object;)V+132
j  org.gradle.internal.service.DefaultServiceRegistry.findProviderMethods(Lorg/gradle/internal/service/ServiceRegistrationProvider;Lorg/gradle/internal/service/ServiceAccessToken;)V+215
j  org.gradle.internal.service.DefaultServiceRegistry.addProvider(Lorg/gradle/internal/service/ServiceRegistrationProvider;)Lorg/gradle/internal/service/DefaultServiceRegistry;+18
j  org.gradle.internal.service.DefaultServiceRegistry$1.addProvider(Lorg/gradle/internal/service/ServiceRegistrationProvider;)V+5
j  org.gradle.internal.service.scopes.GradleUserHomeScopeServices.configure(Lorg/gradle/internal/service/ServiceRegistration;)V+13
j  java.lang.invoke.DirectMethodHandle$Holder.invokeVirtual(Ljava/lang/Object;Ljava/lang/Object;Ljava/lang/Object;)V+11 java.base@21.0.12.1
j  java.lang.invoke.LambdaForm$MH+0x000001d7de03a000.invoke(Ljava/lang/Object;Ljava/lang/Object;)Ljava/lang/Object;+39 java.base@21.0.12.1
j  java.lang.invoke.LambdaForm$MH+0x000001d7de039800.invoke(Ljava/lang/Object;Ljava/lang/Object;Ljava/lang/Object;)Ljava/lang/Object;+45 java.base@21.0.12.1
j  java.lang.invoke.Invokers$Holder.invokeExact_MT(Ljava/lang/Object;Ljava/lang/Object;Ljava/lang/Object;Ljava/lang/Object;)Ljava/lang/Object;+20 java.base@21.0.12.1
j  java.lang.invoke.MethodHandle.invokeWithArguments([Ljava/lang/Object;)Ljava/lang/Object;+28 java.base@21.0.12.1
j  org.gradle.internal.service.MethodHandleBasedServiceMethod.invoke(Ljava/lang/Object;[Ljava/lang/Object;)Ljava/lang/Object;+9
j  org.gradle.internal.service.DefaultServiceRegistry.applyConfigureMethod(Lorg/gradle/internal/service/ServiceAccessToken;Lorg/gradle/internal/service/ServiceMethod;Ljava/lang/Object;)V+148
j  org.gradle.internal.service.DefaultServiceRegistry.findProviderMethods(Lorg/gradle/internal/service/ServiceRegistrationProvider;Lorg/gradle/internal/service/ServiceAccessToken;)V+215
j  org.gradle.internal.service.DefaultServiceRegistry.addProvider(Lorg/gradle/internal/service/ServiceRegistrationProvider;)Lorg/gradle/internal/service/DefaultServiceRegistry;+18
j  org.gradle.internal.service.ServiceRegistryBuilder.build()Lorg/gradle/internal/service/CloseableServiceRegistry;+93
j  org.gradle.internal.service.scopes.DefaultGradleUserHomeScopeServiceRegistry.getServicesFor(Ljava/io/File;)Lorg/gradle/internal/service/ServiceRegistry;+152
j  org.gradle.internal.session.BuildSessionState.<init>(Lorg/gradle/internal/service/scopes/GradleUserHomeScopeServiceRegistry;Lorg/gradle/internal/session/CrossBuildSessionState;Lorg/gradle/api/internal/StartParameterInternal;Lorg/gradle/initialization/BuildRequestMetaData;Lorg/gradle/internal/classpath/ClassPath;Lorg/gradle/initialization/BuildCancellationToken;Lorg/gradle/initialization/BuildClientMetaData;Lorg/gradle/initialization/BuildEventConsumer;)V+15
j  org.gradle.internal.buildprocess.execution.BuildSessionLifecycleBuildActionExecutor.execute(Lorg/gradle/internal/invocation/BuildAction;Lorg/gradle/launcher/exec/BuildActionParameters;Lorg/gradle/initialization/BuildRequestContext;)Lorg/gradle/launcher/exec/BuildActionResult;+96
j  org.gradle.internal.buildprocess.execution.BuildSessionLifecycleBuildActionExecutor.execute(Lorg/gradle/internal/invocation/BuildAction;Ljava/lang/Object;Ljava/lang/Object;)Lorg/gradle/launcher/exec/BuildActionResult;+10
j  org.gradle.internal.buildprocess.execution.StartParamsValidatingActionExecutor.execute(Lorg/gradle/internal/invocation/BuildAction;Lorg/gradle/launcher/exec/BuildActionParameters;Lorg/gradle/initialization/BuildRequestContext;)Lorg/gradle/launcher/exec/BuildActionResult;+142
j  org.gradle.internal.buildprocess.execution.StartParamsValidatingActionExecutor.execute(Lorg/gradle/internal/invocation/BuildAction;Ljava/lang/Object;Ljava/lang/Object;)Lorg/gradle/launcher/exec/BuildActionResult;+10
j  org.gradle.internal.buildprocess.execution.SessionFailureReportingActionExecutor.execute(Lorg/gradle/internal/invocation/BuildAction;Lorg/gradle/launcher/exec/BuildActionParameters;Lorg/gradle/initialization/BuildRequestContext;)Lorg/gradle/launcher/exec/BuildActionResult;+7
j  org.gradle.internal.buildprocess.execution.SessionFailureReportingActionExecutor.execute(Lorg/gradle/internal/invocation/BuildAction;Ljava/lang/Object;Ljava/lang/Object;)Lorg/gradle/launcher/exec/BuildActionResult;+10
j  org.gradle.internal.buildprocess.execution.SetupLoggingActionExecutor.execute(Lorg/gradle/internal/invocation/BuildAction;Lorg/gradle/launcher/exec/BuildActionParameters;Lorg/gradle/initialization/BuildRequestContext;)Lorg/gradle/launcher/exec/BuildActionResult;+50
j  org.gradle.internal.buildprocess.execution.SetupLoggingActionExecutor.execute(Lorg/gradle/internal/invocation/BuildAction;Ljava/lang/Object;Ljava/lang/Object;)Lorg/gradle/launcher/exec/BuildActionResult;+10
j  org.gradle.launcher.daemon.server.exec.ExecuteBuild.doBuild(Lorg/gradle/launcher/daemon/server/api/DaemonCommandExecution;Lorg/gradle/launcher/daemon/protocol/Build;)V+147
j  org.gradle.launcher.daemon.server.exec.BuildCommandOnly.execute(Lorg/gradle/launcher/daemon/server/api/DaemonCommandExecution;)V+49
j  org.gradle.launcher.daemon.server.api.DaemonCommandExecution.proceed()Z+23
j  org.gradle.launcher.daemon.server.exec.WatchForDisconnection.execute(Lorg/gradle/launcher/daemon/server/api/DaemonCommandExecution;)V+19
j  org.gradle.launcher.daemon.server.api.DaemonCommandExecution.proceed()Z+23
j  org.gradle.launcher.daemon.server.exec.ResetDeprecationLogger.execute(Lorg/gradle/launcher/daemon/server/api/DaemonCommandExecution;)V+7
j  org.gradle.launcher.daemon.server.api.DaemonCommandExecution.proceed()Z+23
j  org.gradle.launcher.daemon.server.exec.RequestStopIfSingleUsedDaemon.execute(Lorg/gradle/launcher/daemon/server/api/DaemonCommandExecution;)V+33
j  org.gradle.launcher.daemon.server.api.DaemonCommandExecution.proceed()Z+23
j  org.gradle.launcher.daemon.server.exec.ForwardClientInput.lambda$execute$0(Lorg/gradle/launcher/daemon/server/api/DaemonCommandExecution;Lorg/gradle/internal/daemon/clientinput/StdinHandler;)Ljava/lang/Object;+11
j  org.gradle.launcher.daemon.server.exec.ForwardClientInput$$Lambda+0x000001d7de197530.apply(Ljava/lang/Object;)Ljava/lang/Object;+8
j  org.gradle.internal.daemon.clientinput.ClientInputForwarder.forwardInput(Ljava/util/function/Function;)Ljava/lang/Object;+46
j  org.gradle.launcher.daemon.server.exec.ForwardClientInput.execute(Lorg/gradle/launcher/daemon/server/api/DaemonCommandExecution;)V+10
j  org.gradle.launcher.daemon.server.api.DaemonCommandExecution.proceed()Z+23
j  org.gradle.launcher.daemon.server.exec.LogAndCheckHealth.execute(Lorg/gradle/launcher/daemon/server/api/DaemonCommandExecution;)V+51
j  org.gradle.launcher.daemon.server.api.DaemonCommandExecution.proceed()Z+23
j  org.gradle.launcher.daemon.server.exec.LogToClient.doBuild(Lorg/gradle/launcher/daemon/server/api/DaemonCommandExecution;Lorg/gradle/launcher/daemon/protocol/Build;)V+87
j  org.gradle.launcher.daemon.server.exec.BuildCommandOnly.execute(Lorg/gradle/launcher/daemon/server/api/DaemonCommandExecution;)V+49
j  org.gradle.launcher.daemon.server.api.DaemonCommandExecution.proceed()Z+23
j  org.gradle.launcher.daemon.server.exec.EstablishBuildEnvironment.doBuild(Lorg/gradle/launcher/daemon/server/api/DaemonCommandExecution;Lorg/gradle/launcher/daemon/protocol/Build;)V+356
j  org.gradle.launcher.daemon.server.exec.BuildCommandOnly.execute(Lorg/gradle/launcher/daemon/server/api/DaemonCommandExecution;)V+49
j  org.gradle.launcher.daemon.server.api.DaemonCommandExecution.proceed()Z+23
j  org.gradle.launcher.daemon.server.exec.StartBuildOrRespondWithBusy$1.run()V+44
j  org.gradle.launcher.daemon.server.DaemonStateCoordinator.lambda$runCommand$0(Ljava/lang/Runnable;)V+1
j  org.gradle.launcher.daemon.server.DaemonStateCoordinator$$Lambda+0x000001d7de1960c0.run()V+8
j  org.gradle.internal.concurrent.ExecutorPolicy$CatchAndRecordFailures.onExecute(Ljava/lang/Runnable;)V+1
j  org.gradle.internal.concurrent.AbstractManagedExecutor$1.run()V+25
j  java.util.concurrent.ThreadPoolExecutor.runWorker(Ljava/util/concurrent/ThreadPoolExecutor$Worker;)V+92 java.base@21.0.12.1
j  java.util.concurrent.ThreadPoolExecutor$Worker.run()V+5 java.base@21.0.12.1
j  java.lang.Thread.runWith(Ljava/lang/Object;Ljava/lang/Runnable;)V+5 java.base@21.0.12.1
j  java.lang.Thread.run()V+19 java.base@21.0.12.1
v  ~StubRoutines::call_stub 0x000001d7d0f210e7
--------------------------------------------------------------------------------
Decoding CodeBlob, name: handle_exception_from_callee Runtime1 stub, at  [0x000001d7d103ab80, 0x000001d7d103ac18]  152 bytes
[MachCode]
  0x000001d7d103ab80: 5548 8bec | 4883 ec20 | 4989 8700 | 0500 0049 | 8997 0805 | 0000 4889 | 5508 498b | cfc5 f877 
  0x000001d7d103aba0: 4989 afb0 | 0300 0049 | ba9d ab03 | d1d7 0100 | 004d 8997 | a803 0000 | 4989 a7a0 | 0300 0048 
  0x000001d7d103abc0: 83e4 f048 | b8d0 820f | 0efc 7f00 | 00ff d049 | c787 a003 | 0000 0000 | 0000 49c7 | 87b0 0300 
  0x000001d7d103abe0: 0000 0000 | 0049 c787 | a803 0000 | 0000 0000 | c5f8 7749 | 837f 0800 | 0f84 0900 | 0000 498b 
  0x000001d7d103ac00: 4708 e979 | cdff ff48 | 8945 08c9 | 59ff e1c9 | c30f 1f80 | 0000 0000 
[/MachCode]
--------------------------------------------------------------------------------


Compiled method (c1) 88776 2157   !   3       jdk.internal.reflect.DirectMethodHandleAccessor::invoke (92 bytes)
 total in heap  [0x000001d7c9e16610,0x000001d7c9e1b098] = 19080
 relocation     [0x000001d7c9e16770,0x000001d7c9e16b40] = 976
 main code      [0x000001d7c9e16b40,0x000001d7c9e19938] = 11768
 stub code      [0x000001d7c9e19938,0x000001d7c9e19a68] = 304
 oops           [0x000001d7c9e19a68,0x000001d7c9e19aa0] = 56
 metadata       [0x000001d7c9e19aa0,0x000001d7c9e19b18] = 120
 scopes data    [0x000001d7c9e19b18,0x000001d7c9e1a088] = 1392
 scopes pcs     [0x000001d7c9e1a088,0x000001d7c9e1a6e8] = 1632
 dependencies   [0x000001d7c9e1a6e8,0x000001d7c9e1a6f0] = 8
 handler table  [0x000001d7c9e1a6f0,0x000001d7c9e1afc0] = 2256
 nul chk table  [0x000001d7c9e1afc0,0x000001d7c9e1b098] = 216

[Constant Pool (empty)]

[MachCode]
[Entry Point]
  # {method} {0x000001d7dd19cf00} 'invoke' '(Ljava/lang/Object;[Ljava/lang/Object;)Ljava/lang/Object;' in 'jdk/internal/reflect/DirectMethodHandleAccessor'
  # this:     rdx:rdx   = 'jdk/internal/reflect/DirectMethodHandleAccessor'
  # parm0:    r8:r8     = 'java/lang/Object'
  # parm1:    r9:r9     = '[Ljava/lang/Object;'
  #           [sp+0x180]  (sp of caller)
  0x000001d7c9e16b40: 448b 5208 | 49bb 0000 | 00dd d701 | 0000 4d03 | d34c 3bd0 

  0x000001d7c9e16b54: ;   {runtime_call ic_miss_stub}
  0x000001d7c9e16b54: 0f85 267e | 1507 660f | 1f44 0000 
[Verified Entry Point]
  0x000001d7c9e16b60: 8984 2400 | 80ff ff55 | 4881 ec70 | 0100 0090 | 4181 7f20 | 0100 0000 

  0x000001d7c9e16b78: ;   {runtime_call StubRoutines (final stubs)}
  0x000001d7c9e16b78: 7405 e821 | 1714 0748 | 8994 24b0 | 0000 004c | 8984 24c0 | 0000 004c | 898c 24b8 

  0x000001d7c9e16b94: ;   {metadata(method data for {method} {0x000001d7dd19cf00} 'invoke' '(Ljava/lang/Object;[Ljava/lang/Object;)Ljava/lang/Object;' in 'jdk/internal/reflect/DirectMethodHandleAccessor')}
  0x000001d7c9e16b94: 0000 0048 | be70 7733 | f2d7 0100 | 008b becc | 0000 0083 | c702 89be | cc00 0000 | 81e7 fe07 
  0x000001d7c9e16bb4: 0000 85ff | 0f84 b327 | 0000 488b 

  0x000001d7c9e16bc0: ;   {metadata(method data for {method} {0x000001d7dd19cf00} 'invoke' '(Ljava/lang/Object;[Ljava/lang/Object;)Ljava/lang/Object;' in 'jdk/internal/reflect/DirectMethodHandleAccessor')}
  0x000001d7c9e16bc0: f248 bf70 | 7733 f2d7 | 0100 0048 | 8387 1001 

  0x000001d7c9e16bd0: ;   {metadata(method data for {method} {0x000001d7dd3c8780} 'isStatic' '()Z' in 'jdk/internal/reflect/DirectMethodHandleAccessor')}
  0x000001d7c9e16bd0: 0000 0148 | bea8 7a33 | f2d7 0100 | 008b becc | 0000 0083 | c702 89be | cc00 0000 | 81e7 feff 
  0x000001d7c9e16bf0: 1f00 85ff | 0f84 9827 | 0000 8b72 | 1081 e600 | 0200 0081 | fe00 0200 

  0x000001d7c9e16c08: ;   {metadata(method data for {method} {0x000001d7dd3c8780} 'isStatic' '()Z' in 'jdk/internal/reflect/DirectMethodHandleAccessor')}
  0x000001d7c9e16c08: 0048 bea8 | 7a33 f2d7 | 0100 0048 | c7c7 1001 | 0000 7507 | 48c7 c720 | 0100 0048 | 8b1c 3e48 
  0x000001d7c9e16c28: 8d5b 0148 | 891c 3e0f | 851a 0000 

  0x000001d7c9e16c34: ;   {metadata(method data for {method} {0x000001d7dd3c8780} 'isStatic' '()Z' in 'jdk/internal/reflect/DirectMethodHandleAccessor')}
  0x000001d7c9e16c34: 0048 bea8 | 7a33 f2d7 | 0100 00ff | 8630 0100 | 00be 0100 | 0000 e905 | 0000 00be | 0000 0000 
  0x000001d7c9e16c54: 83e6 0185 

  0x000001d7c9e16c58: ;   {metadata(method data for {method} {0x000001d7dd19cf00} 'invoke' '(Ljava/lang/Object;[Ljava/lang/Object;)Ljava/lang/Object;' in 'jdk/internal/reflect/DirectMethodHandleAccessor')}
  0x000001d7c9e16c58: f648 be70 | 7733 f2d7 | 0100 0048 | c7c7 4801 | 0000 7507 | 48c7 c758 | 0100 0048 | 8b1c 3e48 
  0x000001d7c9e16c78: 8d5b 0148 | 891c 3e0f | 85d5 0000 | 0048 8bf2 

  0x000001d7c9e16c88: ;   {metadata(method data for {method} {0x000001d7dd19cf00} 'invoke' '(Ljava/lang/Object;[Ljava/lang/Object;)Ljava/lang/Object;' in 'jdk/internal/reflect/DirectMethodHandleAccessor')}
  0x000001d7c9e16c88: 48bf 7077 | 33f2 d701 | 0000 4883 | 8768 0100 

  0x000001d7c9e16c98: ;   {metadata(method data for {method} {0x000001d7dd3c86d0} 'checkReceiver' '(Ljava/lang/Object;)V' in 'jdk/internal/reflect/DirectMethodHandleAccessor')}
  0x000001d7c9e16c98: 0001 48be | 187c 33f2 | d701 0000 | 8bbe cc00 | 0000 83c7 | 0289 becc | 0000 0081 | e7fe ff1f 
  0x000001d7c9e16cb8: 0085 ff0f | 84f2 2600 | 008b 7214 

  0x000001d7c9e16cc4: ; implicit exception: dispatches to 0x000001d7c9e193d4
  0x000001d7c9e16cc4: 493b 0049 

  0x000001d7c9e16cc8: ;   {metadata(method data for {method} {0x000001d7dd3c86d0} 'checkReceiver' '(Ljava/lang/Object;)V' in 'jdk/internal/reflect/DirectMethodHandleAccessor')}
  0x000001d7c9e16cc8: 8bf8 48bb | 187c 33f2 | d701 0000 | 4883 8310 | 0100 0001 | 418b 7808 | 49ba 0000 | 00dd d701 
  0x000001d7c9e16ce8: 0000 4903 | fa48 8b7f | 7048 8b3f 

  0x000001d7c9e16cf4: ; implicit exception: dispatches to 0x000001d7c9e193d9
  0x000001d7c9e16cf4: 483b 0648 

  0x000001d7c9e16cf8: ;   {metadata(method data for {method} {0x000001d7dd3c86d0} 'checkReceiver' '(Ljava/lang/Object;)V' in 'jdk/internal/reflect/DirectMethodHandleAccessor')}
  0x000001d7c9e16cf8: 8bde 48b8 | 187c 33f2 | d701 0000 | 4883 8048 | 0100 0001 | 4c8b c748 | 8bd6 0f1f 

  0x000001d7c9e16d14: ;   {optimized virtual_call}
  0x000001d7c9e16d14: 4400 00e8 

  0x000001d7c9e16d18: ; ImmutableOopMap {[176]=Oop [184]=Oop [192]=Oop }
                      ;*invokevirtual isAssignableFrom {reexecute=0 rethrow=0 return_oop=0}
                      ; - jdk.internal.reflect.DirectMethodHandleAccessor::checkReceiver@8
                      ; - jdk.internal.reflect.DirectMethodHandleAccessor::invoke@9
  0x000001d7c9e16d18: 24db 6b07 

  0x000001d7c9e16d1c: ;   {other}
  0x000001d7c9e16d1c: 0f1f 8400 | 0c07 0000 

  0x000001d7c9e16d24: ;   {metadata(method data for {method} {0x000001d7dd3c86d0} 'checkReceiver' '(Ljava/lang/Object;)V' in 'jdk/internal/reflect/DirectMethodHandleAccessor')}
  0x000001d7c9e16d24: 85c0 48ba | 187c 33f2 | d701 0000 | 49c7 c090 | 0100 0074 | 0749 c7c0 | 8001 0000 | 4a8b 3402 
  0x000001d7c9e16d44: 488d 7601 | 4a89 3402 | 0f84 b724 | 0000 488b | 9424 b000 | 0000 448b 

  0x000001d7c9e16d5c: ;   {metadata(method data for {method} {0x000001d7dd19cf00} 'invoke' '(Ljava/lang/Object;[Ljava/lang/Object;)Ljava/lang/Object;' in 'jdk/internal/reflect/DirectMethodHandleAccessor')}
  0x000001d7c9e16d5c: 420c 48be | 7077 33f2 | d701 0000 | 4883 86a0 | 0100 0001 | 498b d04c | 8b84 24b8 | 0000 000f 
  0x000001d7c9e16d7c: ;   {static_call}
  0x000001d7c9e16d7c: 1f40 00e8 

  0x000001d7c9e16d80: ; ImmutableOopMap {[176]=Oop [184]=Oop [192]=Oop }
                      ;*invokestatic checkArgumentCount {reexecute=0 rethrow=0 return_oop=0}
                      ; - jdk.internal.reflect.DirectMethodHandleAccessor::invoke@17
  0x000001d7c9e16d80: 7c88 0a00 

  0x000001d7c9e16d84: ;   {other}
  0x000001d7c9e16d84: 0f1f 8400 | 7407 0001 | 488b 9424 | b000 0000 

  0x000001d7c9e16d94: ;   {metadata(method data for {method} {0x000001d7dd19cf00} 'invoke' '(Ljava/lang/Object;[Ljava/lang/Object;)Ljava/lang/Object;' in 'jdk/internal/reflect/DirectMethodHandleAccessor')}
  0x000001d7c9e16d94: 488b f248 | bf70 7733 | f2d7 0100 | 0048 8387 | b001 0000 

  0x000001d7c9e16da8: ;   {metadata(method data for {method} {0x000001d7dd3c8518} 'invokeImpl' '(Ljava/lang/Object;[Ljava/lang/Object;)Ljava/lang/Object;' in 'jdk/internal/reflect/DirectMethodHandleAccessor')}
  0x000001d7c9e16da8: 0148 bef8 | 8033 f2d7 | 0100 008b | becc 0000 | 0083 c702 | 89be cc00 | 0000 81e7 | feff 1f00 
  0x000001d7c9e16dc8: 85ff 0f84 | 0e26 0000 

  0x000001d7c9e16dd0: ;   {metadata(method data for {method} {0x000001d7dd3c8518} 'invokeImpl' '(Ljava/lang/Object;[Ljava/lang/Object;)Ljava/lang/Object;' in 'jdk/internal/reflect/DirectMethodHandleAccessor')}
  0x000001d7c9e16dd0: 8b72 0c48 | bff8 8033 | f2d7 0100 | 0048 c7c3 | 1801 0000 | 85f6 488b | c348 c7c3 | 2801 0000 
  0x000001d7c9e16df0: 480f 45d8 | 83fe 0148 | 8bc3 48c7 | c338 0100 | 0048 0f45 | d883 fe02 | 488b c348 | c7c3 4801 
  0x000001d7c9e16e10: 0000 480f | 45d8 83fe | 0348 8bc3 | 48c7 c358 | 0100 0048 | 0f45 d848 | 8b04 1f49 | c7c2 0100 
  0x000001d7c9e16e30: 0000 4903 | c248 8904 | 1f85 f60f | 84f9 1900 | 0083 fe01 | 0f84 9813 | 0000 83fe | 020f 8407 
  0x000001d7c9e16e50: 0d00 0083 | fe03 0f84 | 3606 0000 | 4c8b 8424 | c000 0000 | 8b72 1848 | 89b4 24c8 

  0x000001d7c9e16e6c: ;   {metadata(method data for {method} {0x000001d7dd3c8518} 'invokeImpl' '(Ljava/lang/Object;[Ljava/lang/Object;)Ljava/lang/Object;' in 'jdk/internal/reflect/DirectMethodHandleAccessor')}
  0x000001d7c9e16e6c: 0000 0048 | bff8 8033 | f2d7 0100 | 0048 8dbf | 9803 0000 | 4d85 c075 | 0ef6 4708 | 0175 53f0 
  0x000001d7c9e16e8c: 4883 4f08 | 01eb 4b41 | 8b58 0849 | ba00 0000 | ddd7 0100 | 0049 03da | 4c8b d348 | 335f 0848 
  0x000001d7c9e16eac: f7c3 fcff | ffff 742a | f6c3 0275 | 2548 f747 | 08fe ffff | ff74 1749 | 8bda 4833 | 5f08 48f7 
  0x000001d7c9e16ecc: c3fc ffff | ff74 0b48 | 834f 0802 | eb04 4889 

  0x000001d7c9e16edc: ;   {metadata(method data for {method} {0x000001d7dd0ae518} 'invokeExact_MT' '(Ljava/lang/Object;Ljava/lang/Object;Ljava/lang/Object;Ljava/lang/Object;)Ljava/lang/Object;' in 'java/lang/invoke/Invokers$Holder')}
  0x000001d7c9e16edc: 5f08 48bf | 1085 33f2 | d701 0000 | 488d bfb8 | 0200 0048 | 85f6 750c | f607 0175 | 4cf0 4883 
  0x000001d7c9e16efc: 0f01 eb45 | 8b5e 0849 | ba00 0000 | ddd7 0100 | 0049 03da | 4c8b d348 | 331f 48f7 | c3fc ffff 
  0x000001d7c9e16f1c: ff74 26f6 | c302 7521 | 48f7 07fe | ffff ff74 | 1549 8bda | 4833 1f48 | f7c3 fcff | ffff 7409 
  0x000001d7c9e16f3c: 4883 0f02 | eb03 4889 | 1f4d 85c0 | 750e f647 | 1001 7553 | f048 834f | 1001 eb4b | 418b 5808 
  0x000001d7c9e16f5c: 49ba 0000 | 00dd d701 | 0000 4903 | da4c 8bd3 | 4833 5f10 | 48f7 c3fc | ffff ff74 | 2af6 c302 
  0x000001d7c9e16f7c: 7525 48f7 | 4710 feff | ffff 7417 | 498b da48 | 335f 1048 | f7c3 fcff | ffff 740b | 4883 4f10 
  0x000001d7c9e16f9c: 02eb 0448 

  0x000001d7c9e16fa0: ;   {metadata(method data for {method} {0x000001d7dd3c8518} 'invokeImpl' '(Ljava/lang/Object;[Ljava/lang/Object;)Ljava/lang/Object;' in 'jdk/internal/reflect/DirectMethodHandleAccessor')}
  0x000001d7c9e16fa0: 895f 1048 | bff8 8033 | f2d7 0100 | 0048 8387 | 6003 0000 

  0x000001d7c9e16fb4: ;   {metadata(method data for {method} {0x000001d7dd0ae518} 'invokeExact_MT' '(Ljava/lang/Object;Ljava/lang/Object;Ljava/lang/Object;Ljava/lang/Object;)Ljava/lang/Object;' in 'java/lang/invoke/Invokers$Holder')}
  0x000001d7c9e16fb4: 0148 bf10 | 8533 f2d7 | 0100 008b | 9fcc 0000 | 0083 c302 | 899f cc00 | 0000 81e3 | feff 1f00 
  0x000001d7c9e16fd4: 85db 0f84 | 2324 0000 

  0x000001d7c9e16fdc: ;   {metadata(method data for {method} {0x000001d7dd0ae518} 'invokeExact_MT' '(Ljava/lang/Object;Ljava/lang/Object;Ljava/lang/Object;Ljava/lang/Object;)Ljava/lang/Object;' in 'java/lang/invoke/Invokers$Holder')}
  0x000001d7c9e16fdc: 48bf 1085 | 33f2 d701 | 0000 488d | bf90 0100 | 0048 85f6 | 750e f647 | 0801 7552 | f048 834f 
  0x000001d7c9e16ffc: 0801 eb4a | 8b5e 0849 | ba00 0000 | ddd7 0100 | 0049 03da | 4c8b d348 | 335f 0848 | f7c3 fcff 
  0x000001d7c9e1701c: ffff 742a | f6c3 0275 | 2548 f747 | 08fe ffff | ff74 1749 | 8bda 4833 | 5f08 48f7 | c3fc ffff 
  0x000001d7c9e1703c: ff74 0b48 | 834f 0802 | eb04 4889 

  0x000001d7c9e17048: ;   {oop(a 'java/lang/invoke/MethodType'{0x00000000ee458b10} = (Ljava/lang/Object;[Ljava/lang/Object;)Ljava/lang/Object;)}
  0x000001d7c9e17048: 5f08 48bb | 108b 45ee | 0000 0000 | 4885 db75 | 0cf6 4718 | 0175 06f0 | 4883 4f18 

  0x000001d7c9e17064: ;   {metadata(method data for {method} {0x000001d7dd0ae518} 'invokeExact_MT' '(Ljava/lang/Object;Ljava/lang/Object;Ljava/lang/Object;Ljava/lang/Object;)Ljava/lang/Object;' in 'java/lang/invoke/Invokers$Holder')}
  0x000001d7c9e17064: 0148 bf10 | 8533 f2d7 | 0100 0048 | 8387 8001 

  0x000001d7c9e17074: ;   {metadata(method data for {method} {0x000001d7dd3dc408} 'checkExactType' '(Ljava/lang/invoke/MethodHandle;Ljava/lang/invoke/MethodType;)V' in 'java/lang/invoke/Invokers')}
  0x000001d7c9e17074: 0000 0148 | bf18 fb1f | f2d7 0100 | 008b 87cc | 0000 0083 | c002 8987 | cc00 0000 | 25fe ff1f 
  0x000001d7c9e17094: 0085 c00f | 8483 2300 | 0048 3b06 

  0x000001d7c9e170a0: ;   {metadata(method data for {method} {0x000001d7dd3dc408} 'checkExactType' '(Ljava/lang/invoke/MethodHandle;Ljava/lang/invoke/MethodType;)V' in 'java/lang/invoke/Invokers')}
  0x000001d7c9e170a0: 488b fe48 | b818 fb1f | f2d7 0100 | 008b 7f08 | 49ba 0000 | 00dd d701 | 0000 4903 | fa48 3bb8 
  0x000001d7c9e170c0: 2001 0000 | 750d 4883 | 8028 0100 | 0001 e960 | 0000 0048 | 3bb8 3001 | 0000 750d | 4883 8038 
  0x000001d7c9e170e0: 0100 0001 | e94a 0000 | 0048 83b8 | 2001 0000 | 0075 1748 | 89b8 2001 | 0000 48c7 | 8028 0100 
  0x000001d7c9e17100: 0001 0000 | 00e9 2900 | 0000 4883 | b830 0100 | 0000 7517 | 4889 b830 | 0100 0048 | c780 3801 
  0x000001d7c9e17120: 0000 0100 | 0000 e908 | 0000 0048 | 8380 1001 | 0000 018b | 7e10 483b 

  0x000001d7c9e17138: ;   {metadata(method data for {method} {0x000001d7dd3dc408} 'checkExactType' '(Ljava/lang/invoke/MethodHandle;Ljava/lang/invoke/MethodType;)V' in 'java/lang/invoke/Invokers')}
  0x000001d7c9e17138: fb48 bb18 | fb1f f2d7 | 0100 0048 | c7c0 5801 | 0000 7507 | 48c7 c048 | 0100 0048 | 8b0c 0348 
  0x000001d7c9e17158: 8d49 0148 | 890c 030f | 8542 1c00 

  0x000001d7c9e17164: ;   {metadata(method data for {method} {0x000001d7dd0ae518} 'invokeExact_MT' '(Ljava/lang/Object;Ljava/lang/Object;Ljava/lang/Object;Ljava/lang/Object;)Ljava/lang/Object;' in 'java/lang/invoke/Invokers$Holder')}
  0x000001d7c9e17164: 0048 bf10 | 8533 f2d7 | 0100 0048 | 8dbf c801 | 0000 8b5e | 0849 ba00 | 0000 ddd7 | 0100 0049 
  0x000001d7c9e17184: 03da 4c8b | d348 335f | 0848 f7c3 | fcff ffff | 742a f6c3 | 0275 2548 | f747 08fe | ffff ff74 
  0x000001d7c9e171a4: 1749 8bda | 4833 5f08 | 48f7 c3fc | ffff ff74 | 0b48 834f | 0802 eb04 | 4889 5f08 

  0x000001d7c9e171c0: ;   {metadata(method data for {method} {0x000001d7dd0ae518} 'invokeExact_MT' '(Ljava/lang/Object;Ljava/lang/Object;Ljava/lang/Object;Ljava/lang/Object;)Ljava/lang/Object;' in 'java/lang/invoke/Invokers$Holder')}
  0x000001d7c9e171c0: 48bf 1085 | 33f2 d701 | 0000 4883 | 87b8 0100 

  0x000001d7c9e171d0: ;   {metadata(method data for {method} {0x000001d7dd3dc300} 'checkCustomized' '(Ljava/lang/invoke/MethodHandle;)V' in 'java/lang/invoke/Invokers')}
  0x000001d7c9e171d0: 0001 48bf | e0ef 1ff2 | d701 0000 | 8b9f cc00 | 0000 83c3 | 0289 9fcc | 0000 0081 | e3fe ff1f 
  0x000001d7c9e171f0: 0085 db0f | 844d 2200 

  0x000001d7c9e171f8: ;   {metadata(method data for {method} {0x000001d7dd3dc300} 'checkCustomized' '(Ljava/lang/invoke/MethodHandle;)V' in 'java/lang/invoke/Invokers')}
  0x000001d7c9e171f8: 0048 bfe0 | ef1f f2d7 | 0100 0048 | 8387 1001 

  0x000001d7c9e17208: ;   {metadata(method data for {method} {0x000001d7dd0944d8} 'isCompileConstant' '(Ljava/lang/Object;)Z' in 'java/lang/invoke/MethodHandleImpl')}
  0x000001d7c9e17208: 0000 0148 | bf90 f11f | f2d7 0100 | 008b 9fcc | 0000 0083 | c302 899f | cc00 0000 | 81e3 feff 
  0x000001d7c9e17228: 1f00 85db | 0f84 3522 

  0x000001d7c9e17230: ;   {metadata(method data for {method} {0x000001d7dd3dc300} 'checkCustomized' '(Ljava/lang/invoke/MethodHandle;)V' in 'java/lang/invoke/Invokers')}
  0x000001d7c9e17230: 0000 48bf | e0ef 1ff2 | d701 0000 | ff87 2001 | 0000 8b7e | 148b 7f1c 

  0x000001d7c9e17248: ;   {metadata(method data for {method} {0x000001d7dd3dc300} 'checkCustomized' '(Ljava/lang/invoke/MethodHandle;)V' in 'java/lang/invoke/Invokers')}
  0x000001d7c9e17248: 4885 ff48 | bfe0 ef1f | f2d7 0100 | 0048 c7c3 | 4001 0000 | 7507 48c7 | c350 0100 | 0048 8b04 
  0x000001d7c9e17268: 1f48 8d40 | 0148 8904 | 1f0f 8525 

  0x000001d7c9e17274: ;   {metadata(method data for {method} {0x000001d7dd3dc300} 'checkCustomized' '(Ljava/lang/invoke/MethodHandle;)V' in 'java/lang/invoke/Invokers')}
  0x000001d7c9e17274: 0000 0048 | bfe0 ef1f | f2d7 0100 | 0048 8387 | 6001 0000 | 0148 8bd6 

  0x000001d7c9e1728c: ;   {static_call}
  0x000001d7c9e1728c: 6666 90e8 

  0x000001d7c9e17290: ; ImmutableOopMap {[176]=Oop [184]=Oop [192]=Oop [200]=Oop }
                      ;*invokestatic maybeCustomize {reexecute=0 rethrow=0 return_oop=0}
                      ; - java.lang.invoke.Invokers::checkCustomized@19
                      ; - java.lang.invoke.Invokers$Holder::invokeExact_MT@14
                      ; - jdk.internal.reflect.DirectMethodHandleAccessor::invokeImpl@104
                      ; - jdk.internal.reflect.DirectMethodHandleAccessor::invoke@23
  0x000001d7c9e17290: 2cf2 ecff 

  0x000001d7c9e17294: ;   {other}
  0x000001d7c9e17294: 0f1f 8400 | 840c 0002 | 4c8b 8c24 | b800 0000 | 4c8b 8424 | c000 0000 

  0x000001d7c9e172ac: ;   {metadata(method data for {method} {0x000001d7dd0ae518} 'invokeExact_MT' '(Ljava/lang/Object;Ljava/lang/Object;Ljava/lang/Object;Ljava/lang/Object;)Ljava/lang/Object;' in 'java/lang/invoke/Invokers$Holder')}
  0x000001d7c9e172ac: 48ba 1085 | 33f2 d701 | 0000 488d | 9218 0200 | 004d 85c0 | 750e f642 | 0801 7554 | f048 834a 
  0x000001d7c9e172cc: 0801 eb4c | 418b 7008 | 49ba 0000 | 00dd d701 | 0000 4903 | f24c 8bd6 | 4833 7208 | 48f7 c6fc 
  0x000001d7c9e172ec: ffff ff74 | 2b40 f6c6 | 0275 2548 | f742 08fe | ffff ff74 | 1749 8bf2 | 4833 7208 | 48f7 c6fc 
  0x000001d7c9e1730c: ffff ff74 | 0b48 834a | 0802 eb04 | 4889 7208 | 4d85 c975 | 0ef6 4218 | 0175 54f0 | 4883 4a18 
  0x000001d7c9e1732c: 01eb 4c41 | 8b71 0849 | ba00 0000 | ddd7 0100 | 0049 03f2 | 4c8b d648 | 3372 1848 | f7c6 fcff 
  0x000001d7c9e1734c: ffff 742b | 40f6 c602 | 7525 48f7 | 4218 feff | ffff 7417 | 498b f248 | 3372 1848 | f7c6 fcff 
  0x000001d7c9e1736c: ffff 740b | 4883 4a18 | 02eb 0448 | 8972 1848 | 8bb4 24c8 

  0x000001d7c9e17380: ;   {metadata(method data for {method} {0x000001d7dd0ae518} 'invokeExact_MT' '(Ljava/lang/Object;Ljava/lang/Object;Ljava/lang/Object;Ljava/lang/Object;)Ljava/lang/Object;' in 'java/lang/invoke/Invokers$Holder')}
  0x000001d7c9e17380: 0000 0048 | ba10 8533 | f2d7 0100 | 0048 8382 | e001 0000 | 0148 8b94 | 24c8 0000 

  0x000001d7c9e1739c: ;   {optimized virtual_call}
  0x000001d7c9e1739c: 0066 90e8 

  0x000001d7c9e173a0: ; ImmutableOopMap {[176]=Oop }
                      ;*invokevirtual invokeBasic {reexecute=0 rethrow=0 return_oop=0}
                      ; - java.lang.invoke.Invokers$Holder::invokeExact_MT@20
                      ; - jdk.internal.reflect.DirectMethodHandleAccessor::invokeImpl@104
                      ; - jdk.internal.reflect.DirectMethodHandleAccessor::invoke@23
  0x000001d7c9e173a0: dcba 6b07 

  0x000001d7c9e173a4: ;   {other}
  0x000001d7c9e173a4: 0f1f 8400 | 940d 0003 

  0x000001d7c9e173ac: ;   {metadata(method data for {method} {0x000001d7dd0ae518} 'invokeExact_MT' '(Ljava/lang/Object;Ljava/lang/Object;Ljava/lang/Object;Ljava/lang/Object;)Ljava/lang/Object;' in 'java/lang/invoke/Invokers$Holder')}
  0x000001d7c9e173ac: 48ba 1085 | 33f2 d701 | 0000 488d | 9238 0200 | 0048 85c0 | 750c f602 | 0175 4df0 | 4883 0a01 
  0x000001d7c9e173cc: eb46 8b70 | 0849 ba00 | 0000 ddd7 | 0100 0049 | 03f2 4c8b | d648 3332 | 48f7 c6fc | ffff ff74 
  0x000001d7c9e173ec: 2740 f6c6 | 0275 2148 | f702 feff | ffff 7415 | 498b f248 | 3332 48f7 | c6fc ffff | ff74 0948 
  0x000001d7c9e1740c: 830a 02eb | 0348 8932 

  0x000001d7c9e17414: ;   {metadata(method data for {method} {0x000001d7dd3c8518} 'invokeImpl' '(Ljava/lang/Object;[Ljava/lang/Object;)Ljava/lang/Object;' in 'jdk/internal/reflect/DirectMethodHandleAccessor')}
  0x000001d7c9e17414: 48ba f880 | 33f2 d701 | 0000 488d | 92b8 0300 | 0048 85c0 | 750c f602 | 0175 4df0 | 4883 0a01 
  0x000001d7c9e17434: eb46 8b70 | 0849 ba00 | 0000 ddd7 | 0100 0049 | 03f2 4c8b | d648 3332 | 48f7 c6fc | ffff ff74 
  0x000001d7c9e17454: 2740 f6c6 | 0275 2148 | f702 feff | ffff 7415 | 498b f248 | 3332 48f7 | c6fc ffff | ff74 0948 
  0x000001d7c9e17474: 830a 02eb | 0348 8932 | 4881 c470 | 0100 005d 

  0x000001d7c9e17484: ;   {poll_return}
  0x000001d7c9e17484: 493b a750 | 0400 000f | 87fc 1f00 | 00c3 4c8b | 8c24 b800 | 0000 4c8b | 8424 c000 | 0000 8b72 
  0x000001d7c9e174a4: 1848 89b4 | 24d8 0000 | 0041 8379 | 0c00 0f86 | f51f 0000 | 418b 7910 | 4889 bc24 | d000 0000 
  0x000001d7c9e174c4: 4183 790c | 010f 86f0 | 1f00 0041 | 8b59 1448 | 899c 24e0 | 0000 0041 | 8379 0c02 | 0f86 eb1f 
  0x000001d7c9e174e4: 0000 418b | 4118 4889 | 8424 e800 

  0x000001d7c9e174f0: ;   {metadata(method data for {method} {0x000001d7dd3c8518} 'invokeImpl' '(Ljava/lang/Object;[Ljava/lang/Object;)Ljava/lang/Object;' in 'jdk/internal/reflect/DirectMethodHandleAccessor')}
  0x000001d7c9e174f0: 0000 48b9 | f880 33f2 | d701 0000 | 488d 8918 | 0300 004d | 85c0 750e | f641 0801 | 7554 f048 
  0x000001d7c9e17510: 8349 0801 | eb4c 458b | 4808 49ba | 0000 00dd | d701 0000 | 4d03 ca4d | 8bd1 4c33 | 4908 49f7 
  0x000001d7c9e17530: c1fc ffff | ff74 2b41 | f6c1 0275 | 2548 f741 | 08fe ffff | ff74 174d | 8bca 4c33 | 4908 49f7 
  0x000001d7c9e17550: c1fc ffff | ff74 0b48 | 8349 0802 | eb04 4c89 

  0x000001d7c9e17560: ;   {metadata(method data for {method} {0x000001d7f27022b8} 'invokeExact_MT' '(Ljava/lang/Object;Ljava/lang/Object;Ljava/lang/Object;Ljava/lang/Object;Ljava/lang/Object;Ljava/lang/Object;)Ljava/lang/Object;' in 'java/lang/invoke/LambdaForm$MH+0x000001d7de0ee800')}
  0x000001d7c9e17560: 4908 48b9 | 1825 70f2 | d701 0000 | 488d 89c8 | 0200 0048 | 85f6 750c | f601 0175 | 4ef0 4883 
  0x000001d7c9e17580: 0901 eb47 | 448b 4e08 | 49ba 0000 | 00dd d701 | 0000 4d03 | ca4d 8bd1 | 4c33 0949 | f7c1 fcff 
  0x000001d7c9e175a0: ffff 7427 | 41f6 c102 | 7521 48f7 | 01fe ffff | ff74 154d | 8bca 4c33 | 0949 f7c1 | fcff ffff 
  0x000001d7c9e175c0: 7409 4883 | 0902 eb03 | 4c89 094d | 85c0 750e | f641 1001 | 7554 f048 | 8349 1001 | eb4c 458b 
  0x000001d7c9e175e0: 4808 49ba | 0000 00dd | d701 0000 | 4d03 ca4d | 8bd1 4c33 | 4910 49f7 | c1fc ffff | ff74 2b41 
  0x000001d7c9e17600: f6c1 0275 | 2548 f741 | 10fe ffff | ff74 174d | 8bca 4c33 | 4910 49f7 | c1fc ffff | ff74 0b48 
  0x000001d7c9e17620: 8349 1002 | eb04 4c89 

  0x000001d7c9e17628: ;   {metadata(method data for {method} {0x000001d7dd3c8518} 'invokeImpl' '(Ljava/lang/Object;[Ljava/lang/Object;)Ljava/lang/Object;' in 'jdk/internal/reflect/DirectMethodHandleAccessor')}
  0x000001d7c9e17628: 4910 48b9 | f880 33f2 | d701 0000 | 4883 81e0 | 0200 0001 

  0x000001d7c9e1763c: ;   {metadata(method data for {method} {0x000001d7f27022b8} 'invokeExact_MT' '(Ljava/lang/Object;Ljava/lang/Object;Ljava/lang/Object;Ljava/lang/Object;Ljava/lang/Object;Ljava/lang/Object;)Ljava/lang/Object;' in 'java/lang/invoke/LambdaForm$MH+0x000001d7de0ee800')}
  0x000001d7c9e1763c: 48b9 1825 | 70f2 d701 | 0000 448b | 89cc 0000 | 0041 83c1 | 0244 8989 | cc00 0000 | 4181 e1fe 
  0x000001d7c9e1765c: ff1f 0045 | 85c9 0f84 | 7b1e 0000 

  0x000001d7c9e17668: ;   {metadata(method data for {method} {0x000001d7f27022b8} 'invokeExact_MT' '(Ljava/lang/Object;Ljava/lang/Object;Ljava/lang/Object;Ljava/lang/Object;Ljava/lang/Object;Ljava/lang/Object;)Ljava/lang/Object;' in 'java/lang/invoke/LambdaForm$MH+0x000001d7de0ee800')}
  0x000001d7c9e17668: 48b9 1825 | 70f2 d701 | 0000 488d | 8990 0100 | 0048 85f6 | 750e f641 | 0801 7554 | f048 8349 
  0x000001d7c9e17688: 0801 eb4c | 448b 4e08 | 49ba 0000 | 00dd d701 | 0000 4d03 | ca4d 8bd1 | 4c33 4908 | 49f7 c1fc 
  0x000001d7c9e176a8: ffff ff74 | 2b41 f6c1 | 0275 2548 | f741 08fe | ffff ff74 | 174d 8bca | 4c33 4908 | 49f7 c1fc 
  0x000001d7c9e176c8: ffff ff74 | 0b48 8349 | 0802 eb04 | 4c89 4908 

  0x000001d7c9e176d8: ;   {oop(a 'java/lang/invoke/MethodType'{0x00000000e07e8748} = (Ljava/lang/Object;Ljava/lang/Object;Ljava/lang/Object;Ljava/lang/Object;)Ljava/lang/Object;)}
  0x000001d7c9e176d8: 49b9 4887 | 7ee0 0000 | 0000 4d85 | c975 0cf6 | 4118 0175 | 06f0 4883 

  0x000001d7c9e176f0: ;   {metadata(method data for {method} {0x000001d7f27022b8} 'invokeExact_MT' '(Ljava/lang/Object;Ljava/lang/Object;Ljava/lang/Object;Ljava/lang/Object;Ljava/lang/Object;Ljava/lang/Object;)Ljava/lang/Object;' in 'java/lang/invoke/LambdaForm$MH+0x000001d7de0ee800')}
  0x000001d7c9e176f0: 4918 0148 | b918 2570 | f2d7 0100 | 0048 8381 | 8001 0000 

  0x000001d7c9e17704: ;   {metadata(method data for {method} {0x000001d7dd3dc408} 'checkExactType' '(Ljava/lang/invoke/MethodHandle;Ljava/lang/invoke/MethodType;)V' in 'java/lang/invoke/Invokers')}
  0x000001d7c9e17704: 0148 b918 | fb1f f2d7 | 0100 0044 | 8b99 cc00 | 0000 4183 | c302 4489 | 99cc 0000 | 0041 81e3 
  0x000001d7c9e17724: feff 1f00 | 4585 db0f | 84d3 1d00 | 0048 3b06 

  0x000001d7c9e17734: ;   {metadata(method data for {method} {0x000001d7dd3dc408} 'checkExactType' '(Ljava/lang/invoke/MethodHandle;Ljava/lang/invoke/MethodType;)V' in 'java/lang/invoke/Invokers')}
  0x000001d7c9e17734: 488b ce49 | bb18 fb1f | f2d7 0100 | 008b 4908 | 49ba 0000 | 00dd d701 | 0000 4903 | ca49 3b8b 
  0x000001d7c9e17754: 2001 0000 | 750d 4983 | 8328 0100 | 0001 e960 | 0000 0049 | 3b8b 3001 | 0000 750d | 4983 8338 
  0x000001d7c9e17774: 0100 0001 | e94a 0000 | 0049 83bb | 2001 0000 | 0075 1749 | 898b 2001 | 0000 49c7 | 8328 0100 
  0x000001d7c9e17794: 0001 0000 | 00e9 2900 | 0000 4983 | bb30 0100 | 0000 7517 | 4989 8b30 | 0100 0049 | c783 3801 
  0x000001d7c9e177b4: 0000 0100 | 0000 e908 | 0000 0049 | 8383 1001 | 0000 018b | 4e10 493b 

  0x000001d7c9e177cc: ;   {metadata(method data for {method} {0x000001d7dd3dc408} 'checkExactType' '(Ljava/lang/invoke/MethodHandle;Ljava/lang/invoke/MethodType;)V' in 'java/lang/invoke/Invokers')}
  0x000001d7c9e177cc: c949 b918 | fb1f f2d7 | 0100 0049 | c7c3 5801 | 0000 7507 | 49c7 c348 | 0100 004f | 8b2c 194d 
  0x000001d7c9e177ec: 8d6d 014f | 892c 190f | 856e 1500 

  0x000001d7c9e177f8: ;   {metadata(method data for {method} {0x000001d7f27022b8} 'invokeExact_MT' '(Ljava/lang/Object;Ljava/lang/Object;Ljava/lang/Object;Ljava/lang/Object;Ljava/lang/Object;Ljava/lang/Object;)Ljava/lang/Object;' in 'java/lang/invoke/LambdaForm$MH+0x000001d7de0ee800')}
  0x000001d7c9e177f8: 0048 b918 | 2570 f2d7 | 0100 0048 | 8d89 c801 | 0000 448b | 4e08 49ba | 0000 00dd | d701 0000 
  0x000001d7c9e17818: 4d03 ca4d | 8bd1 4c33 | 4908 49f7 | c1fc ffff | ff74 2b41 | f6c1 0275 | 2548 f741 | 08fe ffff 
  0x000001d7c9e17838: ff74 174d | 8bca 4c33 | 4908 49f7 | c1fc ffff | ff74 0b48 | 8349 0802 | eb04 4c89 

  0x000001d7c9e17854: ;   {metadata(method data for {method} {0x000001d7f27022b8} 'invokeExact_MT' '(Ljava/lang/Object;Ljava/lang/Object;Ljava/lang/Object;Ljava/lang/Object;Ljava/lang/Object;Ljava/lang/Object;)Ljava/lang/Object;' in 'java/lang/invoke/LambdaForm$MH+0x000001d7de0ee800')}
  0x000001d7c9e17854: 4908 48b9 | 1825 70f2 | d701 0000 | 4883 81b8 | 0100 0001 

  0x000001d7c9e17868: ;   {metadata(method data for {method} {0x000001d7dd3dc300} 'checkCustomized' '(Ljava/lang/invoke/MethodHandle;)V' in 'java/lang/invoke/Invokers')}
  0x000001d7c9e17868: 48b9 e0ef | 1ff2 d701 | 0000 448b | 89cc 0000 | 0041 83c1 | 0244 8989 | cc00 0000 | 4181 e1fe 
  0x000001d7c9e17888: ff1f 0045 | 85c9 0f84 | 961c 0000 

  0x000001d7c9e17894: ;   {metadata(method data for {method} {0x000001d7dd3dc300} 'checkCustomized' '(Ljava/lang/invoke/MethodHandle;)V' in 'java/lang/invoke/Invokers')}
  0x000001d7c9e17894: 48b9 e0ef | 1ff2 d701 | 0000 4883 | 8110 0100 

  0x000001d7c9e178a4: ;   {metadata(method data for {method} {0x000001d7dd0944d8} 'isCompileConstant' '(Ljava/lang/Object;)Z' in 'java/lang/invoke/MethodHandleImpl')}
  0x000001d7c9e178a4: 0001 48b9 | 90f1 1ff2 | d701 0000 | 448b 89cc | 0000 0041 | 83c1 0244 | 8989 cc00 | 0000 4181 
  0x000001d7c9e178c4: e1fe ff1f | 0045 85c9 | 0f84 791c 

  0x000001d7c9e178d0: ;   {metadata(method data for {method} {0x000001d7dd3dc300} 'checkCustomized' '(Ljava/lang/invoke/MethodHandle;)V' in 'java/lang/invoke/Invokers')}
  0x000001d7c9e178d0: 0000 48b9 | e0ef 1ff2 | d701 0000 | ff81 2001 | 0000 8b4e | 148b 491c 

  0x000001d7c9e178e8: ;   {metadata(method data for {method} {0x000001d7dd3dc300} 'checkCustomized' '(Ljava/lang/invoke/MethodHandle;)V' in 'java/lang/invoke/Invokers')}
  0x000001d7c9e178e8: 4885 c948 | b9e0 ef1f | f2d7 0100 | 0049 c7c1 | 4001 0000 | 7507 49c7 | c150 0100 | 004e 8b1c 
  0x000001d7c9e17908: 094d 8d5b | 014e 891c | 090f 8525 

  0x000001d7c9e17914: ;   {metadata(method data for {method} {0x000001d7dd3dc300} 'checkCustomized' '(Ljava/lang/invoke/MethodHandle;)V' in 'java/lang/invoke/Invokers')}
  0x000001d7c9e17914: 0000 0048 | b9e0 ef1f | f2d7 0100 | 0048 8381 | 6001 0000 | 0148 8bd6 

  0x000001d7c9e1792c: ;   {static_call}
  0x000001d7c9e1792c: 6666 90e8 

  0x000001d7c9e17930: ; ImmutableOopMap {[176]=Oop [192]=Oop [208]=Oop [216]=Oop [224]=Oop [232]=Oop }
                      ;*invokestatic maybeCustomize {reexecute=0 rethrow=0 return_oop=0}
                      ; - java.lang.invoke.Invokers::checkCustomized@19
                      ; - java.lang.invoke.LambdaForm$MH/0x000001d7de0ee800::invokeExact_MT@15
                      ; - jdk.internal.reflect.DirectMethodHandleAccessor::invokeImpl@92
                      ; - jdk.internal.reflect.DirectMethodHandleAccessor::invoke@23
  0x000001d7c9e17930: 8ceb ecff 

  0x000001d7c9e17934: ;   {other}
  0x000001d7c9e17934: 0f1f 8400 | 2413 0004 | 488b bc24 | d000 0000 | 4c8b 8424 | c000 0000 

  0x000001d7c9e1794c: ;   {metadata(method data for {method} {0x000001d7f27022b8} 'invokeExact_MT' '(Ljava/lang/Object;Ljava/lang/Object;Ljava/lang/Object;Ljava/lang/Object;Ljava/lang/Object;Ljava/lang/Object;)Ljava/lang/Object;' in 'java/lang/invoke/LambdaForm$MH+0x000001d7de0ee800')}
  0x000001d7c9e1794c: 49b9 1825 | 70f2 d701 | 0000 4d8d | 8918 0200 | 004d 85c0 | 750f 41f6 | 4108 0175 | 54f0 4983 
  0x000001d7c9e1796c: 4908 01eb | 4c41 8b70 | 0849 ba00 | 0000 ddd7 | 0100 0049 | 03f2 4c8b | d649 3371 | 0848 f7c6 
  0x000001d7c9e1798c: fcff ffff | 742b 40f6 | c602 7525 | 49f7 4108 | feff ffff | 7417 498b | f249 3371 | 0848 f7c6 
  0x000001d7c9e179ac: fcff ffff | 740b 4983 | 4908 02eb | 0449 8971 | 0848 85ff | 750f 41f6 | 4118 0175 | 53f0 4983 
  0x000001d7c9e179cc: 4918 01eb | 4b8b 7708 | 49ba 0000 | 00dd d701 | 0000 4903 | f24c 8bd6 | 4933 7118 | 48f7 c6fc 
  0x000001d7c9e179ec: ffff ff74 | 2b40 f6c6 | 0275 2549 | f741 18fe | ffff ff74 | 1749 8bf2 | 4933 7118 | 48f7 c6fc 
  0x000001d7c9e17a0c: ffff ff74 | 0b49 8349 | 1802 eb04 | 4989 7118 | 488b b424 | d800 0000 

  0x000001d7c9e17a24: ;   {metadata(method data for {method} {0x000001d7f27022b8} 'invokeExact_MT' '(Ljava/lang/Object;Ljava/lang/Object;Ljava/lang/Object;Ljava/lang/Object;Ljava/lang/Object;Ljava/lang/Object;)Ljava/lang/Object;' in 'java/lang/invoke/LambdaForm$MH+0x000001d7de0ee800')}
  0x000001d7c9e17a24: 49b9 1825 | 70f2 d701 | 0000 4983 | 81e0 0100 | 0001 4c8b | cf48 8bbc | 24e0 0000 | 0048 8bb4 
  0x000001d7c9e17a44: 24e8 0000 | 0048 8b94 | 24d8 0000 | 0066 0f1f 

  0x000001d7c9e17a54: ;   {optimized virtual_call}
  0x000001d7c9e17a54: 4400 00e8 

  0x000001d7c9e17a58: ; ImmutableOopMap {[176]=Oop }
                      ;*invokevirtual invokeBasic {reexecute=0 rethrow=0 return_oop=0}
                      ; - java.lang.invoke.LambdaForm$MH/0x000001d7de0ee800::invokeExact_MT@24
                      ; - jdk.internal.reflect.DirectMethodHandleAccessor::invokeImpl@92
                      ; - jdk.internal.reflect.DirectMethodHandleAccessor::invoke@23
  0x000001d7c9e17a58: a4c3 6b07 

  0x000001d7c9e17a5c: ;   {other}
  0x000001d7c9e17a5c: 0f1f 8400 | 4c14 0005 

  0x000001d7c9e17a64: ;   {metadata(method data for {method} {0x000001d7f27022b8} 'invokeExact_MT' '(Ljava/lang/Object;Ljava/lang/Object;Ljava/lang/Object;Ljava/lang/Object;Ljava/lang/Object;Ljava/lang/Object;)Ljava/lang/Object;' in 'java/lang/invoke/LambdaForm$MH+0x000001d7de0ee800')}
  0x000001d7c9e17a64: 48ba 1825 | 70f2 d701 | 0000 488d | 9238 0200 | 0048 85c0 | 750c f602 | 0175 4df0 | 4883 0a01 
  0x000001d7c9e17a84: eb46 8b70 | 0849 ba00 | 0000 ddd7 | 0100 0049 | 03f2 4c8b | d648 3332 | 48f7 c6fc | ffff ff74 
  0x000001d7c9e17aa4: 2740 f6c6 | 0275 2148 | f702 feff | ffff 7415 | 498b f248 | 3332 48f7 | c6fc ffff | ff74 0948 
  0x000001d7c9e17ac4: 830a 02eb | 0348 8932 

  0x000001d7c9e17acc: ;   {metadata(method data for {method} {0x000001d7dd3c8518} 'invokeImpl' '(Ljava/lang/Object;[Ljava/lang/Object;)Ljava/lang/Object;' in 'jdk/internal/reflect/DirectMethodHandleAccessor')}
  0x000001d7c9e17acc: 48ba f880 | 33f2 d701 | 0000 488d | 9238 0300 | 0048 85c0 | 750c f602 | 0175 4df0 | 4883 0a01 
  0x000001d7c9e17aec: eb46 8b70 | 0849 ba00 | 0000 ddd7 | 0100 0049 | 03f2 4c8b | d648 3332 | 48f7 c6fc | ffff ff74 
  0x000001d7c9e17b0c: 2740 f6c6 | 0275 2148 | f702 feff | ffff 7415 | 498b f248 | 3332 48f7 | c6fc ffff | ff74 0948 
  0x000001d7c9e17b2c: 830a 02eb | 0348 8932 

  0x000001d7c9e17b34: ;   {metadata(method data for {method} {0x000001d7dd3c8518} 'invokeImpl' '(Ljava/lang/Object;[Ljava/lang/Object;)Ljava/lang/Object;' in 'jdk/internal/reflect/DirectMethodHandleAccessor')}
  0x000001d7c9e17b34: 48ba f880 | 33f2 d701 | 0000 ff82 | 4803 0000 | 4881 c470 | 0100 005d 

  0x000001d7c9e17b4c: ;   {poll_return}
  0x000001d7c9e17b4c: 493b a750 | 0400 000f | 8718 1a00 | 00c3 4c8b | 8c24 b800 | 0000 4c8b | 8424 c000 | 0000 8b72 
  0x000001d7c9e17b6c: 1848 89b4 | 24f8 0000 | 0041 8379 | 0c00 0f86 | 111a 0000 | 418b 7910 | 4889 bc24 | f000 0000 
  0x000001d7c9e17b8c: 4183 790c | 010f 860c | 1a00 0041 | 8b59 1448 | 899c 2400 

  0x000001d7c9e17ba0: ;   {metadata(method data for {method} {0x000001d7dd3c8518} 'invokeImpl' '(Ljava/lang/Object;[Ljava/lang/Object;)Ljava/lang/Object;' in 'jdk/internal/reflect/DirectMethodHandleAccessor')}
  0x000001d7c9e17ba0: 0100 0048 | b8f8 8033 | f2d7 0100 | 0048 8d80 | 9802 0000 | 4d85 c075 | 0ef6 4008 | 0175 53f0 
  0x000001d7c9e17bc0: 4883 4808 | 01eb 4b41 | 8b48 0849 | ba00 0000 | ddd7 0100 | 0049 03ca | 4c8b d148 | 3348 0848 
  0x000001d7c9e17be0: f7c1 fcff | ffff 742a | f6c1 0275 | 2548 f740 | 08fe ffff | ff74 1749 | 8bca 4833 | 4808 48f7 
  0x000001d7c9e17c00: c1fc ffff | ff74 0b48 | 8348 0802 | eb04 4889 

  0x000001d7c9e17c10: ;   {metadata(method data for {method} {0x000001d7f24052b8} 'invokeExact_MT' '(Ljava/lang/Object;Ljava/lang/Object;Ljava/lang/Object;Ljava/lang/Object;Ljava/lang/Object;)Ljava/lang/Object;' in 'java/lang/invoke/LambdaForm$MH+0x000001d7de002800')}
  0x000001d7c9e17c10: 4808 48b8 | 1855 40f2 | d701 0000 | 488d 80c0 | 0200 0048 | 85f6 750c | f600 0175 | 4cf0 4883 
  0x000001d7c9e17c30: 0801 eb45 | 8b4e 0849 | ba00 0000 | ddd7 0100 | 0049 03ca | 4c8b d148 | 3308 48f7 | c1fc ffff 
  0x000001d7c9e17c50: ff74 26f6 | c102 7521 | 48f7 00fe | ffff ff74 | 1549 8bca | 4833 0848 | f7c1 fcff | ffff 7409 
  0x000001d7c9e17c70: 4883 0802 | eb03 4889 | 084d 85c0 | 750e f640 | 1001 7553 | f048 8348 | 1001 eb4b | 418b 4808 
  0x000001d7c9e17c90: 49ba 0000 | 00dd d701 | 0000 4903 | ca4c 8bd1 | 4833 4810 | 48f7 c1fc | ffff ff74 | 2af6 c102 
  0x000001d7c9e17cb0: 7525 48f7 | 4010 feff | ffff 7417 | 498b ca48 | 3348 1048 | f7c1 fcff | ffff 740b | 4883 4810 
  0x000001d7c9e17cd0: 02eb 0448 

  0x000001d7c9e17cd4: ;   {metadata(method data for {method} {0x000001d7dd3c8518} 'invokeImpl' '(Ljava/lang/Object;[Ljava/lang/Object;)Ljava/lang/Object;' in 'jdk/internal/reflect/DirectMethodHandleAccessor')}
  0x000001d7c9e17cd4: 8948 1048 | b8f8 8033 | f2d7 0100 | 0048 8380 | 6002 0000 

  0x000001d7c9e17ce8: ;   {metadata(method data for {method} {0x000001d7f24052b8} 'invokeExact_MT' '(Ljava/lang/Object;Ljava/lang/Object;Ljava/lang/Object;Ljava/lang/Object;Ljava/lang/Object;)Ljava/lang/Object;' in 'java/lang/invoke/LambdaForm$MH+0x000001d7de002800')}
  0x000001d7c9e17ce8: 0148 b818 | 5540 f2d7 | 0100 008b | 88cc 0000 | 0083 c102 | 8988 cc00 | 0000 81e1 | feff 1f00 
  0x000001d7c9e17d08: 85c9 0f84 | a518 0000 

  0x000001d7c9e17d10: ;   {metadata(method data for {method} {0x000001d7f24052b8} 'invokeExact_MT' '(Ljava/lang/Object;Ljava/lang/Object;Ljava/lang/Object;Ljava/lang/Object;Ljava/lang/Object;)Ljava/lang/Object;' in 'java/lang/invoke/LambdaForm$MH+0x000001d7de002800')}
  0x000001d7c9e17d10: 48b8 1855 | 40f2 d701 | 0000 488d | 8090 0100 | 0048 85f6 | 750e f640 | 0801 7552 | f048 8348 
  0x000001d7c9e17d30: 0801 eb4a | 8b4e 0849 | ba00 0000 | ddd7 0100 | 0049 03ca | 4c8b d148 | 3348 0848 | f7c1 fcff 
  0x000001d7c9e17d50: ffff 742a | f6c1 0275 | 2548 f740 | 08fe ffff | ff74 1749 | 8bca 4833 | 4808 48f7 | c1fc ffff 
  0x000001d7c9e17d70: ff74 0b48 | 8348 0802 | eb04 4889 

  0x000001d7c9e17d7c: ;   {oop(a 'java/lang/invoke/MethodType'{0x00000000e07edcb0} = (Ljava/lang/Object;Ljava/lang/Object;Ljava/lang/Object;)Ljava/lang/Object;)}
  0x000001d7c9e17d7c: 4808 48b9 | b0dc 7ee0 | 0000 0000 | 4885 c975 | 0cf6 4018 | 0175 06f0 | 4883 4818 

  0x000001d7c9e17d98: ;   {metadata(method data for {method} {0x000001d7f24052b8} 'invokeExact_MT' '(Ljava/lang/Object;Ljava/lang/Object;Ljava/lang/Object;Ljava/lang/Object;Ljava/lang/Object;)Ljava/lang/Object;' in 'java/lang/invoke/LambdaForm$MH+0x000001d7de002800')}
  0x000001d7c9e17d98: 0148 b818 | 5540 f2d7 | 0100 0048 | 8380 8001 

  0x000001d7c9e17da8: ;   {metadata(method data for {method} {0x000001d7dd3dc408} 'checkExactType' '(Ljava/lang/invoke/MethodHandle;Ljava/lang/invoke/MethodType;)V' in 'java/lang/invoke/Invokers')}
  0x000001d7c9e17da8: 0000 0148 | b818 fb1f | f2d7 0100 | 0044 8b88 | cc00 0000 | 4183 c102 | 4489 88cc | 0000 0041 
  0x000001d7c9e17dc8: 81e1 feff | 1f00 4585 | c90f 84ff | 1700 0048 | 3b06 488b 

  0x000001d7c9e17ddc: ;   {metadata(method data for {method} {0x000001d7dd3dc408} 'checkExactType' '(Ljava/lang/invoke/MethodHandle;Ljava/lang/invoke/MethodType;)V' in 'java/lang/invoke/Invokers')}
  0x000001d7c9e17ddc: c649 b918 | fb1f f2d7 | 0100 008b | 4008 49ba | 0000 00dd | d701 0000 | 4903 c249 | 3b81 2001 
  0x000001d7c9e17dfc: 0000 750d | 4983 8128 | 0100 0001 | e960 0000 | 0049 3b81 | 3001 0000 | 750d 4983 | 8138 0100 
  0x000001d7c9e17e1c: 0001 e94a | 0000 0049 | 83b9 2001 | 0000 0075 | 1749 8981 | 2001 0000 | 49c7 8128 | 0100 0001 
  0x000001d7c9e17e3c: 0000 00e9 | 2900 0000 | 4983 b930 | 0100 0000 | 7517 4989 | 8130 0100 | 0049 c781 | 3801 0000 
  0x000001d7c9e17e5c: 0100 0000 | e908 0000 | 0049 8381 | 1001 0000 | 018b 4610 

  0x000001d7c9e17e70: ;   {metadata(method data for {method} {0x000001d7dd3dc408} 'checkExactType' '(Ljava/lang/invoke/MethodHandle;Ljava/lang/invoke/MethodType;)V' in 'java/lang/invoke/Invokers')}
  0x000001d7c9e17e70: 483b c148 | b918 fb1f | f2d7 0100 | 0049 c7c1 | 5801 0000 | 7507 49c7 | c148 0100 | 004e 8b1c 
  0x000001d7c9e17e90: 094d 8d5b | 014e 891c | 090f 8588 

  0x000001d7c9e17e9c: ;   {metadata(method data for {method} {0x000001d7f24052b8} 'invokeExact_MT' '(Ljava/lang/Object;Ljava/lang/Object;Ljava/lang/Object;Ljava/lang/Object;Ljava/lang/Object;)Ljava/lang/Object;' in 'java/lang/invoke/LambdaForm$MH+0x000001d7de002800')}
  0x000001d7c9e17e9c: 0e00 0048 | b818 5540 | f2d7 0100 | 0048 8d80 | c801 0000 | 8b4e 0849 | ba00 0000 | ddd7 0100 
  0x000001d7c9e17ebc: 0049 03ca | 4c8b d148 | 3348 0848 | f7c1 fcff | ffff 742a | f6c1 0275 | 2548 f740 | 08fe ffff 
  0x000001d7c9e17edc: ff74 1749 | 8bca 4833 | 4808 48f7 | c1fc ffff | ff74 0b48 | 8348 0802 | eb04 4889 

  0x000001d7c9e17ef8: ;   {metadata(method data for {method} {0x000001d7f24052b8} 'invokeExact_MT' '(Ljava/lang/Object;Ljava/lang/Object;Ljava/lang/Object;Ljava/lang/Object;Ljava/lang/Object;)Ljava/lang/Object;' in 'java/lang/invoke/LambdaForm$MH+0x000001d7de002800')}
  0x000001d7c9e17ef8: 4808 48b8 | 1855 40f2 | d701 0000 | 4883 80b8 | 0100 0001 

  0x000001d7c9e17f0c: ;   {metadata(method data for {method} {0x000001d7dd3dc300} 'checkCustomized' '(Ljava/lang/invoke/MethodHandle;)V' in 'java/lang/invoke/Invokers')}
  0x000001d7c9e17f0c: 48b8 e0ef | 1ff2 d701 | 0000 8b88 | cc00 0000 | 83c1 0289 | 88cc 0000 | 0081 e1fe | ff1f 0085 
  0x000001d7c9e17f2c: c90f 84c9 

  0x000001d7c9e17f30: ;   {metadata(method data for {method} {0x000001d7dd3dc300} 'checkCustomized' '(Ljava/lang/invoke/MethodHandle;)V' in 'java/lang/invoke/Invokers')}
  0x000001d7c9e17f30: 1600 0048 | b8e0 ef1f | f2d7 0100 | 0048 8380 | 1001 0000 

  0x000001d7c9e17f44: ;   {metadata(method data for {method} {0x000001d7dd0944d8} 'isCompileConstant' '(Ljava/lang/Object;)Z' in 'java/lang/invoke/MethodHandleImpl')}
  0x000001d7c9e17f44: 0148 b890 | f11f f2d7 | 0100 008b | 88cc 0000 | 0083 c102 | 8988 cc00 | 0000 81e1 | feff 1f00 
  0x000001d7c9e17f64: 85c9 0f84 | b116 0000 

  0x000001d7c9e17f6c: ;   {metadata(method data for {method} {0x000001d7dd3dc300} 'checkCustomized' '(Ljava/lang/invoke/MethodHandle;)V' in 'java/lang/invoke/Invokers')}
  0x000001d7c9e17f6c: 48b8 e0ef | 1ff2 d701 | 0000 ff80 | 2001 0000 | 8b46 148b | 401c 4885 

  0x000001d7c9e17f84: ;   {metadata(method data for {method} {0x000001d7dd3dc300} 'checkCustomized' '(Ljava/lang/invoke/MethodHandle;)V' in 'java/lang/invoke/Invokers')}
  0x000001d7c9e17f84: c048 b8e0 | ef1f f2d7 | 0100 0048 | c7c1 4001 | 0000 7507 | 48c7 c150 | 0100 004c | 8b0c 084d 
  0x000001d7c9e17fa4: 8d49 014c | 890c 080f | 8523 0000 

  0x000001d7c9e17fb0: ;   {metadata(method data for {method} {0x000001d7dd3dc300} 'checkCustomized' '(Ljava/lang/invoke/MethodHandle;)V' in 'java/lang/invoke/Invokers')}
  0x000001d7c9e17fb0: 0048 b8e0 | ef1f f2d7 | 0100 0048 | 8380 6001 | 0000 0148 

  0x000001d7c9e17fc4: ;   {static_call}
  0x000001d7c9e17fc4: 8bd6 90e8 

  0x000001d7c9e17fc8: ; ImmutableOopMap {[176]=Oop [192]=Oop [240]=Oop [248]=Oop [256]=Oop }
                      ;*invokestatic maybeCustomize {reexecute=0 rethrow=0 return_oop=0}
                      ; - java.lang.invoke.Invokers::checkCustomized@19
                      ; - java.lang.invoke.LambdaForm$MH/0x000001d7de002800::invokeExact_MT@15
                      ; - jdk.internal.reflect.DirectMethodHandleAccessor::invokeImpl@72
                      ; - jdk.internal.reflect.DirectMethodHandleAccessor::invoke@23
  0x000001d7c9e17fc8: f4e4 ecff 

  0x000001d7c9e17fcc: ;   {other}
  0x000001d7c9e17fcc: 0f1f 8400 | bc19 0006 | 488b bc24 | f000 0000 | 4c8b 8424 | c000 0000 

  0x000001d7c9e17fe4: ;   {metadata(method data for {method} {0x000001d7f24052b8} 'invokeExact_MT' '(Ljava/lang/Object;Ljava/lang/Object;Ljava/lang/Object;Ljava/lang/Object;Ljava/lang/Object;)Ljava/lang/Object;' in 'java/lang/invoke/LambdaForm$MH+0x000001d7de002800')}
  0x000001d7c9e17fe4: 49b9 1855 | 40f2 d701 | 0000 4d8d | 8918 0200 | 004d 85c0 | 750f 41f6 | 4108 0175 | 53f0 4983 
  0x000001d7c9e18004: 4908 01eb | 4b41 8b50 | 0849 ba00 | 0000 ddd7 | 0100 0049 | 03d2 4c8b | d249 3351 | 0848 f7c2 
  0x000001d7c9e18024: fcff ffff | 742a f6c2 | 0275 2549 | f741 08fe | ffff ff74 | 1749 8bd2 | 4933 5108 | 48f7 c2fc 
  0x000001d7c9e18044: ffff ff74 | 0b49 8349 | 0802 eb04 | 4989 5108 | 4885 ff75 | 0f41 f641 | 1801 7552 | f049 8349 
  0x000001d7c9e18064: 1801 eb4a | 8b57 0849 | ba00 0000 | ddd7 0100 | 0049 03d2 | 4c8b d249 | 3351 1848 | f7c2 fcff 
  0x000001d7c9e18084: ffff 742a | f6c2 0275 | 2549 f741 | 18fe ffff | ff74 1749 | 8bd2 4933 | 5118 48f7 | c2fc ffff 
  0x000001d7c9e180a4: ff74 0b49 | 8349 1802 | eb04 4989 | 5118 488b | b424 f800 

  0x000001d7c9e180b8: ;   {metadata(method data for {method} {0x000001d7f24052b8} 'invokeExact_MT' '(Ljava/lang/Object;Ljava/lang/Object;Ljava/lang/Object;Ljava/lang/Object;Ljava/lang/Object;)Ljava/lang/Object;' in 'java/lang/invoke/LambdaForm$MH+0x000001d7de002800')}
  0x000001d7c9e180b8: 0000 49b9 | 1855 40f2 | d701 0000 | 4983 81e0 | 0100 0001 | 4c8b cf48 | 8bbc 2400 | 0100 0048 
  0x000001d7c9e180d8: 8b94 24f8 

  0x000001d7c9e180dc: ;   {optimized virtual_call}
  0x000001d7c9e180dc: 0000 00e8 

  0x000001d7c9e180e0: ; ImmutableOopMap {[176]=Oop }
                      ;*invokevirtual invokeBasic {reexecute=0 rethrow=0 return_oop=0}
                      ; - java.lang.invoke.LambdaForm$MH/0x000001d7de002800::invokeExact_MT@22
                      ; - jdk.internal.reflect.DirectMethodHandleAccessor::invokeImpl@72
                      ; - jdk.internal.reflect.DirectMethodHandleAccessor::invoke@23
  0x000001d7c9e180e0: 1cd4 6b07 

  0x000001d7c9e180e4: ;   {other}
  0x000001d7c9e180e4: 0f1f 8400 | d41a 0007 

  0x000001d7c9e180ec: ;   {metadata(method data for {method} {0x000001d7f24052b8} 'invokeExact_MT' '(Ljava/lang/Object;Ljava/lang/Object;Ljava/lang/Object;Ljava/lang/Object;Ljava/lang/Object;)Ljava/lang/Object;' in 'java/lang/invoke/LambdaForm$MH+0x000001d7de002800')}
  0x000001d7c9e180ec: 48ba 1855 | 40f2 d701 | 0000 488d | 9238 0200 | 0048 85c0 | 750c f602 | 0175 4df0 | 4883 0a01 
  0x000001d7c9e1810c: eb46 8b70 | 0849 ba00 | 0000 ddd7 | 0100 0049 | 03f2 4c8b | d648 3332 | 48f7 c6fc | ffff ff74 
  0x000001d7c9e1812c: 2740 f6c6 | 0275 2148 | f702 feff | ffff 7415 | 498b f248 | 3332 48f7 | c6fc ffff | ff74 0948 
  0x000001d7c9e1814c: 830a 02eb | 0348 8932 

  0x000001d7c9e18154: ;   {metadata(method data for {method} {0x000001d7dd3c8518} 'invokeImpl' '(Ljava/lang/Object;[Ljava/lang/Object;)Ljava/lang/Object;' in 'jdk/internal/reflect/DirectMethodHandleAccessor')}
  0x000001d7c9e18154: 48ba f880 | 33f2 d701 | 0000 488d | 92b8 0200 | 0048 85c0 | 750c f602 | 0175 4df0 | 4883 0a01 
  0x000001d7c9e18174: eb46 8b70 | 0849 ba00 | 0000 ddd7 | 0100 0049 | 03f2 4c8b | d648 3332 | 48f7 c6fc | ffff ff74 
  0x000001d7c9e18194: 2740 f6c6 | 0275 2148 | f702 feff | ffff 7415 | 498b f248 | 3332 48f7 | c6fc ffff | ff74 0948 
  0x000001d7c9e181b4: 830a 02eb | 0348 8932 

  0x000001d7c9e181bc: ;   {metadata(method data for {method} {0x000001d7dd3c8518} 'invokeImpl' '(Ljava/lang/Object;[Ljava/lang/Object;)Ljava/lang/Object;' in 'jdk/internal/reflect/DirectMethodHandleAccessor')}
  0x000001d7c9e181bc: 48ba f880 | 33f2 d701 | 0000 ff82 | c802 0000 | 4881 c470 | 0100 005d 

  0x000001d7c9e181d4: ;   {poll_return}
  0x000001d7c9e181d4: 493b a750 | 0400 000f | 8762 1400 | 00c3 4c8b | 8c24 b800 | 0000 4c8b | 8424 c000 | 0000 8b72 
  0x000001d7c9e181f4: 1848 89b4 | 2410 0100 | 0041 8379 | 0c00 0f86 | 5b14 0000 | 418b 7910 | 4889 bc24 | 0801 0000 
  0x000001d7c9e18214: ;   {metadata(method data for {method} {0x000001d7dd3c8518} 'invokeImpl' '(Ljava/lang/Object;[Ljava/lang/Object;)Ljava/lang/Object;' in 'jdk/internal/reflect/DirectMethodHandleAccessor')}
  0x000001d7c9e18214: 48bb f880 | 33f2 d701 | 0000 488d | 9b18 0200 | 004d 85c0 | 750e f643 | 0801 7550 | f048 834b 
  0x000001d7c9e18234: 0801 eb48 | 418b 4008 | 49ba 0000 | 00dd d701 | 0000 4903 | c24c 8bd0 | 4833 4308 | 48a9 fcff 
  0x000001d7c9e18254: ffff 7428 | a802 7524 | 48f7 4308 | feff ffff | 7416 498b | c248 3343 | 0848 a9fc | ffff ff74 
  0x000001d7c9e18274: 0b48 834b | 0802 eb04 | 4889 4308 

  0x000001d7c9e18280: ;   {metadata(method data for {method} {0x000001d7dd0ae518} 'invokeExact_MT' '(Ljava/lang/Object;Ljava/lang/Object;Ljava/lang/Object;Ljava/lang/Object;)Ljava/lang/Object;' in 'java/lang/invoke/Invokers$Holder')}
  0x000001d7c9e18280: 48bb 1085 | 33f2 d701 | 0000 488d | 9bb8 0200 | 0048 85f6 | 750c f603 | 0175 49f0 | 4883 0b01 
  0x000001d7c9e182a0: eb42 8b46 | 0849 ba00 | 0000 ddd7 | 0100 0049 | 03c2 4c8b | d048 3303 | 48a9 fcff | ffff 7424 
  0x000001d7c9e182c0: a802 7520 | 48f7 03fe | ffff ff74 | 1449 8bc2 | 4833 0348 | a9fc ffff | ff74 0948 | 830b 02eb 
  0x000001d7c9e182e0: 0348 8903 | 4d85 c075 | 0ef6 4310 | 0175 50f0 | 4883 4b10 | 01eb 4841 | 8b40 0849 | ba00 0000 
  0x000001d7c9e18300: ddd7 0100 | 0049 03c2 | 4c8b d048 | 3343 1048 | a9fc ffff | ff74 28a8 | 0275 2448 | f743 10fe 
  0x000001d7c9e18320: ffff ff74 | 1649 8bc2 | 4833 4310 | 48a9 fcff | ffff 740b | 4883 4b10 | 02eb 0448 

  0x000001d7c9e1833c: ;   {metadata(method data for {method} {0x000001d7dd3c8518} 'invokeImpl' '(Ljava/lang/Object;[Ljava/lang/Object;)Ljava/lang/Object;' in 'jdk/internal/reflect/DirectMethodHandleAccessor')}
  0x000001d7c9e1833c: 8943 1048 | bbf8 8033 | f2d7 0100 | 0048 8383 | e001 0000 

  0x000001d7c9e18350: ;   {metadata(method data for {method} {0x000001d7dd0ae518} 'invokeExact_MT' '(Ljava/lang/Object;Ljava/lang/Object;Ljava/lang/Object;Ljava/lang/Object;)Ljava/lang/Object;' in 'java/lang/invoke/Invokers$Holder')}
  0x000001d7c9e18350: 0148 bb10 | 8533 f2d7 | 0100 008b | 83cc 0000 | 0083 c002 | 8983 cc00 | 0000 25fe | ff1f 0085 
  0x000001d7c9e18370: c00f 84fe 

  0x000001d7c9e18374: ;   {metadata(method data for {method} {0x000001d7dd0ae518} 'invokeExact_MT' '(Ljava/lang/Object;Ljava/lang/Object;Ljava/lang/Object;Ljava/lang/Object;)Ljava/lang/Object;' in 'java/lang/invoke/Invokers$Holder')}
  0x000001d7c9e18374: 1200 0048 | bb10 8533 | f2d7 0100 | 0048 8d9b | 9001 0000 | 4885 f675 | 0ef6 4308 | 0175 4ff0 
  0x000001d7c9e18394: 4883 4b08 | 01eb 478b | 4608 49ba | 0000 00dd | d701 0000 | 4903 c24c | 8bd0 4833 | 4308 48a9 
  0x000001d7c9e183b4: fcff ffff | 7428 a802 | 7524 48f7 | 4308 feff | ffff 7416 | 498b c248 | 3343 0848 | a9fc ffff 
  0x000001d7c9e183d4: ff74 0b48 | 834b 0802 | eb04 4889 

  0x000001d7c9e183e0: ;   {oop(a 'java/lang/invoke/MethodType'{0x00000000e07edb90} = (Ljava/lang/Object;Ljava/lang/Object;)Ljava/lang/Object;)}
  0x000001d7c9e183e0: 4308 48b8 | 90db 7ee0 | 0000 0000 | 4885 c075 | 0cf6 4318 | 0175 06f0 | 4883 4b18 

  0x000001d7c9e183fc: ;   {metadata(method data for {method} {0x000001d7dd0ae518} 'invokeExact_MT' '(Ljava/lang/Object;Ljava/lang/Object;Ljava/lang/Object;Ljava/lang/Object;)Ljava/lang/Object;' in 'java/lang/invoke/Invokers$Holder')}
  0x000001d7c9e183fc: 0148 bb10 | 8533 f2d7 | 0100 0048 | 8383 8001 

  0x000001d7c9e1840c: ;   {metadata(method data for {method} {0x000001d7dd3dc408} 'checkExactType' '(Ljava/lang/invoke/MethodHandle;Ljava/lang/invoke/MethodType;)V' in 'java/lang/invoke/Invokers')}
  0x000001d7c9e1840c: 0000 0148 | bb18 fb1f | f2d7 0100 | 008b 8bcc | 0000 0083 | c102 898b | cc00 0000 | 81e1 feff 
  0x000001d7c9e1842c: 1f00 85c9 | 0f84 6012 | 0000 483b | 0648 8bde 

  0x000001d7c9e1843c: ;   {metadata(method data for {method} {0x000001d7dd3dc408} 'checkExactType' '(Ljava/lang/invoke/MethodHandle;Ljava/lang/invoke/MethodType;)V' in 'java/lang/invoke/Invokers')}
  0x000001d7c9e1843c: 48b9 18fb | 1ff2 d701 | 0000 8b5b | 0849 ba00 | 0000 ddd7 | 0100 0049 | 03da 483b | 9920 0100 
  0x000001d7c9e1845c: 0075 0d48 | 8381 2801 | 0000 01e9 | 6000 0000 | 483b 9930 | 0100 0075 | 0d48 8381 | 3801 0000 
  0x000001d7c9e1847c: 01e9 4a00 | 0000 4883 | b920 0100 | 0000 7517 | 4889 9920 | 0100 0048 | c781 2801 | 0000 0100 
  0x000001d7c9e1849c: 0000 e929 | 0000 0048 | 83b9 3001 | 0000 0075 | 1748 8999 | 3001 0000 | 48c7 8138 | 0100 0001 
  0x000001d7c9e184bc: 0000 00e9 | 0800 0000 | 4883 8110 | 0100 0001 | 8b5e 1048 

  0x000001d7c9e184d0: ;   {metadata(method data for {method} {0x000001d7dd3dc408} 'checkExactType' '(Ljava/lang/invoke/MethodHandle;Ljava/lang/invoke/MethodType;)V' in 'java/lang/invoke/Invokers')}
  0x000001d7c9e184d0: 3bd8 48b8 | 18fb 1ff2 | d701 0000 | 48c7 c158 | 0100 0075 | 0748 c7c1 | 4801 0000 | 4c8b 0c08 
  0x000001d7c9e184f0: 4d8d 4901 | 4c89 0c08 | 0f85 e907 

  0x000001d7c9e184fc: ;   {metadata(method data for {method} {0x000001d7dd0ae518} 'invokeExact_MT' '(Ljava/lang/Object;Ljava/lang/Object;Ljava/lang/Object;Ljava/lang/Object;)Ljava/lang/Object;' in 'java/lang/invoke/Invokers$Holder')}
  0x000001d7c9e184fc: 0000 48bb | 1085 33f2 | d701 0000 | 488d 9bc8 | 0100 008b | 4608 49ba | 0000 00dd | d701 0000 
  0x000001d7c9e1851c: 4903 c24c | 8bd0 4833 | 4308 48a9 | fcff ffff | 7428 a802 | 7524 48f7 | 4308 feff | ffff 7416 
  0x000001d7c9e1853c: 498b c248 | 3343 0848 | a9fc ffff | ff74 0b48 | 834b 0802 | eb04 4889 

  0x000001d7c9e18554: ;   {metadata(method data for {method} {0x000001d7dd0ae518} 'invokeExact_MT' '(Ljava/lang/Object;Ljava/lang/Object;Ljava/lang/Object;Ljava/lang/Object;)Ljava/lang/Object;' in 'java/lang/invoke/Invokers$Holder')}
  0x000001d7c9e18554: 4308 48bb | 1085 33f2 | d701 0000 | 4883 83b8 | 0100 0001 

  0x000001d7c9e18568: ;   {metadata(method data for {method} {0x000001d7dd3dc300} 'checkCustomized' '(Ljava/lang/invoke/MethodHandle;)V' in 'java/lang/invoke/Invokers')}
  0x000001d7c9e18568: 48bb e0ef | 1ff2 d701 | 0000 8b83 | cc00 0000 | 83c0 0289 | 83cc 0000 | 0025 feff | 1f00 85c0 
  0x000001d7c9e18588: 0f84 2e11 

  0x000001d7c9e1858c: ;   {metadata(method data for {method} {0x000001d7dd3dc300} 'checkCustomized' '(Ljava/lang/invoke/MethodHandle;)V' in 'java/lang/invoke/Invokers')}
  0x000001d7c9e1858c: 0000 48bb | e0ef 1ff2 | d701 0000 | 4883 8310 | 0100 0001 

  0x000001d7c9e185a0: ;   {metadata(method data for {method} {0x000001d7dd0944d8} 'isCompileConstant' '(Ljava/lang/Object;)Z' in 'java/lang/invoke/MethodHandleImpl')}
  0x000001d7c9e185a0: 48bb 90f1 | 1ff2 d701 | 0000 8b83 | cc00 0000 | 83c0 0289 | 83cc 0000 | 0025 feff | 1f00 85c0 
  0x000001d7c9e185c0: 0f84 1711 

  0x000001d7c9e185c4: ;   {metadata(method data for {method} {0x000001d7dd3dc300} 'checkCustomized' '(Ljava/lang/invoke/MethodHandle;)V' in 'java/lang/invoke/Invokers')}
  0x000001d7c9e185c4: 0000 48bb | e0ef 1ff2 | d701 0000 | ff83 2001 | 0000 8b5e | 148b 5b1c 

  0x000001d7c9e185dc: ;   {metadata(method data for {method} {0x000001d7dd3dc300} 'checkCustomized' '(Ljava/lang/invoke/MethodHandle;)V' in 'java/lang/invoke/Invokers')}
  0x000001d7c9e185dc: 4885 db48 | bbe0 ef1f | f2d7 0100 | 0048 c7c0 | 4001 0000 | 7507 48c7 | c050 0100 | 0048 8b0c 
  0x000001d7c9e185fc: 0348 8d49 | 0148 890c | 030f 8529 

  0x000001d7c9e18608: ;   {metadata(method data for {method} {0x000001d7dd3dc300} 'checkCustomized' '(Ljava/lang/invoke/MethodHandle;)V' in 'java/lang/invoke/Invokers')}
  0x000001d7c9e18608: 0000 0048 | bbe0 ef1f | f2d7 0100 | 0048 8383 | 6001 0000 | 0148 8bd6 | 0f1f 8000 

  0x000001d7c9e18624: ;   {static_call}
  0x000001d7c9e18624: 0000 00e8 

  0x000001d7c9e18628: ; ImmutableOopMap {[176]=Oop [192]=Oop [264]=Oop [272]=Oop }
                      ;*invokestatic maybeCustomize {reexecute=0 rethrow=0 return_oop=0}
                      ; - java.lang.invoke.Invokers::checkCustomized@19
                      ; - java.lang.invoke.Invokers$Holder::invokeExact_MT@14
                      ; - jdk.internal.reflect.DirectMethodHandleAccessor::invokeImpl@55
                      ; - jdk.internal.reflect.DirectMethodHandleAccessor::invoke@23
  0x000001d7c9e18628: 94de ecff 

  0x000001d7c9e1862c: ;   {other}
  0x000001d7c9e1862c: 0f1f 8400 | 1c20 0008 | 488b bc24 | 0801 0000 | 4c8b 8424 | c000 0000 

  0x000001d7c9e18644: ;   {metadata(method data for {method} {0x000001d7dd0ae518} 'invokeExact_MT' '(Ljava/lang/Object;Ljava/lang/Object;Ljava/lang/Object;Ljava/lang/Object;)Ljava/lang/Object;' in 'java/lang/invoke/Invokers$Holder')}
  0x000001d7c9e18644: 49b9 1085 | 33f2 d701 | 0000 4d8d | 8918 0200 | 004d 85c0 | 750f 41f6 | 4108 0175 | 53f0 4983 
  0x000001d7c9e18664: 4908 01eb | 4b41 8b50 | 0849 ba00 | 0000 ddd7 | 0100 0049 | 03d2 4c8b | d249 3351 | 0848 f7c2 
  0x000001d7c9e18684: fcff ffff | 742a f6c2 | 0275 2549 | f741 08fe | ffff ff74 | 1749 8bd2 | 4933 5108 | 48f7 c2fc 
  0x000001d7c9e186a4: ffff ff74 | 0b49 8349 | 0802 eb04 | 4989 5108 | 4885 ff75 | 0f41 f641 | 1801 7552 | f049 8349 
  0x000001d7c9e186c4: 1801 eb4a | 8b57 0849 | ba00 0000 | ddd7 0100 | 0049 03d2 | 4c8b d249 | 3351 1848 | f7c2 fcff 
  0x000001d7c9e186e4: ffff 742a | f6c2 0275 | 2549 f741 | 18fe ffff | ff74 1749 | 8bd2 4933 | 5118 48f7 | c2fc ffff 
  0x000001d7c9e18704: ff74 0b49 | 8349 1802 | eb04 4989 | 5118 488b | b424 1001 

  0x000001d7c9e18718: ;   {metadata(method data for {method} {0x000001d7dd0ae518} 'invokeExact_MT' '(Ljava/lang/Object;Ljava/lang/Object;Ljava/lang/Object;Ljava/lang/Object;)Ljava/lang/Object;' in 'java/lang/invoke/Invokers$Holder')}
  0x000001d7c9e18718: 0000 49b9 | 1085 33f2 | d701 0000 | 4983 81e0 | 0100 0001 | 4c8b cf48 | 8b94 2410 

  0x000001d7c9e18734: ;   {optimized virtual_call}
  0x000001d7c9e18734: 0100 00e8 

  0x000001d7c9e18738: ; ImmutableOopMap {[176]=Oop }
                      ;*invokevirtual invokeBasic {reexecute=0 rethrow=0 return_oop=0}
                      ; - java.lang.invoke.Invokers$Holder::invokeExact_MT@20
                      ; - jdk.internal.reflect.DirectMethodHandleAccessor::invokeImpl@55
                      ; - jdk.internal.reflect.DirectMethodHandleAccessor::invoke@23
  0x000001d7c9e18738: 44a7 6b07 

  0x000001d7c9e1873c: ;   {other}
  0x000001d7c9e1873c: 0f1f 8400 | 2c21 0009 

  0x000001d7c9e18744: ;   {metadata(method data for {method} {0x000001d7dd0ae518} 'invokeExact_MT' '(Ljava/lang/Object;Ljava/lang/Object;Ljava/lang/Object;Ljava/lang/Object;)Ljava/lang/Object;' in 'java/lang/invoke/Invokers$Holder')}
  0x000001d7c9e18744: 48ba 1085 | 33f2 d701 | 0000 488d | 9238 0200 | 0048 85c0 | 750c f602 | 0175 4df0 | 4883 0a01 
  0x000001d7c9e18764: eb46 8b70 | 0849 ba00 | 0000 ddd7 | 0100 0049 | 03f2 4c8b | d648 3332 | 48f7 c6fc | ffff ff74 
  0x000001d7c9e18784: 2740 f6c6 | 0275 2148 | f702 feff | ffff 7415 | 498b f248 | 3332 48f7 | c6fc ffff | ff74 0948 
  0x000001d7c9e187a4: 830a 02eb | 0348 8932 

  0x000001d7c9e187ac: ;   {metadata(method data for {method} {0x000001d7dd3c8518} 'invokeImpl' '(Ljava/lang/Object;[Ljava/lang/Object;)Ljava/lang/Object;' in 'jdk/internal/reflect/DirectMethodHandleAccessor')}
  0x000001d7c9e187ac: 48ba f880 | 33f2 d701 | 0000 488d | 9238 0200 | 0048 85c0 | 750c f602 | 0175 4df0 | 4883 0a01 
  0x000001d7c9e187cc: eb46 8b70 | 0849 ba00 | 0000 ddd7 | 0100 0049 | 03f2 4c8b | d648 3332 | 48f7 c6fc | ffff ff74 
  0x000001d7c9e187ec: 2740 f6c6 | 0275 2148 | f702 feff | ffff 7415 | 498b f248 | 3332 48f7 | c6fc ffff | ff74 0948 
  0x000001d7c9e1880c: 830a 02eb | 0348 8932 

  0x000001d7c9e18814: ;   {metadata(method data for {method} {0x000001d7dd3c8518} 'invokeImpl' '(Ljava/lang/Object;[Ljava/lang/Object;)Ljava/lang/Object;' in 'jdk/internal/reflect/DirectMethodHandleAccessor')}
  0x000001d7c9e18814: 48ba f880 | 33f2 d701 | 0000 ff82 | 4802 0000 | 4881 c470 | 0100 005d 

  0x000001d7c9e1882c: ;   {poll_return}
  0x000001d7c9e1882c: 493b a750 | 0400 000f | 87ca 0e00 | 00c3 4c8b | 8424 c000 | 0000 8b72 | 1848 89b4 | 2418 0100 
  0x000001d7c9e1884c: ;   {metadata(method data for {method} {0x000001d7dd3c8518} 'invokeImpl' '(Ljava/lang/Object;[Ljava/lang/Object;)Ljava/lang/Object;' in 'jdk/internal/reflect/DirectMethodHandleAccessor')}
  0x000001d7c9e1884c: 0048 bff8 | 8033 f2d7 | 0100 0048 | 8dbf a801 | 0000 4d85 | c075 0ef6 | 4708 0175 | 53f0 4883 
  0x000001d7c9e1886c: 4f08 01eb | 4b41 8b58 | 0849 ba00 | 0000 ddd7 | 0100 0049 | 03da 4c8b | d348 335f | 0848 f7c3 
  0x000001d7c9e1888c: fcff ffff | 742a f6c3 | 0275 2548 | f747 08fe | ffff ff74 | 1749 8bda | 4833 5f08 | 48f7 c3fc 
  0x000001d7c9e188ac: ffff ff74 | 0b48 834f | 0802 eb04 | 4889 5f08 

  0x000001d7c9e188bc: ;   {metadata(method data for {method} {0x000001d7dd0ae5c8} 'invokeExact_MT' '(Ljava/lang/Object;Ljava/lang/Object;Ljava/lang/Object;)Ljava/lang/Object;' in 'java/lang/invoke/Invokers$Holder')}
  0x000001d7c9e188bc: 48bf 780e | 21f2 d701 | 0000 488d | bfa0 0200 | 0048 85f6 | 750c f607 | 0175 2ff0 | 4883 0f01 
  0x000001d7c9e188dc: eb28 8b5e | 0849 ba00 | 0000 ddd7 | 0100 0049 | 03da 4c8b | d348 331f | 48f7 c3fc | ffff ff74 
  0x000001d7c9e188fc: 09f6 c302 | 7504 4883 

  0x000001d7c9e18904: ;   {metadata(method data for {method} {0x000001d7dd3c8518} 'invokeImpl' '(Ljava/lang/Object;[Ljava/lang/Object;)Ljava/lang/Object;' in 'jdk/internal/reflect/DirectMethodHandleAccessor')}
  0x000001d7c9e18904: 0f02 48bf | f880 33f2 | d701 0000 | 4883 8770 | 0100 0001 

  0x000001d7c9e18918: ;   {metadata(method data for {method} {0x000001d7dd0ae5c8} 'invokeExact_MT' '(Ljava/lang/Object;Ljava/lang/Object;Ljava/lang/Object;)Ljava/lang/Object;' in 'java/lang/invoke/Invokers$Holder')}
  0x000001d7c9e18918: 48bf 780e | 21f2 d701 | 0000 8b9f | cc00 0000 | 83c3 0289 | 9fcc 0000 | 0081 e3fe | ff1f 0085 
  0x000001d7c9e18938: db0f 84da 

  0x000001d7c9e1893c: ;   {metadata(method data for {method} {0x000001d7dd0ae5c8} 'invokeExact_MT' '(Ljava/lang/Object;Ljava/lang/Object;Ljava/lang/Object;)Ljava/lang/Object;' in 'java/lang/invoke/Invokers$Holder')}
  0x000001d7c9e1893c: 0d00 0048 | bf78 0e21 | f2d7 0100 | 0048 8dbf | 9001 0000 | 4885 f675 | 0ef6 4708 | 0175 32f0 
  0x000001d7c9e1895c: 4883 4f08 | 01eb 2a8b | 5e08 49ba | 0000 00dd | d701 0000 | 4903 da4c | 8bd3 4833 | 5f08 48f7 
  0x000001d7c9e1897c: c3fc ffff | ff74 0af6 | c302 7505 | 4883 4f08 

  0x000001d7c9e1898c: ;   {oop(a 'java/lang/invoke/MethodType'{0x00000000e07eda78} = (Ljava/lang/Object;)Ljava/lang/Object;)}
  0x000001d7c9e1898c: 0248 bb78 | da7e e000 | 0000 0048 | 85db 750c | f647 1801 | 7506 f048 | 834f 1801 

  0x000001d7c9e189a8: ;   {metadata(method data for {method} {0x000001d7dd0ae5c8} 'invokeExact_MT' '(Ljava/lang/Object;Ljava/lang/Object;Ljava/lang/Object;)Ljava/lang/Object;' in 'java/lang/invoke/Invokers$Holder')}
  0x000001d7c9e189a8: 48bf 780e | 21f2 d701 | 0000 4883 | 8780 0100 

  0x000001d7c9e189b8: ;   {metadata(method data for {method} {0x000001d7dd3dc408} 'checkExactType' '(Ljava/lang/invoke/MethodHandle;Ljava/lang/invoke/MethodType;)V' in 'java/lang/invoke/Invokers')}
  0x000001d7c9e189b8: 0001 48bf | 18fb 1ff2 | d701 0000 | 8b87 cc00 | 0000 83c0 | 0289 87cc | 0000 0025 | feff 1f00 
  0x000001d7c9e189d8: 85c0 0f84 | 5a0d 0000 

  0x000001d7c9e189e0: ; implicit exception: dispatches to 0x000001d7c9e1975b
  0x000001d7c9e189e0: 483b 0648 

  0x000001d7c9e189e4: ;   {metadata(method data for {method} {0x000001d7dd3dc408} 'checkExactType' '(Ljava/lang/invoke/MethodHandle;Ljava/lang/invoke/MethodType;)V' in 'java/lang/invoke/Invokers')}
  0x000001d7c9e189e4: 8bfe 48b8 | 18fb 1ff2 | d701 0000 | 8b7f 0849 | ba00 0000 | ddd7 0100 | 0049 03fa | 483b b820 
  0x000001d7c9e18a04: 0100 0075 | 0d48 8380 | 2801 0000 | 01e9 6000 | 0000 483b | b830 0100 | 0075 0d48 | 8380 3801 
  0x000001d7c9e18a24: 0000 01e9 | 4a00 0000 | 4883 b820 | 0100 0000 | 7517 4889 | b820 0100 | 0048 c780 | 2801 0000 
  0x000001d7c9e18a44: 0100 0000 | e929 0000 | 0048 83b8 | 3001 0000 | 0075 1748 | 89b8 3001 | 0000 48c7 | 8038 0100 
  0x000001d7c9e18a64: 0001 0000 | 00e9 0800 | 0000 4883 | 8010 0100 | 0001 8b7e | 1048 3bfb 

  0x000001d7c9e18a7c: ;   {metadata(method data for {method} {0x000001d7dd3dc408} 'checkExactType' '(Ljava/lang/invoke/MethodHandle;Ljava/lang/invoke/MethodType;)V' in 'java/lang/invoke/Invokers')}
  0x000001d7c9e18a7c: 48bb 18fb | 1ff2 d701 | 0000 48c7 | c058 0100 | 0075 0748 | c7c0 4801 | 0000 488b | 0c03 488d 
  0x000001d7c9e18a9c: 4901 4889 | 0c03 0f85 | fb01 0000 

  0x000001d7c9e18aa8: ;   {metadata(method data for {method} {0x000001d7dd0ae5c8} 'invokeExact_MT' '(Ljava/lang/Object;Ljava/lang/Object;Ljava/lang/Object;)Ljava/lang/Object;' in 'java/lang/invoke/Invokers$Holder')}
  0x000001d7c9e18aa8: 48bf 780e | 21f2 d701 | 0000 488d | bfc8 0100 | 008b 5e08 | 49ba 0000 | 00dd d701 | 0000 4903 
  0x000001d7c9e18ac8: da4c 8bd3 | 4833 5f08 | 48f7 c3fc | ffff ff74 | 0af6 c302 | 7505 4883 

  0x000001d7c9e18ae0: ;   {metadata(method data for {method} {0x000001d7dd0ae5c8} 'invokeExact_MT' '(Ljava/lang/Object;Ljava/lang/Object;Ljava/lang/Object;)Ljava/lang/Object;' in 'java/lang/invoke/Invokers$Holder')}
  0x000001d7c9e18ae0: 4f08 0248 | bf78 0e21 | f2d7 0100 | 0048 8387 | b801 0000 

  0x000001d7c9e18af4: ;   {metadata(method data for {method} {0x000001d7dd3dc300} 'checkCustomized' '(Ljava/lang/invoke/MethodHandle;)V' in 'java/lang/invoke/Invokers')}
  0x000001d7c9e18af4: 0148 bfe0 | ef1f f2d7 | 0100 008b | 9fcc 0000 | 0083 c302 | 899f cc00 | 0000 81e3 | feff 1f00 
  0x000001d7c9e18b14: 85db 0f84 | 440c 0000 

  0x000001d7c9e18b1c: ;   {metadata(method data for {method} {0x000001d7dd3dc300} 'checkCustomized' '(Ljava/lang/invoke/MethodHandle;)V' in 'java/lang/invoke/Invokers')}
  0x000001d7c9e18b1c: 48bf e0ef | 1ff2 d701 | 0000 4883 | 8710 0100 

  0x000001d7c9e18b2c: ;   {metadata(method data for {method} {0x000001d7dd0944d8} 'isCompileConstant' '(Ljava/lang/Object;)Z' in 'java/lang/invoke/MethodHandleImpl')}
  0x000001d7c9e18b2c: 0001 48bf | 90f1 1ff2 | d701 0000 | 8b9f cc00 | 0000 83c3 | 0289 9fcc | 0000 0081 | e3fe ff1f 
  0x000001d7c9e18b4c: 0085 db0f | 842c 0c00 

  0x000001d7c9e18b54: ;   {metadata(method data for {method} {0x000001d7dd3dc300} 'checkCustomized' '(Ljava/lang/invoke/MethodHandle;)V' in 'java/lang/invoke/Invokers')}
  0x000001d7c9e18b54: 0048 bfe0 | ef1f f2d7 | 0100 00ff | 8720 0100 | 008b 7e14 

  0x000001d7c9e18b68: ; implicit exception: dispatches to 0x000001d7c9e197a2
  0x000001d7c9e18b68: 8b7f 1c48 

  0x000001d7c9e18b6c: ;   {metadata(method data for {method} {0x000001d7dd3dc300} 'checkCustomized' '(Ljava/lang/invoke/MethodHandle;)V' in 'java/lang/invoke/Invokers')}
  0x000001d7c9e18b6c: 85ff 48bf | e0ef 1ff2 | d701 0000 | 48c7 c340 | 0100 0075 | 0748 c7c3 | 5001 0000 | 488b 041f 
  0x000001d7c9e18b8c: 488d 4001 | 4889 041f | 0f85 2200 

  0x000001d7c9e18b98: ;   {metadata(method data for {method} {0x000001d7dd3dc300} 'checkCustomized' '(Ljava/lang/invoke/MethodHandle;)V' in 'java/lang/invoke/Invokers')}
  0x000001d7c9e18b98: 0000 48bf | e0ef 1ff2 | d701 0000 | 4883 8760 | 0100 0001 

  0x000001d7c9e18bac: ;   {static_call}
  0x000001d7c9e18bac: 488b d6e8 

  0x000001d7c9e18bb0: ; ImmutableOopMap {[176]=Oop [192]=Oop [280]=Oop }
                      ;*invokestatic maybeCustomize {reexecute=0 rethrow=0 return_oop=0}
                      ; - java.lang.invoke.Invokers::checkCustomized@19
                      ; - java.lang.invoke.Invokers$Holder::invokeExact_MT@14
                      ; - jdk.internal.reflect.DirectMethodHandleAccessor::invokeImpl@41
                      ; - jdk.internal.reflect.DirectMethodHandleAccessor::invoke@23
  0x000001d7c9e18bb0: 0cd9 ecff 

  0x000001d7c9e18bb4: ;   {other}
  0x000001d7c9e18bb4: 0f1f 8400 | a425 000a | 488b b424 | 1801 0000 

  0x000001d7c9e18bc4: ;   {metadata(method data for {method} {0x000001d7dd0ae5c8} 'invokeExact_MT' '(Ljava/lang/Object;Ljava/lang/Object;Ljava/lang/Object;)Ljava/lang/Object;' in 'java/lang/invoke/Invokers$Holder')}
  0x000001d7c9e18bc4: 49b8 780e | 21f2 d701 | 0000 4983 | 80e0 0100 | 0001 4c8b | 8424 c000 | 0000 488b | 9424 1801 
  0x000001d7c9e18be4: ;   {optimized virtual_call}
  0x000001d7c9e18be4: 0000 90e8 

  0x000001d7c9e18be8: ; ImmutableOopMap {[176]=Oop }
                      ;*invokevirtual invokeBasic {reexecute=0 rethrow=0 return_oop=0}
                      ; - java.lang.invoke.Invokers$Holder::invokeExact_MT@19
                      ; - jdk.internal.reflect.DirectMethodHandleAccessor::invokeImpl@41
                      ; - jdk.internal.reflect.DirectMethodHandleAccessor::invoke@23
  0x000001d7c9e18be8: 94b6 6a07 

  0x000001d7c9e18bec: ;   {other}
  0x000001d7c9e18bec: 0f1f 8400 | dc25 000b 

  0x000001d7c9e18bf4: ;   {metadata(method data for {method} {0x000001d7dd0ae5c8} 'invokeExact_MT' '(Ljava/lang/Object;Ljava/lang/Object;Ljava/lang/Object;)Ljava/lang/Object;' in 'java/lang/invoke/Invokers$Holder')}
  0x000001d7c9e18bf4: 48ba 780e | 21f2 d701 | 0000 488d | 9228 0200 | 0048 85c0 | 750a f602 | 0175 05f0 | 4883 0a01 
  0x000001d7c9e18c14: ;   {metadata(method data for {method} {0x000001d7dd3c8518} 'invokeImpl' '(Ljava/lang/Object;[Ljava/lang/Object;)Ljava/lang/Object;' in 'jdk/internal/reflect/DirectMethodHandleAccessor')}
  0x000001d7c9e18c14: 48ba f880 | 33f2 d701 | 0000 488d | 92b8 0100 | 0048 85c0 | 750c f602 | 0175 4ef0 | 4883 0a01 
  0x000001d7c9e18c34: eb47 448b | 4008 49ba | 0000 00dd | d701 0000 | 4d03 c24d | 8bd0 4c33 | 0249 f7c0 | fcff ffff 
  0x000001d7c9e18c54: 7427 41f6 | c002 7521 | 48f7 02fe | ffff ff74 | 154d 8bc2 | 4c33 0249 | f7c0 fcff | ffff 7409 
  0x000001d7c9e18c74: 4883 0a02 | eb03 4c89 

  0x000001d7c9e18c7c: ;   {metadata(method data for {method} {0x000001d7dd3c8518} 'invokeImpl' '(Ljava/lang/Object;[Ljava/lang/Object;)Ljava/lang/Object;' in 'jdk/internal/reflect/DirectMethodHandleAccessor')}
  0x000001d7c9e18c7c: 0248 baf8 | 8033 f2d7 | 0100 00ff | 82c8 0100 | 0048 81c4 | 7001 0000 

  0x000001d7c9e18c94: ;   {poll_return}
  0x000001d7c9e18c94: 5d49 3ba7 | 5004 0000 | 0f87 050b 

  0x000001d7c9e18ca0: ;   {metadata(method data for {method} {0x000001d7dd3dc408} 'checkExactType' '(Ljava/lang/invoke/MethodHandle;Ljava/lang/invoke/MethodType;)V' in 'java/lang/invoke/Invokers')}
  0x000001d7c9e18ca0: 0000 c348 | ba18 fb1f | f2d7 0100 | 0048 8382 | 6801 0000 

  0x000001d7c9e18cb4: ;   {oop(a 'java/lang/invoke/MethodType'{0x00000000e07eda78} = (Ljava/lang/Object;)Ljava/lang/Object;)}
  0x000001d7c9e18cb4: 0149 b878 | da7e e000 | 0000 0048 | 8bd7 0f1f 

  0x000001d7c9e18cc4: ;   {static_call}
  0x000001d7c9e18cc4: 4400 00e8 

  0x000001d7c9e18cc8: ; ImmutableOopMap {[176]=Oop [192]=Oop [280]=Oop }
                      ;*invokestatic newWrongMethodTypeException {reexecute=0 rethrow=0 return_oop=0}
                      ; - java.lang.invoke.Invokers::checkExactType@12
                      ; - java.lang.invoke.Invokers$Holder::invokeExact_MT@10
                      ; - jdk.internal.reflect.DirectMethodHandleAccessor::invokeImpl@41
                      ; - jdk.internal.reflect.DirectMethodHandleAccessor::invoke@23
  0x000001d7c9e18cc8: b46b 1507 

  0x000001d7c9e18ccc: ;   {other}
  0x000001d7c9e18ccc: 0f1f 8400 | bc26 000c 

  0x000001d7c9e18cd4: ; implicit exception: dispatches to 0x000001d7c9e197bd
                      ; ImmutableOopMap {rax=Oop [176]=Oop [192]=Oop [280]=Oop }
                      ;*athrow {reexecute=1 rethrow=0 return_oop=0}
                      ; - (reexecute) java.lang.invoke.Invokers::checkExactType@15
                      ; - java.lang.invoke.Invokers$Holder::invokeExact_MT@10
                      ; - jdk.internal.reflect.DirectMethodHandleAccessor::invokeImpl@41
                      ; - jdk.internal.reflect.DirectMethodHandleAccessor::invoke@23
                      ;   {section_word}
  0x000001d7c9e18cd4: 483b 0048 | bad7 8ce1 | c9d7 0100 

  0x000001d7c9e18ce0: ;   {runtime_call handle_exception_nofpu Runtime1 stub}
  0x000001d7c9e18ce0: 00e8 9a17 

  0x000001d7c9e18ce4: ;   {metadata(method data for {method} {0x000001d7dd3dc408} 'checkExactType' '(Ljava/lang/invoke/MethodHandle;Ljava/lang/invoke/MethodType;)V' in 'java/lang/invoke/Invokers')}
  0x000001d7c9e18ce4: 2207 9048 | ba18 fb1f | f2d7 0100 | 0048 8382 | 6801 0000 

  0x000001d7c9e18cf8: ;   {oop(a 'java/lang/invoke/MethodType'{0x00000000e07edb90} = (Ljava/lang/Object;Ljava/lang/Object;)Ljava/lang/Object;)}
  0x000001d7c9e18cf8: 0149 b890 | db7e e000 | 0000 0048 

  0x000001d7c9e18d04: ;   {static_call}
  0x000001d7c9e18d04: 8bd3 90e8 

  0x000001d7c9e18d08: ; ImmutableOopMap {[176]=Oop [192]=Oop [264]=Oop [272]=Oop }
                      ;*invokestatic newWrongMethodTypeException {reexecute=0 rethrow=0 return_oop=0}
                      ; - java.lang.invoke.Invokers::checkExactType@12
                      ; - java.lang.invoke.Invokers$Holder::invokeExact_MT@10
                      ; - jdk.internal.reflect.DirectMethodHandleAccessor::invokeImpl@55
                      ; - jdk.internal.reflect.DirectMethodHandleAccessor::invoke@23
  0x000001d7c9e18d08: 746b 1507 

  0x000001d7c9e18d0c: ;   {other}
  0x000001d7c9e18d0c: 0f1f 8400 | fc26 000e 

  0x000001d7c9e18d14: ; implicit exception: dispatches to 0x000001d7c9e197c2
                      ; ImmutableOopMap {rax=Oop [176]=Oop [192]=Oop [264]=Oop [272]=Oop }
                      ;*athrow {reexecute=1 rethrow=0 return_oop=0}
                      ; - (reexecute) java.lang.invoke.Invokers::checkExactType@15
                      ; - java.lang.invoke.Invokers$Holder::invokeExact_MT@10
                      ; - jdk.internal.reflect.DirectMethodHandleAccessor::invokeImpl@55
                      ; - jdk.internal.reflect.DirectMethodHandleAccessor::invoke@23
                      ;   {section_word}
  0x000001d7c9e18d14: 483b 0048 | ba17 8de1 | c9d7 0100 

  0x000001d7c9e18d20: ;   {runtime_call handle_exception_nofpu Runtime1 stub}
  0x000001d7c9e18d20: 00e8 5a17 

  0x000001d7c9e18d24: ;   {metadata(method data for {method} {0x000001d7dd3dc408} 'checkExactType' '(Ljava/lang/invoke/MethodHandle;Ljava/lang/invoke/MethodType;)V' in 'java/lang/invoke/Invokers')}
  0x000001d7c9e18d24: 2207 9048 | ba18 fb1f | f2d7 0100 | 0048 8382 | 6801 0000 

  0x000001d7c9e18d38: ;   {oop(a 'java/lang/invoke/MethodType'{0x00000000e07edcb0} = (Ljava/lang/Object;Ljava/lang/Object;Ljava/lang/Object;)Ljava/lang/Object;)}
  0x000001d7c9e18d38: 0149 b8b0 | dc7e e000 | 0000 0048 

  0x000001d7c9e18d44: ;   {static_call}
  0x000001d7c9e18d44: 8bd0 90e8 

  0x000001d7c9e18d48: ; ImmutableOopMap {[176]=Oop [192]=Oop [240]=Oop [248]=Oop [256]=Oop }
                      ;*invokestatic newWrongMethodTypeException {reexecute=0 rethrow=0 return_oop=0}
                      ; - java.lang.invoke.Invokers::checkExactType@12
                      ; - java.lang.invoke.LambdaForm$MH/0x000001d7de002800::invokeExact_MT@11
                      ; - jdk.internal.reflect.DirectMethodHandleAccessor::invokeImpl@72
                      ; - jdk.internal.reflect.DirectMethodHandleAccessor::invoke@23
  0x000001d7c9e18d48: 346b 1507 

  0x000001d7c9e18d4c: ;   {other}
  0x000001d7c9e18d4c: 0f1f 8400 | 3c27 0010 

  0x000001d7c9e18d54: ; implicit exception: dispatches to 0x000001d7c9e197c7
                      ; ImmutableOopMap {rax=Oop [176]=Oop [192]=Oop [240]=Oop [248]=Oop [256]=Oop }
                      ;*athrow {reexecute=1 rethrow=0 return_oop=0}
                      ; - (reexecute) java.lang.invoke.Invokers::checkExactType@15
                      ; - java.lang.invoke.LambdaForm$MH/0x000001d7de002800::invokeExact_MT@11
                      ; - jdk.internal.reflect.DirectMethodHandleAccessor::invokeImpl@72
                      ; - jdk.internal.reflect.DirectMethodHandleAccessor::invoke@23
                      ;   {section_word}
  0x000001d7c9e18d54: 483b 0048 | ba57 8de1 | c9d7 0100 

  0x000001d7c9e18d60: ;   {runtime_call handle_exception_nofpu Runtime1 stub}
  0x000001d7c9e18d60: 00e8 1a17 

  0x000001d7c9e18d64: ;   {metadata(method data for {method} {0x000001d7dd3dc408} 'checkExactType' '(Ljava/lang/invoke/MethodHandle;Ljava/lang/invoke/MethodType;)V' in 'java/lang/invoke/Invokers')}
  0x000001d7c9e18d64: 2207 9048 | ba18 fb1f | f2d7 0100 | 0048 8382 | 6801 0000 

  0x000001d7c9e18d78: ;   {oop(a 'java/lang/invoke/MethodType'{0x00000000e07e8748} = (Ljava/lang/Object;Ljava/lang/Object;Ljava/lang/Object;Ljava/lang/Object;)Ljava/lang/Object;)}
  0x000001d7c9e18d78: 0149 b848 | 877e e000 | 0000 0048 

  0x000001d7c9e18d84: ;   {static_call}
  0x000001d7c9e18d84: 8bd1 90e8 

  0x000001d7c9e18d88: ; ImmutableOopMap {[176]=Oop [192]=Oop [208]=Oop [216]=Oop [224]=Oop [232]=Oop }
                      ;*invokestatic newWrongMethodTypeException {reexecute=0 rethrow=0 return_oop=0}
                      ; - java.lang.invoke.Invokers::checkExactType@12
                      ; - java.lang.invoke.LambdaForm$MH/0x000001d7de0ee800::invokeExact_MT@11
                      ; - jdk.internal.reflect.DirectMethodHandleAccessor::invokeImpl@92
                      ; - jdk.internal.reflect.DirectMethodHandleAccessor::invoke@23
  0x000001d7c9e18d88: f46a 1507 

  0x000001d7c9e18d8c: ;   {other}
  0x000001d7c9e18d8c: 0f1f 8400 | 7c27 0012 

  0x000001d7c9e18d94: ; implicit exception: dispatches to 0x000001d7c9e197cc
                      ; ImmutableOopMap {rax=Oop [176]=Oop [192]=Oop [208]=Oop [216]=Oop [224]=Oop [232]=Oop }
                      ;*athrow {reexecute=1 rethrow=0 return_oop=0}
                      ; - (reexecute) java.lang.invoke.Invokers::checkExactType@15
                      ; - java.lang.invoke.LambdaForm$MH/0x000001d7de0ee800::invokeExact_MT@11
                      ; - jdk.internal.reflect.DirectMethodHandleAccessor::invokeImpl@92
                      ; - jdk.internal.reflect.DirectMethodHandleAccessor::invoke@23
                      ;   {section_word}
  0x000001d7c9e18d94: 483b 0048 | ba97 8de1 | c9d7 0100 

  0x000001d7c9e18da0: ;   {runtime_call handle_exception_nofpu Runtime1 stub}
  0x000001d7c9e18da0: 00e8 da16 

  0x000001d7c9e18da4: ;   {metadata(method data for {method} {0x000001d7dd3dc408} 'checkExactType' '(Ljava/lang/invoke/MethodHandle;Ljava/lang/invoke/MethodType;)V' in 'java/lang/invoke/Invokers')}
  0x000001d7c9e18da4: 2207 9048 | ba18 fb1f | f2d7 0100 | 0048 8382 | 6801 0000 

  0x000001d7c9e18db8: ;   {oop(a 'java/lang/invoke/MethodType'{0x00000000ee458b10} = (Ljava/lang/Object;[Ljava/lang/Object;)Ljava/lang/Object;)}
  0x000001d7c9e18db8: 0149 b810 | 8b45 ee00 | 0000 0048 

  0x000001d7c9e18dc4: ;   {static_call}
  0x000001d7c9e18dc4: 8bd7 90e8 

  0x000001d7c9e18dc8: ; ImmutableOopMap {[176]=Oop [184]=Oop [192]=Oop [200]=Oop }
                      ;*invokestatic newWrongMethodTypeException {reexecute=0 rethrow=0 return_oop=0}
                      ; - java.lang.invoke.Invokers::checkExactType@12
                      ; - java.lang.invoke.Invokers$Holder::invokeExact_MT@10
                      ; - jdk.internal.reflect.DirectMethodHandleAccessor::invokeImpl@104
                      ; - jdk.internal.reflect.DirectMethodHandleAccessor::invoke@23
  0x000001d7c9e18dc8: b46a 1507 

  0x000001d7c9e18dcc: ;   {other}
  0x000001d7c9e18dcc: 0f1f 8400 | bc27 0014 

  0x000001d7c9e18dd4: ; implicit exception: dispatches to 0x000001d7c9e197d1
                      ; ImmutableOopMap {rax=Oop [176]=Oop [184]=Oop [192]=Oop [200]=Oop }
                      ;*athrow {reexecute=1 rethrow=0 return_oop=0}
                      ; - (reexecute) java.lang.invoke.Invokers::checkExactType@15
                      ; - java.lang.invoke.Invokers$Holder::invokeExact_MT@10
                      ; - jdk.internal.reflect.DirectMethodHandleAccessor::invokeImpl@104
                      ; - jdk.internal.reflect.DirectMethodHandleAccessor::invoke@23
                      ;   {section_word}
  0x000001d7c9e18dd4: 483b 0048 | bad7 8de1 | c9d7 0100 

  0x000001d7c9e18de0: ;   {runtime_call handle_exception_nofpu Runtime1 stub}
  0x000001d7c9e18de0: 00e8 9a16 | 2207 9049 | 8b87 0005 | 0000 4d33 | d24d 8997 | 0005 0000 | 4d33 d24d | 8997 0805 
  0x000001d7c9e18e00: 0000 488b | 9424 b000 

  0x000001d7c9e18e08: ;   {metadata(method data for {method} {0x000001d7dd19cf00} 'invoke' '(Ljava/lang/Object;[Ljava/lang/Object;)Ljava/lang/Object;' in 'jdk/internal/reflect/DirectMethodHandleAccessor')}
  0x000001d7c9e18e08: 0000 49b8 | 7077 33f2 | d701 0000 | 4983 8060 | 0200 0001 

  0x000001d7c9e18e1c: ;   {metadata(method data for {method} {0x000001d7dd3c84c0} 'isIllegalArgument' '(Ljava/lang/RuntimeException;)Z' in 'jdk/internal/reflect/DirectMethodHandleAccessor')}
  0x000001d7c9e18e1c: 48ba e087 | 33f2 d701 | 0000 448b | 82cc 0000 | 0041 83c0 | 0244 8982 | cc00 0000 | 4181 e0fe 
  0x000001d7c9e18e3c: ff1f 0045 | 85c0 0f84 | 8e09 0000 

  0x000001d7c9e18e48: ;   {oop(a 'java/lang/Class'{0x00000000e0655ac8} = 'jdk/internal/reflect/DirectMethodHandleAccessor')}
  0x000001d7c9e18e48: 48ba c85a | 65e0 0000 | 0000 4c8b | c048 8984 | 2420 0100 

  0x000001d7c9e18e5c: ;   {static_call}
  0x000001d7c9e18e5c: 0066 90e8 

  0x000001d7c9e18e60: ; ImmutableOopMap {[288]=Oop }
                      ;*invokestatic isIllegalArgument {reexecute=0 rethrow=0 return_oop=0}
                      ; - jdk.internal.reflect.DirectMethodHandleAccessor::isIllegalArgument@3
                      ; - jdk.internal.reflect.DirectMethodHandleAccessor::invoke@58
  0x000001d7c9e18e60: 1c6a 1507 

  0x000001d7c9e18e64: ;   {other}
  0x000001d7c9e18e64: 0f1f 8400 | 5428 0016 | 83e0 0185 

  0x000001d7c9e18e70: ;   {metadata(method data for {method} {0x000001d7dd19cf00} 'invoke' '(Ljava/lang/Object;[Ljava/lang/Object;)Ljava/lang/Object;' in 'jdk/internal/reflect/DirectMethodHandleAccessor')}
  0x000001d7c9e18e70: c048 b870 | 7733 f2d7 | 0100 0048 | c7c2 9802 | 0000 7407 | 48c7 c2a8 | 0200 004c | 8b04 104d 
  0x000001d7c9e18e90: 8d40 014c | 8904 100f | 84bc 0200 | 00e9 0f02 | 0000 498b | 8700 0500 | 004d 33d2 | 4d89 9700 
  0x000001d7c9e18eb0: 0500 004d | 33d2 4d89 | 9708 0500 | 0048 8b94 | 24b0 0000 

  0x000001d7c9e18ec4: ;   {metadata(method data for {method} {0x000001d7dd19cf00} 'invoke' '(Ljava/lang/Object;[Ljava/lang/Object;)Ljava/lang/Object;' in 'jdk/internal/reflect/DirectMethodHandleAccessor')}
  0x000001d7c9e18ec4: 0049 b870 | 7733 f2d7 | 0100 0049 | 8380 e801 

  0x000001d7c9e18ed4: ;   {metadata(method data for {method} {0x000001d7dd3c84c0} 'isIllegalArgument' '(Ljava/lang/RuntimeException;)Z' in 'jdk/internal/reflect/DirectMethodHandleAccessor')}
  0x000001d7c9e18ed4: 0000 0148 | bae0 8733 | f2d7 0100 | 0044 8b82 | cc00 0000 | 4183 c002 | 4489 82cc | 0000 0041 
  0x000001d7c9e18ef4: 81e0 feff | 1f00 4585 | c00f 84f4 

  0x000001d7c9e18f00: ;   {oop(a 'java/lang/Class'{0x00000000e0655ac8} = 'jdk/internal/reflect/DirectMethodHandleAccessor')}
  0x000001d7c9e18f00: 0800 0048 | bac8 5a65 | e000 0000 | 004c 8bc0 | 4889 8424 | 2801 0000 | 0f1f 8000 

  0x000001d7c9e18f1c: ;   {static_call}
  0x000001d7c9e18f1c: 0000 00e8 

  0x000001d7c9e18f20: ; ImmutableOopMap {[296]=Oop }
                      ;*invokestatic isIllegalArgument {reexecute=0 rethrow=0 return_oop=0}
                      ; - jdk.internal.reflect.DirectMethodHandleAccessor::isIllegalArgument@3
                      ; - jdk.internal.reflect.DirectMethodHandleAccessor::invoke@30
  0x000001d7c9e18f20: 5c69 1507 

  0x000001d7c9e18f24: ;   {other}
  0x000001d7c9e18f24: 0f1f 8400 | 1429 0017 | 83e0 0185 

  0x000001d7c9e18f30: ;   {metadata(method data for {method} {0x000001d7dd19cf00} 'invoke' '(Ljava/lang/Object;[Ljava/lang/Object;)Ljava/lang/Object;' in 'jdk/internal/reflect/DirectMethodHandleAccessor')}
  0x000001d7c9e18f30: c048 ba70 | 7733 f2d7 | 0100 0048 | c7c6 2002 | 0000 7407 | 48c7 c630 | 0200 0048 | 8b3c 3248 
  0x000001d7c9e18f50: 8d7f 0148 | 893c 320f | 84a4 0000 | 0066 6690 

  0x000001d7c9e18f60: ;   {no_reloc}
  0x000001d7c9e18f60: e9c2 0800 | 0000 0000 | 0000 498b | 87b8 0100 | 0048 8d78 | 2849 3bbf | c801 0000 | 0f87 af08 
  0x000001d7c9e18f80: 0000 4989 | bfb8 0100 | 0048 c700 | 0100 0000 | 488b ca49 | ba00 0000 | ddd7 0100 | 0049 2bca 
  0x000001d7c9e18fa0: 8948 0848 | 33c9 8948 | 0c48 33c9 | 4889 4810 | 4889 4818 | 4889 4820 

  0x000001d7c9e18fb8: ;   {metadata(method data for {method} {0x000001d7dd19cf00} 'invoke' '(Ljava/lang/Object;[Ljava/lang/Object;)Ljava/lang/Object;' in 'jdk/internal/reflect/DirectMethodHandleAccessor')}
  0x000001d7c9e18fb8: 4c8b c048 | ba70 7733 | f2d7 0100 | 0048 8382 | 4002 0000 

  0x000001d7c9e18fcc: ;   {oop("argument type mismatch"{0x00000000eff80d28})}
  0x000001d7c9e18fcc: 0149 b828 | 0df8 ef00 | 0000 0048 | 8bd0 4889 | 8424 3001 | 0000 0f1f 

  0x000001d7c9e18fe4: ;   {optimized virtual_call}
  0x000001d7c9e18fe4: 4400 00e8 

  0x000001d7c9e18fe8: ; ImmutableOopMap {[304]=Oop }
                      ;*invokespecial <init> {reexecute=0 rethrow=0 return_oop=0}
                      ; - jdk.internal.reflect.DirectMethodHandleAccessor::invoke@42
  0x000001d7c9e18fe8: 945e 1507 

  0x000001d7c9e18fec: ;   {other}
  0x000001d7c9e18fec: 0f1f 8400 | dc29 0018 | 488b 8424 | 3001 0000 | e927 0900 | 004c 8b84 | 2428 0100 | 000f 1f80 
  0x000001d7c9e1900c: 0000 0000 

  0x000001d7c9e19010: ;   {no_reloc}
  0x000001d7c9e19010: e938 0800 | 0000 0000 | 0000 80ba | 3101 0000 | 040f 8535 | 0800 0049 | 8b87 b801 | 0000 488d 
  0x000001d7c9e19030: 7828 493b | bfc8 0100 | 000f 871d | 0800 0049 | 89bf b801 | 0000 48c7 | 0001 0000 | 0048 8bca 
  0x000001d7c9e19050: 49ba 0000 | 00dd d701 | 0000 492b | ca89 4808 | 4833 c989 | 480c 4833 | c948 8948 | 1048 8948 
  0x000001d7c9e19070: 1848 8948 | 2048 8bd0 

  0x000001d7c9e19078: ;   {metadata(method data for {method} {0x000001d7dd19cf00} 'invoke' '(Ljava/lang/Object;[Ljava/lang/Object;)Ljava/lang/Object;' in 'jdk/internal/reflect/DirectMethodHandleAccessor')}
  0x000001d7c9e19078: 48be 7077 | 33f2 d701 | 0000 4883 | 8650 0200 | 0001 488b | d048 8984 | 2438 0100 

  0x000001d7c9e19094: ;   {optimized virtual_call}
  0x000001d7c9e19094: 0066 90e8 

  0x000001d7c9e19098: ; ImmutableOopMap {[312]=Oop }
                      ;*invokespecial <init> {reexecute=0 rethrow=0 return_oop=0}
                      ; - jdk.internal.reflect.DirectMethodHandleAccessor::invoke@51
  0x000001d7c9e19098: e45d 1507 

  0x000001d7c9e1909c: ;   {other}
  0x000001d7c9e1909c: 0f1f 8400 | 8c2a 0019 | 488b 8424 | 3801 0000 | e977 0800 | 000f 1f80 | 0000 0000 

  0x000001d7c9e190b8: ;   {no_reloc}
  0x000001d7c9e190b8: e9bb 0700 | 0000 0000 | 0000 498b | 87b8 0100 | 0048 8d78 | 2849 3bbf | c801 0000 | 0f87 a807 
  0x000001d7c9e190d8: 0000 4989 | bfb8 0100 | 0048 c700 | 0100 0000 | 488b ca49 | ba00 0000 | ddd7 0100 | 0049 2bca 
  0x000001d7c9e190f8: 8948 0848 | 33c9 8948 | 0c48 33c9 | 4889 4810 | 4889 4818 | 4889 4820 

  0x000001d7c9e19110: ;   {metadata(method data for {method} {0x000001d7dd19cf00} 'invoke' '(Ljava/lang/Object;[Ljava/lang/Object;)Ljava/lang/Object;' in 'jdk/internal/reflect/DirectMethodHandleAccessor')}
  0x000001d7c9e19110: 4c8b c048 | ba70 7733 | f2d7 0100 | 0048 8382 | b802 0000 | 014c 8b84 | 2420 0100 | 0048 8bd0 
  0x000001d7c9e19130: 4889 8424 | 4001 0000 | 0f1f 8000 

  0x000001d7c9e1913c: ;   {optimized virtual_call}
  0x000001d7c9e1913c: 0000 00e8 

  0x000001d7c9e19140: ; ImmutableOopMap {[320]=Oop }
                      ;*invokespecial <init> {reexecute=0 rethrow=0 return_oop=0}
                      ; - jdk.internal.reflect.DirectMethodHandleAccessor::invoke@69
  0x000001d7c9e19140: 3c5d 1507 

  0x000001d7c9e19144: ;   {other}
  0x000001d7c9e19144: 0f1f 8400 | 342b 001a | 488b 8424 | 4001 0000 | e9cf 0700 | 004c 8b84 | 2420 0100 | 000f 1f80 
  0x000001d7c9e19164: 0000 0000 

  0x000001d7c9e19168: ;   {no_reloc}
  0x000001d7c9e19168: e931 0700 | 0000 0000 | 0000 80ba | 3101 0000 | 040f 852e | 0700 0049 | 8b87 b801 | 0000 488d 
  0x000001d7c9e19188: 7828 493b | bfc8 0100 | 000f 8716 | 0700 0049 | 89bf b801 | 0000 48c7 | 0001 0000 | 0048 8bca 
  0x000001d7c9e191a8: 49ba 0000 | 00dd d701 | 0000 492b | ca89 4808 | 4833 c989 | 480c 4833 | c948 8948 | 1048 8948 
  0x000001d7c9e191c8: 1848 8948 | 2048 8bd0 

  0x000001d7c9e191d0: ;   {metadata(method data for {method} {0x000001d7dd19cf00} 'invoke' '(Ljava/lang/Object;[Ljava/lang/Object;)Ljava/lang/Object;' in 'jdk/internal/reflect/DirectMethodHandleAccessor')}
  0x000001d7c9e191d0: 48be 7077 | 33f2 d701 | 0000 4883 | 86c8 0200 | 0001 488b | d048 8984 | 2448 0100 

  0x000001d7c9e191ec: ;   {optimized virtual_call}
  0x000001d7c9e191ec: 0066 90e8 

  0x000001d7c9e191f0: ; ImmutableOopMap {[328]=Oop }
                      ;*invokespecial <init> {reexecute=0 rethrow=0 return_oop=0}
                      ; - jdk.internal.reflect.DirectMethodHandleAccessor::invoke@78
  0x000001d7c9e191f0: 8c5c 1507 

  0x000001d7c9e191f4: ;   {other}
  0x000001d7c9e191f4: 0f1f 8400 | e42b 001b | 488b 8424 | 4801 0000 | e91f 0700 | 000f 1f80 | 0000 0000 

  0x000001d7c9e19210: ;   {no_reloc}
  0x000001d7c9e19210: e9b4 0600 | 0000 0000 | 0000 498b | 87b8 0100 | 0048 8d78 | 2849 3bbf | c801 0000 | 0f87 a106 
  0x000001d7c9e19230: 0000 4989 | bfb8 0100 | 0048 c700 | 0100 0000 | 488b ca49 | ba00 0000 | ddd7 0100 | 0049 2bca 
  0x000001d7c9e19250: 8948 0848 | 33c9 8948 | 0c48 33c9 | 4889 4810 | 4889 4818 | 4889 4820 

  0x000001d7c9e19268: ;   {metadata(method data for {method} {0x000001d7dd3c86d0} 'checkReceiver' '(Ljava/lang/Object;)V' in 'jdk/internal/reflect/DirectMethodHandleAccessor')}
  0x000001d7c9e19268: 488b d048 | be18 7c33 | f2d7 0100 | 0048 8386 | a001 0000 

  0x000001d7c9e1927c: ;   {oop("object is not an instance of declaring class"{0x00000000eff81aa0})}
  0x000001d7c9e1927c: 0149 b8a0 | 1af8 ef00 | 0000 0048 | 8bd0 4889 | 8424 5001 | 0000 0f1f 

  0x000001d7c9e19294: ;   {optimized virtual_call}
  0x000001d7c9e19294: 4400 00e8 

  0x000001d7c9e19298: ; ImmutableOopMap {[176]=Oop [184]=Oop [192]=Oop [336]=Oop }
                      ;*invokespecial <init> {reexecute=0 rethrow=0 return_oop=0}
                      ; - jdk.internal.reflect.DirectMethodHandleAccessor::checkReceiver@20
                      ; - jdk.internal.reflect.DirectMethodHandleAccessor::invoke@9
  0x000001d7c9e19298: e45b 1507 

  0x000001d7c9e1929c: ;   {other}
  0x000001d7c9e1929c: 0f1f 8400 | 8c2c 001c | 488b 8424 | 5001 0000 | e977 0600 | 0049 8b87 | 0005 0000 | 4d33 d24d 
  0x000001d7c9e192bc: 8997 0005 | 0000 4d33 | d24d 8997 | 0805 0000 | 4c8b c090 

  0x000001d7c9e192d0: ;   {no_reloc}
  0x000001d7c9e192d0: e91a 0600 | 0000 0000 | 0000 80ba | 3101 0000 | 040f 8517 | 0600 0049 | 8b87 b801 | 0000 488d 
  0x000001d7c9e192f0: 7828 493b | bfc8 0100 | 000f 87ff | 0500 0049 | 89bf b801 | 0000 48c7 | 0001 0000 | 0048 8bca 
  0x000001d7c9e19310: 49ba 0000 | 00dd d701 | 0000 492b | ca89 4808 | 4833 c989 | 480c 4833 | c948 8948 | 1048 8948 
  0x000001d7c9e19330: 1848 8948 | 2048 8bd0 

  0x000001d7c9e19338: ;   {metadata(method data for {method} {0x000001d7dd19cf00} 'invoke' '(Ljava/lang/Object;[Ljava/lang/Object;)Ljava/lang/Object;' in 'jdk/internal/reflect/DirectMethodHandleAccessor')}
  0x000001d7c9e19338: 48be 7077 | 33f2 d701 | 0000 4883 | 86d8 0200 | 0001 488b | d048 8984 | 2458 0100 

  0x000001d7c9e19354: ;   {optimized virtual_call}
  0x000001d7c9e19354: 0066 90e8 

  0x000001d7c9e19358: ; ImmutableOopMap {[344]=Oop }
                      ;*invokespecial <init> {reexecute=0 rethrow=0 return_oop=0}
                      ; - jdk.internal.reflect.DirectMethodHandleAccessor::invoke@88
  0x000001d7c9e19358: 245b 1507 

  0x000001d7c9e1935c: ;   {other}
  0x000001d7c9e1935c: 0f1f 8400 | 4c2d 001d | 488b 8424 | 5801 0000 | e9b7 0500 

  0x000001d7c9e19370: ;   {metadata({method} {0x000001d7dd19cf00} 'invoke' '(Ljava/lang/Object;[Ljava/lang/Object;)Ljava/lang/Object;' in 'jdk/internal/reflect/DirectMethodHandleAccessor')}
  0x000001d7c9e19370: 0049 baf8 | ce19 ddd7 | 0100 004c | 8954 2408 | 48c7 0424 | ffff ffff 

  0x000001d7c9e19388: ;   {runtime_call counter_overflow Runtime1 stub}
  0x000001d7c9e19388: e873 5422 

  0x000001d7c9e1938c: ; ImmutableOopMap {rdx=Oop r8=Oop r9=Oop [176]=Oop [184]=Oop [192]=Oop }
                      ;*synchronization entry
                      ; - jdk.internal.reflect.DirectMethodHandleAccessor::invoke@-1
  0x000001d7c9e1938c: 07e9 2cd8 

  0x000001d7c9e19390: ;   {metadata({method} {0x000001d7dd3c8780} 'isStatic' '()Z' in 'jdk/internal/reflect/DirectMethodHandleAccessor')}
  0x000001d7c9e19390: ffff 49ba | 7887 3cdd | d701 0000 | 4c89 5424 | 0848 c704 | 24ff ffff 

  0x000001d7c9e193a8: ;   {runtime_call counter_overflow Runtime1 stub}
  0x000001d7c9e193a8: ffe8 5254 

  0x000001d7c9e193ac: ; ImmutableOopMap {rdx=Oop r8=Oop r9=Oop [176]=Oop [184]=Oop [192]=Oop }
                      ;*synchronization entry
                      ; - jdk.internal.reflect.DirectMethodHandleAccessor::isStatic@-1
                      ; - jdk.internal.reflect.DirectMethodHandleAccessor::invoke@1
  0x000001d7c9e193ac: 2207 e947 

  0x000001d7c9e193b0: ;   {metadata({method} {0x000001d7dd3c86d0} 'checkReceiver' '(Ljava/lang/Object;)V' in 'jdk/internal/reflect/DirectMethodHandleAccessor')}
  0x000001d7c9e193b0: d8ff ff49 | bac8 863c | ddd7 0100 | 004c 8954 | 2408 48c7 | 0424 ffff 

  0x000001d7c9e193c8: ;   {runtime_call counter_overflow Runtime1 stub}
  0x000001d7c9e193c8: ffff e831 

  0x000001d7c9e193cc: ; ImmutableOopMap {rdx=Oop r8=Oop [176]=Oop [184]=Oop [192]=Oop }
                      ;*synchronization entry
                      ; - jdk.internal.reflect.DirectMethodHandleAccessor::checkReceiver@-1
                      ; - jdk.internal.reflect.DirectMethodHandleAccessor::invoke@9
  0x000001d7c9e193cc: 5422 07e9 | edd8 ffff 

  0x000001d7c9e193d4: ;   {runtime_call throw_null_pointer_exception Runtime1 stub}
  0x000001d7c9e193d4: e8c7 f121 

  0x000001d7c9e193d8: ; ImmutableOopMap {rdx=Oop r8=Oop rsi=Oop [176]=Oop [184]=Oop [192]=Oop }
                      ;*invokevirtual getClass {reexecute=0 rethrow=0 return_oop=0}
                      ; - jdk.internal.reflect.DirectMethodHandleAccessor::checkReceiver@5
                      ; - jdk.internal.reflect.DirectMethodHandleAccessor::invoke@9
                      ;   {runtime_call throw_null_pointer_exception Runtime1 stub}
  0x000001d7c9e193d8: 07e8 c2f1 

  0x000001d7c9e193dc: ; ImmutableOopMap {rdx=Oop r8=Oop rsi=Oop rdi=Oop [176]=Oop [184]=Oop [192]=Oop }
                      ;*invokevirtual isAssignableFrom {reexecute=0 rethrow=0 return_oop=0}
                      ; - jdk.internal.reflect.DirectMethodHandleAccessor::checkReceiver@8
                      ; - jdk.internal.reflect.DirectMethodHandleAccessor::invoke@9
                      ;   {metadata({method} {0x000001d7dd3c8518} 'invokeImpl' '(Ljava/lang/Object;[Ljava/lang/Object;)Ljava/lang/Object;' in 'jdk/internal/reflect/DirectMethodHandleAccessor')}
  0x000001d7c9e193dc: 2107 49ba | 1085 3cdd | d701 0000 | 4c89 5424 | 0848 c704 | 24ff ffff 

  0x000001d7c9e193f4: ;   {runtime_call counter_overflow Runtime1 stub}
  0x000001d7c9e193f4: ffe8 0654 

  0x000001d7c9e193f8: ; ImmutableOopMap {rdx=Oop [176]=Oop [184]=Oop [192]=Oop }
                      ;*synchronization entry
                      ; - jdk.internal.reflect.DirectMethodHandleAccessor::invokeImpl@-1
                      ; - jdk.internal.reflect.DirectMethodHandleAccessor::invoke@23
  0x000001d7c9e193f8: 2207 e9d1 

  0x000001d7c9e193fc: ;   {metadata({method} {0x000001d7dd0ae518} 'invokeExact_MT' '(Ljava/lang/Object;Ljava/lang/Object;Ljava/lang/Object;Ljava/lang/Object;)Ljava/lang/Object;' in 'java/lang/invoke/Invokers$Holder')}
  0x000001d7c9e193fc: d9ff ff49 | ba10 e50a | ddd7 0100 | 004c 8954 | 2408 48c7 | 0424 ffff 

  0x000001d7c9e19414: ;   {runtime_call counter_overflow Runtime1 stub}
  0x000001d7c9e19414: ffff e8e5 

  0x000001d7c9e19418: ; ImmutableOopMap {rdx=Oop r8=Oop rsi=Oop [176]=Oop [184]=Oop [192]=Oop [200]=Oop }
                      ;*synchronization entry
                      ; - java.lang.invoke.Invokers$Holder::invokeExact_MT@-1
                      ; - jdk.internal.reflect.DirectMethodHandleAccessor::invokeImpl@104
                      ; - jdk.internal.reflect.DirectMethodHandleAccessor::invoke@23
  0x000001d7c9e19418: 5322 07e9 | bcdb ffff 

  0x000001d7c9e19420: ;   {metadata({method} {0x000001d7dd3dc408} 'checkExactType' '(Ljava/lang/invoke/MethodHandle;Ljava/lang/invoke/MethodType;)V' in 'java/lang/invoke/Invokers')}
  0x000001d7c9e19420: 49ba 00c4 | 3ddd d701 | 0000 4c89 | 5424 0848 | c704 24ff 

  0x000001d7c9e19434: ;   {runtime_call counter_overflow Runtime1 stub}
  0x000001d7c9e19434: ffff ffe8 

  0x000001d7c9e19438: ; ImmutableOopMap {rdx=Oop r8=Oop rsi=Oop rbx=Oop [176]=Oop [184]=Oop [192]=Oop [200]=Oop }
                      ;*synchronization entry
                      ; - java.lang.invoke.Invokers::checkExactType@-1
                      ; - java.lang.invoke.Invokers$Holder::invokeExact_MT@10
                      ; - jdk.internal.reflect.DirectMethodHandleAccessor::invokeImpl@104
                      ; - jdk.internal.reflect.DirectMethodHandleAccessor::invoke@23
  0x000001d7c9e19438: c453 2207 | e95c dcff 

  0x000001d7c9e19440: ;   {runtime_call throw_null_pointer_exception Runtime1 stub}
  0x000001d7c9e19440: ffe8 5af1 

  0x000001d7c9e19444: ; ImmutableOopMap {rdx=Oop r8=Oop rsi=Oop rbx=Oop [176]=Oop [184]=Oop [192]=Oop [200]=Oop }
                      ;*invokevirtual type {reexecute=0 rethrow=0 return_oop=0}
                      ; - java.lang.invoke.Invokers::checkExactType@1
                      ; - java.lang.invoke.Invokers$Holder::invokeExact_MT@10
                      ; - jdk.internal.reflect.DirectMethodHandleAccessor::invokeImpl@104
                      ; - jdk.internal.reflect.DirectMethodHandleAccessor::invoke@23
                      ;   {metadata({method} {0x000001d7dd3dc300} 'checkCustomized' '(Ljava/lang/invoke/MethodHandle;)V' in 'java/lang/invoke/Invokers')}
  0x000001d7c9e19444: 2107 49ba | f8c2 3ddd | d701 0000 | 4c89 5424 | 0848 c704 | 24ff ffff 

  0x000001d7c9e1945c: ;   {runtime_call counter_overflow Runtime1 stub}
  0x000001d7c9e1945c: ffe8 9e53 

  0x000001d7c9e19460: ; ImmutableOopMap {rdx=Oop r8=Oop rsi=Oop [176]=Oop [184]=Oop [192]=Oop [200]=Oop }
                      ;*synchronization entry
                      ; - java.lang.invoke.Invokers::checkCustomized@-1
                      ; - java.lang.invoke.Invokers$Holder::invokeExact_MT@14
                      ; - jdk.internal.reflect.DirectMethodHandleAccessor::invokeImpl@104
                      ; - jdk.internal.reflect.DirectMethodHandleAccessor::invoke@23
  0x000001d7c9e19460: 2207 e992 

  0x000001d7c9e19464: ;   {metadata({method} {0x000001d7dd0944d8} 'isCompileConstant' '(Ljava/lang/Object;)Z' in 'java/lang/invoke/MethodHandleImpl')}
  0x000001d7c9e19464: ddff ff49 | bad0 4409 | ddd7 0100 | 004c 8954 | 2408 48c7 | 0424 ffff 

  0x000001d7c9e1947c: ;   {runtime_call counter_overflow Runtime1 stub}
  0x000001d7c9e1947c: ffff e87d 

  0x000001d7c9e19480: ; ImmutableOopMap {rdx=Oop r8=Oop rsi=Oop [176]=Oop [184]=Oop [192]=Oop [200]=Oop }
                      ;*synchronization entry
                      ; - java.lang.invoke.MethodHandleImpl::isCompileConstant@-1
                      ; - java.lang.invoke.Invokers::checkCustomized@1
                      ; - java.lang.invoke.Invokers$Holder::invokeExact_MT@14
                      ; - jdk.internal.reflect.DirectMethodHandleAccessor::invokeImpl@104
                      ; - jdk.internal.reflect.DirectMethodHandleAccessor::invoke@23
  0x000001d7c9e19480: 5322 07e9 | aadd ffff 

  0x000001d7c9e19488: ;   {runtime_call throw_null_pointer_exception Runtime1 stub}
  0x000001d7c9e19488: e813 f121 

  0x000001d7c9e1948c: ; ImmutableOopMap {rdx=Oop r8=Oop rsi=Oop [176]=Oop [184]=Oop [192]=Oop [200]=Oop }
                      ;*getfield customized {reexecute=1 rethrow=0 return_oop=0}
                      ; - (reexecute) java.lang.invoke.Invokers::checkCustomized@12
                      ; - java.lang.invoke.Invokers$Holder::invokeExact_MT@14
                      ; - jdk.internal.reflect.DirectMethodHandleAccessor::invokeImpl@104
                      ; - jdk.internal.reflect.DirectMethodHandleAccessor::invoke@23
                      ;   {internal_word}
  0x000001d7c9e1948c: 0749 ba84 | 74e1 c9d7 | 0100 004d | 8997 6804 

  0x000001d7c9e1949c: ;   {runtime_call SafepointBlob}
  0x000001d7c9e1949c: 0000 e9dd 

  0x000001d7c9e194a0: ;   {runtime_call throw_null_pointer_exception Runtime1 stub}
  0x000001d7c9e194a0: d415 07e8 

  0x000001d7c9e194a4: ; ImmutableOopMap {rdx=Oop r9=Oop r8=Oop rsi=Oop [176]=Oop [184]=Oop [192]=Oop [216]=Oop }
                      ;*aaload {reexecute=0 rethrow=0 return_oop=0}
                      ; - jdk.internal.reflect.DirectMethodHandleAccessor::invokeImpl@85
                      ; - jdk.internal.reflect.DirectMethodHandleAccessor::invoke@23
  0x000001d7c9e194a4: f8f0 2107 

  0x000001d7c9e194a8: ;   {runtime_call throw_null_pointer_exception Runtime1 stub}
  0x000001d7c9e194a8: e8f3 f021 

  0x000001d7c9e194ac: ; ImmutableOopMap {rdx=Oop r9=Oop r8=Oop rsi=Oop [176]=Oop [184]=Oop [192]=Oop [216]=Oop }
                      ;*aaload {reexecute=0 rethrow=0 return_oop=0}
                      ; - jdk.internal.reflect.DirectMethodHandleAccessor::invokeImpl@85
                      ; - jdk.internal.reflect.DirectMethodHandleAccessor::invoke@23
  0x000001d7c9e194ac: 0748 c704 | 2400 0000 | 004c 894c 

  0x000001d7c9e194b8: ;   {runtime_call throw_range_check_failed Runtime1 stub}
  0x000001d7c9e194b8: 2408 e8e1 

  0x000001d7c9e194bc: ; ImmutableOopMap {rdx=Oop r9=Oop r8=Oop rsi=Oop [176]=Oop [184]=Oop [192]=Oop [216]=Oop }
                      ;*aaload {reexecute=0 rethrow=0 return_oop=0}
                      ; - jdk.internal.reflect.DirectMethodHandleAccessor::invokeImpl@85
                      ; - jdk.internal.reflect.DirectMethodHandleAccessor::invoke@23
  0x000001d7c9e194bc: e721 0748 | c704 2401 | 0000 004c | 894c 2408 

  0x000001d7c9e194cc: ;   {runtime_call throw_range_check_failed Runtime1 stub}
  0x000001d7c9e194cc: e8cf e721 

  0x000001d7c9e194d0: ; ImmutableOopMap {rdx=Oop r9=Oop r8=Oop rsi=Oop rdi=Oop [176]=Oop [184]=Oop [192]=Oop [208]=Oop [216]=Oop }
                      ;*aaload {reexecute=0 rethrow=0 return_oop=0}
                      ; - jdk.internal.reflect.DirectMethodHandleAccessor::invokeImpl@88
                      ; - jdk.internal.reflect.DirectMethodHandleAccessor::invoke@23
  0x000001d7c9e194d0: 0748 c704 | 2402 0000 | 004c 894c 

  0x000001d7c9e194dc: ;   {runtime_call throw_range_check_failed Runtime1 stub}
  0x000001d7c9e194dc: 2408 e8bd 

  0x000001d7c9e194e0: ; ImmutableOopMap {rdx=Oop r9=Oop r8=Oop rsi=Oop rdi=Oop rbx=Oop [176]=Oop [184]=Oop [192]=Oop [208]=Oop [216]=Oop [224]=Oop }
                      ;*aaload {reexecute=0 rethrow=0 return_oop=0}
                      ; - jdk.internal.reflect.DirectMethodHandleAccessor::invokeImpl@91
                      ; - jdk.internal.reflect.DirectMethodHandleAccessor::invoke@23
                      ;   {metadata({method} {0x000001d7f27022b8} 'invokeExact_MT' '(Ljava/lang/Object;Ljava/lang/Object;Ljava/lang/Object;Ljava/lang/Object;Ljava/lang/Object;Ljava/lang/Object;)Ljava/lang/Object;' in 'java/lang/invoke/LambdaForm$MH+0x000001d7de0ee800')}
  0x000001d7c9e194e0: e721 0749 | bab0 2270 | f2d7 0100 | 004c 8954 | 2408 48c7 | 0424 ffff 

  0x000001d7c9e194f8: ;   {runtime_call counter_overflow Runtime1 stub}
  0x000001d7c9e194f8: ffff e801 

  0x000001d7c9e194fc: ; ImmutableOopMap {rdx=Oop r8=Oop rsi=Oop rdi=Oop rbx=Oop rax=Oop [176]=Oop [192]=Oop [208]=Oop [216]=Oop [224]=Oop [232]=Oop }
                      ;*synchronization entry
                      ; - java.lang.invoke.LambdaForm$MH/0x000001d7de0ee800::invokeExact_MT@-1
                      ; - jdk.internal.reflect.DirectMethodHandleAccessor::invokeImpl@92
                      ; - jdk.internal.reflect.DirectMethodHandleAccessor::invoke@23
  0x000001d7c9e194fc: 5322 07e9 | 64e1 ffff 

  0x000001d7c9e19504: ;   {metadata({method} {0x000001d7dd3dc408} 'checkExactType' '(Ljava/lang/invoke/MethodHandle;Ljava/lang/invoke/MethodType;)V' in 'java/lang/invoke/Invokers')}
  0x000001d7c9e19504: 49ba 00c4 | 3ddd d701 | 0000 4c89 | 5424 0848 | c704 24ff 

  0x000001d7c9e19518: ;   {runtime_call counter_overflow Runtime1 stub}
  0x000001d7c9e19518: ffff ffe8 

  0x000001d7c9e1951c: ; ImmutableOopMap {rdx=Oop r8=Oop rsi=Oop rdi=Oop rbx=Oop rax=Oop r9=Oop [176]=Oop [192]=Oop [208]=Oop [216]=Oop [224]=Oop [232]=Oop }
                      ;*synchronization entry
                      ; - java.lang.invoke.Invokers::checkExactType@-1
                      ; - java.lang.invoke.LambdaForm$MH/0x000001d7de0ee800::invokeExact_MT@11
                      ; - jdk.internal.reflect.DirectMethodHandleAccessor::invokeImpl@92
                      ; - jdk.internal.reflect.DirectMethodHandleAccessor::invoke@23
  0x000001d7c9e1951c: e052 2207 | e90c e2ff 

  0x000001d7c9e19524: ;   {runtime_call throw_null_pointer_exception Runtime1 stub}
  0x000001d7c9e19524: ffe8 76f0 

  0x000001d7c9e19528: ; ImmutableOopMap {rdx=Oop r8=Oop rsi=Oop rdi=Oop rbx=Oop rax=Oop r9=Oop [176]=Oop [192]=Oop [208]=Oop [216]=Oop [224]=Oop [232]=Oop }
                      ;*invokevirtual type {reexecute=0 rethrow=0 return_oop=0}
                      ; - java.lang.invoke.Invokers::checkExactType@1
                      ; - java.lang.invoke.LambdaForm$MH/0x000001d7de0ee800::invokeExact_MT@11
                      ; - jdk.internal.reflect.DirectMethodHandleAccessor::invokeImpl@92
                      ; - jdk.internal.reflect.DirectMethodHandleAccessor::invoke@23
                      ;   {metadata({method} {0x000001d7dd3dc300} 'checkCustomized' '(Ljava/lang/invoke/MethodHandle;)V' in 'java/lang/invoke/Invokers')}
  0x000001d7c9e19528: 2107 49ba | f8c2 3ddd | d701 0000 | 4c89 5424 | 0848 c704 | 24ff ffff 

  0x000001d7c9e19540: ;   {runtime_call counter_overflow Runtime1 stub}
  0x000001d7c9e19540: ffe8 ba52 

  0x000001d7c9e19544: ; ImmutableOopMap {rdx=Oop r8=Oop rsi=Oop rdi=Oop rbx=Oop rax=Oop [176]=Oop [192]=Oop [208]=Oop [216]=Oop [224]=Oop [232]=Oop }
                      ;*synchronization entry
                      ; - java.lang.invoke.Invokers::checkCustomized@-1
                      ; - java.lang.invoke.LambdaForm$MH/0x000001d7de0ee800::invokeExact_MT@15
                      ; - jdk.internal.reflect.DirectMethodHandleAccessor::invokeImpl@92
                      ; - jdk.internal.reflect.DirectMethodHandleAccessor::invoke@23
  0x000001d7c9e19544: 2207 e949 

  0x000001d7c9e19548: ;   {metadata({method} {0x000001d7dd0944d8} 'isCompileConstant' '(Ljava/lang/Object;)Z' in 'java/lang/invoke/MethodHandleImpl')}
  0x000001d7c9e19548: e3ff ff49 | bad0 4409 | ddd7 0100 | 004c 8954 | 2408 48c7 | 0424 ffff 

  0x000001d7c9e19560: ;   {runtime_call counter_overflow Runtime1 stub}
  0x000001d7c9e19560: ffff e899 

  0x000001d7c9e19564: ; ImmutableOopMap {rdx=Oop r8=Oop rsi=Oop rdi=Oop rbx=Oop rax=Oop [176]=Oop [192]=Oop [208]=Oop [216]=Oop [224]=Oop [232]=Oop }
                      ;*synchronization entry
                      ; - java.lang.invoke.MethodHandleImpl::isCompileConstant@-1
                      ; - java.lang.invoke.Invokers::checkCustomized@1
                      ; - java.lang.invoke.LambdaForm$MH/0x000001d7de0ee800::invokeExact_MT@15
                      ; - jdk.internal.reflect.DirectMethodHandleAccessor::invokeImpl@92
                      ; - jdk.internal.reflect.DirectMethodHandleAccessor::invoke@23
  0x000001d7c9e19564: 5222 07e9 | 66e3 ffff 

  0x000001d7c9e1956c: ;   {runtime_call throw_null_pointer_exception Runtime1 stub}
  0x000001d7c9e1956c: e82f f021 

  0x000001d7c9e19570: ; ImmutableOopMap {rdx=Oop r8=Oop rsi=Oop rdi=Oop rbx=Oop rax=Oop [176]=Oop [192]=Oop [208]=Oop [216]=Oop [224]=Oop [232]=Oop }
                      ;*getfield customized {reexecute=1 rethrow=0 return_oop=0}
                      ; - (reexecute) java.lang.invoke.Invokers::checkCustomized@12
                      ; - java.lang.invoke.LambdaForm$MH/0x000001d7de0ee800::invokeExact_MT@15
                      ; - jdk.internal.reflect.DirectMethodHandleAccessor::invokeImpl@92
                      ; - jdk.internal.reflect.DirectMethodHandleAccessor::invoke@23
                      ;   {internal_word}
  0x000001d7c9e19570: 0749 ba4c | 7be1 c9d7 | 0100 004d | 8997 6804 

  0x000001d7c9e19580: ;   {runtime_call SafepointBlob}
  0x000001d7c9e19580: 0000 e9f9 

  0x000001d7c9e19584: ;   {runtime_call throw_null_pointer_exception Runtime1 stub}
  0x000001d7c9e19584: d315 07e8 

  0x000001d7c9e19588: ; ImmutableOopMap {rdx=Oop r9=Oop r8=Oop rsi=Oop [176]=Oop [184]=Oop [192]=Oop [248]=Oop }
                      ;*aaload {reexecute=0 rethrow=0 return_oop=0}
                      ; - jdk.internal.reflect.DirectMethodHandleAccessor::invokeImpl@68
                      ; - jdk.internal.reflect.DirectMethodHandleAccessor::invoke@23
  0x000001d7c9e19588: 14f0 2107 

  0x000001d7c9e1958c: ;   {runtime_call throw_null_pointer_exception Runtime1 stub}
  0x000001d7c9e1958c: e80f f021 

  0x000001d7c9e19590: ; ImmutableOopMap {rdx=Oop r9=Oop r8=Oop rsi=Oop [176]=Oop [184]=Oop [192]=Oop [248]=Oop }
                      ;*aaload {reexecute=0 rethrow=0 return_oop=0}
                      ; - jdk.internal.reflect.DirectMethodHandleAccessor::invokeImpl@68
                      ; - jdk.internal.reflect.DirectMethodHandleAccessor::invoke@23
  0x000001d7c9e19590: 0748 c704 | 2400 0000 | 004c 894c 

  0x000001d7c9e1959c: ;   {runtime_call throw_range_check_failed Runtime1 stub}
  0x000001d7c9e1959c: 2408 e8fd 

  0x000001d7c9e195a0: ; ImmutableOopMap {rdx=Oop r9=Oop r8=Oop rsi=Oop [176]=Oop [184]=Oop [192]=Oop [248]=Oop }
                      ;*aaload {reexecute=0 rethrow=0 return_oop=0}
                      ; - jdk.internal.reflect.DirectMethodHandleAccessor::invokeImpl@68
                      ; - jdk.internal.reflect.DirectMethodHandleAccessor::invoke@23
  0x000001d7c9e195a0: e621 0748 | c704 2401 | 0000 004c | 894c 2408 

  0x000001d7c9e195b0: ;   {runtime_call throw_range_check_failed Runtime1 stub}
  0x000001d7c9e195b0: e8eb e621 

  0x000001d7c9e195b4: ; ImmutableOopMap {rdx=Oop r9=Oop r8=Oop rsi=Oop rdi=Oop [176]=Oop [184]=Oop [192]=Oop [240]=Oop [248]=Oop }
                      ;*aaload {reexecute=0 rethrow=0 return_oop=0}
                      ; - jdk.internal.reflect.DirectMethodHandleAccessor::invokeImpl@71
                      ; - jdk.internal.reflect.DirectMethodHandleAccessor::invoke@23
                      ;   {metadata({method} {0x000001d7f24052b8} 'invokeExact_MT' '(Ljava/lang/Object;Ljava/lang/Object;Ljava/lang/Object;Ljava/lang/Object;Ljava/lang/Object;)Ljava/lang/Object;' in 'java/lang/invoke/LambdaForm$MH+0x000001d7de002800')}
  0x000001d7c9e195b4: 0749 bab0 | 5240 f2d7 | 0100 004c | 8954 2408 | 48c7 0424 | ffff ffff 

  0x000001d7c9e195cc: ;   {runtime_call counter_overflow Runtime1 stub}
  0x000001d7c9e195cc: e82f 5222 

  0x000001d7c9e195d0: ; ImmutableOopMap {rdx=Oop r8=Oop rsi=Oop rdi=Oop rbx=Oop [176]=Oop [192]=Oop [240]=Oop [248]=Oop [256]=Oop }
                      ;*synchronization entry
                      ; - java.lang.invoke.LambdaForm$MH/0x000001d7de002800::invokeExact_MT@-1
                      ; - jdk.internal.reflect.DirectMethodHandleAccessor::invokeImpl@72
                      ; - jdk.internal.reflect.DirectMethodHandleAccessor::invoke@23
  0x000001d7c9e195d0: 07e9 3ae7 

  0x000001d7c9e195d4: ;   {metadata({method} {0x000001d7dd3dc408} 'checkExactType' '(Ljava/lang/invoke/MethodHandle;Ljava/lang/invoke/MethodType;)V' in 'java/lang/invoke/Invokers')}
  0x000001d7c9e195d4: ffff 49ba | 00c4 3ddd | d701 0000 | 4c89 5424 | 0848 c704 | 24ff ffff 

  0x000001d7c9e195ec: ;   {runtime_call counter_overflow Runtime1 stub}
  0x000001d7c9e195ec: ffe8 0e52 

  0x000001d7c9e195f0: ; ImmutableOopMap {rdx=Oop r8=Oop rsi=Oop rdi=Oop rbx=Oop rcx=Oop [176]=Oop [192]=Oop [240]=Oop [248]=Oop [256]=Oop }
                      ;*synchronization entry
                      ; - java.lang.invoke.Invokers::checkExactType@-1
                      ; - java.lang.invoke.LambdaForm$MH/0x000001d7de002800::invokeExact_MT@11
                      ; - jdk.internal.reflect.DirectMethodHandleAccessor::invokeImpl@72
                      ; - jdk.internal.reflect.DirectMethodHandleAccessor::invoke@23
  0x000001d7c9e195f0: 2207 e9e0 

  0x000001d7c9e195f4: ;   {runtime_call throw_null_pointer_exception Runtime1 stub}
  0x000001d7c9e195f4: e7ff ffe8 

  0x000001d7c9e195f8: ; ImmutableOopMap {rdx=Oop r8=Oop rsi=Oop rdi=Oop rbx=Oop rcx=Oop [176]=Oop [192]=Oop [240]=Oop [248]=Oop [256]=Oop }
                      ;*invokevirtual type {reexecute=0 rethrow=0 return_oop=0}
                      ; - java.lang.invoke.Invokers::checkExactType@1
                      ; - java.lang.invoke.LambdaForm$MH/0x000001d7de002800::invokeExact_MT@11
                      ; - jdk.internal.reflect.DirectMethodHandleAccessor::invokeImpl@72
                      ; - jdk.internal.reflect.DirectMethodHandleAccessor::invoke@23
  0x000001d7c9e195f8: a4ef 2107 

  0x000001d7c9e195fc: ;   {metadata({method} {0x000001d7dd3dc300} 'checkCustomized' '(Ljava/lang/invoke/MethodHandle;)V' in 'java/lang/invoke/Invokers')}
  0x000001d7c9e195fc: 49ba f8c2 | 3ddd d701 | 0000 4c89 | 5424 0848 | c704 24ff 

  0x000001d7c9e19610: ;   {runtime_call counter_overflow Runtime1 stub}
  0x000001d7c9e19610: ffff ffe8 

  0x000001d7c9e19614: ; ImmutableOopMap {rdx=Oop r8=Oop rsi=Oop rdi=Oop rbx=Oop [176]=Oop [192]=Oop [240]=Oop [248]=Oop [256]=Oop }
                      ;*synchronization entry
                      ; - java.lang.invoke.Invokers::checkCustomized@-1
                      ; - java.lang.invoke.LambdaForm$MH/0x000001d7de002800::invokeExact_MT@15
                      ; - jdk.internal.reflect.DirectMethodHandleAccessor::invokeImpl@72
                      ; - jdk.internal.reflect.DirectMethodHandleAccessor::invoke@23
  0x000001d7c9e19614: e851 2207 | e916 e9ff 

  0x000001d7c9e1961c: ;   {metadata({method} {0x000001d7dd0944d8} 'isCompileConstant' '(Ljava/lang/Object;)Z' in 'java/lang/invoke/MethodHandleImpl')}
  0x000001d7c9e1961c: ff49 bad0 | 4409 ddd7 | 0100 004c | 8954 2408 | 48c7 0424 | ffff ffff 

  0x000001d7c9e19634: ;   {runtime_call counter_overflow Runtime1 stub}
  0x000001d7c9e19634: e8c7 5122 

  0x000001d7c9e19638: ; ImmutableOopMap {rdx=Oop r8=Oop rsi=Oop rdi=Oop rbx=Oop [176]=Oop [192]=Oop [240]=Oop [248]=Oop [256]=Oop }
                      ;*synchronization entry
                      ; - java.lang.invoke.MethodHandleImpl::isCompileConstant@-1
                      ; - java.lang.invoke.Invokers::checkCustomized@1
                      ; - java.lang.invoke.LambdaForm$MH/0x000001d7de002800::invokeExact_MT@15
                      ; - jdk.internal.reflect.DirectMethodHandleAccessor::invokeImpl@72
                      ; - jdk.internal.reflect.DirectMethodHandleAccessor::invoke@23
  0x000001d7c9e19638: 07e9 2ee9 

  0x000001d7c9e1963c: ;   {runtime_call throw_null_pointer_exception Runtime1 stub}
  0x000001d7c9e1963c: ffff e85d 

  0x000001d7c9e19640: ; ImmutableOopMap {rdx=Oop r8=Oop rsi=Oop rdi=Oop rbx=Oop [176]=Oop [192]=Oop [240]=Oop [248]=Oop [256]=Oop }
                      ;*getfield customized {reexecute=1 rethrow=0 return_oop=0}
                      ; - (reexecute) java.lang.invoke.Invokers::checkCustomized@12
                      ; - java.lang.invoke.LambdaForm$MH/0x000001d7de002800::invokeExact_MT@15
                      ; - jdk.internal.reflect.DirectMethodHandleAccessor::invokeImpl@72
                      ; - jdk.internal.reflect.DirectMethodHandleAccessor::invoke@23
                      ;   {internal_word}
  0x000001d7c9e19640: ef21 0749 | bad4 81e1 | c9d7 0100 | 004d 8997 | 6804 0000 

  0x000001d7c9e19654: ;   {runtime_call SafepointBlob}
  0x000001d7c9e19654: e927 d315 

  0x000001d7c9e19658: ;   {runtime_call throw_null_pointer_exception Runtime1 stub}
  0x000001d7c9e19658: 07e8 42ef 

  0x000001d7c9e1965c: ; ImmutableOopMap {rdx=Oop r9=Oop r8=Oop rsi=Oop [176]=Oop [184]=Oop [192]=Oop [272]=Oop }
                      ;*aaload {reexecute=0 rethrow=0 return_oop=0}
                      ; - jdk.internal.reflect.DirectMethodHandleAccessor::invokeImpl@54
                      ; - jdk.internal.reflect.DirectMethodHandleAccessor::invoke@23
                      ;   {runtime_call throw_null_pointer_exception Runtime1 stub}
  0x000001d7c9e1965c: 2107 e83d 

  0x000001d7c9e19660: ; ImmutableOopMap {rdx=Oop r9=Oop r8=Oop rsi=Oop [176]=Oop [184]=Oop [192]=Oop [272]=Oop }
                      ;*aaload {reexecute=0 rethrow=0 return_oop=0}
                      ; - jdk.internal.reflect.DirectMethodHandleAccessor::invokeImpl@54
                      ; - jdk.internal.reflect.DirectMethodHandleAccessor::invoke@23
  0x000001d7c9e19660: ef21 0748 | c704 2400 | 0000 004c | 894c 2408 

  0x000001d7c9e19670: ;   {runtime_call throw_range_check_failed Runtime1 stub}
  0x000001d7c9e19670: e82b e621 

  0x000001d7c9e19674: ; ImmutableOopMap {rdx=Oop r9=Oop r8=Oop rsi=Oop [176]=Oop [184]=Oop [192]=Oop [272]=Oop }
                      ;*aaload {reexecute=0 rethrow=0 return_oop=0}
                      ; - jdk.internal.reflect.DirectMethodHandleAccessor::invokeImpl@54
                      ; - jdk.internal.reflect.DirectMethodHandleAccessor::invoke@23
                      ;   {metadata({method} {0x000001d7dd0ae518} 'invokeExact_MT' '(Ljava/lang/Object;Ljava/lang/Object;Ljava/lang/Object;Ljava/lang/Object;)Ljava/lang/Object;' in 'java/lang/invoke/Invokers$Holder')}
  0x000001d7c9e19674: 0749 ba10 | e50a ddd7 | 0100 004c | 8954 2408 | 48c7 0424 | ffff ffff 

  0x000001d7c9e1968c: ;   {runtime_call counter_overflow Runtime1 stub}
  0x000001d7c9e1968c: e86f 5122 

  0x000001d7c9e19690: ; ImmutableOopMap {rdx=Oop r8=Oop rsi=Oop rdi=Oop [176]=Oop [192]=Oop [264]=Oop [272]=Oop }
                      ;*synchronization entry
                      ; - java.lang.invoke.Invokers$Holder::invokeExact_MT@-1
                      ; - jdk.internal.reflect.DirectMethodHandleAccessor::invokeImpl@55
                      ; - jdk.internal.reflect.DirectMethodHandleAccessor::invoke@23
  0x000001d7c9e19690: 07e9 e1ec 

  0x000001d7c9e19694: ;   {metadata({method} {0x000001d7dd3dc408} 'checkExactType' '(Ljava/lang/invoke/MethodHandle;Ljava/lang/invoke/MethodType;)V' in 'java/lang/invoke/Invokers')}
  0x000001d7c9e19694: ffff 49ba | 00c4 3ddd | d701 0000 | 4c89 5424 | 0848 c704 | 24ff ffff 

  0x000001d7c9e196ac: ;   {runtime_call counter_overflow Runtime1 stub}
  0x000001d7c9e196ac: ffe8 4e51 

  0x000001d7c9e196b0: ; ImmutableOopMap {rdx=Oop r8=Oop rsi=Oop rdi=Oop rax=Oop [176]=Oop [192]=Oop [264]=Oop [272]=Oop }
                      ;*synchronization entry
                      ; - java.lang.invoke.Invokers::checkExactType@-1
                      ; - java.lang.invoke.Invokers$Holder::invokeExact_MT@10
                      ; - jdk.internal.reflect.DirectMethodHandleAccessor::invokeImpl@55
                      ; - jdk.internal.reflect.DirectMethodHandleAccessor::invoke@23
  0x000001d7c9e196b0: 2207 e97f 

  0x000001d7c9e196b4: ;   {runtime_call throw_null_pointer_exception Runtime1 stub}
  0x000001d7c9e196b4: edff ffe8 

  0x000001d7c9e196b8: ; ImmutableOopMap {rdx=Oop r8=Oop rsi=Oop rdi=Oop rax=Oop [176]=Oop [192]=Oop [264]=Oop [272]=Oop }
                      ;*invokevirtual type {reexecute=0 rethrow=0 return_oop=0}
                      ; - java.lang.invoke.Invokers::checkExactType@1
                      ; - java.lang.invoke.Invokers$Holder::invokeExact_MT@10
                      ; - jdk.internal.reflect.DirectMethodHandleAccessor::invokeImpl@55
                      ; - jdk.internal.reflect.DirectMethodHandleAccessor::invoke@23
  0x000001d7c9e196b8: e4ee 2107 

  0x000001d7c9e196bc: ;   {metadata({method} {0x000001d7dd3dc300} 'checkCustomized' '(Ljava/lang/invoke/MethodHandle;)V' in 'java/lang/invoke/Invokers')}
  0x000001d7c9e196bc: 49ba f8c2 | 3ddd d701 | 0000 4c89 | 5424 0848 | c704 24ff 

  0x000001d7c9e196d0: ;   {runtime_call counter_overflow Runtime1 stub}
  0x000001d7c9e196d0: ffff ffe8 

  0x000001d7c9e196d4: ; ImmutableOopMap {rdx=Oop r8=Oop rsi=Oop rdi=Oop [176]=Oop [192]=Oop [264]=Oop [272]=Oop }
                      ;*synchronization entry
                      ; - java.lang.invoke.Invokers::checkCustomized@-1
                      ; - java.lang.invoke.Invokers$Holder::invokeExact_MT@14
                      ; - jdk.internal.reflect.DirectMethodHandleAccessor::invokeImpl@55
                      ; - jdk.internal.reflect.DirectMethodHandleAccessor::invoke@23
  0x000001d7c9e196d4: 2851 2207 | e9b1 eeff 

  0x000001d7c9e196dc: ;   {metadata({method} {0x000001d7dd0944d8} 'isCompileConstant' '(Ljava/lang/Object;)Z' in 'java/lang/invoke/MethodHandleImpl')}
  0x000001d7c9e196dc: ff49 bad0 | 4409 ddd7 | 0100 004c | 8954 2408 | 48c7 0424 | ffff ffff 

  0x000001d7c9e196f4: ;   {runtime_call counter_overflow Runtime1 stub}
  0x000001d7c9e196f4: e807 5122 

  0x000001d7c9e196f8: ; ImmutableOopMap {rdx=Oop r8=Oop rsi=Oop rdi=Oop [176]=Oop [192]=Oop [264]=Oop [272]=Oop }
                      ;*synchronization entry
                      ; - java.lang.invoke.MethodHandleImpl::isCompileConstant@-1
                      ; - java.lang.invoke.Invokers::checkCustomized@1
                      ; - java.lang.invoke.Invokers$Holder::invokeExact_MT@14
                      ; - jdk.internal.reflect.DirectMethodHandleAccessor::invokeImpl@55
                      ; - jdk.internal.reflect.DirectMethodHandleAccessor::invoke@23
  0x000001d7c9e196f8: 07e9 c8ee 

  0x000001d7c9e196fc: ;   {runtime_call throw_null_pointer_exception Runtime1 stub}
  0x000001d7c9e196fc: ffff e89d 

  0x000001d7c9e19700: ; ImmutableOopMap {rdx=Oop r8=Oop rsi=Oop rdi=Oop [176]=Oop [192]=Oop [264]=Oop [272]=Oop }
                      ;*getfield customized {reexecute=1 rethrow=0 return_oop=0}
                      ; - (reexecute) java.lang.invoke.Invokers::checkCustomized@12
                      ; - java.lang.invoke.Invokers$Holder::invokeExact_MT@14
                      ; - jdk.internal.reflect.DirectMethodHandleAccessor::invokeImpl@55
                      ; - jdk.internal.reflect.DirectMethodHandleAccessor::invoke@23
                      ;   {internal_word}
  0x000001d7c9e19700: ee21 0749 | ba2c 88e1 | c9d7 0100 | 004d 8997 | 6804 0000 

  0x000001d7c9e19714: ;   {runtime_call SafepointBlob}
  0x000001d7c9e19714: e967 d215 

  0x000001d7c9e19718: ;   {metadata({method} {0x000001d7dd0ae5c8} 'invokeExact_MT' '(Ljava/lang/Object;Ljava/lang/Object;Ljava/lang/Object;)Ljava/lang/Object;' in 'java/lang/invoke/Invokers$Holder')}
  0x000001d7c9e19718: 0749 bac0 | e50a ddd7 | 0100 004c | 8954 2408 | 48c7 0424 | ffff ffff 

  0x000001d7c9e19730: ;   {runtime_call counter_overflow Runtime1 stub}
  0x000001d7c9e19730: e8cb 5022 

  0x000001d7c9e19734: ; ImmutableOopMap {rdx=Oop r8=Oop rsi=Oop [176]=Oop [192]=Oop [280]=Oop }
                      ;*synchronization entry
                      ; - java.lang.invoke.Invokers$Holder::invokeExact_MT@-1
                      ; - jdk.internal.reflect.DirectMethodHandleAccessor::invokeImpl@41
                      ; - jdk.internal.reflect.DirectMethodHandleAccessor::invoke@23
  0x000001d7c9e19734: 07e9 05f2 

  0x000001d7c9e19738: ;   {metadata({method} {0x000001d7dd3dc408} 'checkExactType' '(Ljava/lang/invoke/MethodHandle;Ljava/lang/invoke/MethodType;)V' in 'java/lang/invoke/Invokers')}
  0x000001d7c9e19738: ffff 49ba | 00c4 3ddd | d701 0000 | 4c89 5424 | 0848 c704 | 24ff ffff 

  0x000001d7c9e19750: ;   {runtime_call counter_overflow Runtime1 stub}
  0x000001d7c9e19750: ffe8 aa50 

  0x000001d7c9e19754: ; ImmutableOopMap {rdx=Oop r8=Oop rsi=Oop rbx=Oop [176]=Oop [192]=Oop [280]=Oop }
                      ;*synchronization entry
                      ; - java.lang.invoke.Invokers::checkExactType@-1
                      ; - java.lang.invoke.Invokers$Holder::invokeExact_MT@10
                      ; - jdk.internal.reflect.DirectMethodHandleAccessor::invokeImpl@41
                      ; - jdk.internal.reflect.DirectMethodHandleAccessor::invoke@23
  0x000001d7c9e19754: 2207 e985 

  0x000001d7c9e19758: ;   {runtime_call throw_null_pointer_exception Runtime1 stub}
  0x000001d7c9e19758: f2ff ffe8 

  0x000001d7c9e1975c: ; ImmutableOopMap {rdx=Oop r8=Oop rsi=Oop rbx=Oop [176]=Oop [192]=Oop [280]=Oop }
                      ;*invokevirtual type {reexecute=0 rethrow=0 return_oop=0}
                      ; - java.lang.invoke.Invokers::checkExactType@1
                      ; - java.lang.invoke.Invokers$Holder::invokeExact_MT@10
                      ; - jdk.internal.reflect.DirectMethodHandleAccessor::invokeImpl@41
                      ; - jdk.internal.reflect.DirectMethodHandleAccessor::invoke@23
  0x000001d7c9e1975c: 40ee 2107 

  0x000001d7c9e19760: ;   {metadata({method} {0x000001d7dd3dc300} 'checkCustomized' '(Ljava/lang/invoke/MethodHandle;)V' in 'java/lang/invoke/Invokers')}
  0x000001d7c9e19760: 49ba f8c2 | 3ddd d701 | 0000 4c89 | 5424 0848 | c704 24ff 

  0x000001d7c9e19774: ;   {runtime_call counter_overflow Runtime1 stub}
  0x000001d7c9e19774: ffff ffe8 

  0x000001d7c9e19778: ; ImmutableOopMap {rdx=Oop r8=Oop rsi=Oop [176]=Oop [192]=Oop [280]=Oop }
                      ;*synchronization entry
                      ; - java.lang.invoke.Invokers::checkCustomized@-1
                      ; - java.lang.invoke.Invokers$Holder::invokeExact_MT@14
                      ; - jdk.internal.reflect.DirectMethodHandleAccessor::invokeImpl@41
                      ; - jdk.internal.reflect.DirectMethodHandleAccessor::invoke@23
  0x000001d7c9e19778: 8450 2207 | e99b f3ff 

  0x000001d7c9e19780: ;   {metadata({method} {0x000001d7dd0944d8} 'isCompileConstant' '(Ljava/lang/Object;)Z' in 'java/lang/invoke/MethodHandleImpl')}
  0x000001d7c9e19780: ff49 bad0 | 4409 ddd7 | 0100 004c | 8954 2408 | 48c7 0424 | ffff ffff 

  0x000001d7c9e19798: ;   {runtime_call counter_overflow Runtime1 stub}
  0x000001d7c9e19798: e863 5022 

  0x000001d7c9e1979c: ; ImmutableOopMap {rdx=Oop r8=Oop rsi=Oop [176]=Oop [192]=Oop [280]=Oop }
                      ;*synchronization entry
                      ; - java.lang.invoke.MethodHandleImpl::isCompileConstant@-1
                      ; - java.lang.invoke.Invokers::checkCustomized@1
                      ; - java.lang.invoke.Invokers$Holder::invokeExact_MT@14
                      ; - jdk.internal.reflect.DirectMethodHandleAccessor::invokeImpl@41
                      ; - jdk.internal.reflect.DirectMethodHandleAccessor::invoke@23
  0x000001d7c9e1979c: 07e9 b3f3 

  0x000001d7c9e197a0: ;   {runtime_call throw_null_pointer_exception Runtime1 stub}
  0x000001d7c9e197a0: ffff e8f9 

  0x000001d7c9e197a4: ; ImmutableOopMap {rdx=Oop r8=Oop rsi=Oop [176]=Oop [192]=Oop [280]=Oop }
                      ;*getfield customized {reexecute=1 rethrow=0 return_oop=0}
                      ; - (reexecute) java.lang.invoke.Invokers::checkCustomized@12
                      ; - java.lang.invoke.Invokers$Holder::invokeExact_MT@14
                      ; - jdk.internal.reflect.DirectMethodHandleAccessor::invokeImpl@41
                      ; - jdk.internal.reflect.DirectMethodHandleAccessor::invoke@23
                      ;   {internal_word}
  0x000001d7c9e197a4: ed21 0749 | ba95 8ce1 | c9d7 0100 | 004d 8997 | 6804 0000 

  0x000001d7c9e197b8: ;   {runtime_call SafepointBlob}
  0x000001d7c9e197b8: e9c3 d115 

  0x000001d7c9e197bc: ;   {runtime_call throw_null_pointer_exception Runtime1 stub}
  0x000001d7c9e197bc: 07e8 deed 

  0x000001d7c9e197c0: ; ImmutableOopMap {rax=Oop [176]=Oop [192]=Oop [280]=Oop }
                      ;*athrow {reexecute=1 rethrow=0 return_oop=0}
                      ; - (reexecute) java.lang.invoke.Invokers::checkExactType@15
                      ; - java.lang.invoke.Invokers$Holder::invokeExact_MT@10
                      ; - jdk.internal.reflect.DirectMethodHandleAccessor::invokeImpl@41
                      ; - jdk.internal.reflect.DirectMethodHandleAccessor::invoke@23
                      ;   {runtime_call throw_null_pointer_exception Runtime1 stub}
  0x000001d7c9e197c0: 2107 e8d9 

  0x000001d7c9e197c4: ; ImmutableOopMap {rax=Oop [176]=Oop [192]=Oop [264]=Oop [272]=Oop }
                      ;*athrow {reexecute=1 rethrow=0 return_oop=0}
                      ; - (reexecute) java.lang.invoke.Invokers::checkExactType@15
                      ; - java.lang.invoke.Invokers$Holder::invokeExact_MT@10
                      ; - jdk.internal.reflect.DirectMethodHandleAccessor::invokeImpl@55
                      ; - jdk.internal.reflect.DirectMethodHandleAccessor::invoke@23
                      ;   {runtime_call throw_null_pointer_exception Runtime1 stub}
  0x000001d7c9e197c4: ed21 07e8 

  0x000001d7c9e197c8: ; ImmutableOopMap {rax=Oop [176]=Oop [192]=Oop [240]=Oop [248]=Oop [256]=Oop }
                      ;*athrow {reexecute=1 rethrow=0 return_oop=0}
                      ; - (reexecute) java.lang.invoke.Invokers::checkExactType@15
                      ; - java.lang.invoke.LambdaForm$MH/0x000001d7de002800::invokeExact_MT@11
                      ; - jdk.internal.reflect.DirectMethodHandleAccessor::invokeImpl@72
                      ; - jdk.internal.reflect.DirectMethodHandleAccessor::invoke@23
  0x000001d7c9e197c8: d4ed 2107 

  0x000001d7c9e197cc: ;   {runtime_call throw_null_pointer_exception Runtime1 stub}
  0x000001d7c9e197cc: e8cf ed21 

  0x000001d7c9e197d0: ; ImmutableOopMap {rax=Oop [176]=Oop [192]=Oop [208]=Oop [216]=Oop [224]=Oop [232]=Oop }
                      ;*athrow {reexecute=1 rethrow=0 return_oop=0}
                      ; - (reexecute) java.lang.invoke.Invokers::checkExactType@15
                      ; - java.lang.invoke.LambdaForm$MH/0x000001d7de0ee800::invokeExact_MT@11
                      ; - jdk.internal.reflect.DirectMethodHandleAccessor::invokeImpl@92
                      ; - jdk.internal.reflect.DirectMethodHandleAccessor::invoke@23
                      ;   {runtime_call throw_null_pointer_exception Runtime1 stub}
  0x000001d7c9e197d0: 07e8 caed 

  0x000001d7c9e197d4: ; ImmutableOopMap {rax=Oop [176]=Oop [184]=Oop [192]=Oop [200]=Oop }
                      ;*athrow {reexecute=1 rethrow=0 return_oop=0}
                      ; - (reexecute) java.lang.invoke.Invokers::checkExactType@15
                      ; - java.lang.invoke.Invokers$Holder::invokeExact_MT@10
                      ; - jdk.internal.reflect.DirectMethodHandleAccessor::invokeImpl@104
                      ; - jdk.internal.reflect.DirectMethodHandleAccessor::invoke@23
                      ;   {metadata({method} {0x000001d7dd3c84c0} 'isIllegalArgument' '(Ljava/lang/RuntimeException;)Z' in 'jdk/internal/reflect/DirectMethodHandleAccessor')}
  0x000001d7c9e197d4: 2107 49ba | b884 3cdd | d701 0000 | 4c89 5424 | 0848 c704 | 24ff ffff 

  0x000001d7c9e197ec: ;   {runtime_call counter_overflow Runtime1 stub}
  0x000001d7c9e197ec: ffe8 0e50 

  0x000001d7c9e197f0: ; ImmutableOopMap {rax=Oop }
                      ;*synchronization entry
                      ; - jdk.internal.reflect.DirectMethodHandleAccessor::isIllegalArgument@-1
                      ; - jdk.internal.reflect.DirectMethodHandleAccessor::invoke@58
  0x000001d7c9e197f0: 2207 e951 

  0x000001d7c9e197f4: ;   {metadata({method} {0x000001d7dd3c84c0} 'isIllegalArgument' '(Ljava/lang/RuntimeException;)Z' in 'jdk/internal/reflect/DirectMethodHandleAccessor')}
  0x000001d7c9e197f4: f6ff ff49 | bab8 843c | ddd7 0100 | 004c 8954 | 2408 48c7 | 0424 ffff 

  0x000001d7c9e1980c: ;   {runtime_call counter_overflow Runtime1 stub}
  0x000001d7c9e1980c: ffff e8ed 

  0x000001d7c9e19810: ; ImmutableOopMap {rax=Oop }
                      ;*synchronization entry
                      ; - jdk.internal.reflect.DirectMethodHandleAccessor::isIllegalArgument@-1
                      ; - jdk.internal.reflect.DirectMethodHandleAccessor::invoke@30
  0x000001d7c9e19810: 4f22 07e9 | ebf6 ffff 

  0x000001d7c9e19818: ;   {metadata(nullptr)}
  0x000001d7c9e19818: 48ba 0000 | 0000 0000 | 0000 b800 

  0x000001d7c9e19824: ;   {runtime_call load_klass_patching Runtime1 stub}
  0x000001d7c9e19824: 0f05 0ae8 

  0x000001d7c9e19828: ; ImmutableOopMap {}
                      ;*new {reexecute=1 rethrow=0 return_oop=0}
                      ; - (reexecute) jdk.internal.reflect.DirectMethodHandleAccessor::invoke@36
  0x000001d7c9e19828: 5439 2207 | e92f f7ff | ff48 8bd2 

  0x000001d7c9e19834: ;   {runtime_call fast_new_instance Runtime1 stub}
  0x000001d7c9e19834: e847 f821 

  0x000001d7c9e19838: ; ImmutableOopMap {}
                      ;*new {reexecute=0 rethrow=0 return_oop=0}
                      ; - jdk.internal.reflect.DirectMethodHandleAccessor::invoke@36
  0x000001d7c9e19838: 07e9 7af7 

  0x000001d7c9e1983c: ;   {metadata(nullptr)}
  0x000001d7c9e1983c: ffff 48ba | 0000 0000 | 0000 0000 | b800 0f05 

  0x000001d7c9e1984c: ;   {runtime_call load_klass_patching Runtime1 stub}
  0x000001d7c9e1984c: 0ae8 2e39 

  0x000001d7c9e19850: ; ImmutableOopMap {r8=Oop }
                      ;*new {reexecute=1 rethrow=0 return_oop=0}
                      ; - (reexecute) jdk.internal.reflect.DirectMethodHandleAccessor::invoke@46
  0x000001d7c9e19850: 2207 e9b9 

  0x000001d7c9e19854: ;   {runtime_call throw_null_pointer_exception Runtime1 stub}
  0x000001d7c9e19854: f7ff ffe8 

  0x000001d7c9e19858: ; ImmutableOopMap {r8=Oop }
                      ;*new {reexecute=0 rethrow=0 return_oop=0}
                      ; - jdk.internal.reflect.DirectMethodHandleAccessor::invoke@46
  0x000001d7c9e19858: 44ed 2107 

  0x000001d7c9e1985c: ;   {runtime_call fast_new_instance_init_check Runtime1 stub}
  0x000001d7c9e1985c: 488b d2e8 

  0x000001d7c9e19860: ; ImmutableOopMap {r8=Oop }
                      ;*new {reexecute=0 rethrow=0 return_oop=0}
                      ; - jdk.internal.reflect.DirectMethodHandleAccessor::invoke@46
  0x000001d7c9e19860: 1cfc 2107 | e90c f8ff 

  0x000001d7c9e19868: ;   {metadata(nullptr)}
  0x000001d7c9e19868: ff48 ba00 | 0000 0000 | 0000 00b8 | 000f 050a 

  0x000001d7c9e19878: ;   {runtime_call load_klass_patching Runtime1 stub}
  0x000001d7c9e19878: e803 3922 

  0x000001d7c9e1987c: ; ImmutableOopMap {[288]=Oop }
                      ;*new {reexecute=1 rethrow=0 return_oop=0}
                      ; - (reexecute) jdk.internal.reflect.DirectMethodHandleAccessor::invoke@64
  0x000001d7c9e1987c: 07e9 36f8 | ffff 488b 

  0x000001d7c9e19884: ;   {runtime_call fast_new_instance Runtime1 stub}
  0x000001d7c9e19884: d2e8 f6f7 

  0x000001d7c9e19888: ; ImmutableOopMap {[288]=Oop }
                      ;*new {reexecute=0 rethrow=0 return_oop=0}
                      ; - jdk.internal.reflect.DirectMethodHandleAccessor::invoke@64
  0x000001d7c9e19888: 2107 e981 

  0x000001d7c9e1988c: ;   {metadata(nullptr)}
  0x000001d7c9e1988c: f8ff ff48 | ba00 0000 | 0000 0000 | 00b8 000f 

  0x000001d7c9e1989c: ;   {runtime_call load_klass_patching Runtime1 stub}
  0x000001d7c9e1989c: 050a e8dd 

  0x000001d7c9e198a0: ; ImmutableOopMap {r8=Oop }
                      ;*new {reexecute=1 rethrow=0 return_oop=0}
                      ; - (reexecute) jdk.internal.reflect.DirectMethodHandleAccessor::invoke@73
  0x000001d7c9e198a0: 3822 07e9 | c0f8 ffff 

  0x000001d7c9e198a8: ;   {runtime_call throw_null_pointer_exception Runtime1 stub}
  0x000001d7c9e198a8: e8f3 ec21 

  0x000001d7c9e198ac: ; ImmutableOopMap {r8=Oop }
                      ;*new {reexecute=0 rethrow=0 return_oop=0}
                      ; - jdk.internal.reflect.DirectMethodHandleAccessor::invoke@73
  0x000001d7c9e198ac: 0748 8bd2 

  0x000001d7c9e198b0: ;   {runtime_call fast_new_instance_init_check Runtime1 stub}
  0x000001d7c9e198b0: e8cb fb21 

  0x000001d7c9e198b4: ; ImmutableOopMap {r8=Oop }
                      ;*new {reexecute=0 rethrow=0 return_oop=0}
                      ; - jdk.internal.reflect.DirectMethodHandleAccessor::invoke@73
  0x000001d7c9e198b4: 07e9 13f9 

  0x000001d7c9e198b8: ;   {metadata(nullptr)}
  0x000001d7c9e198b8: ffff 48ba | 0000 0000 | 0000 0000 | b800 0f05 

  0x000001d7c9e198c8: ;   {runtime_call load_klass_patching Runtime1 stub}
  0x000001d7c9e198c8: 0ae8 b238 

  0x000001d7c9e198cc: ; ImmutableOopMap {[176]=Oop [184]=Oop [192]=Oop }
                      ;*new {reexecute=1 rethrow=0 return_oop=0}
                      ; - (reexecute) jdk.internal.reflect.DirectMethodHandleAccessor::checkReceiver@14
                      ; - jdk.internal.reflect.DirectMethodHandleAccessor::invoke@9
  0x000001d7c9e198cc: 2207 e93d | f9ff ff48 

  0x000001d7c9e198d4: ;   {runtime_call fast_new_instance Runtime1 stub}
  0x000001d7c9e198d4: 8bd2 e8a5 

  0x000001d7c9e198d8: ; ImmutableOopMap {[176]=Oop [184]=Oop [192]=Oop }
                      ;*new {reexecute=0 rethrow=0 return_oop=0}
                      ; - jdk.internal.reflect.DirectMethodHandleAccessor::checkReceiver@14
                      ; - jdk.internal.reflect.DirectMethodHandleAccessor::invoke@9
  0x000001d7c9e198d8: f721 07e9 | 88f9 ffff 

  0x000001d7c9e198e0: ;   {metadata(nullptr)}
  0x000001d7c9e198e0: 48ba 0000 | 0000 0000 | 0000 b800 

  0x000001d7c9e198ec: ;   {runtime_call load_klass_patching Runtime1 stub}
  0x000001d7c9e198ec: 0f05 0ae8 

  0x000001d7c9e198f0: ; ImmutableOopMap {r8=Oop }
                      ;*new {reexecute=1 rethrow=0 return_oop=0}
                      ; - (reexecute) jdk.internal.reflect.DirectMethodHandleAccessor::invoke@83
  0x000001d7c9e198f0: 8c38 2207 | e9d7 f9ff 

  0x000001d7c9e198f8: ;   {runtime_call throw_null_pointer_exception Runtime1 stub}
  0x000001d7c9e198f8: ffe8 a2ec 

  0x000001d7c9e198fc: ; ImmutableOopMap {r8=Oop }
                      ;*new {reexecute=0 rethrow=0 return_oop=0}
                      ; - jdk.internal.reflect.DirectMethodHandleAccessor::invoke@83
  0x000001d7c9e198fc: 2107 488b 

  0x000001d7c9e19900: ;   {runtime_call fast_new_instance_init_check Runtime1 stub}
  0x000001d7c9e19900: d2e8 7afb 

  0x000001d7c9e19904: ; ImmutableOopMap {r8=Oop }
                      ;*new {reexecute=0 rethrow=0 return_oop=0}
                      ; - jdk.internal.reflect.DirectMethodHandleAccessor::invoke@83
  0x000001d7c9e19904: 2107 e92a | faff ff49 | 8b87 0005 | 0000 49c7 | 8700 0500 | 0000 0000 | 0049 c787 | 0805 0000 
  0x000001d7c9e19924: 0000 0000 | 4881 c470 | 0100 005d 

  0x000001d7c9e19930: ;   {runtime_call unwind_exception Runtime1 stub}
  0x000001d7c9e19930: e94b dd21 | 07f4 f4f4 
[Stub Code]
  0x000001d7c9e19938: ;   {no_reloc}
  0x000001d7c9e19938: 0f1f 4400 

  0x000001d7c9e1993c: ;   {static_stub}
  0x000001d7c9e1993c: 0048 bb00 | 0000 0000 

  0x000001d7c9e19944: ;   {runtime_call nmethod}
  0x000001d7c9e19944: 0000 00e9 | fbff ffff 

  0x000001d7c9e1994c: ;   {static_stub}
  0x000001d7c9e1994c: 9048 bb00 | 0000 0000 

  0x000001d7c9e19954: ;   {runtime_call nmethod}
  0x000001d7c9e19954: 0000 00e9 | fbff ffff 

  0x000001d7c9e1995c: ;   {static_stub}
  0x000001d7c9e1995c: 9048 bb00 | 0000 0000 

  0x000001d7c9e19964: ;   {runtime_call nmethod}
  0x000001d7c9e19964: 0000 00e9 | fbff ffff 

  0x000001d7c9e1996c: ;   {static_stub}
  0x000001d7c9e1996c: 9048 bb00 | 0000 0000 

  0x000001d7c9e19974: ;   {runtime_call nmethod}
  0x000001d7c9e19974: 0000 00e9 | fbff ffff 

  0x000001d7c9e1997c: ;   {static_stub}
  0x000001d7c9e1997c: 9048 bb00 | 0000 0000 

  0x000001d7c9e19984: ;   {runtime_call nmethod}
  0x000001d7c9e19984: 0000 00e9 | fbff ffff 

  0x000001d7c9e1998c: ;   {static_stub}
  0x000001d7c9e1998c: 48bb 0000 | 0000 0000 

  0x000001d7c9e19994: ;   {runtime_call nmethod}
  0x000001d7c9e19994: 0000 e9fb 

  0x000001d7c9e19998: ;   {static_stub}
  0x000001d7c9e19998: ffff ff48 | bb00 0000 | 0000 0000 

  0x000001d7c9e199a4: ;   {runtime_call nmethod}
  0x000001d7c9e199a4: 00e9 fbff 

  0x000001d7c9e199a8: ;   {static_stub}
  0x000001d7c9e199a8: ffff 48bb | 0884 3cdd | d701 0000 

  0x000001d7c9e199b4: ;   {runtime_call I2C/C2I adapters}
  0x000001d7c9e199b4: e92d 6813 

  0x000001d7c9e199b8: ;   {static_stub}
  0x000001d7c9e199b8: 0748 bb00 | 0000 0000 

  0x000001d7c9e199c0: ;   {runtime_call nmethod}
  0x000001d7c9e199c0: 0000 00e9 | fbff ffff 

  0x000001d7c9e199c8: ;   {static_stub}
  0x000001d7c9e199c8: 48bb 0000 | 0000 0000 

  0x000001d7c9e199d0: ;   {runtime_call nmethod}
  0x000001d7c9e199d0: 0000 e9fb 

  0x000001d7c9e199d4: ;   {static_stub}
  0x000001d7c9e199d4: ffff ff48 | bb00 0000 | 0000 0000 

  0x000001d7c9e199e0: ;   {runtime_call nmethod}
  0x000001d7c9e199e0: 00e9 fbff 

  0x000001d7c9e199e4: ;   {static_stub}
  0x000001d7c9e199e4: ffff 48bb | 0000 0000 | 0000 0000 

  0x000001d7c9e199f0: ;   {runtime_call nmethod}
  0x000001d7c9e199f0: e9fb ffff 

  0x000001d7c9e199f4: ;   {static_stub}
  0x000001d7c9e199f4: ff48 bb00 | 0000 0000 

  0x000001d7c9e199fc: ;   {runtime_call nmethod}
  0x000001d7c9e199fc: 0000 00e9 | fbff ffff 

  0x000001d7c9e19a04: ;   {static_stub}
  0x000001d7c9e19a04: 48bb 0000 | 0000 0000 

  0x000001d7c9e19a0c: ;   {runtime_call nmethod}
  0x000001d7c9e19a0c: 0000 e9fb 

  0x000001d7c9e19a10: ;   {static_stub}
  0x000001d7c9e19a10: ffff ff48 | bb00 0000 | 0000 0000 

  0x000001d7c9e19a1c: ;   {runtime_call nmethod}
  0x000001d7c9e19a1c: 00e9 fbff 

  0x000001d7c9e19a20: ;   {runtime_call handle_exception_from_callee Runtime1 stub}
  0x000001d7c9e19a20: ffff e859 

  0x000001d7c9e19a24: ;   {external_word}
  0x000001d7c9e19a24: 1122 0748 | b950 6395 | 0efc 7f00 | 0048 83e4 

  0x000001d7c9e19a34: ;   {runtime_call}
  0x000001d7c9e19a34: f048 b8c0 | c957 0efc | 7f00 00ff 

  0x000001d7c9e19a40: ;   {section_word}
  0x000001d7c9e19a40: d0f4 49ba | 429a e1c9 | d701 0000 

  0x000001d7c9e19a4c: ;   {runtime_call DeoptimizationBlob}
  0x000001d7c9e19a4c: 4152 e9cd 

  0x000001d7c9e19a50: ;   {section_word}
  0x000001d7c9e19a50: e315 0749 | ba53 9ae1 | c9d7 0100 

  0x000001d7c9e19a5c: ;   {runtime_call DeoptimizationBlob}
  0x000001d7c9e19a5c: 0041 52e9 | bce3 1507 | f4f4 f4f4 
[/MachCode]


Compiled method (c1) 90742 2156       3       java.lang.reflect.Method::invoke (108 bytes)
 total in heap  [0x000001d7c9e15b90,0x000001d7c9e16600] = 2672
 relocation     [0x000001d7c9e15cf0,0x000001d7c9e15db0] = 192
 main code      [0x000001d7c9e15dc0,0x000001d7c9e163a0] = 1504
 stub code      [0x000001d7c9e163a0,0x000001d7c9e16438] = 152
 metadata       [0x000001d7c9e16438,0x000001d7c9e16448] = 16
 scopes data    [0x000001d7c9e16448,0x000001d7c9e16508] = 192
 scopes pcs     [0x000001d7c9e16508,0x000001d7c9e165d8] = 208
 dependencies   [0x000001d7c9e165d8,0x000001d7c9e165e0] = 8
 nul chk table  [0x000001d7c9e165e0,0x000001d7c9e16600] = 32

[Constant Pool (empty)]

[MachCode]
[Entry Point]
  # {method} {0x000001d7dd044978} 'invoke' '(Ljava/lang/Object;[Ljava/lang/Object;)Ljava/lang/Object;' in 'java/lang/reflect/Method'
  # this:     rdx:rdx   = 'java/lang/reflect/Method'
  # parm0:    r8:r8     = 'java/lang/Object'
  # parm1:    r9:r9     = '[Ljava/lang/Object;'
  #           [sp+0x90]  (sp of caller)
  0x000001d7c9e15dc0: 448b 5208 | 49bb 0000 | 00dd d701 | 0000 4d03 | d34c 3bd0 

  0x000001d7c9e15dd4: ;   {runtime_call ic_miss_stub}
  0x000001d7c9e15dd4: 0f85 a68b | 1507 660f | 1f44 0000 
[Verified Entry Point]
  0x000001d7c9e15de0: 8984 2400 | 80ff ff55 | 4881 ec80 | 0000 0090 | 4181 7f20 | 0100 0000 

  0x000001d7c9e15df8: ;   {runtime_call StubRoutines (final stubs)}
  0x000001d7c9e15df8: 7405 e8a1 | 2414 0748 | 8954 2448 | 4c89 4424 

  0x000001d7c9e15e08: ;   {metadata(method data for {method} {0x000001d7dd044978} 'invoke' '(Ljava/lang/Object;[Ljava/lang/Object;)Ljava/lang/Object;' in 'java/lang/reflect/Method')}
  0x000001d7c9e15e08: 5048 bee0 | 7033 f2d7 | 0100 008b | becc 0000 | 0083 c702 | 89be cc00 | 0000 81e7 | fe07 0000 
  0x000001d7c9e15e28: 85ff 0f84 | c204 0000 | 4c89 4c24 | 5848 8bf2 

  0x000001d7c9e15e38: ;   {metadata(method data for {method} {0x000001d7dd044978} 'invoke' '(Ljava/lang/Object;[Ljava/lang/Object;)Ljava/lang/Object;' in 'java/lang/reflect/Method')}
  0x000001d7c9e15e38: 48bf e070 | 33f2 d701 | 0000 4883 | 8710 0100 | 0001 488b | f248 8bd6 | 0f1f 8000 

  0x000001d7c9e15e54: ;   {optimized virtual_call}
  0x000001d7c9e15e54: 0000 00e8 

  0x000001d7c9e15e58: ; ImmutableOopMap {[72]=Oop [80]=Oop [88]=Oop }
                      ;*invokevirtual isCallerSensitive {reexecute=0 rethrow=0 return_oop=0}
                      ; - java.lang.reflect.Method::invoke@1
  0x000001d7c9e15e58: a447 feff 

  0x000001d7c9e15e5c: ;   {other}
  0x000001d7c9e15e5c: 0f1f 8400 | cc02 0000 | 488b 5424 | 480f be72 

  0x000001d7c9e15e6c: ;   {metadata(method data for {method} {0x000001d7dd044978} 'invoke' '(Ljava/lang/Object;[Ljava/lang/Object;)Ljava/lang/Object;' in 'java/lang/reflect/Method')}
  0x000001d7c9e15e6c: 0c85 f648 | bee0 7033 | f2d7 0100 | 0048 c7c7 | 4801 0000 | 7407 48c7 | c758 0100 | 0048 8b1c 
  0x000001d7c9e15e8c: 3e48 8d5b | 0148 891c | 3e0f 8441 | 0000 0085 

  0x000001d7c9e15e9c: ;   {metadata(method data for {method} {0x000001d7dd044978} 'invoke' '(Ljava/lang/Object;[Ljava/lang/Object;)Ljava/lang/Object;' in 'java/lang/reflect/Method')}
  0x000001d7c9e15e9c: c048 bee0 | 7033 f2d7 | 0100 0048 | c7c7 7801 | 0000 7507 | 48c7 c768 | 0100 0048 | 8b1c 3e48 
  0x000001d7c9e15ebc: 8d5b 0148 | 891c 3e0f | 8513 0000 

  0x000001d7c9e15ec8: ;   {oop(nullptr)}
  0x000001d7c9e15ec8: 0048 bb00 | 0000 0000 | 0000 0089 | 4424 60e9 | 3000 0000 | 8944 2460 

  0x000001d7c9e15ee0: ;   {metadata(method data for {method} {0x000001d7dd044978} 'invoke' '(Ljava/lang/Object;[Ljava/lang/Object;)Ljava/lang/Object;' in 'java/lang/reflect/Method')}
  0x000001d7c9e15ee0: 48be e070 | 33f2 d701 | 0000 4883 | 8688 0100 | 0001 0f1f 

  0x000001d7c9e15ef4: ;   {static_call}
  0x000001d7c9e15ef4: 4400 00e8 

  0x000001d7c9e15ef8: ; ImmutableOopMap {[72]=Oop [80]=Oop [88]=Oop }
                      ;*invokestatic getCallerClass {reexecute=0 rethrow=0 return_oop=0}
                      ; - java.lang.reflect.Method::invoke@19
  0x000001d7c9e15ef8: 8499 1507 

  0x000001d7c9e15efc: ;   {other}
  0x000001d7c9e15efc: 0f1f 8400 | 6c03 0001 | 488b d848 | 8b54 2448 | 440f be42 | 0c45 85c0 

  0x000001d7c9e15f14: ;   {metadata(method data for {method} {0x000001d7dd044978} 'invoke' '(Ljava/lang/Object;[Ljava/lang/Object;)Ljava/lang/Object;' in 'java/lang/reflect/Method')}
  0x000001d7c9e15f14: 49b8 e070 | 33f2 d701 | 0000 49c7 | c1a8 0100 | 0074 0749 | c7c1 9801 | 0000 4b8b | 3c08 488d 
  0x000001d7c9e15f34: 7f01 4b89 | 3c08 0f84 | 0a00 0000 | 4889 5c24 | 68e9 5701 | 0000 448b | 4a24 8b72 

  0x000001d7c9e15f50: ;   {metadata(method data for {method} {0x000001d7dd044978} 'invoke' '(Ljava/lang/Object;[Ljava/lang/Object;)Ljava/lang/Object;' in 'java/lang/reflect/Method')}
  0x000001d7c9e15f50: 2049 b8e0 | 7033 f2d7 | 0100 0049 | 8380 b801 

  0x000001d7c9e15f60: ;   {metadata(method data for {method} {0x000001d7dd3defc0} 'isStatic' '(I)Z' in 'java/lang/reflect/Modifier')}
  0x000001d7c9e15f60: 0000 0149 | b8a0 fe11 | f2d7 0100 | 0041 8bb8 | cc00 0000 | 83c7 0241 | 89b8 cc00 | 0000 81e7 
  0x000001d7c9e15f80: feff 1f00 | 85ff 0f84 | 8703 0000 | 4c8b c641 | 83e0 0845 

  0x000001d7c9e15f94: ;   {metadata(method data for {method} {0x000001d7dd3defc0} 'isStatic' '(I)Z' in 'java/lang/reflect/Modifier')}
  0x000001d7c9e15f94: 85c0 49b8 | a0fe 11f2 | d701 0000 | 48c7 c710 | 0100 0074 | 0748 c7c7 | 2001 0000 | 498b 0438 
  0x000001d7c9e15fb4: 488d 4001 | 4989 0438 | 0f84 1c00 

  0x000001d7c9e15fc0: ;   {metadata(method data for {method} {0x000001d7dd3defc0} 'isStatic' '(I)Z' in 'java/lang/reflect/Modifier')}
  0x000001d7c9e15fc0: 0000 49b8 | a0fe 11f2 | d701 0000 | 41ff 8030 | 0100 0041 | b801 0000 | 00e9 0600 | 0000 41b8 
  0x000001d7c9e15fe0: 0000 0000 | 4183 e001 

  0x000001d7c9e15fe8: ;   {metadata(method data for {method} {0x000001d7dd044978} 'invoke' '(Ljava/lang/Object;[Ljava/lang/Object;)Ljava/lang/Object;' in 'java/lang/reflect/Method')}
  0x000001d7c9e15fe8: 4585 c049 | b8e0 7033 | f2d7 0100 | 0048 c7c7 | c801 0000 | 7407 48c7 | c7d8 0100 | 0049 8b04 
  0x000001d7c9e16008: 3848 8d40 | 0149 8904 | 380f 8420 

  0x000001d7c9e16014: ;   {metadata(method data for {method} {0x000001d7dd044978} 'invoke' '(Ljava/lang/Object;[Ljava/lang/Object;)Ljava/lang/Object;' in 'java/lang/reflect/Method')}
  0x000001d7c9e16014: 0000 0049 | b8e0 7033 | f2d7 0100 | 0041 ff80 | e801 0000 

  0x000001d7c9e16028: ;   {oop(nullptr)}
  0x000001d7c9e16028: 48bf 0000 | 0000 0000 | 0000 e935 | 0000 004c | 8b44 2450 

  0x000001d7c9e1603c: ; implicit exception: dispatches to 0x000001d7c9e16334
  0x000001d7c9e1603c: 493b 0049 

  0x000001d7c9e16040: ;   {metadata(method data for {method} {0x000001d7dd044978} 'invoke' '(Ljava/lang/Object;[Ljava/lang/Object;)Ljava/lang/Object;' in 'java/lang/reflect/Method')}
  0x000001d7c9e16040: 8bf8 48b8 | e070 33f2 | d701 0000 | 4883 8000 | 0200 0001 | 418b 7808 | 49ba 0000 | 00dd d701 
  0x000001d7c9e16060: 0000 4903 | fa48 8b7f | 7048 8b3f 

  0x000001d7c9e1606c: ;   {metadata(method data for {method} {0x000001d7dd044978} 'invoke' '(Ljava/lang/Object;[Ljava/lang/Object;)Ljava/lang/Object;' in 'java/lang/reflect/Method')}
  0x000001d7c9e1606c: 488b c248 | b9e0 7033 | f2d7 0100 | 0048 8381 | 3802 0000 | 014c 8bc3 | 488b ca48 | 8bd1 4889 
  0x000001d7c9e1608c: ;   {optimized virtual_call}
  0x000001d7c9e1608c: 5c24 68e8 

  0x000001d7c9e16090: ; ImmutableOopMap {[72]=Oop [80]=Oop [88]=Oop [104]=Oop }
                      ;*invokevirtual checkAccess {reexecute=0 rethrow=0 return_oop=0}
                      ; - java.lang.reflect.Method::invoke@60
  0x000001d7c9e16090: ec8d 1507 

  0x000001d7c9e16094: ;   {other}
  0x000001d7c9e16094: 0f1f 8400 | 0405 0002 | 488b 5424 | 488b 724c 

  0x000001d7c9e160a4: ;   {metadata(method data for {method} {0x000001d7dd044978} 'invoke' '(Ljava/lang/Object;[Ljava/lang/Object;)Ljava/lang/Object;' in 'java/lang/reflect/Method')}
  0x000001d7c9e160a4: 4885 f648 | bfe0 7033 | f2d7 0100 | 0048 c7c3 | 7002 0000 | 7507 48c7 | c380 0200 | 0048 8b04 
  0x000001d7c9e160c4: 1f48 8d40 | 0148 8904 | 1f0f 852c | 0000 0048 

  0x000001d7c9e160d4: ;   {metadata(method data for {method} {0x000001d7dd044978} 'invoke' '(Ljava/lang/Object;[Ljava/lang/Object;)Ljava/lang/Object;' in 'java/lang/reflect/Method')}
  0x000001d7c9e160d4: 8bf2 48bf | e070 33f2 | d701 0000 | 4883 8790 | 0200 0001 | 0f1f 8000 

  0x000001d7c9e160ec: ;   {optimized virtual_call}
  0x000001d7c9e160ec: 0000 00e8 

  0x000001d7c9e160f0: ; ImmutableOopMap {[80]=Oop [88]=Oop [104]=Oop }
                      ;*invokevirtual acquireMethodAccessor {reexecute=0 rethrow=0 return_oop=0}
                      ; - java.lang.reflect.Method::invoke@75
  0x000001d7c9e160f0: fd02 0000 

  0x000001d7c9e160f4: ;   {other}
  0x000001d7c9e160f4: 0f1f 8400 | 6405 0003 | 488b f08b | 4424 6085 

  0x000001d7c9e16104: ;   {metadata(method data for {method} {0x000001d7dd044978} 'invoke' '(Ljava/lang/Object;[Ljava/lang/Object;)Ljava/lang/Object;' in 'java/lang/reflect/Method')}
  0x000001d7c9e16104: c049 b8e0 | 7033 f2d7 | 0100 0049 | c7c1 c802 | 0000 7407 | 49c7 c1d8 | 0200 004b | 8b3c 0848 
  0x000001d7c9e16124: 8d7f 014b | 893c 080f | 84ea 0000 | 0048 8b5c | 2468 483b | 064c 8bc6 

  0x000001d7c9e1613c: ;   {metadata(method data for {method} {0x000001d7dd044978} 'invoke' '(Ljava/lang/Object;[Ljava/lang/Object;)Ljava/lang/Object;' in 'java/lang/reflect/Method')}
  0x000001d7c9e1613c: 49b9 e070 | 33f2 d701 | 0000 458b | 4008 49ba | 0000 00dd | d701 0000 | 4d03 c24d | 3b81 f802 
  0x000001d7c9e1615c: 0000 750d | 4983 8100 | 0300 0001 | e960 0000 | 004d 3b81 | 0803 0000 | 750d 4983 | 8110 0300 
  0x000001d7c9e1617c: 0001 e94a | 0000 0049 | 83b9 f802 | 0000 0075 | 174d 8981 | f802 0000 | 49c7 8100 | 0300 0001 
  0x000001d7c9e1619c: 0000 00e9 | 2900 0000 | 4983 b908 | 0300 0000 | 7517 4d89 | 8108 0300 | 0049 c781 | 1003 0000 
  0x000001d7c9e161bc: 0100 0000 | e908 0000 | 0049 8381 | e802 0000 | 014c 8b44 | 2450 4c8b | 4c24 5848 | 8bfb 488b 
  0x000001d7c9e161dc: d648 b8ff | ffff ffff 

  0x000001d7c9e161e4: ;   {virtual_call}
  0x000001d7c9e161e4: ffff ffe8 

  0x000001d7c9e161e8: ; ImmutableOopMap {}
                      ;*invokeinterface invoke {reexecute=0 rethrow=0 return_oop=0}
                      ; - java.lang.reflect.Method::invoke@90
  0x000001d7c9e161e8: 9491 1507 

  0x000001d7c9e161ec: ;   {other}
  0x000001d7c9e161ec: 0f1f 8400 | 5c06 0004 

  0x000001d7c9e161f4: ;   {metadata(method data for {method} {0x000001d7dd044978} 'invoke' '(Ljava/lang/Object;[Ljava/lang/Object;)Ljava/lang/Object;' in 'java/lang/reflect/Method')}
  0x000001d7c9e161f4: 49b8 e070 | 33f2 d701 | 0000 41ff | 8020 0300 | 0048 81c4 | 8000 0000 

  0x000001d7c9e1620c: ;   {poll_return}
  0x000001d7c9e1620c: 5d49 3ba7 | 5004 0000 | 0f87 2401 | 0000 c34c | 8b4c 2458 | 4c8b 4424 | 5048 3b06 

  0x000001d7c9e16228: ;   {metadata(method data for {method} {0x000001d7dd044978} 'invoke' '(Ljava/lang/Object;[Ljava/lang/Object;)Ljava/lang/Object;' in 'java/lang/reflect/Method')}
  0x000001d7c9e16228: 488b d648 | bfe0 7033 | f2d7 0100 | 008b 5208 | 49ba 0000 | 00dd d701 | 0000 4903 | d248 3b97 
  0x000001d7c9e16248: 4803 0000 | 750d 4883 | 8750 0300 | 0001 e960 | 0000 0048 | 3b97 5803 | 0000 750d | 4883 8760 
  0x000001d7c9e16268: 0300 0001 | e94a 0000 | 0048 83bf | 4803 0000 | 0075 1748 | 8997 4803 | 0000 48c7 | 8750 0300 
  0x000001d7c9e16288: 0001 0000 | 00e9 2900 | 0000 4883 | bf58 0300 | 0000 7517 | 4889 9758 | 0300 0048 | c787 6003 
  0x000001d7c9e162a8: 0000 0100 | 0000 e908 | 0000 0048 | 8387 3803 | 0000 0148 | 8bd6 0f1f | 8000 0000 | 0048 b8b8 
  0x000001d7c9e162c8: cc19 ddd7 

  0x000001d7c9e162cc: ;   {virtual_call}
  0x000001d7c9e162cc: 0100 00e8 

  0x000001d7c9e162d0: ; ImmutableOopMap {}
                      ;*invokeinterface invoke {reexecute=0 rethrow=0 return_oop=0}
                      ; - java.lang.reflect.Method::invoke@102
  0x000001d7c9e162d0: 6c08 0000 

  0x000001d7c9e162d4: ;   {other}
  0x000001d7c9e162d4: 0f1f 8400 | 4407 0005 | 4881 c480 | 0000 005d 

  0x000001d7c9e162e4: ;   {poll_return}
  0x000001d7c9e162e4: 493b a750 | 0400 000f | 8768 0000 

  0x000001d7c9e162f0: ;   {metadata({method} {0x000001d7dd044978} 'invoke' '(Ljava/lang/Object;[Ljava/lang/Object;)Ljava/lang/Object;' in 'java/lang/reflect/Method')}
  0x000001d7c9e162f0: 00c3 49ba | 7049 04dd | d701 0000 | 4c89 5424 | 0848 c704 | 24ff ffff 

  0x000001d7c9e16308: ;   {runtime_call counter_overflow Runtime1 stub}
  0x000001d7c9e16308: ffe8 f284 

  0x000001d7c9e1630c: ; ImmutableOopMap {rdx=Oop r8=Oop r9=Oop [72]=Oop [80]=Oop }
                      ;*synchronization entry
                      ; - java.lang.reflect.Method::invoke@-1
  0x000001d7c9e1630c: 2207 e91d 

  0x000001d7c9e16310: ;   {metadata({method} {0x000001d7dd3defc0} 'isStatic' '(I)Z' in 'java/lang/reflect/Modifier')}
  0x000001d7c9e16310: fbff ff49 | bab8 ef3d | ddd7 0100 | 004c 8954 | 2408 48c7 | 0424 ffff 

  0x000001d7c9e16328: ;   {runtime_call counter_overflow Runtime1 stub}
  0x000001d7c9e16328: ffff e8d1 

  0x000001d7c9e1632c: ; ImmutableOopMap {rbx=Oop rdx=Oop r9=Oop [72]=Oop [80]=Oop [88]=Oop }
                      ;*synchronization entry
                      ; - java.lang.reflect.Modifier::isStatic@-1
                      ; - java.lang.reflect.Method::invoke@42
  0x000001d7c9e1632c: 8422 07e9 | 58fc ffff 

  0x000001d7c9e16334: ;   {runtime_call throw_null_pointer_exception Runtime1 stub}
  0x000001d7c9e16334: e867 2222 

  0x000001d7c9e16338: ; ImmutableOopMap {rbx=Oop rdx=Oop r9=Oop r8=Oop [72]=Oop [80]=Oop [88]=Oop }
                      ;*invokevirtual getClass {reexecute=0 rethrow=0 return_oop=0}
                      ; - java.lang.reflect.Method::invoke@53
                      ;   {runtime_call throw_null_pointer_exception Runtime1 stub}
  0x000001d7c9e16338: 07e8 6222 

  0x000001d7c9e1633c: ; ImmutableOopMap {rsi=Oop rbx=Oop [80]=Oop [88]=Oop }
                      ;*invokeinterface invoke {reexecute=0 rethrow=0 return_oop=0}
                      ; - java.lang.reflect.Method::invoke@90
                      ;   {internal_word}
  0x000001d7c9e1633c: 2207 49ba | 0d62 e1c9 | d701 0000 | 4d89 9768 

  0x000001d7c9e1634c: ;   {runtime_call SafepointBlob}
  0x000001d7c9e1634c: 0400 00e9 | 2c06 1607 

  0x000001d7c9e16354: ;   {runtime_call throw_null_pointer_exception Runtime1 stub}
  0x000001d7c9e16354: e847 2222 

  0x000001d7c9e16358: ; ImmutableOopMap {r9=Oop r8=Oop rsi=Oop [80]=Oop }
                      ;*invokeinterface invoke {reexecute=0 rethrow=0 return_oop=0}
                      ; - java.lang.reflect.Method::invoke@102
                      ;   {internal_word}
  0x000001d7c9e16358: 0749 bae4 | 62e1 c9d7 | 0100 004d | 8997 6804 

  0x000001d7c9e16368: ;   {runtime_call SafepointBlob}
  0x000001d7c9e16368: 0000 e911 | 0616 0749 | 8b87 0005 | 0000 49c7 | 8700 0500 | 0000 0000 | 0049 c787 | 0805 0000 
  0x000001d7c9e16388: 0000 0000 | 4881 c480 | 0000 005d 

  0x000001d7c9e16394: ;   {runtime_call unwind_exception Runtime1 stub}
  0x000001d7c9e16394: e9e7 1222 | 07f4 f4f4 | f4f4 f4f4 
[Stub Code]
  0x000001d7c9e163a0: ;   {no_reloc}
  0x000001d7c9e163a0: 0f1f 4400 

  0x000001d7c9e163a4: ;   {static_stub}
  0x000001d7c9e163a4: 0048 bb00 | 0000 0000 

  0x000001d7c9e163ac: ;   {runtime_call nmethod}
  0x000001d7c9e163ac: 0000 00e9 | fbff ffff 

  0x000001d7c9e163b4: ;   {static_stub}
  0x000001d7c9e163b4: 9048 bb00 | 0000 0000 

  0x000001d7c9e163bc: ;   {runtime_call nmethod}
  0x000001d7c9e163bc: 0000 00e9 | fbff ffff 

  0x000001d7c9e163c4: ;   {static_stub}
  0x000001d7c9e163c4: 48bb 0000 | 0000 0000 

  0x000001d7c9e163cc: ;   {runtime_call nmethod}
  0x000001d7c9e163cc: 0000 e9fb 

  0x000001d7c9e163d0: ;   {static_stub}
  0x000001d7c9e163d0: ffff ff48 | bb00 0000 | 0000 0000 

  0x000001d7c9e163dc: ;   {runtime_call nmethod}
  0x000001d7c9e163dc: 00e9 fbff 

  0x000001d7c9e163e0: ;   {static_stub}
  0x000001d7c9e163e0: ffff 48bb | 0000 0000 | 0000 0000 

  0x000001d7c9e163ec: ;   {runtime_call nmethod}
  0x000001d7c9e163ec: e9fb ffff 

  0x000001d7c9e163f0: ;   {static_stub}
  0x000001d7c9e163f0: ff48 bbe8 | 4d04 ddd7 

  0x000001d7c9e163f8: ;   {runtime_call I2C/C2I adapters}
  0x000001d7c9e163f8: 0100 00e9 | 63da 1507 
[Exception Handler]
  0x000001d7c9e16400: ;   {runtime_call handle_exception_from_callee Runtime1 stub}
  0x000001d7c9e16400: e87b 4722 

  0x000001d7c9e16404: ;   {external_word}
  0x000001d7c9e16404: 0748 b950 | 6395 0efc | 7f00 0048 

  0x000001d7c9e16410: ;   {runtime_call}
  0x000001d7c9e16410: 83e4 f048 | b8c0 c957 | 0efc 7f00 | 00ff d0f4 
[Deopt Handler Code]
  0x000001d7c9e16420: ;   {section_word}
  0x000001d7c9e16420: 49ba 2064 | e1c9 d701 | 0000 4152 

  0x000001d7c9e1642c: ;   {runtime_call DeoptimizationBlob}
  0x000001d7c9e1642c: e9ef 1916 | 07f4 f4f4 | f4f4 f4f4 
[/MachCode]


---------------  P R O C E S S  ---------------

Threads class SMR info:
_java_thread_list=0x000001d7dc568120, length=21, elements={
0x000001d7c67ef710, 0x000001d7dc1c4730, 0x000001d7dc1c6db0, 0x000001d7dc1c9530,
0x000001d7dc1cbfc0, 0x000001d7dc1cc630, 0x000001d7dc1d0cb0, 0x000001d7dc1d1650,
0x000001d7dc1d2b30, 0x000001d7dc38dd80, 0x000001d7dc493600, 0x000001d7f6212ed0,
0x000001d7f665e300, 0x000001d7f6572a60, 0x000001d7f64748a0, 0x000001d7f67991a0,
0x000001d7f669c450, 0x000001d7f64e1300, 0x000001d7f6622530, 0x000001d7f661f0b0,
0x000001d7f6621180
}

Java Threads: ( => current thread )
  0x000001d7c67ef710 JavaThread "main"                              [_thread_blocked, id=28444, stack(0x000000a745700000,0x000000a745800000) (1024K)]
  0x000001d7dc1c4730 JavaThread "Reference Handler"          daemon [_thread_blocked, id=9504, stack(0x000000a745f00000,0x000000a746000000) (1024K)]
  0x000001d7dc1c6db0 JavaThread "Finalizer"                  daemon [_thread_blocked, id=34764, stack(0x000000a746000000,0x000000a746100000) (1024K)]
  0x000001d7dc1c9530 JavaThread "Signal Dispatcher"          daemon [_thread_blocked, id=37436, stack(0x000000a746100000,0x000000a746200000) (1024K)]
  0x000001d7dc1cbfc0 JavaThread "Attach Listener"            daemon [_thread_blocked, id=17272, stack(0x000000a746200000,0x000000a746300000) (1024K)]
  0x000001d7dc1cc630 JavaThread "Service Thread"             daemon [_thread_blocked, id=31432, stack(0x000000a746300000,0x000000a746400000) (1024K)]
  0x000001d7dc1d0cb0 JavaThread "Monitor Deflation Thread"   daemon [_thread_blocked, id=10144, stack(0x000000a746400000,0x000000a746500000) (1024K)]
  0x000001d7dc1d1650 JavaThread "C2 CompilerThread0"         daemon [_thread_blocked, id=35612, stack(0x000000a746500000,0x000000a746600000) (1024K)]
  0x000001d7dc1d2b30 JavaThread "C1 CompilerThread0"         daemon [_thread_in_vm, id=36480, stack(0x000000a746600000,0x000000a746700000) (1024K)]
  0x000001d7dc38dd80 JavaThread "Common-Cleaner"             daemon [_thread_blocked, id=988, stack(0x000000a746700000,0x000000a746800000) (1024K)]
  0x000001d7dc493600 JavaThread "Notification Thread"        daemon [_thread_blocked, id=34700, stack(0x000000a746800000,0x000000a746900000) (1024K)]
  0x000001d7f6212ed0 JavaThread "Daemon health stats"               [_thread_blocked, id=21436, stack(0x000000a746e00000,0x000000a746f00000) (1024K)]
  0x000001d7f665e300 JavaThread "Incoming local TCP Connector on port 53471"        [_thread_in_native, id=36660, stack(0x000000a745500000,0x000000a745600000) (1024K)]
  0x000001d7f6572a60 JavaThread "Daemon periodic checks"            [_thread_blocked, id=10616, stack(0x000000a745600000,0x000000a745700000) (1024K)]
  0x000001d7f64748a0 JavaThread "Daemon"                            [_thread_blocked, id=34284, stack(0x000000a747000000,0x000000a747100000) (1024K)]
  0x000001d7f67991a0 JavaThread "Handler for socket connection from /127.0.0.1:53471 to /127.0.0.1:53491"        [_thread_in_native, id=21668, stack(0x000000a747100000,0x000000a747200000) (1024K)]
  0x000001d7f669c450 JavaThread "Cancel handler"                    [_thread_blocked, id=29032, stack(0x000000a747200000,0x000000a747300000) (1024K)]
=>0x000001d7f64e1300 JavaThread "Daemon worker"                     [_thread_in_vm, id=26728, stack(0x000000a747300000,0x000000a747400000) (1024K)]
  0x000001d7f6622530 JavaThread "Asynchronous log dispatcher for DefaultDaemonConnection: socket connection from /127.0.0.1:53471 to /127.0.0.1:53491"        [_thread_blocked, id=30140, stack(0x000000a747400000,0x000000a747500000) (1024K)]
  0x000001d7f661f0b0 JavaThread "Stdin handler"                     [_thread_blocked, id=33860, stack(0x000000a747500000,0x000000a747600000) (1024K)]
  0x000001d7f6621180 JavaThread "Daemon client event forwarder"        [_thread_blocked, id=36760, stack(0x000000a747600000,0x000000a747700000) (1024K)]
Total: 21

Other Threads:
  0x000001d7dc191b30 VMThread "VM Thread"                           [id=30936, stack(0x000000a745e00000,0x000000a745f00000) (1024K)] _threads_hazard_ptr=0x000001d7dc568120
  0x000001d7dc181460 WatcherThread "VM Periodic Task Thread"        [id=31600, stack(0x000000a745d00000,0x000000a745e00000) (1024K)]
  0x000001d7c681c670 WorkerThread "GC Thread#0"                     [id=33924, stack(0x000000a745800000,0x000000a745900000) (1024K)]
  0x000001d7dc2428d0 WorkerThread "GC Thread#1"                     [id=33112, stack(0x000000a746900000,0x000000a746a00000) (1024K)]
  0x000001d7dc242c80 WorkerThread "GC Thread#2"                     [id=32292, stack(0x000000a746a00000,0x000000a746b00000) (1024K)]
  0x000001d7dc243030 WorkerThread "GC Thread#3"                     [id=21928, stack(0x000000a746b00000,0x000000a746c00000) (1024K)]
  0x000001d7dc2437f0 WorkerThread "GC Thread#4"                     [id=7032, stack(0x000000a746c00000,0x000000a746d00000) (1024K)]
  0x000001d7dc243ba0 WorkerThread "GC Thread#5"                     [id=18228, stack(0x000000a746d00000,0x000000a746e00000) (1024K)]
  0x000001d7c6821570 ConcurrentGCThread "G1 Main Marker"            [id=37276, stack(0x000000a745900000,0x000000a745a00000) (1024K)]
  0x000001d7c6822e10 WorkerThread "G1 Conc#0"                       [id=21972, stack(0x000000a745a00000,0x000000a745b00000) (1024K)]
  0x000001d7dc059600 ConcurrentGCThread "G1 Refine#0"               [id=36784, stack(0x000000a745b00000,0x000000a745c00000) (1024K)]
  0x000001d7dc05ba50 ConcurrentGCThread "G1 Service"                [id=1316, stack(0x000000a745c00000,0x000000a745d00000) (1024K)]
Total: 12

Threads with active compile tasks:
C1 CompilerThread0  91025 2719       3       java.util.concurrent.ThreadPoolExecutor::runStateAtLeast (11 bytes)
Total: 1

VM state: synchronizing (normal execution)

VM Mutex/Monitor currently owned by a thread:  ([mutex/lock_event])
[0x00007ffc0ec0d530] Metaspace_lock - owner thread: 0x000001d7f64e1300
[0x00007ffc0ec0f5b0] Threads_lock - owner thread: 0x000001d7dc191b30

Heap address: 0x00000000e0000000, size: 512 MB, Compressed Oops mode: 32-bit

CDS archive(s) mapped at: [0x000001d7dd000000-0x000001d7ddba0000-0x000001d7ddba0000), size 12189696, SharedBaseAddress: 0x000001d7dd000000, ArchiveRelocationMode: 1.
Compressed class space mapped at: 0x000001d7de000000-0x000001d7f2000000, reserved size: 335544320
Narrow klass base: 0x000001d7dd000000, Narrow klass shift: 0, Narrow klass range: 0x100000000

GC Precious Log:
 CardTable entry size: 512
 Card Set container configuration: InlinePtr #cards 5 size 8 Array Of Cards #cards 12 size 40 Howl #buckets 4 coarsen threshold 1843 Howl Bitmap #cards 512 size 80 coarsen threshold 460 Card regions per heap region 1 cards per card region 2048
 CPUs: 8 total, 8 available
 Memory: 16107M
 Large Page Support: Disabled
 NUMA Support: Disabled
 Compressed Oops: Enabled (32-bit)
 Heap Region Size: 1M
 Heap Min Capacity: 256M
 Heap Initial Capacity: 256M
 Heap Max Capacity: 512M
 Pre-touch: Disabled
 Parallel Workers: 8
 Concurrent Workers: 2
 Concurrent Refinement Workers: 8
 Periodic GC: Disabled

Heap:
 garbage-first heap   total 262144K, used 75547K [0x00000000e0000000, 0x0000000100000000)
  region size 1024K, 63 young (64512K), 3 survivors (3072K)
 Metaspace       used 13678K, committed 14016K, reserved 393216K
  class space    used 1831K, committed 1984K, reserved 327680K

Heap Regions: E=young(eden), S=young(survivor), O=old, HS=humongous(starts), HC=humongous(continues), CS=collection set, F=free, TAMS=top-at-mark-start, PB=parsable bottom
|   0|0x00000000e0000000, 0x00000000e0100000, 0x00000000e0100000|100%|HS|  |TAMS 0x00000000e0000000| PB 0x00000000e0000000| Complete 
|   1|0x00000000e0100000, 0x00000000e0200000, 0x00000000e0200000|100%|HC|  |TAMS 0x00000000e0100000| PB 0x00000000e0100000| Complete 
|   2|0x00000000e0200000, 0x00000000e0300000, 0x00000000e0300000|100%|HC|  |TAMS 0x00000000e0200000| PB 0x00000000e0200000| Complete 
|   3|0x00000000e0300000, 0x00000000e0400000, 0x00000000e0400000|100%|HC|  |TAMS 0x00000000e0300000| PB 0x00000000e0300000| Complete 
|   4|0x00000000e0400000, 0x00000000e0500000, 0x00000000e0500000|100%| O|  |TAMS 0x00000000e0400000| PB 0x00000000e0400000| Untracked 
|   5|0x00000000e0500000, 0x00000000e0600000, 0x00000000e0600000|100%| O|  |TAMS 0x00000000e0500000| PB 0x00000000e0500000| Untracked 
|   6|0x00000000e0600000, 0x00000000e0700000, 0x00000000e0700000|100%| O|  |TAMS 0x00000000e0600000| PB 0x00000000e0600000| Untracked 
|   7|0x00000000e0700000, 0x00000000e0800000, 0x00000000e0800000|100%| O|  |TAMS 0x00000000e0700000| PB 0x00000000e0700000| Untracked 
|   8|0x00000000e0800000, 0x00000000e0900000, 0x00000000e0900000|100%|HS|  |TAMS 0x00000000e0800000| PB 0x00000000e0800000| Complete 
|   9|0x00000000e0900000, 0x00000000e0900000, 0x00000000e0a00000|  0%| F|  |TAMS 0x00000000e0900000| PB 0x00000000e0900000| Untracked 
|  10|0x00000000e0a00000, 0x00000000e0b00000, 0x00000000e0b00000|100%| O|  |TAMS 0x00000000e0a00000| PB 0x00000000e0a00000| Untracked 
|  11|0x00000000e0b00000, 0x00000000e0c00000, 0x00000000e0c00000|100%| O|  |TAMS 0x00000000e0b00000| PB 0x00000000e0b00000| Untracked 
|  12|0x00000000e0c00000, 0x00000000e0d00000, 0x00000000e0d00000|100%| O|  |TAMS 0x00000000e0c00000| PB 0x00000000e0c00000| Untracked 
|  13|0x00000000e0d00000, 0x00000000e0d00000, 0x00000000e0e00000|  0%| F|  |TAMS 0x00000000e0d00000| PB 0x00000000e0d00000| Untracked 
|  14|0x00000000e0e00000, 0x00000000e0e00000, 0x00000000e0f00000|  0%| F|  |TAMS 0x00000000e0e00000| PB 0x00000000e0e00000| Untracked 
|  15|0x00000000e0f00000, 0x00000000e0f00000, 0x00000000e1000000|  0%| F|  |TAMS 0x00000000e0f00000| PB 0x00000000e0f00000| Untracked 
|  16|0x00000000e1000000, 0x00000000e1000000, 0x00000000e1100000|  0%| F|  |TAMS 0x00000000e1000000| PB 0x00000000e1000000| Untracked 
|  17|0x00000000e1100000, 0x00000000e1100000, 0x00000000e1200000|  0%| F|  |TAMS 0x00000000e1100000| PB 0x00000000e1100000| Untracked 
|  18|0x00000000e1200000, 0x00000000e1200000, 0x00000000e1300000|  0%| F|  |TAMS 0x00000000e1200000| PB 0x00000000e1200000| Untracked 
|  19|0x00000000e1300000, 0x00000000e1300000, 0x00000000e1400000|  0%| F|  |TAMS 0x00000000e1300000| PB 0x00000000e1300000| Untracked 
|  20|0x00000000e1400000, 0x00000000e1400000, 0x00000000e1500000|  0%| F|  |TAMS 0x00000000e1400000| PB 0x00000000e1400000| Untracked 
|  21|0x00000000e1500000, 0x00000000e1500000, 0x00000000e1600000|  0%| F|  |TAMS 0x00000000e1500000| PB 0x00000000e1500000| Untracked 
|  22|0x00000000e1600000, 0x00000000e1600000, 0x00000000e1700000|  0%| F|  |TAMS 0x00000000e1600000| PB 0x00000000e1600000| Untracked 
|  23|0x00000000e1700000, 0x00000000e1700000, 0x00000000e1800000|  0%| F|  |TAMS 0x00000000e1700000| PB 0x00000000e1700000| Untracked 
|  24|0x00000000e1800000, 0x00000000e1800000, 0x00000000e1900000|  0%| F|  |TAMS 0x00000000e1800000| PB 0x00000000e1800000| Untracked 
|  25|0x00000000e1900000, 0x00000000e1900000, 0x00000000e1a00000|  0%| F|  |TAMS 0x00000000e1900000| PB 0x00000000e1900000| Untracked 
|  26|0x00000000e1a00000, 0x00000000e1a00000, 0x00000000e1b00000|  0%| F|  |TAMS 0x00000000e1a00000| PB 0x00000000e1a00000| Untracked 
|  27|0x00000000e1b00000, 0x00000000e1b00000, 0x00000000e1c00000|  0%| F|  |TAMS 0x00000000e1b00000| PB 0x00000000e1b00000| Untracked 
|  28|0x00000000e1c00000, 0x00000000e1c00000, 0x00000000e1d00000|  0%| F|  |TAMS 0x00000000e1c00000| PB 0x00000000e1c00000| Untracked 
|  29|0x00000000e1d00000, 0x00000000e1d00000, 0x00000000e1e00000|  0%| F|  |TAMS 0x00000000e1d00000| PB 0x00000000e1d00000| Untracked 
|  30|0x00000000e1e00000, 0x00000000e1e00000, 0x00000000e1f00000|  0%| F|  |TAMS 0x00000000e1e00000| PB 0x00000000e1e00000| Untracked 
|  31|0x00000000e1f00000, 0x00000000e1f00000, 0x00000000e2000000|  0%| F|  |TAMS 0x00000000e1f00000| PB 0x00000000e1f00000| Untracked 
|  32|0x00000000e2000000, 0x00000000e2000000, 0x00000000e2100000|  0%| F|  |TAMS 0x00000000e2000000| PB 0x00000000e2000000| Untracked 
|  33|0x00000000e2100000, 0x00000000e2100000, 0x00000000e2200000|  0%| F|  |TAMS 0x00000000e2100000| PB 0x00000000e2100000| Untracked 
|  34|0x00000000e2200000, 0x00000000e2200000, 0x00000000e2300000|  0%| F|  |TAMS 0x00000000e2200000| PB 0x00000000e2200000| Untracked 
|  35|0x00000000e2300000, 0x00000000e2300000, 0x00000000e2400000|  0%| F|  |TAMS 0x00000000e2300000| PB 0x00000000e2300000| Untracked 
|  36|0x00000000e2400000, 0x00000000e2400000, 0x00000000e2500000|  0%| F|  |TAMS 0x00000000e2400000| PB 0x00000000e2400000| Untracked 
|  37|0x00000000e2500000, 0x00000000e2500000, 0x00000000e2600000|  0%| F|  |TAMS 0x00000000e2500000| PB 0x00000000e2500000| Untracked 
|  38|0x00000000e2600000, 0x00000000e2600000, 0x00000000e2700000|  0%| F|  |TAMS 0x00000000e2600000| PB 0x00000000e2600000| Untracked 
|  39|0x00000000e2700000, 0x00000000e2700000, 0x00000000e2800000|  0%| F|  |TAMS 0x00000000e2700000| PB 0x00000000e2700000| Untracked 
|  40|0x00000000e2800000, 0x00000000e2800000, 0x00000000e2900000|  0%| F|  |TAMS 0x00000000e2800000| PB 0x00000000e2800000| Untracked 
|  41|0x00000000e2900000, 0x00000000e2900000, 0x00000000e2a00000|  0%| F|  |TAMS 0x00000000e2900000| PB 0x00000000e2900000| Untracked 
|  42|0x00000000e2a00000, 0x00000000e2a00000, 0x00000000e2b00000|  0%| F|  |TAMS 0x00000000e2a00000| PB 0x00000000e2a00000| Untracked 
|  43|0x00000000e2b00000, 0x00000000e2b00000, 0x00000000e2c00000|  0%| F|  |TAMS 0x00000000e2b00000| PB 0x00000000e2b00000| Untracked 
|  44|0x00000000e2c00000, 0x00000000e2c00000, 0x00000000e2d00000|  0%| F|  |TAMS 0x00000000e2c00000| PB 0x00000000e2c00000| Untracked 
|  45|0x00000000e2d00000, 0x00000000e2d00000, 0x00000000e2e00000|  0%| F|  |TAMS 0x00000000e2d00000| PB 0x00000000e2d00000| Untracked 
|  46|0x00000000e2e00000, 0x00000000e2e00000, 0x00000000e2f00000|  0%| F|  |TAMS 0x00000000e2e00000| PB 0x00000000e2e00000| Untracked 
|  47|0x00000000e2f00000, 0x00000000e2f00000, 0x00000000e3000000|  0%| F|  |TAMS 0x00000000e2f00000| PB 0x00000000e2f00000| Untracked 
|  48|0x00000000e3000000, 0x00000000e3000000, 0x00000000e3100000|  0%| F|  |TAMS 0x00000000e3000000| PB 0x00000000e3000000| Untracked 
|  49|0x00000000e3100000, 0x00000000e3100000, 0x00000000e3200000|  0%| F|  |TAMS 0x00000000e3100000| PB 0x00000000e3100000| Untracked 
|  50|0x00000000e3200000, 0x00000000e3200000, 0x00000000e3300000|  0%| F|  |TAMS 0x00000000e3200000| PB 0x00000000e3200000| Untracked 
|  51|0x00000000e3300000, 0x00000000e3300000, 0x00000000e3400000|  0%| F|  |TAMS 0x00000000e3300000| PB 0x00000000e3300000| Untracked 
|  52|0x00000000e3400000, 0x00000000e3400000, 0x00000000e3500000|  0%| F|  |TAMS 0x00000000e3400000| PB 0x00000000e3400000| Untracked 
|  53|0x00000000e3500000, 0x00000000e3500000, 0x00000000e3600000|  0%| F|  |TAMS 0x00000000e3500000| PB 0x00000000e3500000| Untracked 
|  54|0x00000000e3600000, 0x00000000e3600000, 0x00000000e3700000|  0%| F|  |TAMS 0x00000000e3600000| PB 0x00000000e3600000| Untracked 
|  55|0x00000000e3700000, 0x00000000e3700000, 0x00000000e3800000|  0%| F|  |TAMS 0x00000000e3700000| PB 0x00000000e3700000| Untracked 
|  56|0x00000000e3800000, 0x00000000e3800000, 0x00000000e3900000|  0%| F|  |TAMS 0x00000000e3800000| PB 0x00000000e3800000| Untracked 
|  57|0x00000000e3900000, 0x00000000e3900000, 0x00000000e3a00000|  0%| F|  |TAMS 0x00000000e3900000| PB 0x00000000e3900000| Untracked 
|  58|0x00000000e3a00000, 0x00000000e3a00000, 0x00000000e3b00000|  0%| F|  |TAMS 0x00000000e3a00000| PB 0x00000000e3a00000| Untracked 
|  59|0x00000000e3b00000, 0x00000000e3b00000, 0x00000000e3c00000|  0%| F|  |TAMS 0x00000000e3b00000| PB 0x00000000e3b00000| Untracked 
|  60|0x00000000e3c00000, 0x00000000e3c00000, 0x00000000e3d00000|  0%| F|  |TAMS 0x00000000e3c00000| PB 0x00000000e3c00000| Untracked 
|  61|0x00000000e3d00000, 0x00000000e3d00000, 0x00000000e3e00000|  0%| F|  |TAMS 0x00000000e3d00000| PB 0x00000000e3d00000| Untracked 
|  62|0x00000000e3e00000, 0x00000000e3e00000, 0x00000000e3f00000|  0%| F|  |TAMS 0x00000000e3e00000| PB 0x00000000e3e00000| Untracked 
|  63|0x00000000e3f00000, 0x00000000e3f00000, 0x00000000e4000000|  0%| F|  |TAMS 0x00000000e3f00000| PB 0x00000000e3f00000| Untracked 
|  64|0x00000000e4000000, 0x00000000e4000000, 0x00000000e4100000|  0%| F|  |TAMS 0x00000000e4000000| PB 0x00000000e4000000| Untracked 
|  65|0x00000000e4100000, 0x00000000e4100000, 0x00000000e4200000|  0%| F|  |TAMS 0x00000000e4100000| PB 0x00000000e4100000| Untracked 
|  66|0x00000000e4200000, 0x00000000e4200000, 0x00000000e4300000|  0%| F|  |TAMS 0x00000000e4200000| PB 0x00000000e4200000| Untracked 
|  67|0x00000000e4300000, 0x00000000e4300000, 0x00000000e4400000|  0%| F|  |TAMS 0x00000000e4300000| PB 0x00000000e4300000| Untracked 
|  68|0x00000000e4400000, 0x00000000e4400000, 0x00000000e4500000|  0%| F|  |TAMS 0x00000000e4400000| PB 0x00000000e4400000| Untracked 
|  69|0x00000000e4500000, 0x00000000e4500000, 0x00000000e4600000|  0%| F|  |TAMS 0x00000000e4500000| PB 0x00000000e4500000| Untracked 
|  70|0x00000000e4600000, 0x00000000e4600000, 0x00000000e4700000|  0%| F|  |TAMS 0x00000000e4600000| PB 0x00000000e4600000| Untracked 
|  71|0x00000000e4700000, 0x00000000e4700000, 0x00000000e4800000|  0%| F|  |TAMS 0x00000000e4700000| PB 0x00000000e4700000| Untracked 
|  72|0x00000000e4800000, 0x00000000e4800000, 0x00000000e4900000|  0%| F|  |TAMS 0x00000000e4800000| PB 0x00000000e4800000| Untracked 
|  73|0x00000000e4900000, 0x00000000e4900000, 0x00000000e4a00000|  0%| F|  |TAMS 0x00000000e4900000| PB 0x00000000e4900000| Untracked 
|  74|0x00000000e4a00000, 0x00000000e4a00000, 0x00000000e4b00000|  0%| F|  |TAMS 0x00000000e4a00000| PB 0x00000000e4a00000| Untracked 
|  75|0x00000000e4b00000, 0x00000000e4b00000, 0x00000000e4c00000|  0%| F|  |TAMS 0x00000000e4b00000| PB 0x00000000e4b00000| Untracked 
|  76|0x00000000e4c00000, 0x00000000e4c00000, 0x00000000e4d00000|  0%| F|  |TAMS 0x00000000e4c00000| PB 0x00000000e4c00000| Untracked 
|  77|0x00000000e4d00000, 0x00000000e4d00000, 0x00000000e4e00000|  0%| F|  |TAMS 0x00000000e4d00000| PB 0x00000000e4d00000| Untracked 
|  78|0x00000000e4e00000, 0x00000000e4e00000, 0x00000000e4f00000|  0%| F|  |TAMS 0x00000000e4e00000| PB 0x00000000e4e00000| Untracked 
|  79|0x00000000e4f00000, 0x00000000e4f00000, 0x00000000e5000000|  0%| F|  |TAMS 0x00000000e4f00000| PB 0x00000000e4f00000| Untracked 
|  80|0x00000000e5000000, 0x00000000e5000000, 0x00000000e5100000|  0%| F|  |TAMS 0x00000000e5000000| PB 0x00000000e5000000| Untracked 
|  81|0x00000000e5100000, 0x00000000e5100000, 0x00000000e5200000|  0%| F|  |TAMS 0x00000000e5100000| PB 0x00000000e5100000| Untracked 
|  82|0x00000000e5200000, 0x00000000e5200000, 0x00000000e5300000|  0%| F|  |TAMS 0x00000000e5200000| PB 0x00000000e5200000| Untracked 
|  83|0x00000000e5300000, 0x00000000e5300000, 0x00000000e5400000|  0%| F|  |TAMS 0x00000000e5300000| PB 0x00000000e5300000| Untracked 
|  84|0x00000000e5400000, 0x00000000e5400000, 0x00000000e5500000|  0%| F|  |TAMS 0x00000000e5400000| PB 0x00000000e5400000| Untracked 
|  85|0x00000000e5500000, 0x00000000e5500000, 0x00000000e5600000|  0%| F|  |TAMS 0x00000000e5500000| PB 0x00000000e5500000| Untracked 
|  86|0x00000000e5600000, 0x00000000e5600000, 0x00000000e5700000|  0%| F|  |TAMS 0x00000000e5600000| PB 0x00000000e5600000| Untracked 
|  87|0x00000000e5700000, 0x00000000e5700000, 0x00000000e5800000|  0%| F|  |TAMS 0x00000000e5700000| PB 0x00000000e5700000| Untracked 
|  88|0x00000000e5800000, 0x00000000e5800000, 0x00000000e5900000|  0%| F|  |TAMS 0x00000000e5800000| PB 0x00000000e5800000| Untracked 
|  89|0x00000000e5900000, 0x00000000e5900000, 0x00000000e5a00000|  0%| F|  |TAMS 0x00000000e5900000| PB 0x00000000e5900000| Untracked 
|  90|0x00000000e5a00000, 0x00000000e5a00000, 0x00000000e5b00000|  0%| F|  |TAMS 0x00000000e5a00000| PB 0x00000000e5a00000| Untracked 
|  91|0x00000000e5b00000, 0x00000000e5b00000, 0x00000000e5c00000|  0%| F|  |TAMS 0x00000000e5b00000| PB 0x00000000e5b00000| Untracked 
|  92|0x00000000e5c00000, 0x00000000e5c00000, 0x00000000e5d00000|  0%| F|  |TAMS 0x00000000e5c00000| PB 0x00000000e5c00000| Untracked 
|  93|0x00000000e5d00000, 0x00000000e5d00000, 0x00000000e5e00000|  0%| F|  |TAMS 0x00000000e5d00000| PB 0x00000000e5d00000| Untracked 
|  94|0x00000000e5e00000, 0x00000000e5e00000, 0x00000000e5f00000|  0%| F|  |TAMS 0x00000000e5e00000| PB 0x00000000e5e00000| Untracked 
|  95|0x00000000e5f00000, 0x00000000e5f00000, 0x00000000e6000000|  0%| F|  |TAMS 0x00000000e5f00000| PB 0x00000000e5f00000| Untracked 
|  96|0x00000000e6000000, 0x00000000e6000000, 0x00000000e6100000|  0%| F|  |TAMS 0x00000000e6000000| PB 0x00000000e6000000| Untracked 
|  97|0x00000000e6100000, 0x00000000e6100000, 0x00000000e6200000|  0%| F|  |TAMS 0x00000000e6100000| PB 0x00000000e6100000| Untracked 
|  98|0x00000000e6200000, 0x00000000e6200000, 0x00000000e6300000|  0%| F|  |TAMS 0x00000000e6200000| PB 0x00000000e6200000| Untracked 
|  99|0x00000000e6300000, 0x00000000e6300000, 0x00000000e6400000|  0%| F|  |TAMS 0x00000000e6300000| PB 0x00000000e6300000| Untracked 
| 100|0x00000000e6400000, 0x00000000e6400000, 0x00000000e6500000|  0%| F|  |TAMS 0x00000000e6400000| PB 0x00000000e6400000| Untracked 
| 101|0x00000000e6500000, 0x00000000e6500000, 0x00000000e6600000|  0%| F|  |TAMS 0x00000000e6500000| PB 0x00000000e6500000| Untracked 
| 102|0x00000000e6600000, 0x00000000e6600000, 0x00000000e6700000|  0%| F|  |TAMS 0x00000000e6600000| PB 0x00000000e6600000| Untracked 
| 103|0x00000000e6700000, 0x00000000e6700000, 0x00000000e6800000|  0%| F|  |TAMS 0x00000000e6700000| PB 0x00000000e6700000| Untracked 
| 104|0x00000000e6800000, 0x00000000e6800000, 0x00000000e6900000|  0%| F|  |TAMS 0x00000000e6800000| PB 0x00000000e6800000| Untracked 
| 105|0x00000000e6900000, 0x00000000e6900000, 0x00000000e6a00000|  0%| F|  |TAMS 0x00000000e6900000| PB 0x00000000e6900000| Untracked 
| 106|0x00000000e6a00000, 0x00000000e6a00000, 0x00000000e6b00000|  0%| F|  |TAMS 0x00000000e6a00000| PB 0x00000000e6a00000| Untracked 
| 107|0x00000000e6b00000, 0x00000000e6b00000, 0x00000000e6c00000|  0%| F|  |TAMS 0x00000000e6b00000| PB 0x00000000e6b00000| Untracked 
| 108|0x00000000e6c00000, 0x00000000e6c00000, 0x00000000e6d00000|  0%| F|  |TAMS 0x00000000e6c00000| PB 0x00000000e6c00000| Untracked 
| 109|0x00000000e6d00000, 0x00000000e6d00000, 0x00000000e6e00000|  0%| F|  |TAMS 0x00000000e6d00000| PB 0x00000000e6d00000| Untracked 
| 110|0x00000000e6e00000, 0x00000000e6e00000, 0x00000000e6f00000|  0%| F|  |TAMS 0x00000000e6e00000| PB 0x00000000e6e00000| Untracked 
| 111|0x00000000e6f00000, 0x00000000e6f00000, 0x00000000e7000000|  0%| F|  |TAMS 0x00000000e6f00000| PB 0x00000000e6f00000| Untracked 
| 112|0x00000000e7000000, 0x00000000e7000000, 0x00000000e7100000|  0%| F|  |TAMS 0x00000000e7000000| PB 0x00000000e7000000| Untracked 
| 113|0x00000000e7100000, 0x00000000e7100000, 0x00000000e7200000|  0%| F|  |TAMS 0x00000000e7100000| PB 0x00000000e7100000| Untracked 
| 114|0x00000000e7200000, 0x00000000e7200000, 0x00000000e7300000|  0%| F|  |TAMS 0x00000000e7200000| PB 0x00000000e7200000| Untracked 
| 115|0x00000000e7300000, 0x00000000e7300000, 0x00000000e7400000|  0%| F|  |TAMS 0x00000000e7300000| PB 0x00000000e7300000| Untracked 
| 116|0x00000000e7400000, 0x00000000e7400000, 0x00000000e7500000|  0%| F|  |TAMS 0x00000000e7400000| PB 0x00000000e7400000| Untracked 
| 117|0x00000000e7500000, 0x00000000e7500000, 0x00000000e7600000|  0%| F|  |TAMS 0x00000000e7500000| PB 0x00000000e7500000| Untracked 
| 118|0x00000000e7600000, 0x00000000e7600000, 0x00000000e7700000|  0%| F|  |TAMS 0x00000000e7600000| PB 0x00000000e7600000| Untracked 
| 119|0x00000000e7700000, 0x00000000e7700000, 0x00000000e7800000|  0%| F|  |TAMS 0x00000000e7700000| PB 0x00000000e7700000| Untracked 
| 120|0x00000000e7800000, 0x00000000e7800000, 0x00000000e7900000|  0%| F|  |TAMS 0x00000000e7800000| PB 0x00000000e7800000| Untracked 
| 121|0x00000000e7900000, 0x00000000e7900000, 0x00000000e7a00000|  0%| F|  |TAMS 0x00000000e7900000| PB 0x00000000e7900000| Untracked 
| 122|0x00000000e7a00000, 0x00000000e7a00000, 0x00000000e7b00000|  0%| F|  |TAMS 0x00000000e7a00000| PB 0x00000000e7a00000| Untracked 
| 123|0x00000000e7b00000, 0x00000000e7b00000, 0x00000000e7c00000|  0%| F|  |TAMS 0x00000000e7b00000| PB 0x00000000e7b00000| Untracked 
| 124|0x00000000e7c00000, 0x00000000e7c00000, 0x00000000e7d00000|  0%| F|  |TAMS 0x00000000e7c00000| PB 0x00000000e7c00000| Untracked 
| 125|0x00000000e7d00000, 0x00000000e7d00000, 0x00000000e7e00000|  0%| F|  |TAMS 0x00000000e7d00000| PB 0x00000000e7d00000| Untracked 
| 126|0x00000000e7e00000, 0x00000000e7e00000, 0x00000000e7f00000|  0%| F|  |TAMS 0x00000000e7e00000| PB 0x00000000e7e00000| Untracked 
| 127|0x00000000e7f00000, 0x00000000e7f00000, 0x00000000e8000000|  0%| F|  |TAMS 0x00000000e7f00000| PB 0x00000000e7f00000| Untracked 
| 128|0x00000000e8000000, 0x00000000e8000000, 0x00000000e8100000|  0%| F|  |TAMS 0x00000000e8000000| PB 0x00000000e8000000| Untracked 
| 129|0x00000000e8100000, 0x00000000e8100000, 0x00000000e8200000|  0%| F|  |TAMS 0x00000000e8100000| PB 0x00000000e8100000| Untracked 
| 130|0x00000000e8200000, 0x00000000e8200000, 0x00000000e8300000|  0%| F|  |TAMS 0x00000000e8200000| PB 0x00000000e8200000| Untracked 
| 131|0x00000000e8300000, 0x00000000e8300000, 0x00000000e8400000|  0%| F|  |TAMS 0x00000000e8300000| PB 0x00000000e8300000| Untracked 
| 132|0x00000000e8400000, 0x00000000e8400000, 0x00000000e8500000|  0%| F|  |TAMS 0x00000000e8400000| PB 0x00000000e8400000| Untracked 
| 133|0x00000000e8500000, 0x00000000e8500000, 0x00000000e8600000|  0%| F|  |TAMS 0x00000000e8500000| PB 0x00000000e8500000| Untracked 
| 134|0x00000000e8600000, 0x00000000e8600000, 0x00000000e8700000|  0%| F|  |TAMS 0x00000000e8600000| PB 0x00000000e8600000| Untracked 
| 135|0x00000000e8700000, 0x00000000e8700000, 0x00000000e8800000|  0%| F|  |TAMS 0x00000000e8700000| PB 0x00000000e8700000| Untracked 
| 136|0x00000000e8800000, 0x00000000e8800000, 0x00000000e8900000|  0%| F|  |TAMS 0x00000000e8800000| PB 0x00000000e8800000| Untracked 
| 137|0x00000000e8900000, 0x00000000e8900000, 0x00000000e8a00000|  0%| F|  |TAMS 0x00000000e8900000| PB 0x00000000e8900000| Untracked 
| 138|0x00000000e8a00000, 0x00000000e8a00000, 0x00000000e8b00000|  0%| F|  |TAMS 0x00000000e8a00000| PB 0x00000000e8a00000| Untracked 
| 139|0x00000000e8b00000, 0x00000000e8b00000, 0x00000000e8c00000|  0%| F|  |TAMS 0x00000000e8b00000| PB 0x00000000e8b00000| Untracked 
| 140|0x00000000e8c00000, 0x00000000e8c00000, 0x00000000e8d00000|  0%| F|  |TAMS 0x00000000e8c00000| PB 0x00000000e8c00000| Untracked 
| 141|0x00000000e8d00000, 0x00000000e8d00000, 0x00000000e8e00000|  0%| F|  |TAMS 0x00000000e8d00000| PB 0x00000000e8d00000| Untracked 
| 142|0x00000000e8e00000, 0x00000000e8e00000, 0x00000000e8f00000|  0%| F|  |TAMS 0x00000000e8e00000| PB 0x00000000e8e00000| Untracked 
| 143|0x00000000e8f00000, 0x00000000e8f00000, 0x00000000e9000000|  0%| F|  |TAMS 0x00000000e8f00000| PB 0x00000000e8f00000| Untracked 
| 144|0x00000000e9000000, 0x00000000e9000000, 0x00000000e9100000|  0%| F|  |TAMS 0x00000000e9000000| PB 0x00000000e9000000| Untracked 
| 145|0x00000000e9100000, 0x00000000e9100000, 0x00000000e9200000|  0%| F|  |TAMS 0x00000000e9100000| PB 0x00000000e9100000| Untracked 
| 146|0x00000000e9200000, 0x00000000e9200000, 0x00000000e9300000|  0%| F|  |TAMS 0x00000000e9200000| PB 0x00000000e9200000| Untracked 
| 147|0x00000000e9300000, 0x00000000e9300000, 0x00000000e9400000|  0%| F|  |TAMS 0x00000000e9300000| PB 0x00000000e9300000| Untracked 
| 148|0x00000000e9400000, 0x00000000e9400000, 0x00000000e9500000|  0%| F|  |TAMS 0x00000000e9400000| PB 0x00000000e9400000| Untracked 
| 149|0x00000000e9500000, 0x00000000e9500000, 0x00000000e9600000|  0%| F|  |TAMS 0x00000000e9500000| PB 0x00000000e9500000| Untracked 
| 150|0x00000000e9600000, 0x00000000e9600000, 0x00000000e9700000|  0%| F|  |TAMS 0x00000000e9600000| PB 0x00000000e9600000| Untracked 
| 151|0x00000000e9700000, 0x00000000e9700000, 0x00000000e9800000|  0%| F|  |TAMS 0x00000000e9700000| PB 0x00000000e9700000| Untracked 
| 152|0x00000000e9800000, 0x00000000e9800000, 0x00000000e9900000|  0%| F|  |TAMS 0x00000000e9800000| PB 0x00000000e9800000| Untracked 
| 153|0x00000000e9900000, 0x00000000e9900000, 0x00000000e9a00000|  0%| F|  |TAMS 0x00000000e9900000| PB 0x00000000e9900000| Untracked 
| 154|0x00000000e9a00000, 0x00000000e9a00000, 0x00000000e9b00000|  0%| F|  |TAMS 0x00000000e9a00000| PB 0x00000000e9a00000| Untracked 
| 155|0x00000000e9b00000, 0x00000000e9b00000, 0x00000000e9c00000|  0%| F|  |TAMS 0x00000000e9b00000| PB 0x00000000e9b00000| Untracked 
| 156|0x00000000e9c00000, 0x00000000e9c00000, 0x00000000e9d00000|  0%| F|  |TAMS 0x00000000e9c00000| PB 0x00000000e9c00000| Untracked 
| 157|0x00000000e9d00000, 0x00000000e9d00000, 0x00000000e9e00000|  0%| F|  |TAMS 0x00000000e9d00000| PB 0x00000000e9d00000| Untracked 
| 158|0x00000000e9e00000, 0x00000000e9e00000, 0x00000000e9f00000|  0%| F|  |TAMS 0x00000000e9e00000| PB 0x00000000e9e00000| Untracked 
| 159|0x00000000e9f00000, 0x00000000e9f00000, 0x00000000ea000000|  0%| F|  |TAMS 0x00000000e9f00000| PB 0x00000000e9f00000| Untracked 
| 160|0x00000000ea000000, 0x00000000ea000000, 0x00000000ea100000|  0%| F|  |TAMS 0x00000000ea000000| PB 0x00000000ea000000| Untracked 
| 161|0x00000000ea100000, 0x00000000ea100000, 0x00000000ea200000|  0%| F|  |TAMS 0x00000000ea100000| PB 0x00000000ea100000| Untracked 
| 162|0x00000000ea200000, 0x00000000ea200000, 0x00000000ea300000|  0%| F|  |TAMS 0x00000000ea200000| PB 0x00000000ea200000| Untracked 
| 163|0x00000000ea300000, 0x00000000ea300000, 0x00000000ea400000|  0%| F|  |TAMS 0x00000000ea300000| PB 0x00000000ea300000| Untracked 
| 164|0x00000000ea400000, 0x00000000ea400000, 0x00000000ea500000|  0%| F|  |TAMS 0x00000000ea400000| PB 0x00000000ea400000| Untracked 
| 165|0x00000000ea500000, 0x00000000ea500000, 0x00000000ea600000|  0%| F|  |TAMS 0x00000000ea500000| PB 0x00000000ea500000| Untracked 
| 166|0x00000000ea600000, 0x00000000ea600000, 0x00000000ea700000|  0%| F|  |TAMS 0x00000000ea600000| PB 0x00000000ea600000| Untracked 
| 167|0x00000000ea700000, 0x00000000ea700000, 0x00000000ea800000|  0%| F|  |TAMS 0x00000000ea700000| PB 0x00000000ea700000| Untracked 
| 168|0x00000000ea800000, 0x00000000ea800000, 0x00000000ea900000|  0%| F|  |TAMS 0x00000000ea800000| PB 0x00000000ea800000| Untracked 
| 169|0x00000000ea900000, 0x00000000ea900000, 0x00000000eaa00000|  0%| F|  |TAMS 0x00000000ea900000| PB 0x00000000ea900000| Untracked 
| 170|0x00000000eaa00000, 0x00000000eaa00000, 0x00000000eab00000|  0%| F|  |TAMS 0x00000000eaa00000| PB 0x00000000eaa00000| Untracked 
| 171|0x00000000eab00000, 0x00000000eab00000, 0x00000000eac00000|  0%| F|  |TAMS 0x00000000eab00000| PB 0x00000000eab00000| Untracked 
| 172|0x00000000eac00000, 0x00000000eac00000, 0x00000000ead00000|  0%| F|  |TAMS 0x00000000eac00000| PB 0x00000000eac00000| Untracked 
| 173|0x00000000ead00000, 0x00000000ead00000, 0x00000000eae00000|  0%| F|  |TAMS 0x00000000ead00000| PB 0x00000000ead00000| Untracked 
| 174|0x00000000eae00000, 0x00000000eae00000, 0x00000000eaf00000|  0%| F|  |TAMS 0x00000000eae00000| PB 0x00000000eae00000| Untracked 
| 175|0x00000000eaf00000, 0x00000000eaf00000, 0x00000000eb000000|  0%| F|  |TAMS 0x00000000eaf00000| PB 0x00000000eaf00000| Untracked 
| 176|0x00000000eb000000, 0x00000000eb000000, 0x00000000eb100000|  0%| F|  |TAMS 0x00000000eb000000| PB 0x00000000eb000000| Untracked 
| 177|0x00000000eb100000, 0x00000000eb100000, 0x00000000eb200000|  0%| F|  |TAMS 0x00000000eb100000| PB 0x00000000eb100000| Untracked 
| 178|0x00000000eb200000, 0x00000000eb200000, 0x00000000eb300000|  0%| F|  |TAMS 0x00000000eb200000| PB 0x00000000eb200000| Untracked 
| 179|0x00000000eb300000, 0x00000000eb300000, 0x00000000eb400000|  0%| F|  |TAMS 0x00000000eb300000| PB 0x00000000eb300000| Untracked 
| 180|0x00000000eb400000, 0x00000000eb400000, 0x00000000eb500000|  0%| F|  |TAMS 0x00000000eb400000| PB 0x00000000eb400000| Untracked 
| 181|0x00000000eb500000, 0x00000000eb500000, 0x00000000eb600000|  0%| F|  |TAMS 0x00000000eb500000| PB 0x00000000eb500000| Untracked 
| 182|0x00000000eb600000, 0x00000000eb600000, 0x00000000eb700000|  0%| F|  |TAMS 0x00000000eb600000| PB 0x00000000eb600000| Untracked 
| 183|0x00000000eb700000, 0x00000000eb700000, 0x00000000eb800000|  0%| F|  |TAMS 0x00000000eb700000| PB 0x00000000eb700000| Untracked 
| 184|0x00000000eb800000, 0x00000000eb800000, 0x00000000eb900000|  0%| F|  |TAMS 0x00000000eb800000| PB 0x00000000eb800000| Untracked 
| 185|0x00000000eb900000, 0x00000000eb900000, 0x00000000eba00000|  0%| F|  |TAMS 0x00000000eb900000| PB 0x00000000eb900000| Untracked 
| 186|0x00000000eba00000, 0x00000000eba00000, 0x00000000ebb00000|  0%| F|  |TAMS 0x00000000eba00000| PB 0x00000000eba00000| Untracked 
| 187|0x00000000ebb00000, 0x00000000ebb00000, 0x00000000ebc00000|  0%| F|  |TAMS 0x00000000ebb00000| PB 0x00000000ebb00000| Untracked 
| 188|0x00000000ebc00000, 0x00000000ebc00000, 0x00000000ebd00000|  0%| F|  |TAMS 0x00000000ebc00000| PB 0x00000000ebc00000| Untracked 
| 189|0x00000000ebd00000, 0x00000000ebd00000, 0x00000000ebe00000|  0%| F|  |TAMS 0x00000000ebd00000| PB 0x00000000ebd00000| Untracked 
| 190|0x00000000ebe00000, 0x00000000ebe00000, 0x00000000ebf00000|  0%| F|  |TAMS 0x00000000ebe00000| PB 0x00000000ebe00000| Untracked 
| 191|0x00000000ebf00000, 0x00000000ebf00000, 0x00000000ec000000|  0%| F|  |TAMS 0x00000000ebf00000| PB 0x00000000ebf00000| Untracked 
| 192|0x00000000ec000000, 0x00000000ec000000, 0x00000000ec100000|  0%| F|  |TAMS 0x00000000ec000000| PB 0x00000000ec000000| Untracked 
| 193|0x00000000ec100000, 0x00000000ec200000, 0x00000000ec200000|100%| E|  |TAMS 0x00000000ec100000| PB 0x00000000ec100000| Complete 
| 194|0x00000000ec200000, 0x00000000ec300000, 0x00000000ec300000|100%| E|CS|TAMS 0x00000000ec200000| PB 0x00000000ec200000| Complete 
| 195|0x00000000ec300000, 0x00000000ec400000, 0x00000000ec400000|100%| E|CS|TAMS 0x00000000ec300000| PB 0x00000000ec300000| Complete 
| 196|0x00000000ec400000, 0x00000000ec500000, 0x00000000ec500000|100%| E|CS|TAMS 0x00000000ec400000| PB 0x00000000ec400000| Complete 
| 197|0x00000000ec500000, 0x00000000ec600000, 0x00000000ec600000|100%| E|CS|TAMS 0x00000000ec500000| PB 0x00000000ec500000| Complete 
| 198|0x00000000ec600000, 0x00000000ec700000, 0x00000000ec700000|100%| E|CS|TAMS 0x00000000ec600000| PB 0x00000000ec600000| Complete 
| 199|0x00000000ec700000, 0x00000000ec800000, 0x00000000ec800000|100%| E|CS|TAMS 0x00000000ec700000| PB 0x00000000ec700000| Complete 
| 200|0x00000000ec800000, 0x00000000ec900000, 0x00000000ec900000|100%| E|CS|TAMS 0x00000000ec800000| PB 0x00000000ec800000| Complete 
| 201|0x00000000ec900000, 0x00000000eca00000, 0x00000000eca00000|100%| E|CS|TAMS 0x00000000ec900000| PB 0x00000000ec900000| Complete 
| 202|0x00000000eca00000, 0x00000000ecb00000, 0x00000000ecb00000|100%| E|CS|TAMS 0x00000000eca00000| PB 0x00000000eca00000| Complete 
| 203|0x00000000ecb00000, 0x00000000ecc00000, 0x00000000ecc00000|100%| E|CS|TAMS 0x00000000ecb00000| PB 0x00000000ecb00000| Complete 
| 204|0x00000000ecc00000, 0x00000000ecd00000, 0x00000000ecd00000|100%| E|CS|TAMS 0x00000000ecc00000| PB 0x00000000ecc00000| Complete 
| 205|0x00000000ecd00000, 0x00000000ece00000, 0x00000000ece00000|100%| E|CS|TAMS 0x00000000ecd00000| PB 0x00000000ecd00000| Complete 
| 206|0x00000000ece00000, 0x00000000ecf00000, 0x00000000ecf00000|100%| E|CS|TAMS 0x00000000ece00000| PB 0x00000000ece00000| Complete 
| 207|0x00000000ecf00000, 0x00000000ed000000, 0x00000000ed000000|100%| E|CS|TAMS 0x00000000ecf00000| PB 0x00000000ecf00000| Complete 
| 208|0x00000000ed000000, 0x00000000ed100000, 0x00000000ed100000|100%| E|CS|TAMS 0x00000000ed000000| PB 0x00000000ed000000| Complete 
| 209|0x00000000ed100000, 0x00000000ed200000, 0x00000000ed200000|100%| E|CS|TAMS 0x00000000ed100000| PB 0x00000000ed100000| Complete 
| 210|0x00000000ed200000, 0x00000000ed300000, 0x00000000ed300000|100%| E|CS|TAMS 0x00000000ed200000| PB 0x00000000ed200000| Complete 
| 211|0x00000000ed300000, 0x00000000ed400000, 0x00000000ed400000|100%| E|CS|TAMS 0x00000000ed300000| PB 0x00000000ed300000| Complete 
| 212|0x00000000ed400000, 0x00000000ed500000, 0x00000000ed500000|100%| E|CS|TAMS 0x00000000ed400000| PB 0x00000000ed400000| Complete 
| 213|0x00000000ed500000, 0x00000000ed600000, 0x00000000ed600000|100%| E|CS|TAMS 0x00000000ed500000| PB 0x00000000ed500000| Complete 
| 214|0x00000000ed600000, 0x00000000ed700000, 0x00000000ed700000|100%| E|CS|TAMS 0x00000000ed600000| PB 0x00000000ed600000| Complete 
| 215|0x00000000ed700000, 0x00000000ed800000, 0x00000000ed800000|100%| E|CS|TAMS 0x00000000ed700000| PB 0x00000000ed700000| Complete 
| 216|0x00000000ed800000, 0x00000000ed900000, 0x00000000ed900000|100%| E|CS|TAMS 0x00000000ed800000| PB 0x00000000ed800000| Complete 
| 217|0x00000000ed900000, 0x00000000eda00000, 0x00000000eda00000|100%| E|CS|TAMS 0x00000000ed900000| PB 0x00000000ed900000| Complete 
| 218|0x00000000eda00000, 0x00000000edb00000, 0x00000000edb00000|100%| E|CS|TAMS 0x00000000eda00000| PB 0x00000000eda00000| Complete 
| 219|0x00000000edb00000, 0x00000000edc00000, 0x00000000edc00000|100%| E|CS|TAMS 0x00000000edb00000| PB 0x00000000edb00000| Complete 
| 220|0x00000000edc00000, 0x00000000edd00000, 0x00000000edd00000|100%| E|CS|TAMS 0x00000000edc00000| PB 0x00000000edc00000| Complete 
| 221|0x00000000edd00000, 0x00000000ede00000, 0x00000000ede00000|100%| E|CS|TAMS 0x00000000edd00000| PB 0x00000000edd00000| Complete 
| 222|0x00000000ede00000, 0x00000000edec6f08, 0x00000000edf00000| 77%| S|CS|TAMS 0x00000000ede00000| PB 0x00000000ede00000| Complete 
| 223|0x00000000edf00000, 0x00000000ee000000, 0x00000000ee000000|100%| S|CS|TAMS 0x00000000edf00000| PB 0x00000000edf00000| Complete 
| 224|0x00000000ee000000, 0x00000000ee100000, 0x00000000ee100000|100%| S|CS|TAMS 0x00000000ee000000| PB 0x00000000ee000000| Complete 
| 225|0x00000000ee100000, 0x00000000ee200000, 0x00000000ee200000|100%| E|CS|TAMS 0x00000000ee100000| PB 0x00000000ee100000| Complete 
| 226|0x00000000ee200000, 0x00000000ee300000, 0x00000000ee300000|100%| E|CS|TAMS 0x00000000ee200000| PB 0x00000000ee200000| Complete 
| 227|0x00000000ee300000, 0x00000000ee400000, 0x00000000ee400000|100%| E|CS|TAMS 0x00000000ee300000| PB 0x00000000ee300000| Complete 
| 228|0x00000000ee400000, 0x00000000ee500000, 0x00000000ee500000|100%| E|CS|TAMS 0x00000000ee400000| PB 0x00000000ee400000| Complete 
| 229|0x00000000ee500000, 0x00000000ee600000, 0x00000000ee600000|100%| E|CS|TAMS 0x00000000ee500000| PB 0x00000000ee500000| Complete 
| 230|0x00000000ee600000, 0x00000000ee700000, 0x00000000ee700000|100%| E|CS|TAMS 0x00000000ee600000| PB 0x00000000ee600000| Complete 
| 231|0x00000000ee700000, 0x00000000ee800000, 0x00000000ee800000|100%| E|CS|TAMS 0x00000000ee700000| PB 0x00000000ee700000| Complete 
| 232|0x00000000ee800000, 0x00000000ee900000, 0x00000000ee900000|100%| E|CS|TAMS 0x00000000ee800000| PB 0x00000000ee800000| Complete 
| 233|0x00000000ee900000, 0x00000000eea00000, 0x00000000eea00000|100%| E|CS|TAMS 0x00000000ee900000| PB 0x00000000ee900000| Complete 
| 234|0x00000000eea00000, 0x00000000eeb00000, 0x00000000eeb00000|100%| E|CS|TAMS 0x00000000eea00000| PB 0x00000000eea00000| Complete 
| 235|0x00000000eeb00000, 0x00000000eec00000, 0x00000000eec00000|100%| E|CS|TAMS 0x00000000eeb00000| PB 0x00000000eeb00000| Complete 
| 236|0x00000000eec00000, 0x00000000eed00000, 0x00000000eed00000|100%| E|CS|TAMS 0x00000000eec00000| PB 0x00000000eec00000| Complete 
| 237|0x00000000eed00000, 0x00000000eee00000, 0x00000000eee00000|100%| E|CS|TAMS 0x00000000eed00000| PB 0x00000000eed00000| Complete 
| 238|0x00000000eee00000, 0x00000000eef00000, 0x00000000eef00000|100%| E|CS|TAMS 0x00000000eee00000| PB 0x00000000eee00000| Complete 
| 239|0x00000000eef00000, 0x00000000ef000000, 0x00000000ef000000|100%| E|CS|TAMS 0x00000000eef00000| PB 0x00000000eef00000| Complete 
| 240|0x00000000ef000000, 0x00000000ef100000, 0x00000000ef100000|100%| E|CS|TAMS 0x00000000ef000000| PB 0x00000000ef000000| Complete 
| 241|0x00000000ef100000, 0x00000000ef200000, 0x00000000ef200000|100%| E|CS|TAMS 0x00000000ef100000| PB 0x00000000ef100000| Complete 
| 242|0x00000000ef200000, 0x00000000ef300000, 0x00000000ef300000|100%| E|CS|TAMS 0x00000000ef200000| PB 0x00000000ef200000| Complete 
| 243|0x00000000ef300000, 0x00000000ef400000, 0x00000000ef400000|100%| E|CS|TAMS 0x00000000ef300000| PB 0x00000000ef300000| Complete 
| 244|0x00000000ef400000, 0x00000000ef500000, 0x00000000ef500000|100%| E|CS|TAMS 0x00000000ef400000| PB 0x00000000ef400000| Complete 
| 245|0x00000000ef500000, 0x00000000ef600000, 0x00000000ef600000|100%| E|CS|TAMS 0x00000000ef500000| PB 0x00000000ef500000| Complete 
| 246|0x00000000ef600000, 0x00000000ef700000, 0x00000000ef700000|100%| E|CS|TAMS 0x00000000ef600000| PB 0x00000000ef600000| Complete 
| 247|0x00000000ef700000, 0x00000000ef800000, 0x00000000ef800000|100%| E|CS|TAMS 0x00000000ef700000| PB 0x00000000ef700000| Complete 
| 248|0x00000000ef800000, 0x00000000ef900000, 0x00000000ef900000|100%| E|CS|TAMS 0x00000000ef800000| PB 0x00000000ef800000| Complete 
| 249|0x00000000ef900000, 0x00000000efa00000, 0x00000000efa00000|100%| E|CS|TAMS 0x00000000ef900000| PB 0x00000000ef900000| Complete 
| 250|0x00000000efa00000, 0x00000000efb00000, 0x00000000efb00000|100%| E|CS|TAMS 0x00000000efa00000| PB 0x00000000efa00000| Complete 
| 251|0x00000000efb00000, 0x00000000efc00000, 0x00000000efc00000|100%| E|CS|TAMS 0x00000000efb00000| PB 0x00000000efb00000| Complete 
| 252|0x00000000efc00000, 0x00000000efd00000, 0x00000000efd00000|100%| E|CS|TAMS 0x00000000efc00000| PB 0x00000000efc00000| Complete 
| 253|0x00000000efd00000, 0x00000000efe00000, 0x00000000efe00000|100%| E|CS|TAMS 0x00000000efd00000| PB 0x00000000efd00000| Complete 
| 254|0x00000000efe00000, 0x00000000eff00000, 0x00000000eff00000|100%| E|CS|TAMS 0x00000000efe00000| PB 0x00000000efe00000| Complete 
| 255|0x00000000eff00000, 0x00000000f0000000, 0x00000000f0000000|100%| E|CS|TAMS 0x00000000eff00000| PB 0x00000000eff00000| Complete 

Card table byte_map: [0x000001d7d8e30000,0x000001d7d8f30000] _byte_map_base: 0x000001d7d8730000

Marking Bits: (CMBitMap*) 0x000001d7c681cc90
 Bits: [0x000001d7d8f30000, 0x000001d7d9730000)

Polling page: 0x000001d7c4700000

Metaspace:

Usage:
  Non-class:     11.57 MB used.
      Class:      1.79 MB used.
       Both:     13.36 MB used.

Virtual space:
  Non-class space:       64.00 MB reserved,      11.75 MB ( 18%) committed,  1 nodes.
      Class space:      320.00 MB reserved,       1.94 MB ( <1%) committed,  1 nodes.
             Both:      384.00 MB reserved,      13.69 MB (  4%) committed. 

Chunk freelists:
   Non-Class:  4.17 MB
       Class:  14.06 MB
        Both:  18.23 MB

MaxMetaspaceSize: 384.00 MB
CompressedClassSpaceSize: 320.00 MB
Initial GC threshold: 21.00 MB
Current GC threshold: 21.00 MB
CDS: on
 - commit_granule_bytes: 65536.
 - commit_granule_words: 8192.
 - virtual_space_node_default_size: 8388608.
 - enlarge_chunks_in_place: 1.
 - use_allocation_guard: 0.


Internal statistics:

num_allocs_failed_limit: 0.
num_arena_births: 406.
num_arena_deaths: 0.
num_vsnodes_births: 2.
num_vsnodes_deaths: 0.
num_space_committed: 219.
num_space_uncommitted: 0.
num_chunks_returned_to_freelist: 0.
num_chunks_taken_from_freelist: 830.
num_chunk_merges: 0.
num_chunk_splits: 551.
num_chunks_enlarged: 392.
num_inconsistent_stats: 0.

CodeHeap 'non-profiled nmethods': size=120000Kb used=1154Kb max_used=1154Kb free=118845Kb
 bounds [0x000001d7d14c0000, 0x000001d7d1730000, 0x000001d7d89f0000]
CodeHeap 'profiled nmethods': size=120000Kb used=5385Kb max_used=5385Kb free=114615Kb
 bounds [0x000001d7c99f0000, 0x000001d7c9f40000, 0x000001d7d0f20000]
CodeHeap 'non-nmethods': size=5760Kb used=1521Kb max_used=1537Kb free=4238Kb
 bounds [0x000001d7d0f20000, 0x000001d7d1190000, 0x000001d7d14c0000]
CodeCache: size=245760Kb, used=8060Kb, max_used=8076Kb, free=237698Kb
 total_blobs=3260, nmethods=2710, adapters=454, full_count=0
Compilation: enabled, stopped_count=0, restarted_count=0

Compilation events (20 events):
Event: 88.082 Thread 0x000001d7dc1d2b30 2709       3       jdk.internal.misc.Unsafe::getAndBitwiseAndInt (27 bytes)
Event: 88.082 Thread 0x000001d7dc1d2b30 nmethod 2709 0x000001d7c9f2dd10 code [0x000001d7c9f2dec0, 0x000001d7c9f2e0f0]
Event: 88.082 Thread 0x000001d7dc1d2b30 2710   !   3       java.util.concurrent.locks.LockSupport::parkNanos (56 bytes)
Event: 88.082 Thread 0x000001d7dc1d2b30 nmethod 2710 0x000001d7c9f2e210 code [0x000001d7c9f2e420, 0x000001d7c9f2e860]
Event: 88.111 Thread 0x000001d7dc1d2b30 2711       3       java.util.concurrent.locks.AbstractQueuedSynchronizer$Node::clearStatus (12 bytes)
Event: 88.112 Thread 0x000001d7dc1d2b30 nmethod 2711 0x000001d7c9f2ea10 code [0x000001d7c9f2ebc0, 0x000001d7c9f2ed78]
Event: 88.112 Thread 0x000001d7dc1d2b30 2713   !   3       java.util.concurrent.locks.AbstractQueuedSynchronizer::acquire (424 bytes)
Event: 88.114 Thread 0x000001d7dc1d2b30 nmethod 2713 0x000001d7c9f2ee10 code [0x000001d7c9f2f1c0, 0x000001d7c9f30a28]
Event: 88.114 Thread 0x000001d7dc1d2b30 2712       3       jdk.internal.misc.Unsafe::putIntOpaque (9 bytes)
Event: 88.114 Thread 0x000001d7dc1d2b30 nmethod 2712 0x000001d7c9f31210 code [0x000001d7c9f313a0, 0x000001d7c9f314b8]
Event: 88.127 Thread 0x000001d7dc1d2b30 2714   !   3       java.util.concurrent.locks.AbstractQueuedSynchronizer::reacquire (64 bytes)
Event: 88.128 Thread 0x000001d7dc1d2b30 nmethod 2714 0x000001d7c9f31590 code [0x000001d7c9f31760, 0x000001d7c9f31ad0]
Event: 88.159 Thread 0x000001d7dc1d2b30 2715       3       java.util.concurrent.locks.AbstractQueuedSynchronizer$ConditionObject::unlinkCancelledWaiters (91 bytes)
Event: 88.159 Thread 0x000001d7dc1d2b30 nmethod 2715 0x000001d7c9f31c90 code [0x000001d7c9f31e60, 0x000001d7c9f322c0]
Event: 88.214 Thread 0x000001d7dc1d1650 2716   !   4       java.util.zip.ZipFile$ZipFileInputStream::close (59 bytes)
Event: 88.224 Thread 0x000001d7dc1d1650 nmethod 2716 0x000001d7d15dde90 code [0x000001d7d15de080, 0x000001d7d15de868]
Event: 88.224 Thread 0x000001d7dc1d1650 2717       4       java.util.WeakHashMap::remove (131 bytes)
Event: 88.231 Thread 0x000001d7dc1d1650 nmethod 2717 0x000001d7d15ded90 code [0x000001d7d15def40, 0x000001d7d15df318]
Event: 88.231 Thread 0x000001d7dc1d1650 2718       4       java.util.regex.Matcher::checkMatch (19 bytes)
Event: 88.232 Thread 0x000001d7dc1d1650 nmethod 2718 0x000001d7d15df610 code [0x000001d7d15df7a0, 0x000001d7d15df848]

GC Heap History (4 events):
Event: 17.855 GC heap before
{Heap before GC invocations=0 (full 0):
 garbage-first heap   total 262144K, used 26624K [0x00000000e0000000, 0x0000000100000000)
  region size 1024K, 23 young (23552K), 0 survivors (0K)
 Metaspace       used 2970K, committed 3136K, reserved 393216K
  class space    used 354K, committed 448K, reserved 327680K
}
Event: 17.885 GC heap after
{Heap after GC invocations=1 (full 0):
 garbage-first heap   total 262144K, used 11161K [0x00000000e0000000, 0x0000000100000000)
  region size 1024K, 3 young (3072K), 3 survivors (3072K)
 Metaspace       used 2970K, committed 3136K, reserved 393216K
  class space    used 354K, committed 448K, reserved 327680K
}
Event: 28.350 GC heap before
{Heap before GC invocations=1 (full 0):
 garbage-first heap   total 262144K, used 41881K [0x00000000e0000000, 0x0000000100000000)
  region size 1024K, 31 young (31744K), 3 survivors (3072K)
 Metaspace       used 4682K, committed 4864K, reserved 393216K
  class space    used 593K, committed 704K, reserved 327680K
}
Event: 28.354 GC heap after
{Heap after GC invocations=2 (full 0):
 garbage-first heap   total 262144K, used 15131K [0x00000000e0000000, 0x0000000100000000)
  region size 1024K, 3 young (3072K), 3 survivors (3072K)
 Metaspace       used 4682K, committed 4864K, reserved 393216K
  class space    used 593K, committed 704K, reserved 327680K
}

Dll operation events (20 events):
Event: 1.941 Attempting to load shared library C:\Users\user\.vscode\extensions\redhat.java-1.56.0-win32-x64\jre\21.0.12.1-win32-x86_64\bin\nio.dll
Event: 1.960 Loaded shared library C:\Users\user\.vscode\extensions\redhat.java-1.56.0-win32-x64\jre\21.0.12.1-win32-x86_64\bin\nio.dll
Event: 2.106 Attempting to load shared library C:\Users\user\.vscode\extensions\redhat.java-1.56.0-win32-x64\jre\21.0.12.1-win32-x86_64\bin\zip.dll
Event: 2.106 Loaded shared library C:\Users\user\.vscode\extensions\redhat.java-1.56.0-win32-x64\jre\21.0.12.1-win32-x86_64\bin\zip.dll
Event: 9.929 Attempting to load shared library C:\Users\user\.vscode\extensions\redhat.java-1.56.0-win32-x64\jre\21.0.12.1-win32-x86_64\bin\jimage.dll
Event: 9.929 Loaded shared library C:\Users\user\.vscode\extensions\redhat.java-1.56.0-win32-x64\jre\21.0.12.1-win32-x86_64\bin\jimage.dll
Event: 16.035 Attempting to load shared library C:\Users\user\.vscode\extensions\redhat.java-1.56.0-win32-x64\jre\21.0.12.1-win32-x86_64\bin\verify.dll
Event: 16.043 Loaded shared library C:\Users\user\.vscode\extensions\redhat.java-1.56.0-win32-x64\jre\21.0.12.1-win32-x86_64\bin\verify.dll
Event: 17.128 Attempting to load shared library C:\Users\user\.gradle\native\660c5614fbf4a5f2a75b1949f50a0caf5cd603558e7d8a26e50b933a0cfb79d1\windows-amd64\native-platform.dll
Event: 17.132 Loaded shared library C:\Users\user\.gradle\native\660c5614fbf4a5f2a75b1949f50a0caf5cd603558e7d8a26e50b933a0cfb79d1\windows-amd64\native-platform.dll
Event: 17.377 Attempting to load shared library C:\Users\user\.gradle\native\0.2.8\x86_64-windows-gnu\gradle-fileevents.dll
Event: 17.380 Loaded shared library C:\Users\user\.gradle\native\0.2.8\x86_64-windows-gnu\gradle-fileevents.dll
Event: 39.151 Attempting to load shared library C:\Users\user\.vscode\extensions\redhat.java-1.56.0-win32-x64\jre\21.0.12.1-win32-x86_64\bin\management.dll
Event: 39.449 Loaded shared library C:\Users\user\.vscode\extensions\redhat.java-1.56.0-win32-x64\jre\21.0.12.1-win32-x86_64\bin\management.dll
Event: 40.363 Attempting to load shared library C:\Users\user\.vscode\extensions\redhat.java-1.56.0-win32-x64\jre\21.0.12.1-win32-x86_64\bin\management_ext.dll
Event: 40.471 Loaded shared library C:\Users\user\.vscode\extensions\redhat.java-1.56.0-win32-x64\jre\21.0.12.1-win32-x86_64\bin\management_ext.dll
Event: 64.277 Attempting to load shared library C:\Users\user\.vscode\extensions\redhat.java-1.56.0-win32-x64\jre\21.0.12.1-win32-x86_64\bin\extnet.dll
Event: 64.310 Loaded shared library C:\Users\user\.vscode\extensions\redhat.java-1.56.0-win32-x64\jre\21.0.12.1-win32-x86_64\bin\extnet.dll
Event: 77.262 Attempting to load shared library C:\Users\user\.vscode\extensions\redhat.java-1.56.0-win32-x64\jre\21.0.12.1-win32-x86_64\bin\sunmscapi.dll
Event: 77.315 Loaded shared library C:\Users\user\.vscode\extensions\redhat.java-1.56.0-win32-x64\jre\21.0.12.1-win32-x86_64\bin\sunmscapi.dll

Deoptimization events (20 events):
Event: 81.461 Thread 0x000001d7f64e1300 Uncommon trap: trap_request=0xffffff6e fr.pc=0x000001d7d156362c relative=0x00000000000003ec
Event: 81.461 Thread 0x000001d7f64e1300 Uncommon trap: reason=loop_limit_check action=maybe_recompile pc=0x000001d7d156362c method=java.lang.StringLatin1.indexOf([BI[BII)I @ 37 c2
Event: 81.461 Thread 0x000001d7f64e1300 DEOPT PACKING pc=0x000001d7d156362c sp=0x000000a7473fea20
Event: 81.461 Thread 0x000001d7f64e1300 DEOPT UNPACKING pc=0x000001d7d0f77ba2 sp=0x000000a7473fe9a8 mode 2
Event: 87.815 Thread 0x000001d7f64e1300 Uncommon trap: trap_request=0xffffff45 fr.pc=0x000001d7d1532f44 relative=0x00000000000001e4
Event: 87.815 Thread 0x000001d7f64e1300 Uncommon trap: reason=unstable_if action=reinterpret pc=0x000001d7d1532f44 method=java.util.HashMap.getNode(Ljava/lang/Object;)Ljava/util/HashMap$Node; @ 66 c2
Event: 87.815 Thread 0x000001d7f64e1300 DEOPT PACKING pc=0x000001d7d1532f44 sp=0x000000a7473fbf30
Event: 87.815 Thread 0x000001d7f64e1300 DEOPT UNPACKING pc=0x000001d7d0f77ba2 sp=0x000000a7473fbea0 mode 2
Event: 87.815 Thread 0x000001d7f64e1300 Uncommon trap: trap_request=0xffffffde fr.pc=0x000001d7d15bda64 relative=0x0000000000000824
Event: 87.815 Thread 0x000001d7f64e1300 Uncommon trap: reason=class_check action=maybe_recompile pc=0x000001d7d15bda64 method=java.util.HashMap.putVal(ILjava/lang/Object;Ljava/lang/Object;ZZ)Ljava/lang/Object; @ 91 c2
Event: 87.815 Thread 0x000001d7f64e1300 DEOPT PACKING pc=0x000001d7d15bda64 sp=0x000000a7473fbf20
Event: 87.815 Thread 0x000001d7f64e1300 DEOPT UNPACKING pc=0x000001d7d0f77ba2 sp=0x000000a7473fbe48 mode 2
Event: 87.815 Thread 0x000001d7f64e1300 Uncommon trap: trap_request=0xffffffde fr.pc=0x000001d7d15bda64 relative=0x0000000000000824
Event: 87.815 Thread 0x000001d7f64e1300 Uncommon trap: reason=class_check action=maybe_recompile pc=0x000001d7d15bda64 method=java.util.HashMap.putVal(ILjava/lang/Object;Ljava/lang/Object;ZZ)Ljava/lang/Object; @ 91 c2
Event: 87.815 Thread 0x000001d7f64e1300 DEOPT PACKING pc=0x000001d7d15bda64 sp=0x000000a7473fbf20
Event: 87.815 Thread 0x000001d7f64e1300 DEOPT UNPACKING pc=0x000001d7d0f77ba2 sp=0x000000a7473fbe48 mode 2
Event: 87.836 Thread 0x000001d7f64e1300 Uncommon trap: trap_request=0xffffff45 fr.pc=0x000001d7d15351b0 relative=0x0000000000000270
Event: 87.836 Thread 0x000001d7f64e1300 Uncommon trap: reason=unstable_if action=reinterpret pc=0x000001d7d15351b0 method=java.util.concurrent.ConcurrentHashMap.get(Ljava/lang/Object;)Ljava/lang/Object; @ 76 c2
Event: 87.836 Thread 0x000001d7f64e1300 DEOPT PACKING pc=0x000001d7d15351b0 sp=0x000000a7473fb500
Event: 87.836 Thread 0x000001d7f64e1300 DEOPT UNPACKING pc=0x000001d7d0f77ba2 sp=0x000000a7473fb468 mode 2

Classes loaded (20 events):
Event: 87.829 Loading class sun/reflect/generics/reflectiveObjects/WildcardTypeImpl done
Event: 87.836 Loading class jdk/internal/vm/annotation/IntrinsicCandidate
Event: 87.836 Loading class jdk/internal/vm/annotation/IntrinsicCandidate done
Event: 87.843 Loading class java/util/stream/MatchOps$MatchKind
Event: 87.843 Loading class java/util/stream/MatchOps$MatchKind done
Event: 87.843 Loading class java/util/stream/MatchOps
Event: 87.843 Loading class java/util/stream/MatchOps done
Event: 87.887 Loading class java/util/stream/MatchOps$MatchOp
Event: 87.888 Loading class java/util/stream/MatchOps$MatchOp done
Event: 87.889 Loading class java/util/stream/MatchOps$BooleanTerminalSink
Event: 87.891 Loading class java/util/stream/MatchOps$BooleanTerminalSink done
Event: 87.891 Loading class java/util/stream/MatchOps$1MatchSink
Event: 87.891 Loading class java/util/stream/MatchOps$1MatchSink done
Event: 88.072 Loading class java/lang/TypeNotPresentException
Event: 88.072 Loading class java/lang/TypeNotPresentException done
Event: 88.292 Loading class java/util/zip/DataFormatException
Event: 88.293 Loading class java/util/zip/DataFormatException done
Event: 88.294 Loading class java/lang/ClassFormatError
Event: 88.294 Loading class java/lang/ClassFormatError done
Event: 88.299 Loading class java/lang/invoke/WrongMethodTypeException

Classes unloaded (0 events):
No events

Classes redefined (0 events):
No events

Internal exceptions (20 events):
Event: 41.273 Thread 0x000001d7c67ef710 Exception <a 'java/lang/NoSuchMethodError'{0x00000000ee136430}: 'java.lang.Object java.lang.invoke.DirectMethodHandle$Holder.invokeStatic(java.lang.Object, java.lang.Object, java.lang.Object, java.lang.Object, java.lang.Object, java.lang.Object, java.lang.Object, java.lang.Object, java.lang.Object, java.lang.Object, java.lang.Object, java.lang.Object, java.lang.Object)'> (0x00000000ee136430) 
thrown [s\src\hotspot\share\interpreter\linkResolver.cpp, line 773]
Event: 41.406 Thread 0x000001d7c67ef710 Exception <a 'java/lang/NoSuchMethodError'{0x00000000ee155a38}: 'java.lang.Object java.lang.invoke.DirectMethodHandle$Holder.invokeStatic(java.lang.Object, java.lang.Object, java.lang.Object, java.lang.Object, java.lang.Object, java.lang.Object, java.lang.Object, java.lang.Object, java.lang.Object, java.lang.Object, java.lang.Object, java.lang.Object, java.lang.Object, java.lang.Object)'> (0x00000000ee155a38) 
thrown [s\src\hotspot\share\interpreter\linkResolver.cpp, line 773]
Event: 41.408 Thread 0x000001d7c67ef710 Exception <a 'java/lang/NoSuchMethodError'{0x00000000ee175fd0}: 'java.lang.Object java.lang.invoke.DirectMethodHandle$Holder.invokeStatic(java.lang.Object, java.lang.Object, java.lang.Object, java.lang.Object, java.lang.Object, java.lang.Object, java.lang.Object, java.lang.Object, java.lang.Object, java.lang.Object, java.lang.Object, java.lang.Object, java.lang.Object, java.lang.Object, java.lang.Object)'> (0x00000000ee175fd0) 
thrown [s\src\hotspot\share\interpreter\linkResolver.cpp, line 773]
Event: 41.410 Thread 0x000001d7c67ef710 Exception <a 'java/lang/NoSuchMethodError'{0x00000000ee199120}: 'java.lang.Object java.lang.invoke.DirectMethodHandle$Holder.invokeStatic(java.lang.Object, java.lang.Object, java.lang.Object, java.lang.Object, java.lang.Object, java.lang.Object, java.lang.Object, java.lang.Object, java.lang.Object, java.lang.Object, java.lang.Object, java.lang.Object, java.lang.Object, java.lang.Object, java.lang.Object, java.lang.Object)'> (0x00000000ee199120) 
thrown [s\src\hotspot\share\interpreter\linkResolver.cpp, lin
Event: 65.820 Thread 0x000001d7c67ef710 Exception <a 'java/lang/NoSuchMethodError'{0x00000000edac6f10}: 'java.lang.Object java.lang.invoke.DirectMethodHandle$Holder.invokeVirtual(java.lang.Object, java.lang.Object, java.lang.Object, java.lang.Object, java.lang.Object, java.lang.Object, java.lang.Object, java.lang.Object, java.lang.Object)'> (0x00000000edac6f10) 
thrown [s\src\hotspot\share\interpreter\linkResolver.cpp, line 773]
Event: 66.778 Thread 0x000001d7c67ef710 Exception <a 'java/lang/NoSuchMethodError'{0x00000000ed845a50}: 'java.lang.Object java.lang.invoke.DirectMethodHandle$Holder.invokeStaticInit(java.lang.Object, int, int, int, int)'> (0x00000000ed845a50) 
thrown [s\src\hotspot\share\interpreter\linkResolver.cpp, line 773]
Event: 68.517 Thread 0x000001d7c67ef710 Exception <a 'java/lang/NoSuchMethodError'{0x00000000ed8efe70}: 'java.lang.Object java.lang.invoke.DirectMethodHandle$Holder.invokeStaticInit(java.lang.Object, java.lang.Object, int, int, int, int)'> (0x00000000ed8efe70) 
thrown [s\src\hotspot\share\interpreter\linkResolver.cpp, line 773]
Event: 72.365 Thread 0x000001d7c67ef710 Exception <a 'java/io/IOException'{0x00000000ed5f37b8}> (0x00000000ed5f37b8) 
thrown [s\src\hotspot\share\prims\jni.cpp, line 520]
Event: 72.396 Thread 0x000001d7c67ef710 Implicit null exception at 0x000001d7d150a424 to 0x000001d7d150aae8
Event: 72.407 Thread 0x000001d7c67ef710 Exception <a 'java/lang/NoSuchMethodError'{0x00000000ed464048}: 'java.lang.Object java.lang.invoke.DirectMethodHandle$Holder.newInvokeSpecial(java.lang.Object, java.lang.Object, java.lang.Object, java.lang.Object, java.lang.Object)'> (0x00000000ed464048) 
thrown [s\src\hotspot\share\interpreter\linkResolver.cpp, line 773]
Event: 72.634 Thread 0x000001d7c67ef710 Exception <a 'java/lang/NoSuchMethodError'{0x00000000ed486c08}: 'void java.lang.invoke.DirectMethodHandle$Holder.invokeSpecial(java.lang.Object, java.lang.Object, java.lang.Object)'> (0x00000000ed486c08) 
thrown [s\src\hotspot\share\interpreter\linkResolver.cpp, line 773]
Event: 85.135 Thread 0x000001d7f64e1300 Exception <a 'java/lang/NoSuchMethodError'{0x00000000ecaac0d8}: 'java.lang.Object java.lang.invoke.DirectMethodHandle$Holder.invokeVirtual(java.lang.Object, java.lang.Object, java.lang.Object, java.lang.Object, java.lang.Object, java.lang.Object, java.lang.Object)'> (0x00000000ecaac0d8) 
thrown [s\src\hotspot\share\interpreter\linkResolver.cpp, line 773]
Event: 85.180 Thread 0x000001d7f64e1300 Exception <a 'java/lang/NoSuchMethodError'{0x00000000ec93ecf0}: 'long java.lang.invoke.DirectMethodHandle$Holder.invokeInterface(java.lang.Object, java.lang.Object)'> (0x00000000ec93ecf0) 
thrown [s\src\hotspot\share\interpreter\linkResolver.cpp, line 773]
Event: 87.103 Thread 0x000001d7f64e1300 Exception <a 'java/lang/NoSuchMethodError'{0x00000000ec501bd0}: 'void java.lang.invoke.DirectMethodHandle$Holder.invokeStatic(java.lang.Object, java.lang.Object)'> (0x00000000ec501bd0) 
thrown [s\src\hotspot\share\interpreter\linkResolver.cpp, line 773]
Event: 87.288 Thread 0x000001d7f64e1300 Exception <a 'java/lang/NoSuchMethodError'{0x00000000ec54b170}: 'java.lang.Object java.lang.invoke.DirectMethodHandle$Holder.invokeVirtual(java.lang.Object, java.lang.Object, java.lang.Object, java.lang.Object, java.lang.Object, java.lang.Object, java.lang.Object, java.lang.Object, java.lang.Object, java.lang.Object, java.lang.Object, java.lang.Object)'> (0x00000000ec54b170) 
thrown [s\src\hotspot\share\interpreter\linkResolver.cpp, line 773]
Event: 87.288 Thread 0x000001d7f64e1300 Exception <a 'java/lang/NoSuchMethodError'{0x00000000ec550198}: 'java.lang.Object java.lang.invoke.DirectMethodHandle$Holder.invokeSpecial(java.lang.Object, java.lang.Object, java.lang.Object, java.lang.Object, java.lang.Object, java.lang.Object, java.lang.Object, java.lang.Object, java.lang.Object, java.lang.Object, java.lang.Object, java.lang.Object, java.lang.Object)'> (0x00000000ec550198) 
thrown [s\src\hotspot\share\interpreter\linkResolver.cpp, line 773]
Event: 87.764 Thread 0x000001d7f64e1300 Exception <a 'java/lang/NoSuchMethodError'{0x00000000ec4e10b0}: 'void java.lang.invoke.DirectMethodHandle$Holder.invokeStatic(java.lang.Object, java.lang.Object, java.lang.Object, java.lang.Object)'> (0x00000000ec4e10b0) 
thrown [s\src\hotspot\share\interpreter\linkResolver.cpp, line 773]
Event: 87.892 Thread 0x000001d7f64e1300 Exception <a 'java/lang/NoSuchMethodError'{0x00000000ec399ff8}: 'int java.lang.invoke.DirectMethodHandle$Holder.invokeVirtual(java.lang.Object, java.lang.Object, java.lang.Object)'> (0x00000000ec399ff8) 
thrown [s\src\hotspot\share\interpreter\linkResolver.cpp, line 773]
Event: 88.292 Thread 0x000001d7f64e1300 Exception <a 'java/io/IOException'{0x00000000ec19eb18}> (0x00000000ec19eb18) 
thrown [s\src\hotspot\share\prims\jni.cpp, line 520]
Event: 88.294 Thread 0x000001d7f64e1300 Exception <a 'java/lang/NoClassDefFoundError'{0x00000000ec1a0ec0}: org/gradle/model/internal/asm/MethodVisitorScope> (0x00000000ec1a0ec0) 
thrown [s\src\hotspot\share\classfile\systemDictionary.cpp, line 302]

ZGC Phase Switch (0 events):
No events

VM Operations (20 events):
Event: 77.375 Executing non-safepoint VM operation: HandshakeAllThreads (Deoptimize)
Event: 77.375 Executing non-safepoint VM operation: HandshakeAllThreads (Deoptimize) done
Event: 77.375 Executing safepoint VM operation: Cleanup
Event: 77.375 Executing safepoint VM operation: Cleanup done
Event: 78.381 Executing safepoint VM operation: Cleanup
Event: 78.381 Executing safepoint VM operation: Cleanup done
Event: 81.413 Executing safepoint VM operation: Cleanup
Event: 81.413 Executing safepoint VM operation: Cleanup done
Event: 82.422 Executing safepoint VM operation: Cleanup
Event: 82.422 Executing safepoint VM operation: Cleanup done
Event: 83.430 Executing safepoint VM operation: Cleanup
Event: 83.453 Executing safepoint VM operation: Cleanup done
Event: 84.453 Executing safepoint VM operation: Cleanup
Event: 84.453 Executing safepoint VM operation: Cleanup done
Event: 85.462 Executing safepoint VM operation: Cleanup
Event: 85.557 Executing safepoint VM operation: Cleanup done
Event: 86.567 Executing safepoint VM operation: Cleanup
Event: 86.644 Executing safepoint VM operation: Cleanup done
Event: 87.665 Executing safepoint VM operation: Cleanup
Event: 87.665 Executing safepoint VM operation: Cleanup done

Memory protections (0 events):
No events

Nmethod flushes (0 events):
No events

Events (20 events):
Event: 1.043 Thread 0x000001d7c67ef710 Thread added: 0x000001d7dc1cc630
Event: 1.043 Thread 0x000001d7c67ef710 Thread added: 0x000001d7dc1d0cb0
Event: 1.043 Thread 0x000001d7c67ef710 Thread added: 0x000001d7dc1d1650
Event: 1.093 Thread 0x000001d7c67ef710 Thread added: 0x000001d7dc1d2b30
Event: 1.771 Thread 0x000001d7c67ef710 Thread added: 0x000001d7dc38dd80
Event: 2.515 Thread 0x000001d7c67ef710 Thread added: 0x000001d7dc493600
Event: 9.803 Thread 0x000001d7dc1d2b30 Thread added: 0x000001d7dc4449b0
Event: 9.803 Thread 0x000001d7dc1d2b30 Thread added: 0x000001d7dc4b8000
Event: 10.000 Thread 0x000001d7dc4b8000 Thread exited: 0x000001d7dc4b8000
Event: 10.311 Thread 0x000001d7dc4449b0 Thread exited: 0x000001d7dc4449b0
Event: 40.827 Thread 0x000001d7c67ef710 Thread added: 0x000001d7f6212ed0
Event: 68.964 Thread 0x000001d7c67ef710 Thread added: 0x000001d7f665e300
Event: 72.635 Thread 0x000001d7c67ef710 Thread added: 0x000001d7f6572a60
Event: 77.579 Thread 0x000001d7f665e300 Thread added: 0x000001d7f64748a0
Event: 77.601 Thread 0x000001d7f64748a0 Thread added: 0x000001d7f67991a0
Event: 77.748 Thread 0x000001d7f64748a0 Thread added: 0x000001d7f669c450
Event: 80.567 Thread 0x000001d7f64748a0 Thread added: 0x000001d7f64e1300
Event: 81.528 Thread 0x000001d7f64e1300 Thread added: 0x000001d7f6622530
Event: 82.504 Thread 0x000001d7f64e1300 Thread added: 0x000001d7f661f0b0
Event: 82.526 Thread 0x000001d7f64e1300 Thread added: 0x000001d7f6621180


Dynamic libraries:
0x00007ff6187a0000 - 0x00007ff6187ae000 	C:\Users\user\.vscode\extensions\redhat.java-1.56.0-win32-x64\jre\21.0.12.1-win32-x86_64\bin\java.exe
0x00007ffcbcde0000 - 0x00007ffcbd047000 	C:\WINDOWS\SYSTEM32\ntdll.dll
0x00007ffcbb7a0000 - 0x00007ffcbb86b000 	C:\WINDOWS\System32\KERNEL32.DLL
0x00007ffcba6f0000 - 0x00007ffcbaaf2000 	C:\WINDOWS\System32\KERNELBASE.dll
0x00007ffcba460000 - 0x00007ffcba5ac000 	C:\WINDOWS\System32\ucrtbase.dll
0x00007ffca6300000 - 0x00007ffca631e000 	C:\Users\user\.vscode\extensions\redhat.java-1.56.0-win32-x64\jre\21.0.12.1-win32-x86_64\bin\VCRUNTIME140.dll
0x00007ffca62c0000 - 0x00007ffca62d8000 	C:\Users\user\.vscode\extensions\redhat.java-1.56.0-win32-x64\jre\21.0.12.1-win32-x86_64\bin\jli.dll
0x00007ffcbad00000 - 0x00007ffcbaecf000 	C:\WINDOWS\System32\USER32.dll
0x00007ffcba090000 - 0x00007ffcba0b7000 	C:\WINDOWS\System32\win32u.dll
0x00007ffcbc7f0000 - 0x00007ffcbc81b000 	C:\WINDOWS\System32\GDI32.dll
0x00007ffcba5c0000 - 0x00007ffcba6e9000 	C:\WINDOWS\System32\gdi32full.dll
0x00007ffcb9fe0000 - 0x00007ffcba083000 	C:\WINDOWS\System32\msvcp_win.dll
0x00007ffca3f40000 - 0x00007ffca41d0000 	C:\WINDOWS\WinSxS\amd64_microsoft.windows.common-controls_6595b64144ccf1df_6.0.26100.9278_none_3e0d1ba8e3303201\COMCTL32.dll
0x00007ffcbc740000 - 0x00007ffcbc7e9000 	C:\WINDOWS\System32\msvcrt.dll
0x00007ffcbaca0000 - 0x00007ffcbacd1000 	C:\WINDOWS\System32\IMM32.DLL
0x00007ffcb4270000 - 0x00007ffcb427c000 	C:\Users\user\.vscode\extensions\redhat.java-1.56.0-win32-x64\jre\21.0.12.1-win32-x86_64\bin\vcruntime140_1.dll
0x00007ffc90d80000 - 0x00007ffc90e0d000 	C:\Users\user\.vscode\extensions\redhat.java-1.56.0-win32-x64\jre\21.0.12.1-win32-x86_64\bin\msvcp140.dll
0x00007ffc0df50000 - 0x00007ffc0ecf2000 	C:\Users\user\.vscode\extensions\redhat.java-1.56.0-win32-x64\jre\21.0.12.1-win32-x86_64\bin\server\jvm.dll
0x00007ffcbc670000 - 0x00007ffcbc72c000 	C:\WINDOWS\System32\ADVAPI32.dll
0x00007ffcbc550000 - 0x00007ffcbc5f9000 	C:\WINDOWS\System32\sechost.dll
0x00007ffcbc430000 - 0x00007ffcbc548000 	C:\WINDOWS\System32\RPCRT4.dll
0x00007ffcbac10000 - 0x00007ffcbac90000 	C:\WINDOWS\System32\WS2_32.dll
0x00007ffca4200000 - 0x00007ffca4236000 	C:\WINDOWS\SYSTEM32\WINMM.dll
0x00007ffcb9e40000 - 0x00007ffcb9e9e000 	C:\WINDOWS\SYSTEM32\POWRPROF.dll
0x00007ffca7c00000 - 0x00007ffca7c0b000 	C:\WINDOWS\SYSTEM32\VERSION.dll
0x00007ffcb9e20000 - 0x00007ffcb9e35000 	C:\WINDOWS\SYSTEM32\UMPDC.dll
0x00007ffcb8ca0000 - 0x00007ffcb8cbb000 	C:\WINDOWS\SYSTEM32\kernel.appcore.dll
0x00007ffca71e0000 - 0x00007ffca71ea000 	C:\Users\user\.vscode\extensions\redhat.java-1.56.0-win32-x64\jre\21.0.12.1-win32-x86_64\bin\jimage.dll
0x00007ffcb7500000 - 0x00007ffcb774c000 	C:\WINDOWS\SYSTEM32\DBGHELP.DLL
0x00007ffcbc900000 - 0x00007ffcbcc85000 	C:\WINDOWS\System32\combase.dll
0x00007ffcbb870000 - 0x00007ffcbb949000 	C:\WINDOWS\System32\OLEAUT32.dll
0x00007ffc9dc80000 - 0x00007ffc9dcbb000 	C:\WINDOWS\SYSTEM32\dbgcore.DLL
0x00007ffcba310000 - 0x00007ffcba3bc000 	C:\WINDOWS\System32\bcryptPrimitives.dll
0x00007ffc9f6e0000 - 0x00007ffc9f6ef000 	C:\Users\user\.vscode\extensions\redhat.java-1.56.0-win32-x64\jre\21.0.12.1-win32-x86_64\bin\instrument.dll
0x00007ffc9e860000 - 0x00007ffc9e880000 	C:\Users\user\.vscode\extensions\redhat.java-1.56.0-win32-x64\jre\21.0.12.1-win32-x86_64\bin\java.dll
0x00007ffcbb950000 - 0x00007ffcbc0e8000 	C:\WINDOWS\System32\SHELL32.dll
0x00007ffcb78e0000 - 0x00007ffcb818e000 	C:\WINDOWS\SYSTEM32\windows.storage.dll
0x00007ffcbafa0000 - 0x00007ffcbb09b000 	C:\WINDOWS\System32\SHCORE.dll
0x00007ffcbb0a0000 - 0x00007ffcbb106000 	C:\WINDOWS\System32\shlwapi.dll
0x00007ffcb9f00000 - 0x00007ffcb9f29000 	C:\WINDOWS\SYSTEM32\profapi.dll
0x00007ffc9ba10000 - 0x00007ffc9ba28000 	C:\Users\user\.vscode\extensions\redhat.java-1.56.0-win32-x64\jre\21.0.12.1-win32-x86_64\bin\zip.dll
0x00007ffca70b0000 - 0x00007ffca70c0000 	C:\Users\user\.vscode\extensions\redhat.java-1.56.0-win32-x64\jre\21.0.12.1-win32-x86_64\bin\net.dll
0x00007ffcaf7d0000 - 0x00007ffcaf8fa000 	C:\WINDOWS\SYSTEM32\WINHTTP.dll
0x00007ffcb9260000 - 0x00007ffcb92cc000 	C:\WINDOWS\system32\mswsock.dll
0x00007ffc9b980000 - 0x00007ffc9b996000 	C:\Users\user\.vscode\extensions\redhat.java-1.56.0-win32-x64\jre\21.0.12.1-win32-x86_64\bin\nio.dll
0x00007ffc9e710000 - 0x00007ffc9e720000 	C:\Users\user\.vscode\extensions\redhat.java-1.56.0-win32-x64\jre\21.0.12.1-win32-x86_64\bin\verify.dll
0x00007ffc910f0000 - 0x00007ffc91117000 	C:\Users\user\.gradle\native\660c5614fbf4a5f2a75b1949f50a0caf5cd603558e7d8a26e50b933a0cfb79d1\windows-amd64\native-platform.dll
0x00007ffc86e30000 - 0x00007ffc86ea7000 	C:\Users\user\.gradle\native\0.2.8\x86_64-windows-gnu\gradle-fileevents.dll
0x00007ffc96b90000 - 0x00007ffc96b9a000 	C:\Users\user\.vscode\extensions\redhat.java-1.56.0-win32-x64\jre\21.0.12.1-win32-x86_64\bin\management.dll
0x00007ffc96b80000 - 0x00007ffc96b8c000 	C:\Users\user\.vscode\extensions\redhat.java-1.56.0-win32-x64\jre\21.0.12.1-win32-x86_64\bin\management_ext.dll
0x00007ffcbcc90000 - 0x00007ffcbcc98000 	C:\WINDOWS\System32\PSAPI.DLL
0x00007ffcb8730000 - 0x00007ffcb8763000 	C:\WINDOWS\SYSTEM32\IPHLPAPI.DLL
0x00007ffcbc420000 - 0x00007ffcbc42a000 	C:\WINDOWS\System32\NSI.dll
0x00007ffc918b0000 - 0x00007ffc918b9000 	C:\Users\user\.vscode\extensions\redhat.java-1.56.0-win32-x64\jre\21.0.12.1-win32-x86_64\bin\extnet.dll
0x00007ffcb9550000 - 0x00007ffcb956b000 	C:\WINDOWS\SYSTEM32\CRYPTSP.dll
0x00007ffcb8c00000 - 0x00007ffcb8c39000 	C:\WINDOWS\system32\rsaenh.dll
0x00007ffcb9310000 - 0x00007ffcb9344000 	C:\WINDOWS\SYSTEM32\USERENV.dll
0x00007ffcb9ed0000 - 0x00007ffcb9efa000 	C:\WINDOWS\SYSTEM32\bcrypt.dll
0x00007ffcb9570000 - 0x00007ffcb957c000 	C:\WINDOWS\SYSTEM32\CRYPTBASE.dll
0x00007ffc910e0000 - 0x00007ffc910ee000 	C:\Users\user\.vscode\extensions\redhat.java-1.56.0-win32-x64\jre\21.0.12.1-win32-x86_64\bin\sunmscapi.dll
0x00007ffcba0c0000 - 0x00007ffcba23e000 	C:\WINDOWS\System32\CRYPT32.dll
0x00007ffcb9790000 - 0x00007ffcb97c0000 	C:\WINDOWS\SYSTEM32\ncrypt.dll
0x00007ffcb9740000 - 0x00007ffcb977f000 	C:\WINDOWS\SYSTEM32\NTASN1.dll
0x00007ffc4d6a0000 - 0x00007ffc4d6a8000 	C:\WINDOWS\system32\wshunix.dll

JVMTI agents:
C:\Users\user\.gradle\wrapper\dists\gradle-9.5.1-bin\iq79hdu3mqx29lgffhp8bfmx\gradle-9.5.1\lib\agents\gradle-instrumentation-agent-9.5.1.jar path:C:\Users\user\.vscode\extensions\redhat.java-1.56.0-win32-x64\jre\21.0.12.1-win32-x86_64\bin\instrument.dll, loaded, initialized, instrumentlib options:none

dbghelp: loaded successfully - version: 4.0.5 - missing functions: none
symbol engine: initialized successfully - sym options: 0x614 - pdb path: .;C:\Users\user\.vscode\extensions\redhat.java-1.56.0-win32-x64\jre\21.0.12.1-win32-x86_64\bin;C:\WINDOWS\SYSTEM32;C:\WINDOWS\WinSxS\amd64_microsoft.windows.common-controls_6595b64144ccf1df_6.0.26100.9278_none_3e0d1ba8e3303201;C:\Users\user\.vscode\extensions\redhat.java-1.56.0-win32-x64\jre\21.0.12.1-win32-x86_64\bin\server;C:\Users\user\.gradle\native\660c5614fbf4a5f2a75b1949f50a0caf5cd603558e7d8a26e50b933a0cfb79d1\windows-amd64;C:\Users\user\.gradle\native\0.2.8\x86_64-windows-gnu

VM Arguments:
jvm_args: --add-opens=java.base/java.lang=ALL-UNNAMED --add-opens=java.base/java.lang.invoke=ALL-UNNAMED --add-opens=java.base/java.util=ALL-UNNAMED --add-opens=java.prefs/java.util.prefs=ALL-UNNAMED --add-exports=jdk.compiler/com.sun.tools.javac.api=ALL-UNNAMED --add-exports=jdk.compiler/com.sun.tools.javac.util=ALL-UNNAMED --add-opens=java.base/java.nio.charset=ALL-UNNAMED --add-opens=java.base/java.net=ALL-UNNAMED --add-opens=java.base/java.util.concurrent=ALL-UNNAMED --add-opens=java.base/java.util.concurrent.atomic=ALL-UNNAMED --add-opens=java.xml/javax.xml.namespace=ALL-UNNAMED --add-opens=java.base/java.time=ALL-UNNAMED -XX:MaxMetaspaceSize=384m -XX:+HeapDumpOnOutOfMemoryError -Xms256m -Xmx512m -Dfile.encoding=UTF-8 -Duser.country=KR -Duser.language=ko -Duser.variant -javaagent:C:\Users\user\.gradle\wrapper\dists\gradle-9.5.1-bin\iq79hdu3mqx29lgffhp8bfmx\gradle-9.5.1\lib\agents\gradle-instrumentation-agent-9.5.1.jar 
java_command: org.gradle.launcher.daemon.bootstrap.GradleDaemon 9.5.1
java_class_path (initial): C:\Users\user\.gradle\wrapper\dists\gradle-9.5.1-bin\iq79hdu3mqx29lgffhp8bfmx\gradle-9.5.1\lib\gradle-daemon-main-9.5.1.jar
Launcher Type: SUN_STANDARD

[Global flags]
     intx CICompilerCount                          = 4                                         {product} {ergonomic}
   size_t CompressedClassSpaceSize                 = 335544320                                 {product} {ergonomic}
     uint ConcGCThreads                            = 2                                         {product} {ergonomic}
     uint G1ConcRefinementThreads                  = 8                                         {product} {ergonomic}
   size_t G1HeapRegionSize                         = 1048576                                   {product} {ergonomic}
    uintx GCDrainStackTargetSize                   = 64                                        {product} {ergonomic}
     bool HeapDumpOnOutOfMemoryError               = true                                   {manageable} {command line}
   size_t InitialHeapSize                          = 268435456                                 {product} {command line}
   size_t MarkStackSize                            = 4194304                                   {product} {ergonomic}
   size_t MaxHeapSize                              = 536870912                                 {product} {command line}
   size_t MaxMetaspaceSize                         = 402653184                                 {product} {command line}
   size_t MaxNewSize                               = 321912832                                 {product} {ergonomic}
   size_t MinHeapDeltaBytes                        = 1048576                                   {product} {ergonomic}
   size_t MinHeapSize                              = 268435456                                 {product} {command line}
    uintx NonNMethodCodeHeapSize                   = 5839372                                {pd product} {ergonomic}
    uintx NonProfiledCodeHeapSize                  = 122909434                              {pd product} {ergonomic}
    uintx ProfiledCodeHeapSize                     = 122909434                              {pd product} {ergonomic}
    uintx ReservedCodeCacheSize                    = 251658240                              {pd product} {ergonomic}
     bool SegmentedCodeCache                       = true                                      {product} {ergonomic}
   size_t SoftMaxHeapSize                          = 536870912                              {manageable} {ergonomic}
     bool UseCompressedOops                        = true                           {product lp64_product} {ergonomic}
     bool UseG1GC                                  = true                                      {product} {ergonomic}
     bool UseLargePagesIndividualAllocation        = false                                  {pd product} {ergonomic}

Logging:
Log output configuration:
 #0: stdout all=warning uptime,level,tags foldmultilines=false
 #1: stderr all=off uptime,level,tags foldmultilines=false

Release file:
JAVA_VERSION="21.0.12.1" 
MODULES="java.base java.compiler java.datatransfer java.xml java.prefs java.desktop java.instrument java.logging java.management java.security.sasl java.naming java.rmi java.management.rmi java.net.http java.scripting java.security.jgss java.transaction.xa java.sql java.sql.rowset java.xml.crypto java.se java.smartcardio jdk.accessibility jdk.internal.jvmstat jdk.attach jdk.charsets jdk.internal.opt jdk.zipfs jdk.compiler jdk.crypto.ec jdk.crypto.cryptoki jdk.crypto.mscapi jdk.dynalink jdk.internal.ed jdk.editpad jdk.hotspot.agent jdk.httpserver jdk.internal.le jdk.internal.vm.ci jdk.internal.vm.compiler jdk.internal.vm.compiler.management jdk.jartool jdk.javadoc jdk.jcmd jdk.management jdk.management.agent jdk.jconsole jdk.jdeps jdk.jdwp.agent jdk.jdi jdk.jfr jdk.jshell jdk.jsobject jdk.jstatd jdk.localedata jdk.management.jfr jdk.naming.dns jdk.naming.rmi jdk.net jdk.nio.mapmode jdk.random jdk.sctp jdk.security.auth jdk.security.jgss jdk.unsupported jdk.unsupported.desktop jdk.xml.dom" 

Environment Variables:
PATH=C:\Program Files\Common Files\Oracle\Java\javapath;C:\Program Files\Python313\Scripts\;C:\Program Files\Python313\;C:\WINDOWS\system32;C:\WINDOWS;C:\WINDOWS\System32\Wbem;C:\WINDOWS\System32\WindowsPowerShell\v1.0\;C:\WINDOWS\System32\OpenSSH\;C:\Program Files\Git\cmd;C:\Program Files (x86)\cloudflared\;C:\Program Files\nodejs\;C:\Users\user\Desktop\Scripts\;C:\Users\user\Desktop\;C:\Users\user\AppData\Local\Microsoft\WindowsApps;C:\Users\user\AppData\Local\Programs\Microsoft VS Code\bin;C:\Program Files\Multipass\bin;C:\intelFPGA_lite\18.1\modelsim_ase\win32aloem;C:\Users\user\Desktop\opencv\build\x64\vc15\bin;C:\Users\user\AppData\Roaming\npm
USERNAME=user
OS=Windows_NT
PROCESSOR_IDENTIFIER=Intel64 Family 6 Model 140 Stepping 1, GenuineIntel
TMP=C:\Users\user\AppData\Local\Temp
TEMP=C:\Users\user\AppData\Local\Temp




Periodic native trim disabled

---------------  S Y S T E M  ---------------

OS:
 Windows 11 , 64 bit Build 26100 (10.0.26100.9444)
OS uptime: 0 days 6:43 hours

CPU: total 8 (initial active 8) (4 cores per cpu, 2 threads per core) family 6 model 140 stepping 1 microcode 0x8a, cx8, cmov, fxsr, ht, mmx, 3dnowpref, sse, sse2, sse3, ssse3, sse4.1, sse4.2, popcnt, lzcnt, tsc, tscinvbit, avx, avx2, aes, erms, clmul, bmi1, bmi2, adx, avx512f, avx512dq, avx512cd, avx512bw, avx512vl, sha, fma, vzeroupper, avx512_vpopcntdq, avx512_vpclmulqdq, avx512_vaes, avx512_vnni, clflush, clflushopt, clwb, avx512_vbmi2, avx512_vbmi, rdtscp, rdpid, fsrm, gfni, avx512_bitalg, f16c, pku, cet_ibt, cet_ss, avx512_ifma
Processor Information for the first 8 processors :
  Max Mhz: 2419, Current Mhz: 2419, Mhz Limit: 2419

Memory: 4k page, system-wide physical 16107M (1372M free)
TotalPageFile size 46495M (AvailPageFile size 3758M)
current process WorkingSet (physical memory assigned to process): 164M, peak: 164M
current process commit charge ("private bytes"): 392M, peak: 392M

vm_info: OpenJDK 64-Bit Server VM (21.0.12.1+1-LTS) for windows-amd64 JRE (21.0.12.1+1-LTS), built on 2026-08-18T00:00:00Z by "admin" with MS VC++ 17.12 (VS2022)

END.
