#
# There is insufficient memory for the Java Runtime Environment to continue.
# Native memory allocation (mmap) failed to map 65536 bytes. Error detail: Failed to commit metaspace.
# Possible reasons:
#   The system is out of physical RAM or swap space
#   This process is running with CompressedOops enabled, and the Java Heap may be blocking the growth of the native heap
# Possible solutions:
#   Reduce memory load on the system
#   Increase physical memory or swap space
#   Check if swap backing store is full
#   Decrease Java heap size (-Xmx/-Xms)
#   Decrease number of Java threads
#   Decrease Java thread stack sizes (-Xss)
#   Set larger code cache with -XX:ReservedCodeCacheSize=
#   JVM is running with Unscaled Compressed Oops mode in which the Java heap is
#     placed in the first 4GB address space. The Java Heap base address is the
#     maximum limit for the native heap growth. Please use -XX:HeapBaseMinAddress
#     to set the Java Heap base and to place the Java Heap above 4GB virtual address.
# This output file may be truncated or incomplete.
#
#  Out of Memory Error (virtualSpaceNode.cpp:113), pid=35748, tid=12984
#
# JRE version: OpenJDK Runtime Environment Temurin-21.0.12.1+1 (21.0.12.1+1) (build 21.0.12.1+1-LTS)
# Java VM: OpenJDK 64-Bit Server VM Temurin-21.0.12.1+1 (21.0.12.1+1-LTS, mixed mode, sharing, tiered, compressed oops, compressed class ptrs, g1 gc, windows-amd64)
# No core dump will be written. Minidumps are not enabled by default on client versions of Windows
#

---------------  S U M M A R Y ------------

Command Line: --add-opens=java.base/java.lang=ALL-UNNAMED --add-opens=java.base/java.lang.invoke=ALL-UNNAMED --add-opens=java.base/java.util=ALL-UNNAMED --add-opens=java.prefs/java.util.prefs=ALL-UNNAMED --add-exports=jdk.compiler/com.sun.tools.javac.api=ALL-UNNAMED --add-exports=jdk.compiler/com.sun.tools.javac.util=ALL-UNNAMED --add-opens=java.base/java.nio.charset=ALL-UNNAMED --add-opens=java.base/java.net=ALL-UNNAMED --add-opens=java.base/java.util.concurrent=ALL-UNNAMED --add-opens=java.base/java.util.concurrent.atomic=ALL-UNNAMED --add-opens=java.xml/javax.xml.namespace=ALL-UNNAMED --add-opens=java.base/java.time=ALL-UNNAMED -XX:MaxMetaspaceSize=384m -XX:+HeapDumpOnOutOfMemoryError -Xms256m -Xmx512m -Dfile.encoding=UTF-8 -Duser.country=KR -Duser.language=ko -Duser.variant -javaagent:C:\Users\user\.gradle\wrapper\dists\gradle-9.5.1-bin\iq79hdu3mqx29lgffhp8bfmx\gradle-9.5.1\lib\agents\gradle-instrumentation-agent-9.5.1.jar org.gradle.launcher.daemon.bootstrap.GradleDaemon 9.5.1

Host: 11th Gen Intel(R) Core(TM) i5-1135G7 @ 2.40GHz, 8 cores, 15G,  Windows 11 , 64 bit Build 26100 (10.0.26100.9444)
Time: Wed Sep 16 10:03:21 2026 elapsed time: 136.573137 seconds (0d 0h 2m 16s)

---------------  T H R E A D  ---------------

Current thread (0x0000016575a0e730):  JavaThread "Daemon worker"        [_thread_in_vm, id=12984, stack(0x0000001b37a00000,0x0000001b37b00000) (1024K)]

Stack: [0x0000001b37a00000,0x0000001b37b00000]
Native frames: (J=compiled Java code, j=interpreted, Vv=VM code, C=native code)
V  [jvm.dll+0x6d83e9]
V  [jvm.dll+0x8b5736]
V  [jvm.dll+0x8b7cee]
V  [jvm.dll+0x8b83d3]
V  [jvm.dll+0x284596]
V  [jvm.dll+0x8b147e]
V  [jvm.dll+0x679ad4]
V  [jvm.dll+0x1e849b]
V  [jvm.dll+0x1e825e]
V  [jvm.dll+0x67c3d2]
V  [jvm.dll+0x67c202]
V  [jvm.dll+0x67a4ae]
V  [jvm.dll+0x684758]
V  [jvm.dll+0x21973e]
V  [jvm.dll+0x219be5]
V  [jvm.dll+0x21a5d8]
V  [jvm.dll+0x20f80e]
V  [jvm.dll+0x5b6a7f]
V  [jvm.dll+0x82f77d]
V  [jvm.dll+0x479a6e]
V  [jvm.dll+0x48cde6]
C  [java.dll+0x1657]

Java frames: (J=compiled Java code, j=interpreted, Vv=VM code)
J 1872  java.lang.ClassLoader.defineClass0(Ljava/lang/ClassLoader;Ljava/lang/Class;Ljava/lang/String;[BIILjava/security/ProtectionDomain;ZILjava/lang/Object;)Ljava/lang/Class; java.base@21.0.12.1 (0 bytes) @ 0x000001655078223c [0x0000016550782140+0x00000000000000fc]
J 2798 c1 java.lang.System$2.defineClass(Ljava/lang/ClassLoader;Ljava/lang/Class;Ljava/lang/String;[BLjava/security/ProtectionDomain;ZILjava/lang/Object;)Ljava/lang/Class; java.base@21.0.12.1 (21 bytes) @ 0x00000165491572f4 [0x0000016549157240+0x00000000000000b4]
J 2797 c1 java.lang.invoke.MethodHandles$Lookup$ClassDefiner.defineClass(ZLjava/lang/Object;)Ljava/lang/Class; java.base@21.0.12.1 (213 bytes) @ 0x00000165491565fc [0x00000165491560a0+0x000000000000055c]
J 3543 c1 java.lang.invoke.InnerClassLambdaMetafactory.generateInnerClass()Ljava/lang/Class; java.base@21.0.12.1 (506 bytes) @ 0x00000165492c18ec [0x00000165492bff40+0x00000000000019ac]
J 4224 c1 java.lang.invoke.InnerClassLambdaMetafactory.spinInnerClass()Ljava/lang/Class; java.base@21.0.12.1 (118 bytes) @ 0x000001654942009c [0x000001654941fee0+0x00000000000001bc]
J 4230 c1 java.lang.invoke.InnerClassLambdaMetafactory.buildCallSite()Ljava/lang/invoke/CallSite; java.base@21.0.12.1 (150 bytes) @ 0x0000016549421a2c [0x00000165494219a0+0x000000000000008c]
J 3665 c1 java.lang.invoke.LambdaMetafactory.metafactory(Ljava/lang/invoke/MethodHandles$Lookup;Ljava/lang/String;Ljava/lang/invoke/MethodType;Ljava/lang/invoke/MethodType;Ljava/lang/invoke/MethodHandle;Ljava/lang/invoke/MethodType;)Ljava/lang/invoke/CallSite; java.base@21.0.12.1 (71 bytes) @ 0x0000016549316ba4 [0x0000016549316720+0x0000000000000484]
J 3784 c1 java.lang.invoke.LambdaForm$DMH+0x000001655d1e0400.invokeStatic(Ljava/lang/Object;Ljava/lang/Object;Ljava/lang/Object;Ljava/lang/Object;Ljava/lang/Object;Ljava/lang/Object;Ljava/lang/Object;)Ljava/lang/Object; java.base@21.0.12.1 (31 bytes) @ 0x00000165493532f4 [0x0000016549352fe0+0x0000000000000314]
J 3645 c1 java.lang.invoke.BootstrapMethodInvoker.invoke(Ljava/lang/Class;Ljava/lang/invoke/MethodHandle;Ljava/lang/String;Ljava/lang/Object;Ljava/lang/Object;Ljava/lang/Class;)Ljava/lang/Object; java.base@21.0.12.1 (974 bytes) @ 0x00000165492f57dc [0x00000165492ef640+0x000000000000619c]
J 3293 c1 java.lang.invoke.CallSite.makeSite(Ljava/lang/invoke/MethodHandle;Ljava/lang/String;Ljava/lang/invoke/MethodType;Ljava/lang/Object;Ljava/lang/Class;)Ljava/lang/invoke/CallSite; java.base@21.0.12.1 (91 bytes) @ 0x000001654924abb4 [0x000001654924ab20+0x0000000000000094]
J 3292 c1 java.lang.invoke.MethodHandleNatives.linkCallSiteImpl(Ljava/lang/Class;Ljava/lang/invoke/MethodHandle;Ljava/lang/String;Ljava/lang/invoke/MethodType;Ljava/lang/Object;[Ljava/lang/Object;)Ljava/lang/invoke/MemberName; java.base@21.0.12.1 (119 bytes) @ 0x0000016549249b5c [0x0000016549249ae0+0x000000000000007c]
J 3291 c1 java.lang.invoke.MethodHandleNatives.linkCallSite(Ljava/lang/Object;Ljava/lang/Object;Ljava/lang/Object;Ljava/lang/Object;Ljava/lang/Object;[Ljava/lang/Object;)Ljava/lang/invoke/MemberName; java.base@21.0.12.1 (65 bytes) @ 0x00000165492495bc [0x0000016549249180+0x000000000000043c]
v  ~StubRoutines::call_stub 0x00000165501210e7
j  org.gradle.groovy.scripts.internal.DefaultScriptCompilationHandler$ClassesDirCompiledScript.prepareClassLoaderScope()Lorg/gradle/api/internal/initialization/ClassLoaderScope;+93
j  org.gradle.groovy.scripts.internal.DefaultScriptCompilationHandler$ClassesDirCompiledScript.loadClass()Ljava/lang/Class;+33
j  org.gradle.groovy.scripts.internal.DefaultScriptRunnerFactory$ScriptRunnerImpl.getScript()Lorg/gradle/groovy/scripts/Script;+11
j  org.gradle.groovy.scripts.internal.DefaultScriptRunnerFactory$ScriptRunnerImpl.run(Ljava/lang/Object;Lorg/gradle/internal/service/ServiceRegistry;)V+21
j  org.gradle.configuration.DefaultScriptPluginFactory$ScriptPluginImpl.lambda$apply$1(Lorg/gradle/groovy/scripts/ScriptRunner;Ljava/lang/Object;Lorg/gradle/internal/service/CloseableServiceRegistry;)V+3
j  org.gradle.configuration.DefaultScriptPluginFactory$ScriptPluginImpl$$Lambda+0x000001655d5dfce8.run()V+12
j  org.gradle.configuration.DefaultScriptTarget.addConfiguration(Ljava/lang/Runnable;Z)V+1
j  org.gradle.configuration.DefaultScriptPluginFactory$ScriptPluginImpl.apply(Ljava/lang/Object;)V+342
j  org.gradle.configuration.BuildOperationScriptPlugin$1.run(Lorg/gradle/internal/operations/BuildOperationContext;)V+11
j  org.gradle.internal.operations.DefaultBuildOperationRunner$1.execute(Lorg/gradle/internal/operations/RunnableBuildOperation;Lorg/gradle/internal/operations/BuildOperationContext;)V+2
j  org.gradle.internal.operations.DefaultBuildOperationRunner$1.execute(Lorg/gradle/internal/operations/BuildOperation;Lorg/gradle/internal/operations/BuildOperationContext;)V+6
j  org.gradle.internal.operations.DefaultBuildOperationRunner$2.execute(Lorg/gradle/internal/operations/BuildOperationDescriptor;Lorg/gradle/internal/operations/BuildOperationState;Lorg/gradle/internal/operations/BuildOperationState;Lorg/gradle/internal/operations/DefaultBuildOperationRunner$ReadableBuildOperationContext;Lorg/gradle/internal/operations/DefaultBuildOperationRunner$BuildOperationExecutionListener;)Lorg/gradle/internal/operations/BuildOperation;+22
j  org.gradle.internal.operations.DefaultBuildOperationRunner$2.execute(Lorg/gradle/internal/operations/BuildOperationDescriptor;Lorg/gradle/internal/operations/BuildOperationState;Lorg/gradle/internal/operations/BuildOperationState;Lorg/gradle/internal/operations/DefaultBuildOperationRunner$ReadableBuildOperationContext;Lorg/gradle/internal/operations/DefaultBuildOperationRunner$BuildOperationExecutionListener;)Ljava/lang/Object;+8
j  org.gradle.internal.operations.DefaultBuildOperationRunner.execute(Lorg/gradle/internal/operations/BuildOperationDescriptor$Builder;Lorg/gradle/internal/operations/DefaultBuildOperationRunner$BuildOperationExecution;)Ljava/lang/Object;+141
j  org.gradle.internal.operations.DefaultBuildOperationRunner.execute(Lorg/gradle/internal/operations/BuildOperation;Lorg/gradle/internal/operations/BuildOperationWorker;)V+17
j  org.gradle.internal.operations.DefaultBuildOperationRunner.run(Lorg/gradle/internal/operations/RunnableBuildOperation;)V+5
j  org.gradle.configuration.BuildOperationScriptPlugin.lambda$apply$0(Ljava/lang/Object;Lorg/gradle/internal/code/UserCodeApplicationId;)V+14
j  org.gradle.configuration.BuildOperationScriptPlugin$$Lambda+0x000001655d5aabf0.execute(Ljava/lang/Object;)V+12
j  org.gradle.internal.code.DefaultUserCodeApplicationContext.apply(Lorg/gradle/internal/code/UserCodeSource;Lorg/gradle/api/Action;)V+37
j  org.gradle.configuration.BuildOperationScriptPlugin.apply(Ljava/lang/Object;)V+71
j  org.gradle.initialization.ScriptEvaluatingSettingsProcessor.applySettingsScript(Lorg/gradle/groovy/scripts/TextResourceScriptSource;Lorg/gradle/api/internal/SettingsInternal;)V+32
j  org.gradle.initialization.ScriptEvaluatingSettingsProcessor.process(Lorg/gradle/api/internal/GradleInternal;Lorg/gradle/initialization/SettingsLocation;Lorg/gradle/api/internal/initialization/ClassLoaderScope;Lorg/gradle/StartParameter;)Lorg/gradle/initialization/SettingsState;+90
j  org.gradle.initialization.SettingsEvaluatedCallbackFiringSettingsProcessor.process(Lorg/gradle/api/internal/GradleInternal;Lorg/gradle/initialization/SettingsLocation;Lorg/gradle/api/internal/initialization/ClassLoaderScope;Lorg/gradle/StartParameter;)Lorg/gradle/initialization/SettingsState;+9
j  org.gradle.features.internal.initialization.SharedModelDefaultsSettingsProcessor.process(Lorg/gradle/api/internal/GradleInternal;Lorg/gradle/initialization/SettingsLocation;Lorg/gradle/api/internal/initialization/ClassLoaderScope;Lorg/gradle/StartParameter;)Lorg/gradle/initialization/SettingsState;+9
j  org.gradle.initialization.RootBuildCacheControllerSettingsProcessor.process(Lorg/gradle/api/internal/GradleInternal;Lorg/gradle/initialization/SettingsLocation;Lorg/gradle/api/internal/initialization/ClassLoaderScope;Lorg/gradle/StartParameter;)Lorg/gradle/initialization/SettingsState;+9
j  org.gradle.initialization.BuildOperationSettingsProcessor$2.call(Lorg/gradle/internal/operations/BuildOperationContext;)Lorg/gradle/initialization/SettingsState;+23
j  org.gradle.initialization.BuildOperationSettingsProcessor$2.call(Lorg/gradle/internal/operations/BuildOperationContext;)Ljava/lang/Object;+2
j  org.gradle.internal.operations.DefaultBuildOperationRunner$CallableBuildOperationWorker.execute(Lorg/gradle/internal/operations/CallableBuildOperation;Lorg/gradle/internal/operations/BuildOperationContext;)V+3
j  org.gradle.internal.operations.DefaultBuildOperationRunner$CallableBuildOperationWorker.execute(Lorg/gradle/internal/operations/BuildOperation;Lorg/gradle/internal/operations/BuildOperationContext;)V+6
j  org.gradle.internal.operations.DefaultBuildOperationRunner$2.execute(Lorg/gradle/internal/operations/BuildOperationDescriptor;Lorg/gradle/internal/operations/BuildOperationState;Lorg/gradle/internal/operations/BuildOperationState;Lorg/gradle/internal/operations/DefaultBuildOperationRunner$ReadableBuildOperationContext;Lorg/gradle/internal/operations/DefaultBuildOperationRunner$BuildOperationExecutionListener;)Lorg/gradle/internal/operations/BuildOperation;+22
j  org.gradle.internal.operations.DefaultBuildOperationRunner$2.execute(Lorg/gradle/internal/operations/BuildOperationDescriptor;Lorg/gradle/internal/operations/BuildOperationState;Lorg/gradle/internal/operations/BuildOperationState;Lorg/gradle/internal/operations/DefaultBuildOperationRunner$ReadableBuildOperationContext;Lorg/gradle/internal/operations/DefaultBuildOperationRunner$BuildOperationExecutionListener;)Ljava/lang/Object;+8
j  org.gradle.internal.operations.DefaultBuildOperationRunner.execute(Lorg/gradle/internal/operations/BuildOperationDescriptor$Builder;Lorg/gradle/internal/operations/DefaultBuildOperationRunner$BuildOperationExecution;)Ljava/lang/Object;+141
j  org.gradle.internal.operations.DefaultBuildOperationRunner.execute(Lorg/gradle/internal/operations/BuildOperation;Lorg/gradle/internal/operations/BuildOperationWorker;)V+17
j  org.gradle.internal.operations.DefaultBuildOperationRunner.call(Lorg/gradle/internal/operations/CallableBuildOperation;)Ljava/lang/Object;+12
j  org.gradle.initialization.BuildOperationSettingsProcessor.process(Lorg/gradle/api/internal/GradleInternal;Lorg/gradle/initialization/SettingsLocation;Lorg/gradle/api/internal/initialization/ClassLoaderScope;Lorg/gradle/StartParameter;)Lorg/gradle/initialization/SettingsState;+17
j  org.gradle.initialization.DefaultSettingsPreparer.findSettingsAndLoadIfAppropriate(Lorg/gradle/api/internal/GradleInternal;Lorg/gradle/StartParameter;Lorg/gradle/initialization/layout/BuildLayout;Lorg/gradle/api/internal/initialization/ClassLoaderScope;)Lorg/gradle/initialization/SettingsState;+41
j  org.gradle.initialization.DefaultSettingsPreparer.findAndLoadSettings(Lorg/gradle/api/internal/GradleInternal;)Lorg/gradle/initialization/SettingsState;+135
j  org.gradle.initialization.DefaultSettingsPreparer.loadBuild(Lorg/gradle/api/internal/GradleInternal;)V+43
j  org.gradle.initialization.DefaultSettingsPreparer.access$000(Lorg/gradle/initialization/DefaultSettingsPreparer;Lorg/gradle/api/internal/GradleInternal;)V+2
j  org.gradle.initialization.DefaultSettingsPreparer$2.run(Lorg/gradle/internal/operations/BuildOperationContext;)V+8
j  org.gradle.internal.operations.DefaultBuildOperationRunner$1.execute(Lorg/gradle/internal/operations/RunnableBuildOperation;Lorg/gradle/internal/operations/BuildOperationContext;)V+2
j  org.gradle.internal.operations.DefaultBuildOperationRunner$1.execute(Lorg/gradle/internal/operations/BuildOperation;Lorg/gradle/internal/operations/BuildOperationContext;)V+6
j  org.gradle.internal.operations.DefaultBuildOperationRunner$2.execute(Lorg/gradle/internal/operations/BuildOperationDescriptor;Lorg/gradle/internal/operations/BuildOperationState;Lorg/gradle/internal/operations/BuildOperationState;Lorg/gradle/internal/operations/DefaultBuildOperationRunner$ReadableBuildOperationContext;Lorg/gradle/internal/operations/DefaultBuildOperationRunner$BuildOperationExecutionListener;)Lorg/gradle/internal/operations/BuildOperation;+22
j  org.gradle.internal.operations.DefaultBuildOperationRunner$2.execute(Lorg/gradle/internal/operations/BuildOperationDescriptor;Lorg/gradle/internal/operations/BuildOperationState;Lorg/gradle/internal/operations/BuildOperationState;Lorg/gradle/internal/operations/DefaultBuildOperationRunner$ReadableBuildOperationContext;Lorg/gradle/internal/operations/DefaultBuildOperationRunner$BuildOperationExecutionListener;)Ljava/lang/Object;+8
j  org.gradle.internal.operations.DefaultBuildOperationRunner.execute(Lorg/gradle/internal/operations/BuildOperationDescriptor$Builder;Lorg/gradle/internal/operations/DefaultBuildOperationRunner$BuildOperationExecution;)Ljava/lang/Object;+141
j  org.gradle.internal.operations.DefaultBuildOperationRunner.execute(Lorg/gradle/internal/operations/BuildOperation;Lorg/gradle/internal/operations/BuildOperationWorker;)V+17
j  org.gradle.internal.operations.DefaultBuildOperationRunner.run(Lorg/gradle/internal/operations/RunnableBuildOperation;)V+5
j  org.gradle.initialization.DefaultSettingsPreparer.prepareSettings(Lorg/gradle/api/internal/GradleInternal;)V+31
j  org.gradle.initialization.VintageBuildModelController.lambda$prepareSettings$1()V+8
j  org.gradle.initialization.VintageBuildModelController$$Lambda+0x000001655d458678.run()V+4
j  org.gradle.internal.model.StateTransitionController.lambda$doTransition$15(Ljava/lang/Runnable;)Lorg/gradle/internal/build/ExecutionResult;+1
j  org.gradle.internal.model.StateTransitionController$$Lambda+0x000001655d458450.get()Ljava/lang/Object;+4
j  org.gradle.internal.model.StateTransitionController.doTransition(Lorg/gradle/internal/model/StateTransitionController$State;Lorg/gradle/internal/model/StateTransitionController$State;Ljava/util/function/Supplier;)Lorg/gradle/internal/build/ExecutionResult;+24
j  org.gradle.internal.model.StateTransitionController.doTransition(Lorg/gradle/internal/model/StateTransitionController$State;Lorg/gradle/internal/model/StateTransitionController$State;Ljava/lang/Runnable;)V+9
j  org.gradle.internal.model.StateTransitionController.lambda$transitionIfNotPreviously$12(Lorg/gradle/internal/model/StateTransitionController$State;Lorg/gradle/internal/model/StateTransitionController$State;Ljava/lang/Runnable;)V+16
j  org.gradle.internal.model.StateTransitionController$$Lambda+0x000001655d4588a0.run()V+16
j  org.gradle.internal.work.DefaultSynchronizer.withLock(Ljava/lang/Runnable;)V+6
j  org.gradle.internal.model.StateTransitionController.transitionIfNotPreviously(Lorg/gradle/internal/model/StateTransitionController$State;Lorg/gradle/internal/model/StateTransitionController$State;Ljava/lang/Runnable;)V+13
j  org.gradle.initialization.VintageBuildModelController.prepareSettings()V+16
j  org.gradle.initialization.VintageBuildModelController.prepareToScheduleTasks()V+1
j  org.gradle.internal.build.DefaultBuildLifecycleController.lambda$prepareToScheduleTasks$7()V+9
j  org.gradle.internal.build.DefaultBuildLifecycleController$$Lambda+0x000001655d458000.run()V+4
j  org.gradle.internal.model.StateTransitionController.lambda$doTransition$15(Ljava/lang/Runnable;)Lorg/gradle/internal/build/ExecutionResult;+1
j  org.gradle.internal.model.StateTransitionController$$Lambda+0x000001655d458450.get()Ljava/lang/Object;+4
j  org.gradle.internal.model.StateTransitionController.doTransition(Lorg/gradle/internal/model/StateTransitionController$State;Lorg/gradle/internal/model/StateTransitionController$State;Ljava/util/function/Supplier;)Lorg/gradle/internal/build/ExecutionResult;+24
j  org.gradle.internal.model.StateTransitionController.doTransition(Lorg/gradle/internal/model/StateTransitionController$State;Lorg/gradle/internal/model/StateTransitionController$State;Ljava/lang/Runnable;)V+9
j  org.gradle.internal.model.StateTransitionController.lambda$maybeTransition$10(Lorg/gradle/internal/model/StateTransitionController$State;Lorg/gradle/internal/model/StateTransitionController$State;Ljava/lang/Runnable;)V+16
j  org.gradle.internal.model.StateTransitionController$$Lambda+0x000001655d458228.run()V+16
j  org.gradle.internal.work.DefaultSynchronizer.withLock(Ljava/lang/Runnable;)V+6
j  org.gradle.internal.model.StateTransitionController.maybeTransition(Lorg/gradle/internal/model/StateTransitionController$State;Lorg/gradle/internal/model/StateTransitionController$State;Ljava/lang/Runnable;)V+13
j  org.gradle.internal.build.DefaultBuildLifecycleController.prepareToScheduleTasks()V+16
j  org.gradle.internal.buildtree.DefaultBuildTreeWorkPreparer.scheduleRequestedTasks(Lorg/gradle/internal/buildtree/BuildTreeWorkGraph;Lorg/gradle/execution/EntryTaskSelector;)Lorg/gradle/internal/buildtree/BuildTreeWorkGraph$FinalizedGraph;+4
j  org.gradle.internal.cc.impl.barrier.BarrierAwareBuildTreeWorkPreparer.scheduleRequestedTasks$lambda$0(Lorg/gradle/internal/cc/impl/barrier/BarrierAwareBuildTreeWorkPreparer;Lorg/gradle/internal/buildtree/BuildTreeWorkGraph;Lorg/gradle/execution/EntryTaskSelector;)Lorg/gradle/internal/buildtree/BuildTreeWorkGraph$FinalizedGraph;+6
j  org.gradle.internal.cc.impl.barrier.BarrierAwareBuildTreeWorkPreparer$$Lambda+0x000001655d450400.invoke()Ljava/lang/Object;+12
j  org.gradle.internal.cc.impl.barrier.VintageConfigurationTimeActionRunner.runConfigurationTimeAction(Lkotlin/jvm/functions/Function0;)Ljava/lang/Object;+25
j  org.gradle.internal.cc.impl.barrier.BarrierAwareBuildTreeWorkPreparer.scheduleRequestedTasks(Lorg/gradle/internal/buildtree/BuildTreeWorkGraph;Lorg/gradle/execution/EntryTaskSelector;)Lorg/gradle/internal/buildtree/BuildTreeWorkGraph$FinalizedGraph;+18
j  org.gradle.internal.cc.impl.VintageBuildTreeWorkController$scheduleAndRunRequestedTasks$1$finalizedGraph$1.call()Lorg/gradle/internal/buildtree/BuildTreeWorkGraph$FinalizedGraph;+15
j  org.gradle.internal.cc.impl.VintageBuildTreeWorkController$scheduleAndRunRequestedTasks$1$finalizedGraph$1.call()Ljava/lang/Object;+1
j  org.gradle.internal.Try.ofFailable(Ljava/util/concurrent/Callable;)Lorg/gradle/internal/Try;+1
j  org.gradle.internal.cc.impl.VintageBuildTreeWorkController$scheduleAndRunRequestedTasks$1.apply(Lorg/gradle/internal/buildtree/BuildTreeWorkGraph;)Lorg/gradle/internal/buildtree/BuildTreeWorkController$TaskRunResult;+25
j  org.gradle.internal.cc.impl.VintageBuildTreeWorkController$scheduleAndRunRequestedTasks$1.apply(Ljava/lang/Object;)Ljava/lang/Object;+5
j  org.gradle.composite.internal.DefaultIncludedBuildTaskGraph.withNewWorkGraph(Ljava/util/function/Function;)Ljava/lang/Object;+30
j  org.gradle.internal.cc.impl.VintageBuildTreeWorkController.scheduleAndRunRequestedTasks(Lorg/gradle/execution/EntryTaskSelector;)Lorg/gradle/internal/buildtree/BuildTreeWorkController$TaskRunResult;+16
j  org.gradle.internal.buildtree.DefaultBuildTreeLifecycleController.lambda$scheduleAndRunTasks$1(Lorg/gradle/execution/EntryTaskSelector;)Lorg/gradle/internal/build/ExecutionResult;+5
j  org.gradle.internal.buildtree.DefaultBuildTreeLifecycleController$$Lambda+0x000001655d4533f8.get()Ljava/lang/Object;+8
j  org.gradle.internal.buildtree.DefaultBuildTreeLifecycleController.lambda$runBuild$5(Ljava/util/function/Supplier;)Ljava/lang/Object;+1
j  org.gradle.internal.buildtree.DefaultBuildTreeLifecycleController$$Lambda+0x000001655d453620.get()Ljava/lang/Object;+8
j  org.gradle.internal.model.StateTransitionController.lambda$transition$7(Ljava/util/function/Supplier;)Lorg/gradle/internal/build/ExecutionResult;+1
j  org.gradle.internal.model.StateTransitionController$$Lambda+0x000001655d453a70.get()Ljava/lang/Object;+4
j  org.gradle.internal.model.StateTransitionController.doTransition(Lorg/gradle/internal/model/StateTransitionController$State;Lorg/gradle/internal/model/StateTransitionController$State;Ljava/util/function/Supplier;)Lorg/gradle/internal/build/ExecutionResult;+24
j  org.gradle.internal.model.StateTransitionController.lambda$transition$8(Lorg/gradle/internal/model/StateTransitionController$State;Lorg/gradle/internal/model/StateTransitionController$State;Ljava/util/function/Supplier;)Ljava/lang/Object;+9
j  org.gradle.internal.model.StateTransitionController$$Lambda+0x000001655d453848.create()Ljava/lang/Object;+16
j  org.gradle.internal.work.DefaultSynchronizer.withLock(Lorg/gradle/internal/Factory;)Ljava/lang/Object;+6
j  org.gradle.internal.model.StateTransitionController.transition(Lorg/gradle/internal/model/StateTransitionController$State;Lorg/gradle/internal/model/StateTransitionController$State;Ljava/util/function/Supplier;)Ljava/lang/Object;+13
j  org.gradle.internal.buildtree.DefaultBuildTreeLifecycleController.runBuild(Ljava/util/function/Supplier;)Ljava/lang/Object;+17
j  org.gradle.internal.buildtree.DefaultBuildTreeLifecycleController.scheduleAndRunTasks(Lorg/gradle/execution/EntryTaskSelector;)V+8
j  org.gradle.internal.buildtree.DefaultBuildTreeLifecycleController.scheduleAndRunTasks()V+2
j  org.gradle.tooling.internal.provider.runner.BuildModelActionRunner.run(Lorg/gradle/internal/invocation/BuildAction;Lorg/gradle/internal/buildtree/BuildTreeLifecycleController;)Lorg/gradle/internal/buildtree/BuildActionRunner$Result;+71
j  org.gradle.launcher.exec.ChainingBuildActionRunner.run(Lorg/gradle/internal/invocation/BuildAction;Lorg/gradle/internal/buildtree/BuildTreeLifecycleController;)Lorg/gradle/internal/buildtree/BuildActionRunner$Result;+34
j  org.gradle.internal.buildtree.ProblemReportingBuildActionRunner.run(Lorg/gradle/internal/invocation/BuildAction;Lorg/gradle/internal/buildtree/BuildTreeLifecycleController;)Lorg/gradle/internal/buildtree/BuildActionRunner$Result;+12
j  org.gradle.launcher.exec.BuildOutcomeReportingBuildActionRunner.run(Lorg/gradle/internal/invocation/BuildAction;Lorg/gradle/internal/buildtree/BuildTreeLifecycleController;)Lorg/gradle/internal/buildtree/BuildActionRunner$Result;+69
j  org.gradle.tooling.internal.provider.FileSystemWatchingBuildActionRunner.run(Lorg/gradle/internal/invocation/BuildAction;Lorg/gradle/internal/buildtree/BuildTreeLifecycleController;)Lorg/gradle/internal/buildtree/BuildActionRunner$Result;+317
j  org.gradle.launcher.exec.BuildCompletionNotifyingBuildActionRunner.run(Lorg/gradle/internal/invocation/BuildAction;Lorg/gradle/internal/buildtree/BuildTreeLifecycleController;)Lorg/gradle/internal/buildtree/BuildActionRunner$Result;+6
j  org.gradle.launcher.exec.RootBuildLifecycleBuildActionExecutor.lambda$execute$0(Lorg/gradle/internal/invocation/BuildAction;Lorg/gradle/internal/buildtree/BuildTreeLifecycleController;)Lorg/gradle/internal/buildtree/BuildActionRunner$Result;+6
j  org.gradle.launcher.exec.RootBuildLifecycleBuildActionExecutor$$Lambda+0x000001655d43ecb0.apply(Ljava/lang/Object;)Ljava/lang/Object;+12
j  org.gradle.composite.internal.DefaultRootBuildState.run(Ljava/util/function/Function;)Ljava/lang/Object;+92
j  org.gradle.launcher.exec.RootBuildLifecycleBuildActionExecutor.execute(Lorg/gradle/internal/invocation/BuildAction;)Lorg/gradle/internal/buildtree/BuildActionRunner$Result;+91
j  org.gradle.launcher.exec.BuildTreeLifecycleBuildActionExecutor.runRootBuildAction(Lorg/gradle/internal/invocation/BuildAction;Lorg/gradle/internal/service/ServiceRegistry;Lorg/gradle/internal/buildtree/BuildActionModelRequirements;Lorg/gradle/internal/buildtree/BuildModelParameters;)Lorg/gradle/internal/buildtree/BuildActionRunner$Result;+42
j  org.gradle.launcher.exec.BuildTreeLifecycleBuildActionExecutor.execute(Lorg/gradle/internal/invocation/BuildAction;Lorg/gradle/internal/session/BuildSessionContext;)Lorg/gradle/internal/buildtree/BuildActionRunner$Result;+50
j  org.gradle.launcher.exec.RunAsBuildOperationBuildActionExecutor$2.call(Lorg/gradle/internal/operations/BuildOperationContext;)Lorg/gradle/internal/buildtree/BuildActionRunner$Result;+25
j  org.gradle.launcher.exec.RunAsBuildOperationBuildActionExecutor$2.call(Lorg/gradle/internal/operations/BuildOperationContext;)Ljava/lang/Object;+2
j  org.gradle.internal.operations.DefaultBuildOperationRunner$CallableBuildOperationWorker.execute(Lorg/gradle/internal/operations/CallableBuildOperation;Lorg/gradle/internal/operations/BuildOperationContext;)V+3
j  org.gradle.internal.operations.DefaultBuildOperationRunner$CallableBuildOperationWorker.execute(Lorg/gradle/internal/operations/BuildOperation;Lorg/gradle/internal/operations/BuildOperationContext;)V+6
j  org.gradle.internal.operations.DefaultBuildOperationRunner$2.execute(Lorg/gradle/internal/operations/BuildOperationDescriptor;Lorg/gradle/internal/operations/BuildOperationState;Lorg/gradle/internal/operations/BuildOperationState;Lorg/gradle/internal/operations/DefaultBuildOperationRunner$ReadableBuildOperationContext;Lorg/gradle/internal/operations/DefaultBuildOperationRunner$BuildOperationExecutionListener;)Lorg/gradle/internal/operations/BuildOperation;+22
j  org.gradle.internal.operations.DefaultBuildOperationRunner$2.execute(Lorg/gradle/internal/operations/BuildOperationDescriptor;Lorg/gradle/internal/operations/BuildOperationState;Lorg/gradle/internal/operations/BuildOperationState;Lorg/gradle/internal/operations/DefaultBuildOperationRunner$ReadableBuildOperationContext;Lorg/gradle/internal/operations/DefaultBuildOperationRunner$BuildOperationExecutionListener;)Ljava/lang/Object;+8
j  org.gradle.internal.operations.DefaultBuildOperationRunner.execute(Lorg/gradle/internal/operations/BuildOperationDescriptor$Builder;Lorg/gradle/internal/operations/DefaultBuildOperationRunner$BuildOperationExecution;)Ljava/lang/Object;+141
j  org.gradle.internal.operations.DefaultBuildOperationRunner.execute(Lorg/gradle/internal/operations/BuildOperation;Lorg/gradle/internal/operations/BuildOperationWorker;)V+17
j  org.gradle.internal.operations.DefaultBuildOperationRunner.call(Lorg/gradle/internal/operations/CallableBuildOperation;)Ljava/lang/Object;+12
j  org.gradle.launcher.exec.RunAsBuildOperationBuildActionExecutor.execute(Lorg/gradle/internal/invocation/BuildAction;Lorg/gradle/internal/session/BuildSessionContext;)Lorg/gradle/internal/buildtree/BuildActionRunner$Result;+23
j  org.gradle.launcher.exec.RunAsWorkerThreadBuildActionExecutor.lambda$execute$0(Lorg/gradle/internal/invocation/BuildAction;Lorg/gradle/internal/session/BuildSessionContext;)Lorg/gradle/internal/buildtree/BuildActionRunner$Result;+6
j  org.gradle.launcher.exec.RunAsWorkerThreadBuildActionExecutor$$Lambda+0x000001655d28e098.create()Ljava/lang/Object;+12
j  org.gradle.internal.work.DefaultWorkerLeaseService.lambda$runAndReleaseLocks$0(Lorg/gradle/internal/Factory;Ljava/util/Collection;)Ljava/lang/Object;+1
j  org.gradle.internal.work.DefaultWorkerLeaseService$$Lambda+0x000001655d28fc78.create()Ljava/lang/Object;+12
j  org.gradle.internal.work.ResourceLockStatistics$1.measure(Ljava/lang/String;Ljava/lang/Iterable;Lorg/gradle/internal/Factory;)Ljava/lang/Object;+1
j  org.gradle.internal.work.DefaultWorkerLeaseService.runAndReleaseLocks(Ljava/util/Collection;Lorg/gradle/internal/Factory;)Ljava/lang/Object;+16
j  org.gradle.internal.work.DefaultWorkerLeaseService.withLocksAcquired(Ljava/util/Collection;Lorg/gradle/internal/Factory;)Ljava/lang/Object;+8
j  org.gradle.internal.work.DefaultWorkerLeaseService.withLocks(Ljava/util/Collection;Lorg/gradle/internal/Factory;)Ljava/lang/Object;+25
j  org.gradle.internal.work.DefaultWorkerLeaseService.runAsWorkerThread(Lorg/gradle/internal/Factory;)Ljava/lang/Object;+33
j  org.gradle.launcher.exec.RunAsWorkerThreadBuildActionExecutor.execute(Lorg/gradle/internal/invocation/BuildAction;Lorg/gradle/internal/session/BuildSessionContext;)Lorg/gradle/internal/buildtree/BuildActionRunner$Result;+12
j  org.gradle.tooling.internal.provider.continuous.ContinuousBuildActionExecutor.execute(Lorg/gradle/internal/invocation/BuildAction;Lorg/gradle/internal/session/BuildSessionContext;)Lorg/gradle/internal/buildtree/BuildActionRunner$Result;+58
j  org.gradle.tooling.internal.provider.SubscribableBuildActionExecutor.execute(Lorg/gradle/internal/invocation/BuildAction;Lorg/gradle/internal/session/BuildSessionContext;)Lorg/gradle/internal/buildtree/BuildActionRunner$Result;+30
j  org.gradle.internal.session.DefaultBuildSessionContext.execute(Lorg/gradle/internal/invocation/BuildAction;)Lorg/gradle/internal/buildtree/BuildActionRunner$Result;+64
j  org.gradle.internal.buildprocess.execution.BuildSessionLifecycleBuildActionExecutor$ActionImpl.apply(Lorg/gradle/internal/session/BuildSessionContext;)Lorg/gradle/launcher/exec/BuildActionResult;+6
j  org.gradle.internal.buildprocess.execution.BuildSessionLifecycleBuildActionExecutor$ActionImpl.apply(Ljava/lang/Object;)Ljava/lang/Object;+5
j  org.gradle.internal.session.BuildSessionState.run(Ljava/util/function/Function;)Ljava/lang/Object;+5
j  org.gradle.internal.buildprocess.execution.BuildSessionLifecycleBuildActionExecutor.execute(Lorg/gradle/internal/invocation/BuildAction;Lorg/gradle/launcher/exec/BuildActionParameters;Lorg/gradle/initialization/BuildRequestContext;)Lorg/gradle/launcher/exec/BuildActionResult;+105
j  org.gradle.internal.buildprocess.execution.BuildSessionLifecycleBuildActionExecutor.execute(Lorg/gradle/internal/invocation/BuildAction;Ljava/lang/Object;Ljava/lang/Object;)Lorg/gradle/launcher/exec/BuildActionResult;+10
j  org.gradle.internal.buildprocess.execution.StartParamsValidatingActionExecutor.execute(Lorg/gradle/internal/invocation/BuildAction;Lorg/gradle/launcher/exec/BuildActionParameters;Lorg/gradle/initialization/BuildRequestContext;)Lorg/gradle/launcher/exec/BuildActionResult;+142
j  org.gradle.internal.buildprocess.execution.StartParamsValidatingActionExecutor.execute(Lorg/gradle/internal/invocation/BuildAction;Ljava/lang/Object;Ljava/lang/Object;)Lorg/gradle/launcher/exec/BuildActionResult;+10
j  org.gradle.internal.buildprocess.execution.SessionFailureReportingActionExecutor.execute(Lorg/gradle/internal/invocation/BuildAction;Lorg/gradle/launcher/exec/BuildActionParameters;Lorg/gradle/initialization/BuildRequestContext;)Lorg/gradle/launcher/exec/BuildActionResult;+7
j  org.gradle.internal.buildprocess.execution.SessionFailureReportingActionExecutor.execute(Lorg/gradle/internal/invocation/BuildAction;Ljava/lang/Object;Ljava/lang/Object;)Lorg/gradle/launcher/exec/BuildActionResult;+10
j  org.gradle.internal.buildprocess.execution.SetupLoggingActionExecutor.execute(Lorg/gradle/internal/invocation/BuildAction;Lorg/gradle/launcher/exec/BuildActionParameters;Lorg/gradle/initialization/BuildRequestContext;)Lorg/gradle/launcher/exec/BuildActionResult;+50
j  org.gradle.internal.buildprocess.execution.SetupLoggingActionExecutor.execute(Lorg/gradle/internal/invocation/BuildAction;Ljava/lang/Object;Ljava/lang/Object;)Lorg/gradle/launcher/exec/BuildActionResult;+10
j  org.gradle.launcher.daemon.server.exec.ExecuteBuild.doBuild(Lorg/gradle/launcher/daemon/server/api/DaemonCommandExecution;Lorg/gradle/launcher/daemon/protocol/Build;)V+147
j  org.gradle.launcher.daemon.server.exec.BuildCommandOnly.execute(Lorg/gradle/launcher/daemon/server/api/DaemonCommandExecution;)V+49
j  org.gradle.launcher.daemon.server.api.DaemonCommandExecution.proceed()Z+23
j  org.gradle.launcher.daemon.server.exec.WatchForDisconnection.execute(Lorg/gradle/launcher/daemon/server/api/DaemonCommandExecution;)V+19
j  org.gradle.launcher.daemon.server.api.DaemonCommandExecution.proceed()Z+23
j  org.gradle.launcher.daemon.server.exec.ResetDeprecationLogger.execute(Lorg/gradle/launcher/daemon/server/api/DaemonCommandExecution;)V+7
j  org.gradle.launcher.daemon.server.api.DaemonCommandExecution.proceed()Z+23
j  org.gradle.launcher.daemon.server.exec.RequestStopIfSingleUsedDaemon.execute(Lorg/gradle/launcher/daemon/server/api/DaemonCommandExecution;)V+33
j  org.gradle.launcher.daemon.server.api.DaemonCommandExecution.proceed()Z+23
j  org.gradle.launcher.daemon.server.exec.ForwardClientInput.lambda$execute$0(Lorg/gradle/launcher/daemon/server/api/DaemonCommandExecution;Lorg/gradle/internal/daemon/clientinput/StdinHandler;)Ljava/lang/Object;+11
j  org.gradle.launcher.daemon.server.exec.ForwardClientInput$$Lambda+0x000001655d199268.apply(Ljava/lang/Object;)Ljava/lang/Object;+8
j  org.gradle.internal.daemon.clientinput.ClientInputForwarder.forwardInput(Ljava/util/function/Function;)Ljava/lang/Object;+46
j  org.gradle.launcher.daemon.server.exec.ForwardClientInput.execute(Lorg/gradle/launcher/daemon/server/api/DaemonCommandExecution;)V+10
j  org.gradle.launcher.daemon.server.api.DaemonCommandExecution.proceed()Z+23
j  org.gradle.launcher.daemon.server.exec.LogAndCheckHealth.execute(Lorg/gradle/launcher/daemon/server/api/DaemonCommandExecution;)V+51
j  org.gradle.launcher.daemon.server.api.DaemonCommandExecution.proceed()Z+23
j  org.gradle.launcher.daemon.server.exec.LogToClient.doBuild(Lorg/gradle/launcher/daemon/server/api/DaemonCommandExecution;Lorg/gradle/launcher/daemon/protocol/Build;)V+87
j  org.gradle.launcher.daemon.server.exec.BuildCommandOnly.execute(Lorg/gradle/launcher/daemon/server/api/DaemonCommandExecution;)V+49
j  org.gradle.launcher.daemon.server.api.DaemonCommandExecution.proceed()Z+23
j  org.gradle.launcher.daemon.server.exec.EstablishBuildEnvironment.doBuild(Lorg/gradle/launcher/daemon/server/api/DaemonCommandExecution;Lorg/gradle/launcher/daemon/protocol/Build;)V+356
j  org.gradle.launcher.daemon.server.exec.BuildCommandOnly.execute(Lorg/gradle/launcher/daemon/server/api/DaemonCommandExecution;)V+49
j  org.gradle.launcher.daemon.server.api.DaemonCommandExecution.proceed()Z+23
j  org.gradle.launcher.daemon.server.exec.StartBuildOrRespondWithBusy$1.run()V+44
j  org.gradle.launcher.daemon.server.DaemonStateCoordinator.lambda$runCommand$0(Ljava/lang/Runnable;)V+1
j  org.gradle.launcher.daemon.server.DaemonStateCoordinator$$Lambda+0x000001655d198000.run()V+8
j  org.gradle.internal.concurrent.ExecutorPolicy$CatchAndRecordFailures.onExecute(Ljava/lang/Runnable;)V+1
j  org.gradle.internal.concurrent.AbstractManagedExecutor$1.run()V+25
j  java.util.concurrent.ThreadPoolExecutor.runWorker(Ljava/util/concurrent/ThreadPoolExecutor$Worker;)V+92 java.base@21.0.12.1
j  java.util.concurrent.ThreadPoolExecutor$Worker.run()V+5 java.base@21.0.12.1
j  java.lang.Thread.runWith(Ljava/lang/Object;Ljava/lang/Runnable;)V+5 java.base@21.0.12.1
j  java.lang.Thread.run()V+19 java.base@21.0.12.1
v  ~StubRoutines::call_stub 0x00000165501210e7

Compiled method (n/a) 139034 1872     n 0       java.lang.ClassLoader::defineClass0 (native)
 total in heap  [0x0000016550781f90,0x0000016550782658] = 1736
 relocation     [0x00000165507820f0,0x0000016550782128] = 56
 main code      [0x0000016550782140,0x0000016550782652] = 1298
 stub code      [0x0000016550782652,0x0000016550782658] = 6

[Constant Pool (empty)]

[MachCode]
[Entry Point]
  # {method} {0x000001655c434610} 'defineClass0' '(Ljava/lang/ClassLoader;Ljava/lang/Class;Ljava/lang/String;[BIILjava/security/ProtectionDomain;ZILjava/lang/Object;)Ljava/lang/Class;' in 'java/lang/ClassLoader'
  # parm0:    rdx:rdx   = 'java/lang/ClassLoader'
  # parm1:    r8:r8     = 'java/lang/Class'
  # parm2:    r9:r9     = 'java/lang/String'
  # parm3:    rdi:rdi   = '[B'
  # parm4:    rsi       = int
  # parm5:    rcx       = int
  # parm6:    [sp+0xb0]   = 'java/security/ProtectionDomain'  (sp of caller)
  # parm7:    [sp+0xb8]   = boolean
  # parm8:    [sp+0xc0]   = int
  # parm9:    [sp+0xc8]   = 'java/lang/Object'
  0x0000016550782140: 448b 5208 | 49bb 0000 | 005c 6501 | 0000 4d03 | d349 3bc2 | 0f84 0600 

  0x0000016550782158: ;   {runtime_call ic_miss_stub}
  0x0000016550782158: 0000 e921 | c89e ff90 
[Verified Entry Point]
  0x0000016550782160: 8984 2400 | 80ff ff55 | 488b ec48 | 81ec a000 | 0000 6690 | 4181 7f20 | 0500 0000 

  0x000001655078217c: ;   {runtime_call StubRoutines (final stubs)}
  0x000001655078217c: 7405 e81d | 619d ff48 | 837d 2800 | 488d 4528 | 480f 4445 | 2848 8944 | 2458 4863 | 4520 4889 
  0x000001655078219c: 4424 5048 | 6345 1848 | 8944 2448 | 4883 7d10 | 0048 8d45 | 1048 0f44 | 4510 4889 | 4424 4048 
  0x00000165507821bc: 894c 2438 | 4889 7424 | 3048 897c | 2478 4883 | ff00 488d | 4424 7848 | 0f44 4424 | 7848 8944 
  0x00000165507821dc: 2428 4c89 | 4c24 7049 | 83f9 0048 | 8d44 2470 | 480f 4444 | 2470 4889 | 4424 204c | 8944 2468 
  0x00000165507821fc: 4983 f800 | 4c8d 4c24 | 684c 0f44 | 4c24 6848 | 8954 2460 | 4883 fa00 | 4c8d 4424 | 604c 0f44 
  0x000001655078221c: ;   {oop(a 'java/lang/Class'{0x00000000e0680328} = 'java/lang/ClassLoader')}
  0x000001655078221c: 4424 6049 | be28 0368 | e000 0000 | 004c 89b4 | 2490 0000 | 004c 8db4 | 2490 0000 | 0049 8bd6 
  0x000001655078223c: ;   {internal_word}
  0x000001655078223c: c5f8 7749 | ba3c 2278 | 5065 0100 | 004d 8997 | a803 0000 | 4989 a7a0 

  0x0000016550782254: ;   {external_word}
  0x0000016550782254: 0300 0049 | ba06 6dbf | 0efc 7f00 | 0041 803a | 000f 844e | 0000 0052 | 4150 4151 

  0x0000016550782270: ;   {metadata({method} {0x000001655c434610} 'defineClass0' '(Ljava/lang/ClassLoader;Ljava/lang/Class;Ljava/lang/String;[BIILjava/security/ProtectionDomain;ZILjava/lang/Object;)Ljava/lang/Class;' in 'java/lang/ClassLoader')}
  0x0000016550782270: 48ba 0846 | 435c 6501 | 0000 498b | cf48 83ec | 2040 f6c4 | 0f0f 8419 | 0000 0048 

  0x000001655078228c: ;   {runtime_call}
  0x000001655078228c: 83ec 0848 | b8e0 ea68 | 0efc 7f00 | 00ff d048 | 83c4 08e9 | 0c00 0000 

  0x00000165507822a4: ;   {runtime_call}
  0x00000165507822a4: 48b8 e0ea | 680e fc7f | 0000 ffd0 | 4883 c420 | 4159 4158 | 5a49 8d8f | c003 0000 | 41c7 874c 
  0x00000165507822c4: 0400 0004 

  0x00000165507822c8: ;   {runtime_call}
  0x00000165507822c8: 0000 0048 | b81c 1586 | 9efc 7f00 | 00ff d0c5 | f877 41c7 | 874c 0400 | 0005 0000 | 00f0 8344 
  0x00000165507822e8: 24c0 0049 | 3baf 5004 | 0000 0f87 | 0e00 0000 | 4183 bf48 | 0400 0000 | 0f84 2b00 | 0000 c5f8 
  0x0000016550782308: 7748 8945 | f849 8bcf | 4c8b e448 | 83ec 2048 

  0x0000016550782318: ;   {runtime_call}
  0x0000016550782318: 83e4 f048 | b800 5834 | 0efc 7f00 | 00ff d049 | 8be4 4d33 | e448 8b45 | f841 c787 | 4c04 0000 
  0x0000016550782338: 0800 0000 | 4183 bfc8 | 0400 0002 | 0f84 db02 

  0x0000016550782348: ;   {external_word}
  0x0000016550782348: 0000 49ba | 066d bf0e | fc7f 0000 | 4180 3a00 | 0f84 4c00 | 0000 4889 

  0x0000016550782360: ;   {metadata({method} {0x000001655c434610} 'defineClass0' '(Ljava/lang/ClassLoader;Ljava/lang/Class;Ljava/lang/String;[BIILjava/security/ProtectionDomain;ZILjava/lang/Object;)Ljava/lang/Class;' in 'java/lang/ClassLoader')}
  0x0000016550782360: 45f8 48ba | 0846 435c | 6501 0000 | 498b cf48 | 83ec 2040 | f6c4 0f0f | 8419 0000 | 0048 83ec 
  0x0000016550782380: ;   {runtime_call}
  0x0000016550782380: 0848 b8e0 | ea68 0efc | 7f00 00ff | d048 83c4 | 08e9 0c00 

  0x0000016550782394: ;   {runtime_call}
  0x0000016550782394: 0000 48b8 | e0ea 680e | fc7f 0000 | ffd0 4883 | c420 488b | 45f8 49c7 | 87a0 0300 | 0000 0000 
  0x00000165507823b4: 0049 c787 | a803 0000 | 0000 0000 | c5f8 7748 | 85c0 0f84 | 3602 0000 | a803 0f85 | 0800 0000 
  0x00000165507823d4: 488b 00e9 | 2602 0000 | a801 0f85 | 0900 0000 | 488b 40fe | e915 0200 | 0048 8b40 | ff41 807f 
  0x00000165507823f4: 4000 0f84 | 0602 0000 | 4883 f800 | 0f84 fc01 | 0000 498b | 4f28 4883 | f900 0f84 | 1400 0000 
  0x0000016550782414: 4883 e908 | 4989 4f28 | 4903 4f38 | 4889 01e9 | da01 0000 | 4881 ecf0 | 0000 0048 | 8904 2448 
  0x0000016550782434: 894c 2408 | 4889 5424 | 104c 8944 | 2418 4c89 | 4c24 204c | 8954 2428 | 4c89 5c24 | 30c5 fb11 
  0x0000016550782454: 4424 40c5 | fb11 4c24 | 48c5 fb11 | 5424 50c5 | fb11 5c24 | 58c5 fb11 | 6424 60c5 | fb11 6c24 
  0x0000016550782474: 6862 e1ff | 0811 4424 | 0e62 e1ff | 0811 4c24 | 0f62 e1ff | 0811 5424 | 1062 e1ff | 0811 5c24 
  0x0000016550782494: ;   {no_reloc}
  0x0000016550782494: 1162 e1ff | 0811 6424 | 1262 e1ff | 0811 6c24 | 1362 e1ff | 0811 7424 | 1462 e1ff | 0811 7c24 
  0x00000165507824b4: 1562 61ff | 0811 4424 | 1662 61ff | 0811 4c24 | 1762 61ff | 0811 5424 | 1862 61ff | 0811 5c24 
  0x00000165507824d4: 1962 61ff | 0811 6424 | 1a62 61ff | 0811 6c24 | 1b62 61ff | 0811 7424 | 1c62 61ff | 0811 7c24 
  0x00000165507824f4: 1d49 8bd7 | 488b c848 | 83ec 2040 | f6c4 0f0f | 8419 0000 | 0048 83ec 

  0x000001655078250c: ;   {runtime_call}
  0x000001655078250c: 0848 b820 | a427 0efc | 7f00 00ff | d048 83c4 | 08e9 0c00 

  0x0000016550782520: ;   {runtime_call}
  0x0000016550782520: 0000 48b8 | 20a4 270e | fc7f 0000 | ffd0 4883 | c420 6261 | ff08 107c | 241d 6261 | ff08 1074 
  0x0000016550782540: 241c 6261 | ff08 106c | 241b 6261 | ff08 1064 | 241a 6261 | ff08 105c | 2419 6261 | ff08 1054 
  0x0000016550782560: 2418 6261 | ff08 104c | 2417 6261 | ff08 1044 | 2416 62e1 | ff08 107c | 2415 62e1 | ff08 1074 
  0x0000016550782580: 2414 62e1 | ff08 106c | 2413 62e1 | ff08 1064 | 2412 62e1 | ff08 105c | 2411 62e1 | ff08 1054 
  0x00000165507825a0: 2410 62e1 | ff08 104c | 240f 62e1 | ff08 1044 | 240e c5fb | 106c 2468 | c5fb 1064 | 2460 c5fb 
  0x00000165507825c0: 105c 2458 | c5fb 1054 | 2450 c5fb | 104c 2448 | c5fb 1044 | 2440 4c8b | 5c24 304c | 8b54 2428 
  0x00000165507825e0: 4c8b 4c24 | 204c 8b44 | 2418 488b | 5424 1048 | 8b4c 2408 | 488b 0424 | 4881 c4f0 | 0000 00c5 
  0x0000016550782600: f877 498b | 8f30 0400 | 00c7 8100 | 0100 0000 | 0000 00c9 | 4983 7f08 | 000f 8501 | 0000 00c3 
  0x0000016550782620: ;   {runtime_call StubRoutines (initial stubs)}
  0x0000016550782620: e9db e899 | ffc5 f877 | 4889 45f8 | 4c8b e448 | 83ec 2048 

  0x0000016550782634: ;   {runtime_call}
  0x0000016550782634: 83e4 f048 | b830 2269 | 0efc 7f00 | 00ff d049 | 8be4 4d33 | e448 8b45 | f8e9 f8fc | ffff f4f4 
  0x0000016550782654: f4f4 f4f4 
[/MachCode]


Compiled method (c1) 139166 2798       3       java.lang.System$2::defineClass (21 bytes)
 total in heap  [0x0000016549157090,0x0000016549157470] = 992
 relocation     [0x00000165491571f0,0x0000016549157230] = 64
 main code      [0x0000016549157240,0x0000016549157378] = 312
 stub code      [0x0000016549157378,0x00000165491573b8] = 64
 metadata       [0x00000165491573b8,0x00000165491573c0] = 8
 scopes data    [0x00000165491573c0,0x0000016549157408] = 72
 scopes pcs     [0x0000016549157408,0x0000016549157458] = 80
 dependencies   [0x0000016549157458,0x0000016549157460] = 8
 nul chk table  [0x0000016549157460,0x0000016549157470] = 16

[Constant Pool (empty)]

[MachCode]
[Entry Point]
  # {method} {0x000001655c019588} 'defineClass' '(Ljava/lang/ClassLoader;Ljava/lang/Class;Ljava/lang/String;[BLjava/security/ProtectionDomain;ZILjava/lang/Object;)Ljava/lang/Class;' in 'java/lang/System$2'
  # this:     rdx:rdx   = 'java/lang/System$2'
  # parm0:    r8:r8     = 'java/lang/ClassLoader'
  # parm1:    r9:r9     = 'java/lang/Class'
  # parm2:    rdi:rdi   = 'java/lang/String'
  # parm3:    rsi:rsi   = '[B'
  # parm4:    rcx:rcx   = 'java/security/ProtectionDomain'
  # parm5:    [sp+0x70]   = boolean  (sp of caller)
  # parm6:    [sp+0x78]   = int
  # parm7:    [sp+0x80]   = 'java/lang/Object'
  0x0000016549157240: 448b 5208 | 49bb 0000 | 005c 6501 | 0000 4d03 | d34c 3bd0 

  0x0000016549157254: ;   {runtime_call ic_miss_stub}
  0x0000016549157254: 0f85 2677 | 0107 660f | 1f44 0000 
[Verified Entry Point]
  0x0000016549157260: 8984 2400 | 80ff ff55 | 4883 ec60 | 4181 7f20 | 0500 0000 

  0x0000016549157274: ;   {runtime_call StubRoutines (final stubs)}
  0x0000016549157274: 7405 e825 | 1000 0748 

  0x000001654915727c: ;   {metadata(method data for {method} {0x000001655c019588} 'defineClass' '(Ljava/lang/ClassLoader;Ljava/lang/Class;Ljava/lang/String;[BLjava/security/ProtectionDomain;ZILjava/lang/Object;)Ljava/lang/Class;' in 'java/lang/System$2')}
  0x000001654915727c: 8bd9 48b9 | 9806 9f71 | 6501 0000 | 8b81 cc00 | 0000 83c0 | 0289 81cc | 0000 0025 | fe07 0000 
  0x000001654915729c: 85c0 0f84 | 6b00 0000 | 4c8b ac24 | 8000 0000 | 448b 5c24 | 788b 4424 | 708b 4e0c 

  0x00000165491572b8: ;   {metadata(method data for {method} {0x000001655c019588} 'defineClass' '(Ljava/lang/ClassLoader;Ljava/lang/Class;Ljava/lang/String;[BLjava/security/ProtectionDomain;ZILjava/lang/Object;)Ljava/lang/Class;' in 'java/lang/System$2')}
  0x00000165491572b8: 48ba 9806 | 9f71 6501 | 0000 4883 | 8210 0100 | 0001 498b | d04d 8bc1 | 4c8b cf48 | 8bfe be00 
  0x00000165491572d8: 0000 0048 | 891c 2489 | 4424 0844 | 895c 2410 | 4c89 6c24 

  0x00000165491572ec: ;   {static_call}
  0x00000165491572ec: 1866 90e8 

  0x00000165491572f0: ; ImmutableOopMap {}
                      ;*invokestatic defineClass0 {reexecute=0 rethrow=0 return_oop=0}
                      ; - java.lang.System$2::defineClass@17
  0x00000165491572f0: 6cae 6207 

  0x00000165491572f4: ;   {other}
  0x00000165491572f4: 0f1f 8400 | 6402 0000 | 4883 c460 

  0x0000016549157300: ;   {poll_return}
  0x0000016549157300: 5d49 3ba7 | 5004 0000 | 0f87 2700 

  0x000001654915730c: ;   {metadata({method} {0x000001655c019588} 'defineClass' '(Ljava/lang/ClassLoader;Ljava/lang/Class;Ljava/lang/String;[BLjava/security/ProtectionDomain;ZILjava/lang/Object;)Ljava/lang/Class;' in 'java/lang/System$2')}
  0x000001654915730c: 0000 c349 | ba80 9501 | 5c65 0100 | 004c 8954 | 2408 48c7 | 0424 ffff 

  0x0000016549157324: ;   {runtime_call counter_overflow Runtime1 stub}
  0x0000016549157324: ffff e855 

  0x0000016549157328: ; ImmutableOopMap {rdx=Oop r8=Oop r9=Oop rdi=Oop rsi=Oop rbx=Oop [128]=Oop }
                      ;*synchronization entry
                      ; - java.lang.System$2::defineClass@-1
  0x0000016549157328: 1f0f 07e9 | 74ff ffff 

  0x0000016549157330: ;   {runtime_call throw_null_pointer_exception Runtime1 stub}
  0x0000016549157330: e8eb ce05 

  0x0000016549157334: ; ImmutableOopMap {r8=Oop r9=Oop rdi=Oop rsi=Oop rbx=Oop r13=Oop [128]=Oop }
                      ;*arraylength {reexecute=0 rethrow=0 return_oop=0}
                      ; - java.lang.System$2::defineClass@8
                      ;   {internal_word}
  0x0000016549157334: 0749 ba01 | 7315 4965 | 0100 004d | 8997 6804 

  0x0000016549157344: ;   {runtime_call SafepointBlob}
  0x0000016549157344: 0000 e935 | f601 0749 | 8b87 0005 | 0000 49c7 | 8700 0500 | 0000 0000 | 0049 c787 | 0805 0000 
  0x0000016549157364: 0000 0000 | 4883 c460 

  0x000001654915736c: ;   {runtime_call unwind_exception Runtime1 stub}
  0x000001654915736c: 5de9 8edd | 0507 f4f4 | f4f4 f4f4 
[Stub Code]
  0x0000016549157378: ;   {no_reloc}
  0x0000016549157378: 48bb 0000 | 0000 0000 

  0x0000016549157380: ;   {runtime_call nmethod}
  0x0000016549157380: 0000 e9fb 

  0x0000016549157384: ;   {runtime_call handle_exception_from_callee Runtime1 stub}
  0x0000016549157384: ffff ffe8 | 74e2 0e07 

  0x000001654915738c: ;   {external_word}
  0x000001654915738c: 48b9 5063 | 950e fc7f | 0000 4883 

  0x0000016549157398: ;   {runtime_call}
  0x0000016549157398: e4f0 48b8 | c0c9 570e | fc7f 0000 

  0x00000165491573a4: ;   {section_word}
  0x00000165491573a4: ffd0 f449 | baa7 7315 | 4965 0100 

  0x00000165491573b0: ;   {runtime_call DeoptimizationBlob}
  0x00000165491573b0: 0041 52e9 | 680a 0207 
[/MachCode]


Compiled method (c1) 139207 2797   !   3       java.lang.invoke.MethodHandles$Lookup$ClassDefiner::defineClass (213 bytes)
 total in heap  [0x0000016549155e10,0x0000016549157070] = 4704
 relocation     [0x0000016549155f70,0x0000016549156090] = 288
 main code      [0x00000165491560a0,0x0000016549156b08] = 2664
 stub code      [0x0000016549156b08,0x0000016549156b80] = 120
 metadata       [0x0000016549156b80,0x0000016549156bf0] = 112
 scopes data    [0x0000016549156bf0,0x0000016549156e08] = 536
 scopes pcs     [0x0000016549156e08,0x0000016549156fc8] = 448
 dependencies   [0x0000016549156fc8,0x0000016549156fe0] = 24
 handler table  [0x0000016549156fe0,0x0000016549157028] = 72
 nul chk table  [0x0000016549157028,0x0000016549157070] = 72

[Constant Pool (empty)]

[MachCode]
[Entry Point]
  # {method} {0x000001655c1eae68} 'defineClass' '(ZLjava/lang/Object;)Ljava/lang/Class;' in 'java/lang/invoke/MethodHandles$Lookup$ClassDefiner'
  # this:     rdx:rdx   = 'java/lang/invoke/MethodHandles$Lookup$ClassDefiner'
  # parm0:    r8        = boolean
  # parm1:    r9:r9     = 'java/lang/Object'
  #           [sp+0xf0]  (sp of caller)
  0x00000165491560a0: 448b 5208 | 49bb 0000 | 005c 6501 | 0000 4d03 | d34c 3bd0 

  0x00000165491560b4: ;   {runtime_call ic_miss_stub}
  0x00000165491560b4: 0f85 c688 | 0107 660f | 1f44 0000 
[Verified Entry Point]
  0x00000165491560c0: 8984 2400 | 80ff ff55 | 4881 ece0 | 0000 0090 | 4181 7f20 | 0500 0000 

  0x00000165491560d8: ;   {runtime_call StubRoutines (final stubs)}
  0x00000165491560d8: 7405 e8c1 | 2100 0748 | 8994 2498 | 0000 0044 | 8984 24b0 | 0000 004c | 898c 24b8 

  0x00000165491560f4: ;   {metadata(method data for {method} {0x000001655c1eae68} 'defineClass' '(ZLjava/lang/Object;)Ljava/lang/Class;' in 'java/lang/invoke/MethodHandles$Lookup$ClassDefiner')}
  0x00000165491560f4: 0000 0048 | be70 fb9e | 7165 0100 | 008b becc | 0000 0083 | c702 89be | cc00 0000 | 81e7 fe07 
  0x0000016549156114: 0000 85ff | 0f84 6b07 | 0000 8b72 | 1048 89b4 | 2490 0000 | 0048 3b06 

  0x000001654915612c: ;   {metadata(method data for {method} {0x000001655c1eae68} 'defineClass' '(ZLjava/lang/Object;)Ljava/lang/Class;' in 'java/lang/invoke/MethodHandles$Lookup$ClassDefiner')}
  0x000001654915612c: 488b fe48 | bb70 fb9e | 7165 0100 | 0048 8383 | 1001 0000 | 018b 7e10 | 4889 bc24 | a800 0000 
  0x000001654915614c: ; implicit exception: dispatches to 0x00000165491568af
  0x000001654915614c: 483b 0748 

  0x0000016549156150: ;   {metadata(method data for {method} {0x000001655c1eae68} 'defineClass' '(ZLjava/lang/Object;)Ljava/lang/Class;' in 'java/lang/invoke/MethodHandles$Lookup$ClassDefiner')}
  0x0000016549156150: 8bdf 48b8 | 70fb 9e71 | 6501 0000 | 4883 8048 | 0100 0001 

  0x0000016549156164: ;   {metadata(method data for {method} {0x000001655c468e60} 'getClassLoader' '()Ljava/lang/ClassLoader;' in 'java/lang/Class')}
  0x0000016549156164: 48bb c8d0 | 0271 6501 | 0000 8b83 | cc00 0000 | 83c0 0289 | 83cc 0000 | 0025 feff | 1f00 85c0 
  0x0000016549156184: 0f84 2a07 | 0000 8b5f | 3448 85db 

  0x0000016549156190: ;   {metadata(method data for {method} {0x000001655c468e60} 'getClassLoader' '()Ljava/lang/ClassLoader;' in 'java/lang/Class')}
  0x0000016549156190: 48b8 c8d0 | 0271 6501 | 0000 48c7 | c110 0100 | 0075 0748 | c7c1 2001 | 0000 4c8b | 1c08 4d8d 
  0x00000165491561b0: 5b01 4c89 | 1c08 0f85 | 0f00 0000 

  0x00000165491561bc: ;   {oop(nullptr)}
  0x00000165491561bc: 48bb 0000 | 0000 0000 | 0000 e9a2 

  0x00000165491561c8: ;   {metadata(method data for {method} {0x000001655c468e60} 'getClassLoader' '()Ljava/lang/ClassLoader;' in 'java/lang/Class')}
  0x00000165491561c8: 0000 0048 | b8c8 d002 | 7165 0100 | 0048 8380 | 3001 0000 

  0x00000165491561dc: ;   {metadata(method data for {method} {0x000001655c01b1d0} 'getSecurityManager' '()Ljava/lang/SecurityManager;' in 'java/lang/System')}
  0x00000165491561dc: 0148 b888 | d202 7165 | 0100 008b | 88cc 0000 | 0083 c102 | 8988 cc00 | 0000 81e1 | feff 1f00 
  0x00000165491561fc: 85c9 0f84 | d106 0000 

  0x0000016549156204: ;   {metadata(method data for {method} {0x000001655c01b1d0} 'getSecurityManager' '()Ljava/lang/SecurityManager;' in 'java/lang/System')}
  0x0000016549156204: 48b8 88d2 | 0271 6501 | 0000 4883 | 8010 0100 

  0x0000016549156214: ;   {metadata(method data for {method} {0x000001655c01b2e8} 'allowSecurityManager' '()Z' in 'java/lang/System')}
  0x0000016549156214: 0001 48b8 | 00d4 0271 | 6501 0000 | 8b88 cc00 | 0000 83c1 | 0289 88cc | 0000 0081 | e1fe ff1f 
  0x0000016549156234: 0085 c90f | 84b9 0600 

  0x000001654915623c: ;   {metadata(method data for {method} {0x000001655c01b2e8} 'allowSecurityManager' '()Z' in 'java/lang/System')}
  0x000001654915623c: 0048 b800 | d402 7165 | 0100 00ff | 8010 0100 

  0x000001654915624c: ;   {metadata(method data for {method} {0x000001655c01b1d0} 'getSecurityManager' '()Ljava/lang/SecurityManager;' in 'java/lang/System')}
  0x000001654915624c: 0048 b888 | d202 7165 | 0100 00ff | 8020 0100 

  0x000001654915625c: ;   {metadata(method data for {method} {0x000001655c468e60} 'getClassLoader' '()Ljava/lang/ClassLoader;' in 'java/lang/Class')}
  0x000001654915625c: 0048 b8c8 | d002 7165 | 0100 00ff | 8040 0100 | 0048 85db 

  0x0000016549156270: ;   {metadata(method data for {method} {0x000001655c1eae68} 'defineClass' '(ZLjava/lang/Object;)Ljava/lang/Class;' in 'java/lang/invoke/MethodHandles$Lookup$ClassDefiner')}
  0x0000016549156270: 48b8 70fb | 9e71 6501 | 0000 48c7 | c180 0100 | 0074 0748 | c7c1 9001 | 0000 4c8b | 1c08 4d8d 
  0x0000016549156290: 5b01 4c89 | 1c08 0f84 | 4b02 0000 

  0x000001654915629c: ;   {metadata(method data for {method} {0x000001655c1eae68} 'defineClass' '(ZLjava/lang/Object;)Ljava/lang/Class;' in 'java/lang/invoke/MethodHandles$Lookup$ClassDefiner')}
  0x000001654915629c: 488b c648 | b970 fb9e | 7165 0100 | 0048 8381 | a001 0000 

  0x00000165491562b0: ;   {metadata(method data for {method} {0x000001655c3e0578} 'lookupClassProtectionDomain' '()Ljava/security/ProtectionDomain;' in 'java/lang/invoke/MethodHandles$Lookup')}
  0x00000165491562b0: 0148 b8a8 | 019f 7165 | 0100 008b | 88cc 0000 | 0083 c102 | 8988 cc00 | 0000 81e1 | feff 1f00 
  0x00000165491562d0: 85c9 0f84 | 3f06 0000 | 8b46 1848 

  0x00000165491562dc: ;   {metadata(method data for {method} {0x000001655c3e0578} 'lookupClassProtectionDomain' '()Ljava/security/ProtectionDomain;' in 'java/lang/invoke/MethodHandles$Lookup')}
  0x00000165491562dc: 85c0 48b9 | a801 9f71 | 6501 0000 | 49c7 c310 | 0100 0075 | 0749 c7c3 | 2001 0000 | 4e8b 2c19 
  0x00000165491562fc: 4d8d 6d01 | 4e89 2c19 | 4889 9c24 | a000 0000 | 0f85 bf01 

  0x0000016549156310: ;   {metadata(method data for {method} {0x000001655c3e0578} 'lookupClassProtectionDomain' '()Ljava/security/ProtectionDomain;' in 'java/lang/invoke/MethodHandles$Lookup')}
  0x0000016549156310: 0000 48b8 | a801 9f71 | 6501 0000 | 4883 8030 | 0100 0001 

  0x0000016549156324: ;   {metadata(method data for {method} {0x000001655c473b88} 'getJavaLangAccess' '()Ljdk/internal/access/JavaLangAccess;' in 'jdk/internal/access/SharedSecrets')}
  0x0000016549156324: 48b8 68f5 | 1871 6501 | 0000 8b88 | cc00 0000 | 83c1 0289 | 88cc 0000 | 0081 e1fe | ff1f 0085 
  0x0000016549156344: c90f 84ed 

  0x0000016549156348: ;   {oop(a 'java/lang/Class'{0x00000000e16515a0} = 'jdk/internal/access/SharedSecrets')}
  0x0000016549156348: 0500 0048 | b8a0 1565 | e100 0000 | 008b 407c | 8b4e 1048 | 85c0 0f84 | 2a00 0000 

  0x0000016549156364: ;   {metadata('java/lang/System$2')}
  0x0000016549156364: 48be 6082 | 015c 6501 | 0000 448b | 7008 49ba | 0000 005c | 6501 0000 | 4d03 f249 | 3b76 380f 
  0x0000016549156384: 85d0 0500 | 00e9 0000 | 0000 4c8b | d848 3b00 

  0x0000016549156394: ;   {metadata(method data for {method} {0x000001655c3e0578} 'lookupClassProtectionDomain' '()Ljava/security/ProtectionDomain;' in 'java/lang/invoke/MethodHandles$Lookup')}
  0x0000016549156394: 48be a801 | 9f71 6501 

  0x000001654915639c: ;   {metadata('java/lang/System$2')}
  0x000001654915639c: 0000 49ba | 6082 015c | 6501 0000 | 4c89 9650 | 0100 0048 | 8386 5801 

  0x00000165491563b4: ;   {metadata(method data for {method} {0x000001655c0192c8} 'protectionDomain' '(Ljava/lang/Class;)Ljava/security/ProtectionDomain;' in 'java/lang/System$2')}
  0x00000165491563b4: 0000 0148 | be60 039f | 7165 0100 | 008b 86cc | 0000 0083 | c002 8986 | cc00 0000 | 25fe ff1f 
  0x00000165491563d4: 0085 c00f | 8486 0500 | 0048 3b01 

  0x00000165491563e0: ;   {metadata(method data for {method} {0x000001655c0192c8} 'protectionDomain' '(Ljava/lang/Class;)Ljava/security/ProtectionDomain;' in 'java/lang/System$2')}
  0x00000165491563e0: 488b f148 | b860 039f | 7165 0100 | 0048 8380 | 1001 0000 

  0x00000165491563f4: ;   {metadata(method data for {method} {0x000001655c467bb8} 'protectionDomain' '()Ljava/security/ProtectionDomain;' in 'java/lang/Class')}
  0x00000165491563f4: 0148 bef0 | 049f 7165 | 0100 008b | 86cc 0000 | 0083 c002 | 8986 cc00 | 0000 25fe | ff1f 0085 
  0x0000016549156414: c00f 846e | 0500 0048 

  0x000001654915641c: ;   {metadata(method data for {method} {0x000001655c467bb8} 'protectionDomain' '()Ljava/security/ProtectionDomain;' in 'java/lang/Class')}
  0x000001654915641c: 8bf1 48b8 | f004 9f71 | 6501 0000 | 4883 8010 | 0100 0001 | 488b d10f 

  0x0000016549156434: ;   {optimized virtual_call}
  0x0000016549156434: 1f40 00e8 

  0x0000016549156438: ; ImmutableOopMap {[144]=Oop [152]=Oop [160]=Oop [168]=Oop [184]=Oop }
                      ;*invokevirtual getProtectionDomain0 {reexecute=0 rethrow=0 return_oop=0}
                      ; - java.lang.Class::protectionDomain@1
                      ; - java.lang.System$2::protectionDomain@1
                      ; - java.lang.invoke.MethodHandles$Lookup::lookupClassProtectionDomain@17
                      ; - java.lang.invoke.MethodHandles$Lookup$ClassDefiner::defineClass@23
  0x0000016549156438: 24cd 6c07 

  0x000001654915643c: ;   {other}
  0x000001654915643c: 0f1f 8400 | 2c06 0000 

  0x0000016549156444: ;   {metadata(method data for {method} {0x000001655c467bb8} 'protectionDomain' '()Ljava/security/ProtectionDomain;' in 'java/lang/Class')}
  0x0000016549156444: 4885 c049 | b8f0 049f | 7165 0100 | 0049 c7c1 | 4801 0000 | 7507 49c7 | c158 0100 | 004b 8b3c 
  0x0000016549156464: 0848 8d7f | 014b 893c | 080f 8521 | 0000 000f | 1f44 0000 

  0x0000016549156478: ;   {no_reloc}
  0x0000016549156478: e9a5 0500 | 0000 0000 | 0000 660f | 1f44 0000 

  0x0000016549156488: ; implicit exception: dispatches to 0x0000016549156a2c
  0x0000016549156488: e9b0 0500 | 0090 90e9 | 0300 0000 | 4c8b c048 | 8bb4 2490 | 0000 0045 | 0fbe 4f40 | 4585 c90f 
  0x00000165491564a8: 859a 0500 | 004d 8bd0 | 4489 5618 | f083 4424 | c000 4c8b | ce4d 33c8 | 49c1 e914 | 4983 f900 
  0x00000165491564c8: 0f85 9505 | 0000 498b 

  0x00000165491564d0: ;   {metadata(method data for {method} {0x000001655c1eae68} 'defineClass' '(ZLjava/lang/Object;)Ljava/lang/Class;' in 'java/lang/invoke/MethodHandles$Lookup$ClassDefiner')}
  0x00000165491564d0: c049 b870 | fb9e 7165 | 0100 0041 | ff80 d801 | 0000 e912 | 0000 0048 | 899c 24a0 

  0x00000165491564ec: ;   {oop(nullptr)}
  0x00000165491564ec: 0000 0048 | b800 0000 | 0000 0000 | 0048 8b9c | 24a0 0000 | 0048 8bbc | 24a8 0000 | 0048 8b94 
  0x000001654915650c: 2498 0000 

  0x0000016549156510: ;   {metadata(method data for {method} {0x000001655c1eae68} 'defineClass' '(ZLjava/lang/Object;)Ljava/lang/Class;' in 'java/lang/invoke/MethodHandles$Lookup$ClassDefiner')}
  0x0000016549156510: 0049 b870 | fb9e 7165 | 0100 0049 | 8380 f001 

  0x0000016549156520: ;   {metadata(method data for {method} {0x000001655c473b88} 'getJavaLangAccess' '()Ljdk/internal/access/JavaLangAccess;' in 'jdk/internal/access/SharedSecrets')}
  0x0000016549156520: 0000 0149 | b868 f518 | 7165 0100 | 0045 8b88 | cc00 0000 | 4183 c102 | 4589 88cc | 0000 0041 
  0x0000016549156540: 81e1 feff | 1f00 4585 | c90f 842c 

  0x000001654915654c: ;   {oop(a 'java/lang/Class'{0x00000000e16515a0} = 'jdk/internal/access/SharedSecrets')}
  0x000001654915654c: 0500 0049 | b8a0 1565 | e100 0000 | 0045 8b70 | 7c8b 7214 | 8b4a 1844 | 8b4a 0c4d | 85f6 0f84 
  0x000001654915656c: 2a00 0000 

  0x0000016549156570: ;   {metadata('java/lang/System$2')}
  0x0000016549156570: 49bb 6082 | 015c 6501 | 0000 458b | 6e08 49ba | 0000 005c | 6501 0000 | 4d03 ea4d | 3b5d 380f 
  0x0000016549156590: 8507 0500 | 00e9 0000 | 0000 4d8b | c649 3b06 

  0x00000165491565a0: ;   {metadata(method data for {method} {0x000001655c1eae68} 'defineClass' '(ZLjava/lang/Object;)Ljava/lang/Class;' in 'java/lang/invoke/MethodHandles$Lookup$ClassDefiner')}
  0x00000165491565a0: 4d8b c648 | ba70 fb9e | 7165 0100 

  0x00000165491565ac: ;   {metadata('java/lang/System$2')}
  0x00000165491565ac: 0049 ba60 | 8201 5c65 | 0100 004c | 8992 1002 | 0000 4883 | 8218 0200 | 0001 4c8b | c349 8bd1 
  0x00000165491565cc: 4c8b cf48 | 8bfe 488b | f148 8bc8 | 8b84 24b0 | 0000 0089 | 0424 8954 | 2408 488b | 9424 b800 
  0x00000165491565ec: 0000 4889 | 5424 1049 

  0x00000165491565f4: ;   {optimized virtual_call}
  0x00000165491565f4: 8bd6 90e8 

  0x00000165491565f8: ; ImmutableOopMap {[152]=Oop [168]=Oop }
                      ;*invokeinterface defineClass {reexecute=0 rethrow=0 return_oop=0}
                      ; - java.lang.invoke.MethodHandles$Lookup$ClassDefiner::defineClass@57
  0x00000165491565f8: 640c 0000 

  0x00000165491565fc: ;   {other}
  0x00000165491565fc: 0f1f 8400 | ec07 0001 

  0x0000016549156604: ;   {metadata(method data for {method} {0x000001655c1eae68} 'defineClass' '(ZLjava/lang/Object;)Ljava/lang/Class;' in 'java/lang/invoke/MethodHandles$Lookup$ClassDefiner')}
  0x0000016549156604: 49b8 70fb | 9e71 6501 | 0000 41ff | 8038 0200 | 0048 8b94 | 2498 0000 | 008b 721c 

  0x0000016549156620: ; implicit exception: dispatches to 0x0000016549156aa6
  0x0000016549156620: 483b 064c 

  0x0000016549156624: ;   {metadata(method data for {method} {0x000001655c1eae68} 'defineClass' '(ZLjava/lang/Object;)Ljava/lang/Class;' in 'java/lang/invoke/MethodHandles$Lookup$ClassDefiner')}
  0x0000016549156624: 8bc6 49b9 | 70fb 9e71 | 6501 0000 | 4983 8150 | 0300 0001 | 440f be46 | 0c41 83e0 | 0145 85c0 
  0x0000016549156644: ;   {metadata(method data for {method} {0x000001655c1eae68} 'defineClass' '(ZLjava/lang/Object;)Ljava/lang/Class;' in 'java/lang/invoke/MethodHandles$Lookup$ClassDefiner')}
  0x0000016549156644: 49b8 70fb | 9e71 6501 | 0000 49c7 | c188 0300 | 0074 0749 | c7c1 9803 | 0000 4b8b | 3c08 488d 
  0x0000016549156664: 7f01 4b89 | 3c08 0f84 | c401 0000 

  0x0000016549156670: ;   {metadata(method data for {method} {0x000001655c1eae68} 'defineClass' '(ZLjava/lang/Object;)Ljava/lang/Class;' in 'java/lang/invoke/MethodHandles$Lookup$ClassDefiner')}
  0x0000016549156670: 4c8b c249 | b970 fb9e | 7165 0100 

  0x000001654915667c: ;   {metadata('java/lang/invoke/MethodHandles$Lookup$ClassDefiner')}
  0x000001654915667c: 0049 ba28 | ac1e 5c65 | 0100 004d | 8991 b803 | 0000 4983 | 81c0 0300 | 0001 8b7a | 1448 85c0 
  0x000001654915669c: ;   {metadata(method data for {method} {0x000001655c1eae68} 'defineClass' '(ZLjava/lang/Object;)Ljava/lang/Class;' in 'java/lang/invoke/MethodHandles$Lookup$ClassDefiner')}
  0x000001654915669c: 49b8 70fb | 9e71 6501 | 0000 49c7 | c1e0 0300 | 0074 0749 | c7c1 f003 | 0000 4b8b | 1c08 488d 
  0x00000165491566bc: 5b01 4b89 | 1c08 0f84 | 2b01 0000 | e9bd 0000 | 0048 8b94 | 2498 0000 | 0049 8b87 | 0005 0000 
  0x00000165491566dc: 4d33 d24d | 8997 0005 | 0000 4d33 | d24d 8997 | 0805 0000 | 8b72 1c48 | 3b06 4c8b 

  0x00000165491566f8: ;   {metadata(method data for {method} {0x000001655c1eae68} 'defineClass' '(ZLjava/lang/Object;)Ljava/lang/Class;' in 'java/lang/invoke/MethodHandles$Lookup$ClassDefiner')}
  0x00000165491566f8: c649 b970 | fb9e 7165 | 0100 0049 | 8381 8804 | 0000 0144 | 0fbe 460c | 4183 e001 

  0x0000016549156714: ;   {metadata(method data for {method} {0x000001655c1eae68} 'defineClass' '(ZLjava/lang/Object;)Ljava/lang/Class;' in 'java/lang/invoke/MethodHandles$Lookup$ClassDefiner')}
  0x0000016549156714: 4585 c049 | b870 fb9e | 7165 0100 | 0049 c7c1 | c004 0000 | 7407 49c7 | c1d0 0400 | 004b 8b3c 
  0x0000016549156734: 0848 8d7f | 014b 893c | 080f 8441 | 0100 004c 

  0x0000016549156744: ;   {metadata(method data for {method} {0x000001655c1eae68} 'defineClass' '(ZLjava/lang/Object;)Ljava/lang/Class;' in 'java/lang/invoke/MethodHandles$Lookup$ClassDefiner')}
  0x0000016549156744: 8bc2 49b9 | 70fb 9e71 | 6501 0000 

  0x0000016549156750: ;   {metadata('java/lang/invoke/MethodHandles$Lookup$ClassDefiner')}
  0x0000016549156750: 49ba 28ac | 1e5c 6501 | 0000 4d89 | 91f0 0400 | 0049 8381 | f804 0000 | 018b 7a14 

  0x000001654915676c: ;   {metadata(method data for {method} {0x000001655c1eae68} 'defineClass' '(ZLjava/lang/Object;)Ljava/lang/Class;' in 'java/lang/invoke/MethodHandles$Lookup$ClassDefiner')}
  0x000001654915676c: 49b8 70fb | 9e71 6501 | 0000 41ff | 8018 0500 | 0048 8984 | 24c8 0000 | 00e9 c000 | 0000 8b52 
  0x000001654915678c: 184c 8bc6 

  0x0000016549156790: ;   {metadata(method data for {method} {0x000001655c1eae68} 'defineClass' '(ZLjava/lang/Object;)Ljava/lang/Class;' in 'java/lang/invoke/MethodHandles$Lookup$ClassDefiner')}
  0x0000016549156790: 49b9 70fb | 9e71 6501 | 0000 4983 | 8100 0400 | 0001 4c8b | c74c 8bc8 | 488b fa48 | 8bd6 4889 
  0x00000165491567b0: 8424 c000 

  0x00000165491567b4: ;   {optimized virtual_call}
  0x00000165491567b4: 0000 90e8 

  0x00000165491567b8: ; ImmutableOopMap {[192]=Oop }
                      ;*invokevirtual dumpClass {reexecute=0 rethrow=0 return_oop=0}
                      ; - java.lang.invoke.MethodHandles$Lookup$ClassDefiner::defineClass@134
  0x00000165491567b8: c486 0107 

  0x00000165491567bc: ;   {other}
  0x00000165491567bc: 0f1f 8400 | ac09 0002 

  0x00000165491567c4: ;   {metadata(method data for {method} {0x000001655c1eae68} 'defineClass' '(ZLjava/lang/Object;)Ljava/lang/Class;' in 'java/lang/invoke/MethodHandles$Lookup$ClassDefiner')}
  0x00000165491567c4: 49b8 70fb | 9e71 6501 | 0000 41ff | 8038 0400 | 0048 8b84 | 24c0 0000 | 0048 81c4 | e000 0000 
  0x00000165491567e4: ;   {poll_return}
  0x00000165491567e4: 5d49 3ba7 | 5004 0000 | 0f87 be02 | 0000 c348 | 8984 24c0 | 0000 0044 | 8b4a 184c 

  0x0000016549156800: ;   {metadata(method data for {method} {0x000001655c1eae68} 'defineClass' '(ZLjava/lang/Object;)Ljava/lang/Class;' in 'java/lang/invoke/MethodHandles$Lookup$ClassDefiner')}
  0x0000016549156800: 8bc6 48ba | 70fb 9e71 | 6501 0000 | 4883 8250 | 0400 0001 | 4c8b c748 | 8bd6 0f1f 

  0x000001654915681c: ;   {optimized virtual_call}
  0x000001654915681c: 4400 00e8 

  0x0000016549156820: ; ImmutableOopMap {[192]=Oop }
                      ;*invokevirtual dumpFailedClass {reexecute=0 rethrow=0 return_oop=0}
                      ; - java.lang.invoke.MethodHandles$Lookup$ClassDefiner::defineClass@150
  0x0000016549156820: 5c86 0107 

  0x0000016549156824: ;   {other}
  0x0000016549156824: 0f1f 8400 | 140a 0003 | 488b 8424 | c000 0000 | 4881 c4e0 | 0000 005d 

  0x000001654915683c: ;   {poll_return}
  0x000001654915683c: 493b a750 | 0400 000f | 877d 0200 | 00c3 448b | 4a18 4c8b 

  0x0000016549156850: ;   {metadata(method data for {method} {0x000001655c1eae68} 'defineClass' '(ZLjava/lang/Object;)Ljava/lang/Class;' in 'java/lang/invoke/MethodHandles$Lookup$ClassDefiner')}
  0x0000016549156850: c648 ba70 | fb9e 7165 | 0100 0048 | 8382 8805 | 0000 014c | 8bc7 488b | d666 0f1f 

  0x000001654915686c: ;   {optimized virtual_call}
  0x000001654915686c: 4400 00e8 

  0x0000016549156870: ; ImmutableOopMap {[200]=Oop }
                      ;*invokevirtual dumpFailedClass {reexecute=0 rethrow=0 return_oop=0}
                      ; - java.lang.invoke.MethodHandles$Lookup$ClassDefiner::defineClass@207
  0x0000016549156870: 0c86 0107 

  0x0000016549156874: ;   {other}
  0x0000016549156874: 0f1f 8400 | 640a 0004 | 488b 8424 | c800 0000 | e970 0200 

  0x0000016549156888: ;   {metadata({method} {0x000001655c1eae68} 'defineClass' '(ZLjava/lang/Object;)Ljava/lang/Class;' in 'java/lang/invoke/MethodHandles$Lookup$ClassDefiner')}
  0x0000016549156888: 0049 ba60 | ae1e 5c65 | 0100 004c | 8954 2408 | 48c7 0424 | ffff ffff 

  0x00000165491568a0: ;   {runtime_call counter_overflow Runtime1 stub}
  0x00000165491568a0: e8db 290f 

  0x00000165491568a4: ; ImmutableOopMap {rdx=Oop r9=Oop [152]=Oop [184]=Oop }
                      ;*synchronization entry
                      ; - java.lang.invoke.MethodHandles$Lookup$ClassDefiner::defineClass@-1
  0x00000165491568a4: 07e9 74f8 

  0x00000165491568a8: ;   {runtime_call throw_null_pointer_exception Runtime1 stub}
  0x00000165491568a8: ffff e871 

  0x00000165491568ac: ; ImmutableOopMap {rdx=Oop r9=Oop rsi=Oop [144]=Oop [152]=Oop [184]=Oop }
                      ;*invokevirtual lookupClass {reexecute=0 rethrow=0 return_oop=0}
                      ; - java.lang.invoke.MethodHandles$Lookup$ClassDefiner::defineClass@4
                      ;   {runtime_call throw_null_pointer_exception Runtime1 stub}
  0x00000165491568ac: d905 07e8 

  0x00000165491568b0: ; ImmutableOopMap {rdx=Oop r9=Oop rsi=Oop rdi=Oop [144]=Oop [152]=Oop [168]=Oop [184]=Oop }
                      ;*invokevirtual getClassLoader {reexecute=0 rethrow=0 return_oop=0}
                      ; - java.lang.invoke.MethodHandles$Lookup$ClassDefiner::defineClass@9
  0x00000165491568b0: 6cd9 0507 

  0x00000165491568b4: ;   {metadata({method} {0x000001655c468e60} 'getClassLoader' '()Ljava/lang/ClassLoader;' in 'java/lang/Class')}
  0x00000165491568b4: 49ba 588e | 465c 6501 | 0000 4c89 | 5424 0848 | c704 24ff 

  0x00000165491568c8: ;   {runtime_call counter_overflow Runtime1 stub}
  0x00000165491568c8: ffff ffe8 

  0x00000165491568cc: ; ImmutableOopMap {rdx=Oop r9=Oop rsi=Oop rdi=Oop [144]=Oop [152]=Oop [168]=Oop [184]=Oop }
                      ;*synchronization entry
                      ; - java.lang.Class::getClassLoader@-1
                      ; - java.lang.invoke.MethodHandles$Lookup$ClassDefiner::defineClass@9
  0x00000165491568cc: b029 0f07 | e9b5 f8ff 

  0x00000165491568d4: ;   {metadata({method} {0x000001655c01b1d0} 'getSecurityManager' '()Ljava/lang/SecurityManager;' in 'java/lang/System')}
  0x00000165491568d4: ff49 bac8 | b101 5c65 | 0100 004c | 8954 2408 | 48c7 0424 | ffff ffff 

  0x00000165491568ec: ;   {runtime_call counter_overflow Runtime1 stub}
  0x00000165491568ec: e88f 290f 

  0x00000165491568f0: ; ImmutableOopMap {rdx=Oop r9=Oop rsi=Oop rdi=Oop rbx=Oop [144]=Oop [152]=Oop [168]=Oop [184]=Oop }
                      ;*synchronization entry
                      ; - java.lang.System::getSecurityManager@-1
                      ; - java.lang.Class::getClassLoader@11
                      ; - java.lang.invoke.MethodHandles$Lookup$ClassDefiner::defineClass@9
  0x00000165491568f0: 07e9 0ef9 

  0x00000165491568f4: ;   {metadata({method} {0x000001655c01b2e8} 'allowSecurityManager' '()Z' in 'java/lang/System')}
  0x00000165491568f4: ffff 49ba | e0b2 015c | 6501 0000 | 4c89 5424 | 0848 c704 | 24ff ffff 

  0x000001654915690c: ;   {runtime_call counter_overflow Runtime1 stub}
  0x000001654915690c: ffe8 6e29 

  0x0000016549156910: ; ImmutableOopMap {rdx=Oop r9=Oop rsi=Oop rdi=Oop rbx=Oop [144]=Oop [152]=Oop [168]=Oop [184]=Oop }
                      ;*synchronization entry
                      ; - java.lang.System::allowSecurityManager@-1
                      ; - java.lang.System::getSecurityManager@0
                      ; - java.lang.Class::getClassLoader@11
                      ; - java.lang.invoke.MethodHandles$Lookup$ClassDefiner::defineClass@9
  0x0000016549156910: 0f07 e926 

  0x0000016549156914: ;   {metadata({method} {0x000001655c3e0578} 'lookupClassProtectionDomain' '()Ljava/security/ProtectionDomain;' in 'java/lang/invoke/MethodHandles$Lookup')}
  0x0000016549156914: f9ff ff49 | ba70 053e | 5c65 0100 | 004c 8954 | 2408 48c7 | 0424 ffff 

  0x000001654915692c: ;   {runtime_call counter_overflow Runtime1 stub}
  0x000001654915692c: ffff e84d 

  0x0000016549156930: ; ImmutableOopMap {rdx=Oop r9=Oop rsi=Oop rdi=Oop rbx=Oop [144]=Oop [152]=Oop [168]=Oop [184]=Oop }
                      ;*synchronization entry
                      ; - java.lang.invoke.MethodHandles$Lookup::lookupClassProtectionDomain@-1
                      ; - java.lang.invoke.MethodHandles$Lookup$ClassDefiner::defineClass@23
  0x0000016549156930: 290f 07e9 | a0f9 ffff 

  0x0000016549156938: ;   {metadata({method} {0x000001655c473b88} 'getJavaLangAccess' '()Ljdk/internal/access/JavaLangAccess;' in 'jdk/internal/access/SharedSecrets')}
  0x0000016549156938: 49ba 803b | 475c 6501 | 0000 4c89 | 5424 0848 | c704 24ff 

  0x000001654915694c: ;   {runtime_call counter_overflow Runtime1 stub}
  0x000001654915694c: ffff ffe8 

  0x0000016549156950: ; ImmutableOopMap {rsi=Oop [144]=Oop [152]=Oop [160]=Oop [168]=Oop [184]=Oop }
                      ;*synchronization entry
                      ; - jdk.internal.access.SharedSecrets::getJavaLangAccess@-1
                      ; - java.lang.invoke.MethodHandles$Lookup::lookupClassProtectionDomain@10
                      ; - java.lang.invoke.MethodHandles$Lookup$ClassDefiner::defineClass@23
  0x0000016549156950: 2c29 0f07 | e9f2 f9ff 

  0x0000016549156958: ;   {runtime_call throw_incompatible_class_change_error Runtime1 stub}
  0x0000016549156958: ffe8 c2f5 

  0x000001654915695c: ; ImmutableOopMap {rax=Oop rcx=Oop [144]=Oop [152]=Oop [160]=Oop [168]=Oop [184]=Oop }
                      ;*invokeinterface protectionDomain {reexecute=0 rethrow=0 return_oop=0}
                      ; - java.lang.invoke.MethodHandles$Lookup::lookupClassProtectionDomain@17
                      ; - java.lang.invoke.MethodHandles$Lookup$ClassDefiner::defineClass@23
                      ;   {runtime_call throw_null_pointer_exception Runtime1 stub}
  0x000001654915695c: 0e07 e8bd 

  0x0000016549156960: ; ImmutableOopMap {rax=Oop rcx=Oop [144]=Oop [152]=Oop [160]=Oop [168]=Oop [184]=Oop }
                      ;*invokeinterface protectionDomain {reexecute=0 rethrow=0 return_oop=0}
                      ; - java.lang.invoke.MethodHandles$Lookup::lookupClassProtectionDomain@17
                      ; - java.lang.invoke.MethodHandles$Lookup$ClassDefiner::defineClass@23
                      ;   {metadata({method} {0x000001655c0192c8} 'protectionDomain' '(Ljava/lang/Class;)Ljava/security/ProtectionDomain;' in 'java/lang/System$2')}
  0x0000016549156960: d805 0749 | bac0 9201 | 5c65 0100 | 004c 8954 | 2408 48c7 | 0424 ffff 

  0x0000016549156978: ;   {runtime_call counter_overflow Runtime1 stub}
  0x0000016549156978: ffff e801 

  0x000001654915697c: ; ImmutableOopMap {rcx=Oop [144]=Oop [152]=Oop [160]=Oop [168]=Oop [184]=Oop }
                      ;*synchronization entry
                      ; - java.lang.System$2::protectionDomain@-1
                      ; - java.lang.invoke.MethodHandles$Lookup::lookupClassProtectionDomain@17
                      ; - java.lang.invoke.MethodHandles$Lookup$ClassDefiner::defineClass@23
  0x000001654915697c: 290f 07e9 | 59fa ffff 

  0x0000016549156984: ;   {runtime_call throw_null_pointer_exception Runtime1 stub}
  0x0000016549156984: e897 d805 

  0x0000016549156988: ; ImmutableOopMap {rcx=Oop [144]=Oop [152]=Oop [160]=Oop [168]=Oop [184]=Oop }
                      ;*invokevirtual protectionDomain {reexecute=0 rethrow=0 return_oop=0}
                      ; - java.lang.System$2::protectionDomain@1
                      ; - java.lang.invoke.MethodHandles$Lookup::lookupClassProtectionDomain@17
                      ; - java.lang.invoke.MethodHandles$Lookup$ClassDefiner::defineClass@23
                      ;   {metadata({method} {0x000001655c467bb8} 'protectionDomain' '()Ljava/security/ProtectionDomain;' in 'java/lang/Class')}
  0x0000016549156988: 0749 bab0 | 7b46 5c65 | 0100 004c | 8954 2408 | 48c7 0424 | ffff ffff 

  0x00000165491569a0: ;   {runtime_call counter_overflow Runtime1 stub}
  0x00000165491569a0: e8db 280f 

  0x00000165491569a4: ; ImmutableOopMap {rcx=Oop [144]=Oop [152]=Oop [160]=Oop [168]=Oop [184]=Oop }
                      ;*synchronization entry
                      ; - java.lang.Class::protectionDomain@-1
                      ; - java.lang.System$2::protectionDomain@1
                      ; - java.lang.invoke.MethodHandles$Lookup::lookupClassProtectionDomain@17
                      ; - java.lang.invoke.MethodHandles$Lookup$ClassDefiner::defineClass@23
  0x00000165491569a4: 07e9 71fa 

  0x00000165491569a8: ;   {oop(nullptr)}
  0x00000165491569a8: ffff 49b8 | 0000 0000 | 0000 0000 | 5053 498b | 5810 5756 | 5251 4150 | 4151 4152 | 4153 4883 
  0x00000165491569c8: ec20 40f6 | c40f 0f84 | 1900 0000 | 4883 ec08 

  0x00000165491569d8: ;   {runtime_call}
  0x00000165491569d8: 48b8 a0a0 | f50d fc7f | 0000 ffd0 | 4883 c408 | e90c 0000 

  0x00000165491569ec: ;   {runtime_call}
  0x00000165491569ec: 0048 b8a0 | a0f5 0dfc | 7f00 00ff | d048 83c4 | 2041 5b41 | 5a41 5941 | 5859 5a5e | 5f48 3b83 
  0x0000016549156a0c: 3801 0000 | 5b58 0f85 | 0a00 0000 | e965 faff | ffb8 0078 

  0x0000016549156a20: ;   {runtime_call load_mirror_patching Runtime1 stub}
  0x0000016549156a20: 6e0a e859 

  0x0000016549156a24: ; ImmutableOopMap {[144]=Oop [152]=Oop [160]=Oop [168]=Oop [184]=Oop }
                      ;*getstatic allPermDomain {reexecute=1 rethrow=0 return_oop=0}
                      ; - (reexecute) java.lang.Class::protectionDomain@9
                      ; - java.lang.System$2::protectionDomain@1
                      ; - java.lang.invoke.MethodHandles$Lookup::lookupClassProtectionDomain@17
                      ; - java.lang.invoke.MethodHandles$Lookup$ClassDefiner::defineClass@23
  0x0000016549156a24: 180f 07e9 | 4cfa ffff 

  0x0000016549156a2c: ;   {runtime_call throw_null_pointer_exception Runtime1 stub}
  0x0000016549156a2c: e8ef d705 

  0x0000016549156a30: ; ImmutableOopMap {r8=Oop [144]=Oop [152]=Oop [160]=Oop [168]=Oop [184]=Oop }
                      ;*getstatic allPermDomain {reexecute=1 rethrow=0 return_oop=0}
                      ; - (reexecute) java.lang.Class::protectionDomain@9
                      ; - java.lang.System$2::protectionDomain@1
                      ; - java.lang.invoke.MethodHandles$Lookup::lookupClassProtectionDomain@17
                      ; - java.lang.invoke.MethodHandles$Lookup$ClassDefiner::defineClass@23
  0x0000016549156a30: 0745 8b80 | 0000 0000 | b800 0c05 

  0x0000016549156a3c: ;   {runtime_call access_field_patching Runtime1 stub}
  0x0000016549156a3c: 07e8 3e0b 

  0x0000016549156a40: ; ImmutableOopMap {r8=Oop [144]=Oop [152]=Oop [160]=Oop [168]=Oop [184]=Oop }
                      ;*getstatic allPermDomain {reexecute=1 rethrow=0 return_oop=0}
                      ; - (reexecute) java.lang.Class::protectionDomain@9
                      ; - java.lang.System$2::protectionDomain@1
                      ; - java.lang.invoke.MethodHandles$Lookup::lookupClassProtectionDomain@17
                      ; - java.lang.invoke.MethodHandles$Lookup$ClassDefiner::defineClass@23
  0x0000016549156a40: 0f07 e941 | faff ff44 | 8b4e 1849 | 83f9 000f | 8458 faff | ff4c 890c 

  0x0000016549156a58: ;   {runtime_call g1_pre_barrier_slow}
  0x0000016549156a58: 24e8 222f | 0f07 e94a | faff ff49 | 83f8 000f | 8461 faff | ff48 8934 

  0x0000016549156a70: ;   {runtime_call g1_post_barrier_slow}
  0x0000016549156a70: 24e8 0a32 | 0f07 e953 

  0x0000016549156a78: ;   {metadata({method} {0x000001655c473b88} 'getJavaLangAccess' '()Ljdk/internal/access/JavaLangAccess;' in 'jdk/internal/access/SharedSecrets')}
  0x0000016549156a78: faff ff49 | ba80 3b47 | 5c65 0100 | 004c 8954 | 2408 48c7 | 0424 ffff 

  0x0000016549156a90: ;   {runtime_call counter_overflow Runtime1 stub}
  0x0000016549156a90: ffff e8e9 

  0x0000016549156a94: ; ImmutableOopMap {rax=Oop rdi=Oop rbx=Oop rdx=Oop [152]=Oop [168]=Oop [184]=Oop }
                      ;*synchronization entry
                      ; - jdk.internal.access.SharedSecrets::getJavaLangAccess@-1
                      ; - java.lang.invoke.MethodHandles$Lookup$ClassDefiner::defineClass@35
  0x0000016549156a94: 270f 07e9 | b3fa ffff 

  0x0000016549156a9c: ;   {runtime_call throw_incompatible_class_change_error Runtime1 stub}
  0x0000016549156a9c: e87f f40e 

  0x0000016549156aa0: ; ImmutableOopMap {rax=Oop rdi=Oop rbx=Oop r14=Oop rsi=Oop rcx=Oop [152]=Oop [168]=Oop [184]=Oop }
                      ;*invokeinterface defineClass {reexecute=0 rethrow=0 return_oop=0}
                      ; - java.lang.invoke.MethodHandles$Lookup$ClassDefiner::defineClass@57
                      ;   {runtime_call throw_null_pointer_exception Runtime1 stub}
  0x0000016549156aa0: 07e8 7ad7 

  0x0000016549156aa4: ; ImmutableOopMap {rax=Oop rdi=Oop rbx=Oop r14=Oop rsi=Oop rcx=Oop [152]=Oop [168]=Oop [184]=Oop }
                      ;*invokeinterface defineClass {reexecute=0 rethrow=0 return_oop=0}
                      ; - java.lang.invoke.MethodHandles$Lookup$ClassDefiner::defineClass@57
                      ;   {runtime_call throw_null_pointer_exception Runtime1 stub}
  0x0000016549156aa4: 0507 e875 

  0x0000016549156aa8: ; ImmutableOopMap {rax=Oop rdx=Oop rsi=Oop [152]=Oop }
                      ;*invokevirtual isEnabled {reexecute=0 rethrow=0 return_oop=0}
                      ; - java.lang.invoke.MethodHandles$Lookup$ClassDefiner::defineClass@105
                      ;   {runtime_call throw_null_pointer_exception Runtime1 stub}
  0x0000016549156aa8: d705 07e8 

  0x0000016549156aac: ; ImmutableOopMap {rdx=Oop rax=Oop rsi=Oop [152]=Oop }
                      ;*invokevirtual isEnabled {reexecute=0 rethrow=0 return_oop=0}
                      ; - java.lang.invoke.MethodHandles$Lookup$ClassDefiner::defineClass@162
  0x0000016549156aac: 70d7 0507 

  0x0000016549156ab0: ;   {internal_word}
  0x0000016549156ab0: 49ba e567 | 1549 6501 | 0000 4d89 | 9768 0400 

  0x0000016549156ac0: ;   {runtime_call SafepointBlob}
  0x0000016549156ac0: 00e9 bafe 

  0x0000016549156ac4: ;   {internal_word}
  0x0000016549156ac4: 0107 49ba | 3c68 1549 | 6501 0000 | 4d89 9768 

  0x0000016549156ad4: ;   {runtime_call SafepointBlob}
  0x0000016549156ad4: 0400 00e9 | a4fe 0107 | 498b 8700 | 0500 0049 | c787 0005 | 0000 0000 | 0000 49c7 | 8708 0500 
  0x0000016549156af4: 0000 0000 | 0048 81c4 | e000 0000 

  0x0000016549156b00: ;   {runtime_call unwind_exception Runtime1 stub}
  0x0000016549156b00: 5de9 fae5 | 0507 f4f4 
[Stub Code]
  0x0000016549156b08: ;   {no_reloc}
  0x0000016549156b08: 0f1f 4400 

  0x0000016549156b0c: ;   {static_stub}
  0x0000016549156b0c: 0048 bb00 | 0000 0000 

  0x0000016549156b14: ;   {runtime_call nmethod}
  0x0000016549156b14: 0000 00e9 | fbff ffff 

  0x0000016549156b1c: ;   {static_stub}
  0x0000016549156b1c: 48bb 487b | 465c 6501 

  0x0000016549156b24: ;   {runtime_call I2C/C2I adapters}
  0x0000016549156b24: 0000 e938 

  0x0000016549156b28: ;   {static_stub}
  0x0000016549156b28: d301 0748 | bb00 0000 | 0000 0000 

  0x0000016549156b34: ;   {runtime_call nmethod}
  0x0000016549156b34: 00e9 fbff 

  0x0000016549156b38: ;   {static_stub}
  0x0000016549156b38: ffff 48bb | 0000 0000 | 0000 0000 

  0x0000016549156b44: ;   {runtime_call nmethod}
  0x0000016549156b44: e9fb ffff 

  0x0000016549156b48: ;   {runtime_call handle_exception_from_callee Runtime1 stub}
  0x0000016549156b48: ffe8 b2ea 

  0x0000016549156b4c: ;   {external_word}
  0x0000016549156b4c: 0e07 48b9 | 5063 950e | fc7f 0000 | 4883 e4f0 

  0x0000016549156b5c: ;   {runtime_call}
  0x0000016549156b5c: 48b8 c0c9 | 570e fc7f | 0000 ffd0 

  0x0000016549156b68: ;   {section_word}
  0x0000016549156b68: f449 ba69 | 6b15 4965 | 0100 0041 

  0x0000016549156b74: ;   {runtime_call DeoptimizationBlob}
  0x0000016549156b74: 52e9 a612 | 0207 f4f4 | f4f4 f4f4 
[/MachCode]


---------------  P R O C E S S  ---------------

Threads class SMR info:
_java_thread_list=0x0000016578a0be80, length=35, elements={
0x00000165443deee0, 0x000001655bad6ff0, 0x000001655bae4090, 0x000001655bae8ce0,
0x000001655baeb360, 0x000001655baeb9d0, 0x000001655baec040, 0x000001655baec9e0,
0x000001655bb06480, 0x000001655bcb2dd0, 0x000001655bd2d540, 0x0000016575436d10,
0x000001657500f930, 0x0000016575b630f0, 0x0000016575aca4c0, 0x000001657586c910,
0x0000016576a62000, 0x0000016575a0e730, 0x0000016575a0b940, 0x0000016575a0bfd0,
0x0000016575a0b2b0, 0x0000016575a0e0a0, 0x0000016575a0c660, 0x0000016575a0d380,
0x0000016575a0da10, 0x0000016578a78460, 0x0000016578a77740, 0x0000016578a79810,
0x0000016578a76a20, 0x0000016578a770b0, 0x0000016578a76390, 0x0000016578a77dd0,
0x0000016578a7b250, 0x0000016578a7b8e0, 0x0000016578a79ea0
}

Java Threads: ( => current thread )
  0x00000165443deee0 JavaThread "main"                              [_thread_blocked, id=20784, stack(0x0000001b35d00000,0x0000001b35e00000) (1024K)]
  0x000001655bad6ff0 JavaThread "Reference Handler"          daemon [_thread_blocked, id=31984, stack(0x0000001b36500000,0x0000001b36600000) (1024K)]
  0x000001655bae4090 JavaThread "Finalizer"                  daemon [_thread_blocked, id=32064, stack(0x0000001b36600000,0x0000001b36700000) (1024K)]
  0x000001655bae8ce0 JavaThread "Signal Dispatcher"          daemon [_thread_blocked, id=35584, stack(0x0000001b36700000,0x0000001b36800000) (1024K)]
  0x000001655baeb360 JavaThread "Attach Listener"            daemon [_thread_blocked, id=31008, stack(0x0000001b36800000,0x0000001b36900000) (1024K)]
  0x000001655baeb9d0 JavaThread "Service Thread"             daemon [_thread_blocked, id=28032, stack(0x0000001b36900000,0x0000001b36a00000) (1024K)]
  0x000001655baec040 JavaThread "Monitor Deflation Thread"   daemon [_thread_blocked, id=28028, stack(0x0000001b36a00000,0x0000001b36b00000) (1024K)]
  0x000001655baec9e0 JavaThread "C2 CompilerThread0"         daemon [_thread_blocked, id=28072, stack(0x0000001b36b00000,0x0000001b36c00000) (1024K)]
  0x000001655bb06480 JavaThread "C1 CompilerThread0"         daemon [_thread_in_vm, id=33724, stack(0x0000001b36c00000,0x0000001b36d00000) (1024K)]
  0x000001655bcb2dd0 JavaThread "Common-Cleaner"             daemon [_thread_blocked, id=33064, stack(0x0000001b36d00000,0x0000001b36e00000) (1024K)]
  0x000001655bd2d540 JavaThread "Notification Thread"        daemon [_thread_blocked, id=35844, stack(0x0000001b36e00000,0x0000001b36f00000) (1024K)]
  0x0000016575436d10 JavaThread "Daemon health stats"               [_thread_blocked, id=22140, stack(0x0000001b37400000,0x0000001b37500000) (1024K)]
  0x000001657500f930 JavaThread "Incoming local TCP Connector on port 51029"        [_thread_in_native, id=32244, stack(0x0000001b37500000,0x0000001b37600000) (1024K)]
  0x0000016575b630f0 JavaThread "Daemon periodic checks"            [_thread_blocked, id=37516, stack(0x0000001b37600000,0x0000001b37700000) (1024K)]
  0x0000016575aca4c0 JavaThread "Daemon"                            [_thread_blocked, id=13592, stack(0x0000001b37700000,0x0000001b37800000) (1024K)]
  0x000001657586c910 JavaThread "Handler for socket connection from /127.0.0.1:51029 to /127.0.0.1:61833"        [_thread_in_native, id=29260, stack(0x0000001b37800000,0x0000001b37900000) (1024K)]
  0x0000016576a62000 JavaThread "Cancel handler"                    [_thread_blocked, id=34508, stack(0x0000001b37900000,0x0000001b37a00000) (1024K)]
=>0x0000016575a0e730 JavaThread "Daemon worker"                     [_thread_in_vm, id=12984, stack(0x0000001b37a00000,0x0000001b37b00000) (1024K)]
  0x0000016575a0b940 JavaThread "Asynchronous log dispatcher for DefaultDaemonConnection: socket connection from /127.0.0.1:51029 to /127.0.0.1:61833"        [_thread_blocked, id=21668, stack(0x0000001b37b00000,0x0000001b37c00000) (1024K)]
  0x0000016575a0bfd0 JavaThread "Stdin handler"                     [_thread_blocked, id=33148, stack(0x0000001b37c00000,0x0000001b37d00000) (1024K)]
  0x0000016575a0b2b0 JavaThread "Daemon client event forwarder"        [_thread_blocked, id=30560, stack(0x0000001b37d00000,0x0000001b37e00000) (1024K)]
  0x0000016575a0e0a0 JavaThread "Cache worker for journal cache (C:\Users\user\.gradle\caches\journal-1)"        [_thread_blocked, id=32148, stack(0x0000001b35b00000,0x0000001b35c00000) (1024K)]
  0x0000016575a0c660 JavaThread "File lock request listener"        [_thread_in_native, id=36536, stack(0x0000001b37e00000,0x0000001b37f00000) (1024K)]
  0x0000016575a0d380 JavaThread "File lock release action executor"        [_thread_blocked, id=22328, stack(0x0000001b37f00000,0x0000001b38000000) (1024K)]
  0x0000016575a0da10 JavaThread "Cache worker for file hash cache (C:\Users\user\.gradle\caches\9.5.1\fileHashes)"        [_thread_blocked, id=34600, stack(0x0000001b38000000,0x0000001b38100000) (1024K)]
  0x0000016578a78460 JavaThread "Cache worker for file hash cache (C:\2026_spring\.gradle\9.5.1\fileHashes)"        [_thread_blocked, id=30256, stack(0x0000001b38400000,0x0000001b38500000) (1024K)]
  0x0000016578a77740 JavaThread "Cache worker for Build Output Cleanup Cache (C:\2026_spring\.gradle\buildOutputCleanup)"        [_thread_blocked, id=23924, stack(0x0000001b38500000,0x0000001b38600000) (1024K)]
  0x0000016578a79810 JavaThread "File watcher server"        daemon [_thread_in_native, id=31000, stack(0x0000001b38600000,0x0000001b38700000) (1024K)]
  0x0000016578a76a20 JavaThread "File watcher consumer"      daemon [_thread_blocked, id=21512, stack(0x0000001b38700000,0x0000001b38800000) (1024K)]
  0x0000016578a770b0 JavaThread "Cache worker for file content cache (C:\Users\user\.gradle\caches\9.5.1\fileContent)"        [_thread_blocked, id=25856, stack(0x0000001b38800000,0x0000001b38900000) (1024K)]
  0x0000016578a76390 JavaThread "Cache worker for checksums cache (C:\2026_spring\.gradle\9.5.1\checksums)"        [_thread_blocked, id=35704, stack(0x0000001b38900000,0x0000001b38a00000) (1024K)]
  0x0000016578a77dd0 JavaThread "Cache worker for cache directory md-supplier (C:\Users\user\.gradle\caches\9.5.1\md-supplier)"        [_thread_blocked, id=28344, stack(0x0000001b38a00000,0x0000001b38b00000) (1024K)]
  0x0000016578a7b250 JavaThread "Cache worker for cache directory md-rule (C:\Users\user\.gradle\caches\9.5.1\md-rule)"        [_thread_blocked, id=34524, stack(0x0000001b38b00000,0x0000001b38c00000) (1024K)]
  0x0000016578a7b8e0 JavaThread "jar transforms"                    [_thread_blocked, id=22052, stack(0x0000001b35a00000,0x0000001b35b00000) (1024K)]
  0x0000016578a79ea0 JavaThread "jar transforms Thread 2"           [_thread_blocked, id=35376, stack(0x0000001b35c00000,0x0000001b35d00000) (1024K)]
Total: 35

Other Threads:
  0x000001655babb140 VMThread "VM Thread"                           [id=35644, stack(0x0000001b36400000,0x0000001b36500000) (1024K)] _threads_hazard_ptr=0x0000016578a0be80
  0x000001655baa7940 WatcherThread "VM Periodic Task Thread"        [id=1664, stack(0x0000001b36300000,0x0000001b36400000) (1024K)]
  0x000001654440b2b0 WorkerThread "GC Thread#0"                     [id=10928, stack(0x0000001b35e00000,0x0000001b35f00000) (1024K)]
  0x000001655bd018e0 WorkerThread "GC Thread#1"                     [id=33464, stack(0x0000001b36f00000,0x0000001b37000000) (1024K)]
  0x000001655bd01c90 WorkerThread "GC Thread#2"                     [id=2580, stack(0x0000001b37000000,0x0000001b37100000) (1024K)]
  0x000001655bd02040 WorkerThread "GC Thread#3"                     [id=30524, stack(0x0000001b37100000,0x0000001b37200000) (1024K)]
  0x000001655bd023f0 WorkerThread "GC Thread#4"                     [id=2480, stack(0x0000001b37200000,0x0000001b37300000) (1024K)]
  0x000001655bd027a0 WorkerThread "GC Thread#5"                     [id=27996, stack(0x0000001b37300000,0x0000001b37400000) (1024K)]
  0x0000016576b91650 WorkerThread "GC Thread#6"                     [id=13520, stack(0x0000001b38100000,0x0000001b38200000) (1024K)]
  0x0000016576b90b40 WorkerThread "GC Thread#7"                     [id=27920, stack(0x0000001b38200000,0x0000001b38300000) (1024K)]
  0x00000165444109c0 ConcurrentGCThread "G1 Main Marker"            [id=24008, stack(0x0000001b35f00000,0x0000001b36000000) (1024K)]
  0x00000165444113e0 WorkerThread "G1 Conc#0"                       [id=31104, stack(0x0000001b36000000,0x0000001b36100000) (1024K)]
  0x0000016577d9f7f0 WorkerThread "G1 Conc#1"                       [id=21844, stack(0x0000001b38300000,0x0000001b38400000) (1024K)]
  0x000001654449e7d0 ConcurrentGCThread "G1 Refine#0"               [id=17216, stack(0x0000001b36100000,0x0000001b36200000) (1024K)]
  0x000001655b9745d0 ConcurrentGCThread "G1 Service"                [id=15332, stack(0x0000001b36200000,0x0000001b36300000) (1024K)]
Total: 15

Threads with active compile tasks:
C1 CompilerThread0  141118 4456       3       com.google.common.collect.TransformedIterator::next (14 bytes)
Total: 1

VM state: synchronizing (normal execution)

VM Mutex/Monitor currently owned by a thread:  ([mutex/lock_event])
[0x00007ffc0ec0d530] Metaspace_lock - owner thread: 0x0000016575a0e730
[0x00007ffc0ec0f5b0] Threads_lock - owner thread: 0x000001655babb140

Heap address: 0x00000000e0000000, size: 512 MB, Compressed Oops mode: 32-bit

CDS archive(s) mapped at: [0x000001655c000000-0x000001655cba0000-0x000001655cba0000), size 12189696, SharedBaseAddress: 0x000001655c000000, ArchiveRelocationMode: 1.
Compressed class space mapped at: 0x000001655d000000-0x0000016571000000, reserved size: 335544320
Narrow klass base: 0x000001655c000000, Narrow klass shift: 0, Narrow klass range: 0x100000000

GC Precious Log:
 CardTable entry size: 512
 Card Set container configuration: InlinePtr #cards 5 size 8 Array Of Cards #cards 12 size 40 Howl #buckets 4 coarsen threshold 1843 Howl Bitmap #cards 512 size 80 coarsen threshold 460 Card regions per heap region 1 cards per card region 2048
 CPUs: 8 total, 8 available
 Memory: 16107M
 Large Page Support: Disabled
 NUMA Support: Disabled
 Compressed Oops: Enabled (32-bit)
 Heap Region Size: 1M
 Heap Min Capacity: 256M
 Heap Initial Capacity: 256M
 Heap Max Capacity: 512M
 Pre-touch: Disabled
 Parallel Workers: 8
 Concurrent Workers: 2
 Concurrent Refinement Workers: 8
 Periodic GC: Disabled

Heap:
 garbage-first heap   total 262144K, used 41824K [0x00000000e0000000, 0x0000000100000000)
  region size 1024K, 20 young (20480K), 9 survivors (9216K)
 Metaspace       used 35651K, committed 36992K, reserved 393216K
  class space    used 5257K, committed 5952K, reserved 327680K

Heap Regions: E=young(eden), S=young(survivor), O=old, HS=humongous(starts), HC=humongous(continues), CS=collection set, F=free, TAMS=top-at-mark-start, PB=parsable bottom
|   0|0x00000000e0000000, 0x00000000e0100000, 0x00000000e0100000|100%|HS|  |TAMS 0x00000000e0000000| PB 0x00000000e0000000| Complete 
|   1|0x00000000e0100000, 0x00000000e0200000, 0x00000000e0200000|100%|HC|  |TAMS 0x00000000e0100000| PB 0x00000000e0100000| Complete 
|   2|0x00000000e0200000, 0x00000000e0300000, 0x00000000e0300000|100%|HC|  |TAMS 0x00000000e0200000| PB 0x00000000e0200000| Complete 
|   3|0x00000000e0300000, 0x00000000e0400000, 0x00000000e0400000|100%|HC|  |TAMS 0x00000000e0300000| PB 0x00000000e0300000| Complete 
|   4|0x00000000e0400000, 0x00000000e0500000, 0x00000000e0500000|100%| O|  |TAMS 0x00000000e0400000| PB 0x00000000e0400000| Untracked 
|   5|0x00000000e0500000, 0x00000000e0600000, 0x00000000e0600000|100%| O|  |TAMS 0x00000000e0500000| PB 0x00000000e0500000| Untracked 
|   6|0x00000000e0600000, 0x00000000e0700000, 0x00000000e0700000|100%| O|  |TAMS 0x00000000e0600000| PB 0x00000000e0600000| Untracked 
|   7|0x00000000e0700000, 0x00000000e0700000, 0x00000000e0800000|  0%| F|  |TAMS 0x00000000e0700000| PB 0x00000000e0700000| Untracked 
|   8|0x00000000e0800000, 0x00000000e0900000, 0x00000000e0900000|100%|HS|  |TAMS 0x00000000e0800000| PB 0x00000000e0800000| Complete 
|   9|0x00000000e0900000, 0x00000000e0a00000, 0x00000000e0a00000|100%| O|  |TAMS 0x00000000e0900000| PB 0x00000000e0900000| Untracked 
|  10|0x00000000e0a00000, 0x00000000e0b00000, 0x00000000e0b00000|100%| O|  |TAMS 0x00000000e0a00000| PB 0x00000000e0a00000| Untracked 
|  11|0x00000000e0b00000, 0x00000000e0c00000, 0x00000000e0c00000|100%| O|  |TAMS 0x00000000e0b00000| PB 0x00000000e0b00000| Untracked 
|  12|0x00000000e0c00000, 0x00000000e0d00000, 0x00000000e0d00000|100%| O|  |TAMS 0x00000000e0c00000| PB 0x00000000e0c00000| Untracked 
|  13|0x00000000e0d00000, 0x00000000e0e00000, 0x00000000e0e00000|100%| O|  |TAMS 0x00000000e0d00000| PB 0x00000000e0d00000| Untracked 
|  14|0x00000000e0e00000, 0x00000000e0f00000, 0x00000000e0f00000|100%| O|  |TAMS 0x00000000e0e00000| PB 0x00000000e0e00000| Untracked 
|  15|0x00000000e0f00000, 0x00000000e1000000, 0x00000000e1000000|100%| O|  |TAMS 0x00000000e0f00000| PB 0x00000000e0f00000| Untracked 
|  16|0x00000000e1000000, 0x00000000e1100000, 0x00000000e1100000|100%| O|  |TAMS 0x00000000e1000000| PB 0x00000000e1000000| Untracked 
|  17|0x00000000e1100000, 0x00000000e1200000, 0x00000000e1200000|100%| O|  |TAMS 0x00000000e1100000| PB 0x00000000e1100000| Untracked 
|  18|0x00000000e1200000, 0x00000000e1300000, 0x00000000e1300000|100%| O|  |TAMS 0x00000000e1200000| PB 0x00000000e1200000| Untracked 
|  19|0x00000000e1300000, 0x00000000e1400000, 0x00000000e1400000|100%| O|  |TAMS 0x00000000e1300000| PB 0x00000000e1300000| Untracked 
|  20|0x00000000e1400000, 0x00000000e1500000, 0x00000000e1500000|100%| O|  |TAMS 0x00000000e1400000| PB 0x00000000e1400000| Untracked 
|  21|0x00000000e1500000, 0x00000000e1600000, 0x00000000e1600000|100%| O|  |TAMS 0x00000000e1500000| PB 0x00000000e1500000| Untracked 
|  22|0x00000000e1600000, 0x00000000e1700000, 0x00000000e1700000|100%| O|Cm|TAMS 0x00000000e1600000| PB 0x00000000e1600000| Complete 
|  23|0x00000000e1700000, 0x00000000e171c7a0, 0x00000000e1800000| 11%| O|  |TAMS 0x00000000e1700000| PB 0x00000000e1700000| Untracked 
|  24|0x00000000e1800000, 0x00000000e1800000, 0x00000000e1900000|  0%| F|  |TAMS 0x00000000e1800000| PB 0x00000000e1800000| Untracked 
|  25|0x00000000e1900000, 0x00000000e1900000, 0x00000000e1a00000|  0%| F|  |TAMS 0x00000000e1900000| PB 0x00000000e1900000| Untracked 
|  26|0x00000000e1a00000, 0x00000000e1a00000, 0x00000000e1b00000|  0%| F|  |TAMS 0x00000000e1a00000| PB 0x00000000e1a00000| Untracked 
|  27|0x00000000e1b00000, 0x00000000e1b00000, 0x00000000e1c00000|  0%| F|  |TAMS 0x00000000e1b00000| PB 0x00000000e1b00000| Untracked 
|  28|0x00000000e1c00000, 0x00000000e1c00000, 0x00000000e1d00000|  0%| F|  |TAMS 0x00000000e1c00000| PB 0x00000000e1c00000| Untracked 
|  29|0x00000000e1d00000, 0x00000000e1d00000, 0x00000000e1e00000|  0%| F|  |TAMS 0x00000000e1d00000| PB 0x00000000e1d00000| Untracked 
|  30|0x00000000e1e00000, 0x00000000e1e00000, 0x00000000e1f00000|  0%| F|  |TAMS 0x00000000e1e00000| PB 0x00000000e1e00000| Untracked 
|  31|0x00000000e1f00000, 0x00000000e1f00000, 0x00000000e2000000|  0%| F|  |TAMS 0x00000000e1f00000| PB 0x00000000e1f00000| Untracked 
|  32|0x00000000e2000000, 0x00000000e2000000, 0x00000000e2100000|  0%| F|  |TAMS 0x00000000e2000000| PB 0x00000000e2000000| Untracked 
|  33|0x00000000e2100000, 0x00000000e2100000, 0x00000000e2200000|  0%| F|  |TAMS 0x00000000e2100000| PB 0x00000000e2100000| Untracked 
|  34|0x00000000e2200000, 0x00000000e2200000, 0x00000000e2300000|  0%| F|  |TAMS 0x00000000e2200000| PB 0x00000000e2200000| Untracked 
|  35|0x00000000e2300000, 0x00000000e2300000, 0x00000000e2400000|  0%| F|  |TAMS 0x00000000e2300000| PB 0x00000000e2300000| Untracked 
|  36|0x00000000e2400000, 0x00000000e2400000, 0x00000000e2500000|  0%| F|  |TAMS 0x00000000e2400000| PB 0x00000000e2400000| Untracked 
|  37|0x00000000e2500000, 0x00000000e2500000, 0x00000000e2600000|  0%| F|  |TAMS 0x00000000e2500000| PB 0x00000000e2500000| Untracked 
|  38|0x00000000e2600000, 0x00000000e2600000, 0x00000000e2700000|  0%| F|  |TAMS 0x00000000e2600000| PB 0x00000000e2600000| Untracked 
|  39|0x00000000e2700000, 0x00000000e2700000, 0x00000000e2800000|  0%| F|  |TAMS 0x00000000e2700000| PB 0x00000000e2700000| Untracked 
|  40|0x00000000e2800000, 0x00000000e2800000, 0x00000000e2900000|  0%| F|  |TAMS 0x00000000e2800000| PB 0x00000000e2800000| Untracked 
|  41|0x00000000e2900000, 0x00000000e2900000, 0x00000000e2a00000|  0%| F|  |TAMS 0x00000000e2900000| PB 0x00000000e2900000| Untracked 
|  42|0x00000000e2a00000, 0x00000000e2a00000, 0x00000000e2b00000|  0%| F|  |TAMS 0x00000000e2a00000| PB 0x00000000e2a00000| Untracked 
|  43|0x00000000e2b00000, 0x00000000e2b00000, 0x00000000e2c00000|  0%| F|  |TAMS 0x00000000e2b00000| PB 0x00000000e2b00000| Untracked 
|  44|0x00000000e2c00000, 0x00000000e2c00000, 0x00000000e2d00000|  0%| F|  |TAMS 0x00000000e2c00000| PB 0x00000000e2c00000| Untracked 
|  45|0x00000000e2d00000, 0x00000000e2d00000, 0x00000000e2e00000|  0%| F|  |TAMS 0x00000000e2d00000| PB 0x00000000e2d00000| Untracked 
|  46|0x00000000e2e00000, 0x00000000e2e00000, 0x00000000e2f00000|  0%| F|  |TAMS 0x00000000e2e00000| PB 0x00000000e2e00000| Untracked 
|  47|0x00000000e2f00000, 0x00000000e2f00000, 0x00000000e3000000|  0%| F|  |TAMS 0x00000000e2f00000| PB 0x00000000e2f00000| Untracked 
|  48|0x00000000e3000000, 0x00000000e3000000, 0x00000000e3100000|  0%| F|  |TAMS 0x00000000e3000000| PB 0x00000000e3000000| Untracked 
|  49|0x00000000e3100000, 0x00000000e3100000, 0x00000000e3200000|  0%| F|  |TAMS 0x00000000e3100000| PB 0x00000000e3100000| Untracked 
|  50|0x00000000e3200000, 0x00000000e3200000, 0x00000000e3300000|  0%| F|  |TAMS 0x00000000e3200000| PB 0x00000000e3200000| Untracked 
|  51|0x00000000e3300000, 0x00000000e3300000, 0x00000000e3400000|  0%| F|  |TAMS 0x00000000e3300000| PB 0x00000000e3300000| Untracked 
|  52|0x00000000e3400000, 0x00000000e3400000, 0x00000000e3500000|  0%| F|  |TAMS 0x00000000e3400000| PB 0x00000000e3400000| Untracked 
|  53|0x00000000e3500000, 0x00000000e3500000, 0x00000000e3600000|  0%| F|  |TAMS 0x00000000e3500000| PB 0x00000000e3500000| Untracked 
|  54|0x00000000e3600000, 0x00000000e3600000, 0x00000000e3700000|  0%| F|  |TAMS 0x00000000e3600000| PB 0x00000000e3600000| Untracked 
|  55|0x00000000e3700000, 0x00000000e3700000, 0x00000000e3800000|  0%| F|  |TAMS 0x00000000e3700000| PB 0x00000000e3700000| Untracked 
|  56|0x00000000e3800000, 0x00000000e3800000, 0x00000000e3900000|  0%| F|  |TAMS 0x00000000e3800000| PB 0x00000000e3800000| Untracked 
|  57|0x00000000e3900000, 0x00000000e3900000, 0x00000000e3a00000|  0%| F|  |TAMS 0x00000000e3900000| PB 0x00000000e3900000| Untracked 
|  58|0x00000000e3a00000, 0x00000000e3a00000, 0x00000000e3b00000|  0%| F|  |TAMS 0x00000000e3a00000| PB 0x00000000e3a00000| Untracked 
|  59|0x00000000e3b00000, 0x00000000e3b00000, 0x00000000e3c00000|  0%| F|  |TAMS 0x00000000e3b00000| PB 0x00000000e3b00000| Untracked 
|  60|0x00000000e3c00000, 0x00000000e3c00000, 0x00000000e3d00000|  0%| F|  |TAMS 0x00000000e3c00000| PB 0x00000000e3c00000| Untracked 
|  61|0x00000000e3d00000, 0x00000000e3d00000, 0x00000000e3e00000|  0%| F|  |TAMS 0x00000000e3d00000| PB 0x00000000e3d00000| Untracked 
|  62|0x00000000e3e00000, 0x00000000e3e00000, 0x00000000e3f00000|  0%| F|  |TAMS 0x00000000e3e00000| PB 0x00000000e3e00000| Untracked 
|  63|0x00000000e3f00000, 0x00000000e3f00000, 0x00000000e4000000|  0%| F|  |TAMS 0x00000000e3f00000| PB 0x00000000e3f00000| Untracked 
|  64|0x00000000e4000000, 0x00000000e4000000, 0x00000000e4100000|  0%| F|  |TAMS 0x00000000e4000000| PB 0x00000000e4000000| Untracked 
|  65|0x00000000e4100000, 0x00000000e4100000, 0x00000000e4200000|  0%| F|  |TAMS 0x00000000e4100000| PB 0x00000000e4100000| Untracked 
|  66|0x00000000e4200000, 0x00000000e4200000, 0x00000000e4300000|  0%| F|  |TAMS 0x00000000e4200000| PB 0x00000000e4200000| Untracked 
|  67|0x00000000e4300000, 0x00000000e4300000, 0x00000000e4400000|  0%| F|  |TAMS 0x00000000e4300000| PB 0x00000000e4300000| Untracked 
|  68|0x00000000e4400000, 0x00000000e4400000, 0x00000000e4500000|  0%| F|  |TAMS 0x00000000e4400000| PB 0x00000000e4400000| Untracked 
|  69|0x00000000e4500000, 0x00000000e4500000, 0x00000000e4600000|  0%| F|  |TAMS 0x00000000e4500000| PB 0x00000000e4500000| Untracked 
|  70|0x00000000e4600000, 0x00000000e4600000, 0x00000000e4700000|  0%| F|  |TAMS 0x00000000e4600000| PB 0x00000000e4600000| Untracked 
|  71|0x00000000e4700000, 0x00000000e4700000, 0x00000000e4800000|  0%| F|  |TAMS 0x00000000e4700000| PB 0x00000000e4700000| Untracked 
|  72|0x00000000e4800000, 0x00000000e4800000, 0x00000000e4900000|  0%| F|  |TAMS 0x00000000e4800000| PB 0x00000000e4800000| Untracked 
|  73|0x00000000e4900000, 0x00000000e4900000, 0x00000000e4a00000|  0%| F|  |TAMS 0x00000000e4900000| PB 0x00000000e4900000| Untracked 
|  74|0x00000000e4a00000, 0x00000000e4a00000, 0x00000000e4b00000|  0%| F|  |TAMS 0x00000000e4a00000| PB 0x00000000e4a00000| Untracked 
|  75|0x00000000e4b00000, 0x00000000e4b00000, 0x00000000e4c00000|  0%| F|  |TAMS 0x00000000e4b00000| PB 0x00000000e4b00000| Untracked 
|  76|0x00000000e4c00000, 0x00000000e4c00000, 0x00000000e4d00000|  0%| F|  |TAMS 0x00000000e4c00000| PB 0x00000000e4c00000| Untracked 
|  77|0x00000000e4d00000, 0x00000000e4d00000, 0x00000000e4e00000|  0%| F|  |TAMS 0x00000000e4d00000| PB 0x00000000e4d00000| Untracked 
|  78|0x00000000e4e00000, 0x00000000e4e00000, 0x00000000e4f00000|  0%| F|  |TAMS 0x00000000e4e00000| PB 0x00000000e4e00000| Untracked 
|  79|0x00000000e4f00000, 0x00000000e4f00000, 0x00000000e5000000|  0%| F|  |TAMS 0x00000000e4f00000| PB 0x00000000e4f00000| Untracked 
|  80|0x00000000e5000000, 0x00000000e5000000, 0x00000000e5100000|  0%| F|  |TAMS 0x00000000e5000000| PB 0x00000000e5000000| Untracked 
|  81|0x00000000e5100000, 0x00000000e5100000, 0x00000000e5200000|  0%| F|  |TAMS 0x00000000e5100000| PB 0x00000000e5100000| Untracked 
|  82|0x00000000e5200000, 0x00000000e5200000, 0x00000000e5300000|  0%| F|  |TAMS 0x00000000e5200000| PB 0x00000000e5200000| Untracked 
|  83|0x00000000e5300000, 0x00000000e5300000, 0x00000000e5400000|  0%| F|  |TAMS 0x00000000e5300000| PB 0x00000000e5300000| Untracked 
|  84|0x00000000e5400000, 0x00000000e5400000, 0x00000000e5500000|  0%| F|  |TAMS 0x00000000e5400000| PB 0x00000000e5400000| Untracked 
|  85|0x00000000e5500000, 0x00000000e5500000, 0x00000000e5600000|  0%| F|  |TAMS 0x00000000e5500000| PB 0x00000000e5500000| Untracked 
|  86|0x00000000e5600000, 0x00000000e5600000, 0x00000000e5700000|  0%| F|  |TAMS 0x00000000e5600000| PB 0x00000000e5600000| Untracked 
|  87|0x00000000e5700000, 0x00000000e5700000, 0x00000000e5800000|  0%| F|  |TAMS 0x00000000e5700000| PB 0x00000000e5700000| Untracked 
|  88|0x00000000e5800000, 0x00000000e5800000, 0x00000000e5900000|  0%| F|  |TAMS 0x00000000e5800000| PB 0x00000000e5800000| Untracked 
|  89|0x00000000e5900000, 0x00000000e5900000, 0x00000000e5a00000|  0%| F|  |TAMS 0x00000000e5900000| PB 0x00000000e5900000| Untracked 
|  90|0x00000000e5a00000, 0x00000000e5a00000, 0x00000000e5b00000|  0%| F|  |TAMS 0x00000000e5a00000| PB 0x00000000e5a00000| Untracked 
|  91|0x00000000e5b00000, 0x00000000e5b00000, 0x00000000e5c00000|  0%| F|  |TAMS 0x00000000e5b00000| PB 0x00000000e5b00000| Untracked 
|  92|0x00000000e5c00000, 0x00000000e5c00000, 0x00000000e5d00000|  0%| F|  |TAMS 0x00000000e5c00000| PB 0x00000000e5c00000| Untracked 
|  93|0x00000000e5d00000, 0x00000000e5d00000, 0x00000000e5e00000|  0%| F|  |TAMS 0x00000000e5d00000| PB 0x00000000e5d00000| Untracked 
|  94|0x00000000e5e00000, 0x00000000e5e00000, 0x00000000e5f00000|  0%| F|  |TAMS 0x00000000e5e00000| PB 0x00000000e5e00000| Untracked 
|  95|0x00000000e5f00000, 0x00000000e5f00000, 0x00000000e6000000|  0%| F|  |TAMS 0x00000000e5f00000| PB 0x00000000e5f00000| Untracked 
|  96|0x00000000e6000000, 0x00000000e6000000, 0x00000000e6100000|  0%| F|  |TAMS 0x00000000e6000000| PB 0x00000000e6000000| Untracked 
|  97|0x00000000e6100000, 0x00000000e6100000, 0x00000000e6200000|  0%| F|  |TAMS 0x00000000e6100000| PB 0x00000000e6100000| Untracked 
|  98|0x00000000e6200000, 0x00000000e6200000, 0x00000000e6300000|  0%| F|  |TAMS 0x00000000e6200000| PB 0x00000000e6200000| Untracked 
|  99|0x00000000e6300000, 0x00000000e6300000, 0x00000000e6400000|  0%| F|  |TAMS 0x00000000e6300000| PB 0x00000000e6300000| Untracked 
| 100|0x00000000e6400000, 0x00000000e6400000, 0x00000000e6500000|  0%| F|  |TAMS 0x00000000e6400000| PB 0x00000000e6400000| Untracked 
| 101|0x00000000e6500000, 0x00000000e6500000, 0x00000000e6600000|  0%| F|  |TAMS 0x00000000e6500000| PB 0x00000000e6500000| Untracked 
| 102|0x00000000e6600000, 0x00000000e6600000, 0x00000000e6700000|  0%| F|  |TAMS 0x00000000e6600000| PB 0x00000000e6600000| Untracked 
| 103|0x00000000e6700000, 0x00000000e6700000, 0x00000000e6800000|  0%| F|  |TAMS 0x00000000e6700000| PB 0x00000000e6700000| Untracked 
| 104|0x00000000e6800000, 0x00000000e6800000, 0x00000000e6900000|  0%| F|  |TAMS 0x00000000e6800000| PB 0x00000000e6800000| Untracked 
| 105|0x00000000e6900000, 0x00000000e6900000, 0x00000000e6a00000|  0%| F|  |TAMS 0x00000000e6900000| PB 0x00000000e6900000| Untracked 
| 106|0x00000000e6a00000, 0x00000000e6a00000, 0x00000000e6b00000|  0%| F|  |TAMS 0x00000000e6a00000| PB 0x00000000e6a00000| Untracked 
| 107|0x00000000e6b00000, 0x00000000e6b00000, 0x00000000e6c00000|  0%| F|  |TAMS 0x00000000e6b00000| PB 0x00000000e6b00000| Untracked 
| 108|0x00000000e6c00000, 0x00000000e6c00000, 0x00000000e6d00000|  0%| F|  |TAMS 0x00000000e6c00000| PB 0x00000000e6c00000| Untracked 
| 109|0x00000000e6d00000, 0x00000000e6d00000, 0x00000000e6e00000|  0%| F|  |TAMS 0x00000000e6d00000| PB 0x00000000e6d00000| Untracked 
| 110|0x00000000e6e00000, 0x00000000e6e00000, 0x00000000e6f00000|  0%| F|  |TAMS 0x00000000e6e00000| PB 0x00000000e6e00000| Untracked 
| 111|0x00000000e6f00000, 0x00000000e6f00000, 0x00000000e7000000|  0%| F|  |TAMS 0x00000000e6f00000| PB 0x00000000e6f00000| Untracked 
| 112|0x00000000e7000000, 0x00000000e7000000, 0x00000000e7100000|  0%| F|  |TAMS 0x00000000e7000000| PB 0x00000000e7000000| Untracked 
| 113|0x00000000e7100000, 0x00000000e7100000, 0x00000000e7200000|  0%| F|  |TAMS 0x00000000e7100000| PB 0x00000000e7100000| Untracked 
| 114|0x00000000e7200000, 0x00000000e7200000, 0x00000000e7300000|  0%| F|  |TAMS 0x00000000e7200000| PB 0x00000000e7200000| Untracked 
| 115|0x00000000e7300000, 0x00000000e7300000, 0x00000000e7400000|  0%| F|  |TAMS 0x00000000e7300000| PB 0x00000000e7300000| Untracked 
| 116|0x00000000e7400000, 0x00000000e7400000, 0x00000000e7500000|  0%| F|  |TAMS 0x00000000e7400000| PB 0x00000000e7400000| Untracked 
| 117|0x00000000e7500000, 0x00000000e7500000, 0x00000000e7600000|  0%| F|  |TAMS 0x00000000e7500000| PB 0x00000000e7500000| Untracked 
| 118|0x00000000e7600000, 0x00000000e7600000, 0x00000000e7700000|  0%| F|  |TAMS 0x00000000e7600000| PB 0x00000000e7600000| Untracked 
| 119|0x00000000e7700000, 0x00000000e7700000, 0x00000000e7800000|  0%| F|  |TAMS 0x00000000e7700000| PB 0x00000000e7700000| Untracked 
| 120|0x00000000e7800000, 0x00000000e7800000, 0x00000000e7900000|  0%| F|  |TAMS 0x00000000e7800000| PB 0x00000000e7800000| Untracked 
| 121|0x00000000e7900000, 0x00000000e7900000, 0x00000000e7a00000|  0%| F|  |TAMS 0x00000000e7900000| PB 0x00000000e7900000| Untracked 
| 122|0x00000000e7a00000, 0x00000000e7a00000, 0x00000000e7b00000|  0%| F|  |TAMS 0x00000000e7a00000| PB 0x00000000e7a00000| Untracked 
| 123|0x00000000e7b00000, 0x00000000e7b00000, 0x00000000e7c00000|  0%| F|  |TAMS 0x00000000e7b00000| PB 0x00000000e7b00000| Untracked 
| 124|0x00000000e7c00000, 0x00000000e7c00000, 0x00000000e7d00000|  0%| F|  |TAMS 0x00000000e7c00000| PB 0x00000000e7c00000| Untracked 
| 125|0x00000000e7d00000, 0x00000000e7d00000, 0x00000000e7e00000|  0%| F|  |TAMS 0x00000000e7d00000| PB 0x00000000e7d00000| Untracked 
| 126|0x00000000e7e00000, 0x00000000e7e00000, 0x00000000e7f00000|  0%| F|  |TAMS 0x00000000e7e00000| PB 0x00000000e7e00000| Untracked 
| 127|0x00000000e7f00000, 0x00000000e7f00000, 0x00000000e8000000|  0%| F|  |TAMS 0x00000000e7f00000| PB 0x00000000e7f00000| Untracked 
| 128|0x00000000e8000000, 0x00000000e8000000, 0x00000000e8100000|  0%| F|  |TAMS 0x00000000e8000000| PB 0x00000000e8000000| Untracked 
| 129|0x00000000e8100000, 0x00000000e8100000, 0x00000000e8200000|  0%| F|  |TAMS 0x00000000e8100000| PB 0x00000000e8100000| Untracked 
| 130|0x00000000e8200000, 0x00000000e8200000, 0x00000000e8300000|  0%| F|  |TAMS 0x00000000e8200000| PB 0x00000000e8200000| Untracked 
| 131|0x00000000e8300000, 0x00000000e8300000, 0x00000000e8400000|  0%| F|  |TAMS 0x00000000e8300000| PB 0x00000000e8300000| Untracked 
| 132|0x00000000e8400000, 0x00000000e8400000, 0x00000000e8500000|  0%| F|  |TAMS 0x00000000e8400000| PB 0x00000000e8400000| Untracked 
| 133|0x00000000e8500000, 0x00000000e8500000, 0x00000000e8600000|  0%| F|  |TAMS 0x00000000e8500000| PB 0x00000000e8500000| Untracked 
| 134|0x00000000e8600000, 0x00000000e8600000, 0x00000000e8700000|  0%| F|  |TAMS 0x00000000e8600000| PB 0x00000000e8600000| Untracked 
| 135|0x00000000e8700000, 0x00000000e8700000, 0x00000000e8800000|  0%| F|  |TAMS 0x00000000e8700000| PB 0x00000000e8700000| Untracked 
| 136|0x00000000e8800000, 0x00000000e8800000, 0x00000000e8900000|  0%| F|  |TAMS 0x00000000e8800000| PB 0x00000000e8800000| Untracked 
| 137|0x00000000e8900000, 0x00000000e8900000, 0x00000000e8a00000|  0%| F|  |TAMS 0x00000000e8900000| PB 0x00000000e8900000| Untracked 
| 138|0x00000000e8a00000, 0x00000000e8a00000, 0x00000000e8b00000|  0%| F|  |TAMS 0x00000000e8a00000| PB 0x00000000e8a00000| Untracked 
| 139|0x00000000e8b00000, 0x00000000e8b00000, 0x00000000e8c00000|  0%| F|  |TAMS 0x00000000e8b00000| PB 0x00000000e8b00000| Untracked 
| 140|0x00000000e8c00000, 0x00000000e8c00000, 0x00000000e8d00000|  0%| F|  |TAMS 0x00000000e8c00000| PB 0x00000000e8c00000| Untracked 
| 141|0x00000000e8d00000, 0x00000000e8d00000, 0x00000000e8e00000|  0%| F|  |TAMS 0x00000000e8d00000| PB 0x00000000e8d00000| Untracked 
| 142|0x00000000e8e00000, 0x00000000e8e00000, 0x00000000e8f00000|  0%| F|  |TAMS 0x00000000e8e00000| PB 0x00000000e8e00000| Untracked 
| 143|0x00000000e8f00000, 0x00000000e8f00000, 0x00000000e9000000|  0%| F|  |TAMS 0x00000000e8f00000| PB 0x00000000e8f00000| Untracked 
| 144|0x00000000e9000000, 0x00000000e9000000, 0x00000000e9100000|  0%| F|  |TAMS 0x00000000e9000000| PB 0x00000000e9000000| Untracked 
| 145|0x00000000e9100000, 0x00000000e9100000, 0x00000000e9200000|  0%| F|  |TAMS 0x00000000e9100000| PB 0x00000000e9100000| Untracked 
| 146|0x00000000e9200000, 0x00000000e9200000, 0x00000000e9300000|  0%| F|  |TAMS 0x00000000e9200000| PB 0x00000000e9200000| Untracked 
| 147|0x00000000e9300000, 0x00000000e9300000, 0x00000000e9400000|  0%| F|  |TAMS 0x00000000e9300000| PB 0x00000000e9300000| Untracked 
| 148|0x00000000e9400000, 0x00000000e9400000, 0x00000000e9500000|  0%| F|  |TAMS 0x00000000e9400000| PB 0x00000000e9400000| Untracked 
| 149|0x00000000e9500000, 0x00000000e9500000, 0x00000000e9600000|  0%| F|  |TAMS 0x00000000e9500000| PB 0x00000000e9500000| Untracked 
| 150|0x00000000e9600000, 0x00000000e9600000, 0x00000000e9700000|  0%| F|  |TAMS 0x00000000e9600000| PB 0x00000000e9600000| Untracked 
| 151|0x00000000e9700000, 0x00000000e9700000, 0x00000000e9800000|  0%| F|  |TAMS 0x00000000e9700000| PB 0x00000000e9700000| Untracked 
| 152|0x00000000e9800000, 0x00000000e9800000, 0x00000000e9900000|  0%| F|  |TAMS 0x00000000e9800000| PB 0x00000000e9800000| Untracked 
| 153|0x00000000e9900000, 0x00000000e9900000, 0x00000000e9a00000|  0%| F|  |TAMS 0x00000000e9900000| PB 0x00000000e9900000| Untracked 
| 154|0x00000000e9a00000, 0x00000000e9a00000, 0x00000000e9b00000|  0%| F|  |TAMS 0x00000000e9a00000| PB 0x00000000e9a00000| Untracked 
| 155|0x00000000e9b00000, 0x00000000e9b00000, 0x00000000e9c00000|  0%| F|  |TAMS 0x00000000e9b00000| PB 0x00000000e9b00000| Untracked 
| 156|0x00000000e9c00000, 0x00000000e9c00000, 0x00000000e9d00000|  0%| F|  |TAMS 0x00000000e9c00000| PB 0x00000000e9c00000| Untracked 
| 157|0x00000000e9d00000, 0x00000000e9d00000, 0x00000000e9e00000|  0%| F|  |TAMS 0x00000000e9d00000| PB 0x00000000e9d00000| Untracked 
| 158|0x00000000e9e00000, 0x00000000e9e00000, 0x00000000e9f00000|  0%| F|  |TAMS 0x00000000e9e00000| PB 0x00000000e9e00000| Untracked 
| 159|0x00000000e9f00000, 0x00000000e9f00000, 0x00000000ea000000|  0%| F|  |TAMS 0x00000000e9f00000| PB 0x00000000e9f00000| Untracked 
| 160|0x00000000ea000000, 0x00000000ea000000, 0x00000000ea100000|  0%| F|  |TAMS 0x00000000ea000000| PB 0x00000000ea000000| Untracked 
| 161|0x00000000ea100000, 0x00000000ea100000, 0x00000000ea200000|  0%| F|  |TAMS 0x00000000ea100000| PB 0x00000000ea100000| Untracked 
| 162|0x00000000ea200000, 0x00000000ea200000, 0x00000000ea300000|  0%| F|  |TAMS 0x00000000ea200000| PB 0x00000000ea200000| Untracked 
| 163|0x00000000ea300000, 0x00000000ea300000, 0x00000000ea400000|  0%| F|  |TAMS 0x00000000ea300000| PB 0x00000000ea300000| Untracked 
| 164|0x00000000ea400000, 0x00000000ea400000, 0x00000000ea500000|  0%| F|  |TAMS 0x00000000ea400000| PB 0x00000000ea400000| Untracked 
| 165|0x00000000ea500000, 0x00000000ea500000, 0x00000000ea600000|  0%| F|  |TAMS 0x00000000ea500000| PB 0x00000000ea500000| Untracked 
| 166|0x00000000ea600000, 0x00000000ea600000, 0x00000000ea700000|  0%| F|  |TAMS 0x00000000ea600000| PB 0x00000000ea600000| Untracked 
| 167|0x00000000ea700000, 0x00000000ea700000, 0x00000000ea800000|  0%| F|  |TAMS 0x00000000ea700000| PB 0x00000000ea700000| Untracked 
| 168|0x00000000ea800000, 0x00000000ea800000, 0x00000000ea900000|  0%| F|  |TAMS 0x00000000ea800000| PB 0x00000000ea800000| Untracked 
| 169|0x00000000ea900000, 0x00000000ea900000, 0x00000000eaa00000|  0%| F|  |TAMS 0x00000000ea900000| PB 0x00000000ea900000| Untracked 
| 170|0x00000000eaa00000, 0x00000000eaa00000, 0x00000000eab00000|  0%| F|  |TAMS 0x00000000eaa00000| PB 0x00000000eaa00000| Untracked 
| 171|0x00000000eab00000, 0x00000000eab00000, 0x00000000eac00000|  0%| F|  |TAMS 0x00000000eab00000| PB 0x00000000eab00000| Untracked 
| 172|0x00000000eac00000, 0x00000000eac00000, 0x00000000ead00000|  0%| F|  |TAMS 0x00000000eac00000| PB 0x00000000eac00000| Untracked 
| 173|0x00000000ead00000, 0x00000000ead00000, 0x00000000eae00000|  0%| F|  |TAMS 0x00000000ead00000| PB 0x00000000ead00000| Untracked 
| 174|0x00000000eae00000, 0x00000000eae00000, 0x00000000eaf00000|  0%| F|  |TAMS 0x00000000eae00000| PB 0x00000000eae00000| Untracked 
| 175|0x00000000eaf00000, 0x00000000eaf00000, 0x00000000eb000000|  0%| F|  |TAMS 0x00000000eaf00000| PB 0x00000000eaf00000| Untracked 
| 176|0x00000000eb000000, 0x00000000eb000000, 0x00000000eb100000|  0%| F|  |TAMS 0x00000000eb000000| PB 0x00000000eb000000| Untracked 
| 177|0x00000000eb100000, 0x00000000eb100000, 0x00000000eb200000|  0%| F|  |TAMS 0x00000000eb100000| PB 0x00000000eb100000| Untracked 
| 178|0x00000000eb200000, 0x00000000eb200000, 0x00000000eb300000|  0%| F|  |TAMS 0x00000000eb200000| PB 0x00000000eb200000| Untracked 
| 179|0x00000000eb300000, 0x00000000eb300000, 0x00000000eb400000|  0%| F|  |TAMS 0x00000000eb300000| PB 0x00000000eb300000| Untracked 
| 180|0x00000000eb400000, 0x00000000eb400000, 0x00000000eb500000|  0%| F|  |TAMS 0x00000000eb400000| PB 0x00000000eb400000| Untracked 
| 181|0x00000000eb500000, 0x00000000eb500000, 0x00000000eb600000|  0%| F|  |TAMS 0x00000000eb500000| PB 0x00000000eb500000| Untracked 
| 182|0x00000000eb600000, 0x00000000eb600000, 0x00000000eb700000|  0%| F|  |TAMS 0x00000000eb600000| PB 0x00000000eb600000| Untracked 
| 183|0x00000000eb700000, 0x00000000eb700000, 0x00000000eb800000|  0%| F|  |TAMS 0x00000000eb700000| PB 0x00000000eb700000| Untracked 
| 184|0x00000000eb800000, 0x00000000eb800000, 0x00000000eb900000|  0%| F|  |TAMS 0x00000000eb800000| PB 0x00000000eb800000| Untracked 
| 185|0x00000000eb900000, 0x00000000eb900000, 0x00000000eba00000|  0%| F|  |TAMS 0x00000000eb900000| PB 0x00000000eb900000| Untracked 
| 186|0x00000000eba00000, 0x00000000eba00000, 0x00000000ebb00000|  0%| F|  |TAMS 0x00000000eba00000| PB 0x00000000eba00000| Untracked 
| 187|0x00000000ebb00000, 0x00000000ebb00000, 0x00000000ebc00000|  0%| F|  |TAMS 0x00000000ebb00000| PB 0x00000000ebb00000| Untracked 
| 188|0x00000000ebc00000, 0x00000000ebc00000, 0x00000000ebd00000|  0%| F|  |TAMS 0x00000000ebc00000| PB 0x00000000ebc00000| Untracked 
| 189|0x00000000ebd00000, 0x00000000ebd00000, 0x00000000ebe00000|  0%| F|  |TAMS 0x00000000ebd00000| PB 0x00000000ebd00000| Untracked 
| 190|0x00000000ebe00000, 0x00000000ebe00000, 0x00000000ebf00000|  0%| F|  |TAMS 0x00000000ebe00000| PB 0x00000000ebe00000| Untracked 
| 191|0x00000000ebf00000, 0x00000000ebf00000, 0x00000000ec000000|  0%| F|  |TAMS 0x00000000ebf00000| PB 0x00000000ebf00000| Untracked 
| 192|0x00000000ec000000, 0x00000000ec000000, 0x00000000ec100000|  0%| F|  |TAMS 0x00000000ec000000| PB 0x00000000ec000000| Untracked 
| 193|0x00000000ec100000, 0x00000000ec100000, 0x00000000ec200000|  0%| F|  |TAMS 0x00000000ec100000| PB 0x00000000ec100000| Untracked 
| 194|0x00000000ec200000, 0x00000000ec200000, 0x00000000ec300000|  0%| F|  |TAMS 0x00000000ec200000| PB 0x00000000ec200000| Untracked 
| 195|0x00000000ec300000, 0x00000000ec300000, 0x00000000ec400000|  0%| F|  |TAMS 0x00000000ec300000| PB 0x00000000ec300000| Untracked 
| 196|0x00000000ec400000, 0x00000000ec400000, 0x00000000ec500000|  0%| F|  |TAMS 0x00000000ec400000| PB 0x00000000ec400000| Untracked 
| 197|0x00000000ec500000, 0x00000000ec500000, 0x00000000ec600000|  0%| F|  |TAMS 0x00000000ec500000| PB 0x00000000ec500000| Untracked 
| 198|0x00000000ec600000, 0x00000000ec600000, 0x00000000ec700000|  0%| F|  |TAMS 0x00000000ec600000| PB 0x00000000ec600000| Untracked 
| 199|0x00000000ec700000, 0x00000000ec700000, 0x00000000ec800000|  0%| F|  |TAMS 0x00000000ec700000| PB 0x00000000ec700000| Untracked 
| 200|0x00000000ec800000, 0x00000000ec800000, 0x00000000ec900000|  0%| F|  |TAMS 0x00000000ec800000| PB 0x00000000ec800000| Untracked 
| 201|0x00000000ec900000, 0x00000000ec900000, 0x00000000eca00000|  0%| F|  |TAMS 0x00000000ec900000| PB 0x00000000ec900000| Untracked 
| 202|0x00000000eca00000, 0x00000000eca00000, 0x00000000ecb00000|  0%| F|  |TAMS 0x00000000eca00000| PB 0x00000000eca00000| Untracked 
| 203|0x00000000ecb00000, 0x00000000ecb00000, 0x00000000ecc00000|  0%| F|  |TAMS 0x00000000ecb00000| PB 0x00000000ecb00000| Untracked 
| 204|0x00000000ecc00000, 0x00000000ecc00000, 0x00000000ecd00000|  0%| F|  |TAMS 0x00000000ecc00000| PB 0x00000000ecc00000| Untracked 
| 205|0x00000000ecd00000, 0x00000000ecd00000, 0x00000000ece00000|  0%| F|  |TAMS 0x00000000ecd00000| PB 0x00000000ecd00000| Untracked 
| 206|0x00000000ece00000, 0x00000000ece00000, 0x00000000ecf00000|  0%| F|  |TAMS 0x00000000ece00000| PB 0x00000000ece00000| Untracked 
| 207|0x00000000ecf00000, 0x00000000ecf00000, 0x00000000ed000000|  0%| F|  |TAMS 0x00000000ecf00000| PB 0x00000000ecf00000| Untracked 
| 208|0x00000000ed000000, 0x00000000ed000000, 0x00000000ed100000|  0%| F|  |TAMS 0x00000000ed000000| PB 0x00000000ed000000| Untracked 
| 209|0x00000000ed100000, 0x00000000ed100000, 0x00000000ed200000|  0%| F|  |TAMS 0x00000000ed100000| PB 0x00000000ed100000| Untracked 
| 210|0x00000000ed200000, 0x00000000ed200000, 0x00000000ed300000|  0%| F|  |TAMS 0x00000000ed200000| PB 0x00000000ed200000| Untracked 
| 211|0x00000000ed300000, 0x00000000ed300000, 0x00000000ed400000|  0%| F|  |TAMS 0x00000000ed300000| PB 0x00000000ed300000| Untracked 
| 212|0x00000000ed400000, 0x00000000ed400000, 0x00000000ed500000|  0%| F|  |TAMS 0x00000000ed400000| PB 0x00000000ed400000| Untracked 
| 213|0x00000000ed500000, 0x00000000ed500000, 0x00000000ed600000|  0%| F|  |TAMS 0x00000000ed500000| PB 0x00000000ed500000| Untracked 
| 214|0x00000000ed600000, 0x00000000ed600000, 0x00000000ed700000|  0%| F|  |TAMS 0x00000000ed600000| PB 0x00000000ed600000| Untracked 
| 215|0x00000000ed700000, 0x00000000ed700000, 0x00000000ed800000|  0%| F|  |TAMS 0x00000000ed700000| PB 0x00000000ed700000| Untracked 
| 216|0x00000000ed800000, 0x00000000ed800000, 0x00000000ed900000|  0%| F|  |TAMS 0x00000000ed800000| PB 0x00000000ed800000| Untracked 
| 217|0x00000000ed900000, 0x00000000ed900000, 0x00000000eda00000|  0%| F|  |TAMS 0x00000000ed900000| PB 0x00000000ed900000| Untracked 
| 218|0x00000000eda00000, 0x00000000eda00000, 0x00000000edb00000|  0%| F|  |TAMS 0x00000000eda00000| PB 0x00000000eda00000| Untracked 
| 219|0x00000000edb00000, 0x00000000edb00000, 0x00000000edc00000|  0%| F|  |TAMS 0x00000000edb00000| PB 0x00000000edb00000| Untracked 
| 220|0x00000000edc00000, 0x00000000edc00000, 0x00000000edd00000|  0%| F|  |TAMS 0x00000000edc00000| PB 0x00000000edc00000| Untracked 
| 221|0x00000000edd00000, 0x00000000edd00000, 0x00000000ede00000|  0%| F|  |TAMS 0x00000000edd00000| PB 0x00000000edd00000| Untracked 
| 222|0x00000000ede00000, 0x00000000ede00000, 0x00000000edf00000|  0%| F|  |TAMS 0x00000000ede00000| PB 0x00000000ede00000| Untracked 
| 223|0x00000000edf00000, 0x00000000edf00000, 0x00000000ee000000|  0%| F|  |TAMS 0x00000000edf00000| PB 0x00000000edf00000| Untracked 
| 224|0x00000000ee000000, 0x00000000ee000000, 0x00000000ee100000|  0%| F|  |TAMS 0x00000000ee000000| PB 0x00000000ee000000| Untracked 
| 225|0x00000000ee100000, 0x00000000ee100000, 0x00000000ee200000|  0%| F|  |TAMS 0x00000000ee100000| PB 0x00000000ee100000| Untracked 
| 226|0x00000000ee200000, 0x00000000ee200000, 0x00000000ee300000|  0%| F|  |TAMS 0x00000000ee200000| PB 0x00000000ee200000| Untracked 
| 227|0x00000000ee300000, 0x00000000ee300000, 0x00000000ee400000|  0%| F|  |TAMS 0x00000000ee300000| PB 0x00000000ee300000| Untracked 
| 228|0x00000000ee400000, 0x00000000ee400000, 0x00000000ee500000|  0%| F|  |TAMS 0x00000000ee400000| PB 0x00000000ee400000| Untracked 
| 229|0x00000000ee500000, 0x00000000ee500000, 0x00000000ee600000|  0%| F|  |TAMS 0x00000000ee500000| PB 0x00000000ee500000| Untracked 
| 230|0x00000000ee600000, 0x00000000ee600000, 0x00000000ee700000|  0%| F|  |TAMS 0x00000000ee600000| PB 0x00000000ee600000| Untracked 
| 231|0x00000000ee700000, 0x00000000ee700000, 0x00000000ee800000|  0%| F|  |TAMS 0x00000000ee700000| PB 0x00000000ee700000| Untracked 
| 232|0x00000000ee800000, 0x00000000ee800000, 0x00000000ee900000|  0%| F|  |TAMS 0x00000000ee800000| PB 0x00000000ee800000| Untracked 
| 233|0x00000000ee900000, 0x00000000ee900000, 0x00000000eea00000|  0%| F|  |TAMS 0x00000000ee900000| PB 0x00000000ee900000| Untracked 
| 234|0x00000000eea00000, 0x00000000eea00000, 0x00000000eeb00000|  0%| F|  |TAMS 0x00000000eea00000| PB 0x00000000eea00000| Untracked 
| 235|0x00000000eeb00000, 0x00000000eeb00000, 0x00000000eec00000|  0%| F|  |TAMS 0x00000000eeb00000| PB 0x00000000eeb00000| Untracked 
| 236|0x00000000eec00000, 0x00000000eecbba20, 0x00000000eed00000| 73%| S|CS|TAMS 0x00000000eec00000| PB 0x00000000eec00000| Complete 
| 237|0x00000000eed00000, 0x00000000eee00000, 0x00000000eee00000|100%| S|CS|TAMS 0x00000000eed00000| PB 0x00000000eed00000| Complete 
| 238|0x00000000eee00000, 0x00000000eef00000, 0x00000000eef00000|100%| S|CS|TAMS 0x00000000eee00000| PB 0x00000000eee00000| Complete 
| 239|0x00000000eef00000, 0x00000000ef000000, 0x00000000ef000000|100%| S|CS|TAMS 0x00000000eef00000| PB 0x00000000eef00000| Complete 
| 240|0x00000000ef000000, 0x00000000ef100000, 0x00000000ef100000|100%| S|CS|TAMS 0x00000000ef000000| PB 0x00000000ef000000| Complete 
| 241|0x00000000ef100000, 0x00000000ef200000, 0x00000000ef200000|100%| S|CS|TAMS 0x00000000ef100000| PB 0x00000000ef100000| Complete 
| 242|0x00000000ef200000, 0x00000000ef300000, 0x00000000ef300000|100%| S|CS|TAMS 0x00000000ef200000| PB 0x00000000ef200000| Complete 
| 243|0x00000000ef300000, 0x00000000ef400000, 0x00000000ef400000|100%| S|CS|TAMS 0x00000000ef300000| PB 0x00000000ef300000| Complete 
| 244|0x00000000ef400000, 0x00000000ef448718, 0x00000000ef500000| 28%| E|  |TAMS 0x00000000ef400000| PB 0x00000000ef400000| Complete 
| 245|0x00000000ef500000, 0x00000000ef600000, 0x00000000ef600000|100%| E|CS|TAMS 0x00000000ef500000| PB 0x00000000ef500000| Complete 
| 246|0x00000000ef600000, 0x00000000ef700000, 0x00000000ef700000|100%| E|CS|TAMS 0x00000000ef600000| PB 0x00000000ef600000| Complete 
| 247|0x00000000ef700000, 0x00000000ef800000, 0x00000000ef800000|100%| E|CS|TAMS 0x00000000ef700000| PB 0x00000000ef700000| Complete 
| 248|0x00000000ef800000, 0x00000000ef900000, 0x00000000ef900000|100%| E|CS|TAMS 0x00000000ef800000| PB 0x00000000ef800000| Complete 
| 249|0x00000000ef900000, 0x00000000efa00000, 0x00000000efa00000|100%| E|CS|TAMS 0x00000000ef900000| PB 0x00000000ef900000| Complete 
| 250|0x00000000efa00000, 0x00000000efb00000, 0x00000000efb00000|100%| E|CS|TAMS 0x00000000efa00000| PB 0x00000000efa00000| Complete 
| 251|0x00000000efb00000, 0x00000000efc00000, 0x00000000efc00000|100%| E|CS|TAMS 0x00000000efb00000| PB 0x00000000efb00000| Complete 
| 252|0x00000000efc00000, 0x00000000efd00000, 0x00000000efd00000|100%| E|CS|TAMS 0x00000000efc00000| PB 0x00000000efc00000| Complete 
| 253|0x00000000efd00000, 0x00000000efe00000, 0x00000000efe00000|100%| S|CS|TAMS 0x00000000efd00000| PB 0x00000000efd00000| Complete 
| 254|0x00000000efe00000, 0x00000000eff00000, 0x00000000eff00000|100%| E|CS|TAMS 0x00000000efe00000| PB 0x00000000efe00000| Complete 
| 255|0x00000000eff00000, 0x00000000f0000000, 0x00000000f0000000|100%| E|CS|TAMS 0x00000000eff00000| PB 0x00000000eff00000| Complete 

Card table byte_map: [0x0000016558760000,0x0000016558860000] _byte_map_base: 0x0000016558060000

Marking Bits: (CMBitMap*) 0x000001654440c0e0
 Bits: [0x0000016558860000, 0x0000016559060000)

Polling page: 0x00000165440f0000

Metaspace:

Usage:
  Non-class:     29.68 MB used.
      Class:      5.13 MB used.
       Both:     34.82 MB used.

Virtual space:
  Non-class space:       64.00 MB reserved,      30.31 MB ( 47%) committed,  1 nodes.
      Class space:      320.00 MB reserved,       5.81 MB (  2%) committed,  1 nodes.
             Both:      384.00 MB reserved,      36.12 MB (  9%) committed. 

Chunk freelists:
   Non-Class:  1.11 MB
       Class:  10.13 MB
        Both:  11.24 MB

MaxMetaspaceSize: 384.00 MB
CompressedClassSpaceSize: 320.00 MB
Initial GC threshold: 21.00 MB
Current GC threshold: 59.69 MB
CDS: on
 - commit_granule_bytes: 65536.
 - commit_granule_words: 8192.
 - virtual_space_node_default_size: 8388608.
 - enlarge_chunks_in_place: 1.
 - use_allocation_guard: 0.


Internal statistics:

num_allocs_failed_limit: 12.
num_arena_births: 2422.
num_arena_deaths: 0.
num_vsnodes_births: 2.
num_vsnodes_deaths: 0.
num_space_committed: 578.
num_space_uncommitted: 0.
num_chunks_returned_to_freelist: 12.
num_chunks_taken_from_freelist: 4116.
num_chunk_merges: 12.
num_chunk_splits: 2675.
num_chunks_enlarged: 1632.
num_inconsistent_stats: 0.

CodeHeap 'non-profiled nmethods': size=120000Kb used=2138Kb max_used=2313Kb free=117861Kb
 bounds [0x00000165506c0000, 0x0000016550930000, 0x0000016557bf0000]
CodeHeap 'profiled nmethods': size=120000Kb used=7557Kb max_used=8422Kb free=112442Kb
 bounds [0x0000016548bf0000, 0x0000016549430000, 0x0000016550120000]
CodeHeap 'non-nmethods': size=5760Kb used=1983Kb max_used=2020Kb free=3776Kb
 bounds [0x0000016550120000, 0x0000016550390000, 0x00000165506c0000]
CodeCache: size=245760Kb, used=11678Kb, max_used=12755Kb, free=234079Kb
 total_blobs=4686, nmethods=3994, adapters=596, full_count=0
Compilation: enabled, stopped_count=0, restarted_count=0

Compilation events (20 events):
Event: 129.896 Thread 0x000001655bb06480 4439       3       jdk.internal.util.Preconditions$4::<init> (10 bytes)
Event: 129.896 Thread 0x000001655bb06480 nmethod 4439 0x0000016548d9e210 code [0x0000016548d9e3c0, 0x0000016548d9e588]
Event: 131.223 Thread 0x000001655bb06480 4440  s    3       java.net.DatagramPacket::setData (42 bytes)
Event: 131.224 Thread 0x000001655bb06480 nmethod 4440 0x0000016548c52c90 code [0x0000016548c52ec0, 0x0000016548c536f8]
Event: 131.224 Thread 0x000001655bb06480 4441       3       sun.nio.ch.DatagramChannelImpl::configureSocketNonBlockingIfVirtualThread (14 bytes)
Event: 131.224 Thread 0x000001655bb06480 nmethod 4441 0x0000016548dfeb10 code [0x0000016548dfece0, 0x0000016548dfefc0]
Event: 131.224 Thread 0x000001655bb06480 4442       3       java.nio.DirectByteBuffer::address (42 bytes)
Event: 131.225 Thread 0x000001655bb06480 nmethod 4442 0x0000016548db3c90 code [0x0000016548db3ea0, 0x0000016548db4570]
Event: 132.092 Thread 0x000001655bb06480 4443       3       java.util.stream.Collectors$$Lambda/0x000001655d078f48::get (8 bytes)
Event: 132.092 Thread 0x000001655bb06480 nmethod 4443 0x0000016548fbc190 code [0x0000016548fbc360, 0x0000016548fbc6a8]
Event: 134.263 Thread 0x000001655bb06480 4444       3       java.util.concurrent.locks.ReentrantLock$NonfairSync::initialTryLock (58 bytes)
Event: 134.263 Thread 0x000001655bb06480 nmethod 4444 0x0000016548ccd590 code [0x0000016548ccd780, 0x0000016548ccdb60]
Event: 134.702 Thread 0x000001655baec9e0 4445       4       it.unimi.dsi.fastutil.HashCommon::mix (20 bytes)
Event: 134.702 Thread 0x000001655baec9e0 nmethod 4445 0x0000016550726110 code [0x0000016550726280, 0x0000016550726308]
Event: 134.728 Thread 0x000001655bb06480 4446       3       org.gradle.internal.hash.Hashing$MessageDigestHasher::putInt (15 bytes)
Event: 134.728 Thread 0x000001655bb06480 nmethod 4446 0x0000016548cdee90 code [0x0000016548cdf0a0, 0x0000016548cdf6b0]
Event: 134.728 Thread 0x000001655bb06480 4447       3       java.nio.HeapByteBuffer::putInt (31 bytes)
Event: 134.729 Thread 0x000001655bb06480 nmethod 4447 0x0000016548cb3910 code [0x0000016548cb3b80, 0x0000016548cb45a0]
Event: 135.341 Thread 0x000001655bb06480 4448       3       jdk.internal.misc.Unsafe::putInt (8 bytes)
Event: 135.341 Thread 0x000001655bb06480 nmethod 4448 0x0000016548d0ec90 code [0x0000016548d0ee20, 0x0000016548d0ef38]

GC Heap History (14 events):
Event: 11.078 GC heap before
{Heap before GC invocations=0 (full 0):
 garbage-first heap   total 262144K, used 26624K [0x00000000e0000000, 0x0000000100000000)
  region size 1024K, 23 young (23552K), 0 survivors (0K)
 Metaspace       used 2930K, committed 3072K, reserved 393216K
  class space    used 348K, committed 384K, reserved 327680K
}
Event: 11.876 GC heap after
{Heap after GC invocations=1 (full 0):
 garbage-first heap   total 262144K, used 11093K [0x00000000e0000000, 0x0000000100000000)
  region size 1024K, 3 young (3072K), 3 survivors (3072K)
 Metaspace       used 2930K, committed 3072K, reserved 393216K
  class space    used 348K, committed 384K, reserved 327680K
}
Event: 16.537 GC heap before
{Heap before GC invocations=1 (full 0):
 garbage-first heap   total 262144K, used 40789K [0x00000000e0000000, 0x0000000100000000)
  region size 1024K, 31 young (31744K), 3 survivors (3072K)
 Metaspace       used 4674K, committed 4864K, reserved 393216K
  class space    used 595K, committed 704K, reserved 327680K
}
Event: 16.555 GC heap after
{Heap after GC invocations=2 (full 0):
 garbage-first heap   total 262144K, used 15036K [0x00000000e0000000, 0x0000000100000000)
  region size 1024K, 3 young (3072K), 3 survivors (3072K)
 Metaspace       used 4674K, committed 4864K, reserved 393216K
  class space    used 595K, committed 704K, reserved 327680K
}
Event: 74.096 GC heap before
{Heap before GC invocations=2 (full 0):
 garbage-first heap   total 262144K, used 103100K [0x00000000e0000000, 0x0000000100000000)
  region size 1024K, 89 young (91136K), 3 survivors (3072K)
 Metaspace       used 17758K, committed 18304K, reserved 393216K
  class space    used 2463K, committed 2752K, reserved 327680K
}
Event: 74.224 GC heap after
{Heap after GC invocations=3 (full 0):
 garbage-first heap   total 262144K, used 23247K [0x00000000e0000000, 0x0000000100000000)
  region size 1024K, 11 young (11264K), 11 survivors (11264K)
 Metaspace       used 17758K, committed 18304K, reserved 393216K
  class space    used 2463K, committed 2752K, reserved 327680K
}
Event: 78.645 GC heap before
{Heap before GC invocations=3 (full 0):
 garbage-first heap   total 262144K, used 46799K [0x00000000e0000000, 0x0000000100000000)
  region size 1024K, 35 young (35840K), 11 survivors (11264K)
 Metaspace       used 20864K, committed 21504K, reserved 393216K
  class space    used 2977K, committed 3328K, reserved 327680K
}
Event: 78.661 GC heap after
{Heap after GC invocations=4 (full 0):
 garbage-first heap   total 262144K, used 24726K [0x00000000e0000000, 0x0000000100000000)
  region size 1024K, 2 young (2048K), 2 survivors (2048K)
 Metaspace       used 20864K, committed 21504K, reserved 393216K
  class space    used 2977K, committed 3328K, reserved 327680K
}
Event: 92.887 GC heap before
{Heap before GC invocations=5 (full 0):
 garbage-first heap   total 262144K, used 123030K [0x00000000e0000000, 0x0000000100000000)
  region size 1024K, 100 young (102400K), 2 survivors (2048K)
 Metaspace       used 34712K, committed 35968K, reserved 393216K
  class space    used 5075K, committed 5696K, reserved 327680K
}
Event: 92.896 GC heap after
{Heap after GC invocations=6 (full 0):
 garbage-first heap   total 262144K, used 30931K [0x00000000e0000000, 0x0000000100000000)
  region size 1024K, 8 young (8192K), 8 survivors (8192K)
 Metaspace       used 34712K, committed 35968K, reserved 393216K
  class space    used 5075K, committed 5696K, reserved 327680K
}
Event: 93.981 GC heap before
{Heap before GC invocations=6 (full 0):
 garbage-first heap   total 262144K, used 32979K [0x00000000e0000000, 0x0000000100000000)
  region size 1024K, 11 young (11264K), 8 survivors (8192K)
 Metaspace       used 35022K, committed 36288K, reserved 393216K
  class space    used 5130K, committed 5760K, reserved 327680K
}
Event: 93.989 GC heap after
{Heap after GC invocations=7 (full 0):
 garbage-first heap   total 262144K, used 31814K [0x00000000e0000000, 0x0000000100000000)
  region size 1024K, 9 young (9216K), 9 survivors (9216K)
 Metaspace       used 35022K, committed 36288K, reserved 393216K
  class space    used 5130K, committed 5760K, reserved 327680K
}
Event: 94.047 GC heap before
{Heap before GC invocations=7 (full 0):
 garbage-first heap   total 262144K, used 32838K [0x00000000e0000000, 0x0000000100000000)
  region size 1024K, 11 young (11264K), 9 survivors (9216K)
 Metaspace       used 35196K, committed 36608K, reserved 393216K
  class space    used 5155K, committed 5888K, reserved 327680K
}
Event: 94.051 GC heap after
{Heap after GC invocations=8 (full 0):
 garbage-first heap   total 262144K, used 31584K [0x00000000e0000000, 0x0000000100000000)
  region size 1024K, 9 young (9216K), 9 survivors (9216K)
 Metaspace       used 35196K, committed 36608K, reserved 393216K
  class space    used 5155K, committed 5888K, reserved 327680K
}

Dll operation events (20 events):
Event: 2.340 Attempting to load shared library C:\Users\user\.vscode\extensions\redhat.java-1.56.0-win32-x64\jre\21.0.12.1-win32-x86_64\bin\nio.dll
Event: 2.352 Loaded shared library C:\Users\user\.vscode\extensions\redhat.java-1.56.0-win32-x64\jre\21.0.12.1-win32-x86_64\bin\nio.dll
Event: 2.364 Attempting to load shared library C:\Users\user\.vscode\extensions\redhat.java-1.56.0-win32-x64\jre\21.0.12.1-win32-x86_64\bin\zip.dll
Event: 2.364 Loaded shared library C:\Users\user\.vscode\extensions\redhat.java-1.56.0-win32-x64\jre\21.0.12.1-win32-x86_64\bin\zip.dll
Event: 6.036 Attempting to load shared library C:\Users\user\.vscode\extensions\redhat.java-1.56.0-win32-x64\jre\21.0.12.1-win32-x86_64\bin\jimage.dll
Event: 6.036 Loaded shared library C:\Users\user\.vscode\extensions\redhat.java-1.56.0-win32-x64\jre\21.0.12.1-win32-x86_64\bin\jimage.dll
Event: 9.454 Attempting to load shared library C:\Users\user\.vscode\extensions\redhat.java-1.56.0-win32-x64\jre\21.0.12.1-win32-x86_64\bin\verify.dll
Event: 9.578 Loaded shared library C:\Users\user\.vscode\extensions\redhat.java-1.56.0-win32-x64\jre\21.0.12.1-win32-x86_64\bin\verify.dll
Event: 10.141 Attempting to load shared library C:\Users\user\.gradle\native\660c5614fbf4a5f2a75b1949f50a0caf5cd603558e7d8a26e50b933a0cfb79d1\windows-amd64\native-platform.dll
Event: 10.145 Loaded shared library C:\Users\user\.gradle\native\660c5614fbf4a5f2a75b1949f50a0caf5cd603558e7d8a26e50b933a0cfb79d1\windows-amd64\native-platform.dll
Event: 10.289 Attempting to load shared library C:\Users\user\.gradle\native\0.2.8\x86_64-windows-gnu\gradle-fileevents.dll
Event: 10.291 Loaded shared library C:\Users\user\.gradle\native\0.2.8\x86_64-windows-gnu\gradle-fileevents.dll
Event: 19.941 Attempting to load shared library C:\Users\user\.vscode\extensions\redhat.java-1.56.0-win32-x64\jre\21.0.12.1-win32-x86_64\bin\management.dll
Event: 19.949 Loaded shared library C:\Users\user\.vscode\extensions\redhat.java-1.56.0-win32-x64\jre\21.0.12.1-win32-x86_64\bin\management.dll
Event: 19.975 Attempting to load shared library C:\Users\user\.vscode\extensions\redhat.java-1.56.0-win32-x64\jre\21.0.12.1-win32-x86_64\bin\management_ext.dll
Event: 19.981 Loaded shared library C:\Users\user\.vscode\extensions\redhat.java-1.56.0-win32-x64\jre\21.0.12.1-win32-x86_64\bin\management_ext.dll
Event: 23.366 Attempting to load shared library C:\Users\user\.vscode\extensions\redhat.java-1.56.0-win32-x64\jre\21.0.12.1-win32-x86_64\bin\extnet.dll
Event: 23.370 Loaded shared library C:\Users\user\.vscode\extensions\redhat.java-1.56.0-win32-x64\jre\21.0.12.1-win32-x86_64\bin\extnet.dll
Event: 46.519 Attempting to load shared library C:\Users\user\.vscode\extensions\redhat.java-1.56.0-win32-x64\jre\21.0.12.1-win32-x86_64\bin\sunmscapi.dll
Event: 46.922 Loaded shared library C:\Users\user\.vscode\extensions\redhat.java-1.56.0-win32-x64\jre\21.0.12.1-win32-x86_64\bin\sunmscapi.dll

Deoptimization events (20 events):
Event: 94.085 Thread 0x0000016575436d10 Uncommon trap: trap_request=0xffffffbe fr.pc=0x00000165508e902c relative=0x000000000000024c
Event: 94.085 Thread 0x0000016575436d10 Uncommon trap: reason=profile_predicate action=maybe_recompile pc=0x00000165508e902c method=java.util.stream.ReferencePipeline.forEachWithCancel(Ljava/util/Spliterator;Ljava/util/stream/Sink;)Z @ 8 c2
Event: 94.085 Thread 0x0000016575436d10 DEOPT PACKING pc=0x00000165508e902c sp=0x0000001b374fe960
Event: 94.085 Thread 0x0000016575436d10 DEOPT UNPACKING pc=0x0000016550177ba2 sp=0x0000001b374fe900 mode 2
Event: 98.882 Thread 0x0000016575a0e730 Uncommon trap: trap_request=0xffffff45 fr.pc=0x000001655080ef48 relative=0x00000000000001a8
Event: 98.882 Thread 0x0000016575a0e730 Uncommon trap: reason=unstable_if action=reinterpret pc=0x000001655080ef48 method=java.util.concurrent.locks.ReentrantLock$NonfairSync.initialTryLock()Z @ 25 c2
Event: 98.882 Thread 0x0000016575a0e730 DEOPT PACKING pc=0x000001655080ef48 sp=0x0000001b37af98f0
Event: 98.882 Thread 0x0000016575a0e730 DEOPT UNPACKING pc=0x0000016550177ba2 sp=0x0000001b37af97d8 mode 2
Event: 120.866 Thread 0x0000016575a0e0a0 Uncommon trap: trap_request=0xffffffc6 fr.pc=0x00000165508dd28c relative=0x0000000000000c0c
Event: 120.866 Thread 0x0000016575a0e0a0 Uncommon trap: reason=bimorphic_or_optimized_type_check action=maybe_recompile pc=0x00000165508dd28c method=java.io.BufferedInputStream.implRead([BII)I @ 100 c2
Event: 120.866 Thread 0x0000016575a0e0a0 DEOPT PACKING pc=0x00000165508dd28c sp=0x0000001b35bfe300
Event: 120.866 Thread 0x0000016575a0e0a0 DEOPT UNPACKING pc=0x0000016550177ba2 sp=0x0000001b35bfe2c8 mode 2
Event: 120.878 Thread 0x0000016575a0e0a0 Uncommon trap: trap_request=0xffffffc6 fr.pc=0x00000165508dd28c relative=0x0000000000000c0c
Event: 120.878 Thread 0x0000016575a0e0a0 Uncommon trap: reason=bimorphic_or_optimized_type_check action=maybe_recompile pc=0x00000165508dd28c method=java.io.BufferedInputStream.implRead([BII)I @ 100 c2
Event: 120.878 Thread 0x0000016575a0e0a0 DEOPT PACKING pc=0x00000165508dd28c sp=0x0000001b35bfe360
Event: 120.878 Thread 0x0000016575a0e0a0 DEOPT UNPACKING pc=0x0000016550177ba2 sp=0x0000001b35bfe328 mode 2
Event: 133.809 Thread 0x0000016575b630f0 Uncommon trap: trap_request=0xffffff45 fr.pc=0x000001655079519c relative=0x000000000000017c
Event: 133.809 Thread 0x0000016575b630f0 Uncommon trap: reason=unstable_if action=reinterpret pc=0x000001655079519c method=java.util.concurrent.locks.ReentrantLock$NonfairSync.initialTryLock()Z @ 25 c2
Event: 133.809 Thread 0x0000016575b630f0 DEOPT PACKING pc=0x000001655079519c sp=0x0000001b376fe320
Event: 133.809 Thread 0x0000016575b630f0 DEOPT UNPACKING pc=0x0000016550177ba2 sp=0x0000001b376fe2c0 mode 2

Classes loaded (20 events):
Event: 92.352 Loading class java/nio/file/FileAlreadyExistsException
Event: 92.352 Loading class java/nio/file/FileAlreadyExistsException done
Event: 92.353 Loading class java/nio/file/AccessMode
Event: 92.353 Loading class java/nio/file/AccessMode done
Event: 94.000 Loading class java/nio/file/FileTreeWalker
Event: 94.001 Loading class java/nio/file/FileTreeWalker done
Event: 94.011 Loading class java/nio/charset/CharacterCodingException
Event: 94.011 Loading class java/nio/charset/CharacterCodingException done
Event: 94.021 Loading class java/nio/file/FileTreeWalker$DirectoryNode
Event: 94.021 Loading class java/nio/file/FileTreeWalker$DirectoryNode done
Event: 94.021 Loading class java/nio/file/FileTreeWalker$Event
Event: 94.021 Loading class java/nio/file/FileTreeWalker$Event done
Event: 94.021 Loading class java/nio/file/FileTreeWalker$EventType
Event: 94.021 Loading class java/nio/file/FileTreeWalker$EventType done
Event: 94.021 Loading class java/nio/file/Files$3
Event: 94.021 Loading class java/nio/file/Files$3 done
Event: 94.023 Loading class java/nio/file/FileVisitResult
Event: 94.023 Loading class java/nio/file/FileVisitResult done
Event: 94.563 Loading class java/util/stream/Streams$RangeIntSpliterator
Event: 94.564 Loading class java/util/stream/Streams$RangeIntSpliterator done

Classes unloaded (0 events):
No events

Classes redefined (0 events):
No events

Internal exceptions (20 events):
Event: 92.011 Thread 0x0000016575a0e730 Exception <a 'java/lang/ClassNotFoundException'{0x00000000e9d68d70}: groovy/lang/GroovyObjectSupportCustomizer> (0x00000000e9d68d70) 
thrown [s\src\hotspot\share\classfile\systemDictionary.cpp, line 313]
Event: 92.015 Thread 0x0000016575a0e730 Exception <a 'java/lang/ClassNotFoundException'{0x00000000e9d83e88}: org/gradle/internal/extensibility/DefaultExtraPropertiesExtensionCustomizer> (0x00000000e9d83e88) 
thrown [s\src\hotspot\share\classfile\systemDictionary.cpp, line 313]
Event: 92.118 Thread 0x0000016575a0e730 Exception <a 'java/lang/IncompatibleClassChangeError'{0x00000000e9d9ed28}: Found class java.lang.Object, but interface was expected> (0x00000000e9d9ed28) 
thrown [s\src\hotspot\share\interpreter\linkResolver.cpp, line 840]
Event: 92.352 Thread 0x0000016575a0e730 Exception <a 'sun/nio/fs/WindowsException'{0x00000000e9c24468}> (0x00000000e9c24468) 
thrown [s\src\hotspot\share\prims\jni.cpp, line 520]
Event: 92.451 Thread 0x0000016575a0e730 Exception <a 'sun/nio/fs/WindowsException'{0x00000000e9c261a8}> (0x00000000e9c261a8) 
thrown [s\src\hotspot\share\prims\jni.cpp, line 520]
Event: 92.566 Thread 0x0000016575a0e730 Exception <a 'sun/nio/fs/WindowsException'{0x00000000e9c27668}> (0x00000000e9c27668) 
thrown [s\src\hotspot\share\prims\jni.cpp, line 520]
Event: 92.759 Thread 0x0000016575a0e730 Exception <a 'sun/nio/fs/WindowsException'{0x00000000e9c28b48}> (0x00000000e9c28b48) 
thrown [s\src\hotspot\share\prims\jni.cpp, line 520]
Event: 92.905 Thread 0x0000016575a0e730 Exception <a 'java/lang/IncompatibleClassChangeError'{0x00000000eff3f6a0}: Found class java.lang.Object, but interface was expected> (0x00000000eff3f6a0) 
thrown [s\src\hotspot\share\interpreter\linkResolver.cpp, line 840]
Event: 93.821 Thread 0x0000016575a0e730 Exception <a 'java/lang/NoSuchMethodError'{0x00000000efd28e48}: 'java.lang.Object java.lang.invoke.DirectMethodHandle$Holder.invokeSpecial(java.lang.Object, java.lang.Object, long, java.lang.Object)'> (0x00000000efd28e48) 
thrown [s\src\hotspot\share\interpreter\linkResolver.cpp, line 773]
Event: 93.822 Thread 0x0000016575a0e730 Exception <a 'java/lang/NoSuchMethodError'{0x00000000efd30350}: 'java.lang.Object java.lang.invoke.DirectMethodHandle$Holder.newInvokeSpecial(java.lang.Object, java.lang.Object, long)'> (0x00000000efd30350) 
thrown [s\src\hotspot\share\interpreter\linkResolver.cpp, line 773]
Event: 93.822 Thread 0x0000016575a0e730 Exception <a 'java/lang/NoSuchMethodError'{0x00000000efd34938}: 'java.lang.Object java.lang.invoke.Invokers$Holder.linkToTargetMethod(java.lang.Object, long, java.lang.Object)'> (0x00000000efd34938) 
thrown [s\src\hotspot\share\interpreter\linkResolver.cpp, line 773]
Event: 93.995 Thread 0x0000016575a0e0a0 Implicit null exception at 0x0000016550892461 to 0x0000016550892abc
Event: 93.997 Thread 0x0000016575a0e0a0 Implicit null exception at 0x00000165508de847 to 0x00000165508dec00
Event: 94.483 Thread 0x0000016575a0e730 Exception <a 'java/lang/NoSuchMethodError'{0x00000000eff7d800}: 'int java.lang.invoke.DirectMethodHandle$Holder.invokeSpecial(java.lang.Object, java.lang.Object, java.lang.Object, java.lang.Object)'> (0x00000000eff7d800) 
thrown [s\src\hotspot\share\interpreter\linkResolver.cpp, line 773]
Event: 94.494 Thread 0x0000016575a0e730 Exception <a 'java/lang/NoSuchMethodError'{0x00000000efc89c90}: 'int java.lang.invoke.DirectMethodHandle$Holder.invokeInterface(java.lang.Object, java.lang.Object)'> (0x00000000efc89c90) 
thrown [s\src\hotspot\share\interpreter\linkResolver.cpp, line 773]
Event: 94.559 Thread 0x0000016575a0e730 Exception <a 'java/lang/NoSuchMethodError'{0x00000000efcfecd8}: 'java.lang.Object java.lang.invoke.DirectMethodHandle$Holder.invokeVirtual(java.lang.Object, java.lang.Object, int)'> (0x00000000efcfecd8) 
thrown [s\src\hotspot\share\interpreter\linkResolver.cpp, line 773]
Event: 120.441 Thread 0x0000016575a0e730 Exception <a 'java/lang/NoSuchMethodError'{0x00000000ef8ab438}: 'java.lang.Object java.lang.invoke.DirectMethodHandle$Holder.invokeStatic(java.lang.Object, java.lang.Object, int, java.lang.Object)'> (0x00000000ef8ab438) 
thrown [s\src\hotspot\share\interpreter\linkResolver.cpp, line 773]
Event: 120.442 Thread 0x0000016575a0e730 Exception <a 'java/lang/NoSuchMethodError'{0x00000000ef8b2820}: 'java.lang.Object java.lang.invoke.DirectMethodHandle$Holder.newInvokeSpecial(java.lang.Object, java.lang.Object, int, java.lang.Object)'> (0x00000000ef8b2820) 
thrown [s\src\hotspot\share\interpreter\linkResolver.cpp, line 773]
Event: 120.442 Thread 0x0000016575a0e730 Exception <a 'java/lang/NoSuchMethodError'{0x00000000ef8b6f48}: 'java.lang.Object java.lang.invoke.DirectMethodHandle$Holder.invokeSpecial(java.lang.Object, java.lang.Object, java.lang.Object, int, java.lang.Object)'> (0x00000000ef8b6f48) 
thrown [s\src\hotspot\share\interpreter\linkResolver.cpp, line 773]
Event: 120.842 Thread 0x0000016575a0e730 Exception <a 'java/lang/IncompatibleClassChangeError'{0x00000000ef764b20}: Found class java.lang.Object, but interface was expected> (0x00000000ef764b20) 
thrown [s\src\hotspot\share\interpreter\linkResolver.cpp, line 840]

ZGC Phase Switch (0 events):
No events

VM Operations (20 events):
Event: 108.203 Executing safepoint VM operation: Cleanup
Event: 108.203 Executing safepoint VM operation: Cleanup done
Event: 109.213 Executing safepoint VM operation: Cleanup
Event: 109.213 Executing safepoint VM operation: Cleanup done
Event: 114.271 Executing safepoint VM operation: Cleanup
Event: 114.271 Executing safepoint VM operation: Cleanup done
Event: 120.333 Executing safepoint VM operation: Cleanup
Event: 120.333 Executing safepoint VM operation: Cleanup done
Event: 120.706 Executing non-safepoint VM operation: HandshakeAllThreads (HandshakeForDeflation)
Event: 120.706 Executing non-safepoint VM operation: HandshakeAllThreads (HandshakeForDeflation) done
Event: 120.706 Executing non-safepoint VM operation: RendezvousGCThreads
Event: 120.706 Executing non-safepoint VM operation: RendezvousGCThreads done
Event: 121.719 Executing safepoint VM operation: Cleanup
Event: 121.719 Executing safepoint VM operation: Cleanup done
Event: 123.736 Executing safepoint VM operation: Cleanup
Event: 123.736 Executing safepoint VM operation: Cleanup done
Event: 133.855 Executing safepoint VM operation: Cleanup
Event: 133.855 Executing safepoint VM operation: Cleanup done
Event: 134.855 Executing safepoint VM operation: Cleanup
Event: 134.855 Executing safepoint VM operation: Cleanup done

Memory protections (0 events):
No events

Nmethod flushes (20 events):
Event: 94.075 Thread 0x000001655babb140 flushing  nmethod 0x0000016548eb1b90
Event: 94.075 Thread 0x000001655babb140 flushing  nmethod 0x0000016548fbae90
Event: 94.075 Thread 0x000001655babb140 flushing  nmethod 0x0000016548fbc190
Event: 94.075 Thread 0x000001655babb140 flushing  nmethod 0x0000016548fbd010
Event: 94.075 Thread 0x000001655babb140 flushing  nmethod 0x000001654904f790
Event: 94.075 Thread 0x000001655babb140 flushing  nmethod 0x0000016548edd010
Event: 94.075 Thread 0x000001655babb140 flushing  nmethod 0x0000016549028c90
Event: 94.075 Thread 0x000001655babb140 flushing  nmethod 0x0000016549029210
Event: 94.075 Thread 0x000001655babb140 flushing  nmethod 0x0000016549030990
Event: 94.075 Thread 0x000001655babb140 flushing  nmethod 0x0000016548eebc10
Event: 94.075 Thread 0x000001655babb140 flushing  nmethod 0x0000016548f2f710
Event: 94.075 Thread 0x000001655babb140 flushing  nmethod 0x0000016548f98910
Event: 94.075 Thread 0x000001655babb140 flushing  nmethod 0x000001654900cf10
Event: 94.075 Thread 0x000001655babb140 flushing  nmethod 0x000001654906ef10
Event: 94.075 Thread 0x000001655babb140 flushing  nmethod 0x000001654909ed90
Event: 94.075 Thread 0x000001655babb140 flushing  nmethod 0x000001654909f790
Event: 94.075 Thread 0x000001655babb140 flushing  nmethod 0x000001654909fc90
Event: 94.075 Thread 0x000001655babb140 flushing  nmethod 0x00000165490a2a90
Event: 94.075 Thread 0x000001655babb140 flushing  nmethod 0x00000165490a8810
Event: 94.075 Thread 0x000001655babb140 flushing  nmethod 0x00000165490a9110

Events (20 events):
Event: 47.258 Thread 0x0000016575aca4c0 Thread added: 0x000001657586c910
Event: 48.104 Thread 0x0000016575aca4c0 Thread added: 0x0000016576a62000
Event: 48.410 Thread 0x0000016575aca4c0 Thread added: 0x0000016575a0e730
Event: 51.859 Thread 0x0000016575a0e730 Thread added: 0x0000016575a0b940
Event: 51.868 Thread 0x0000016575a0e730 Thread added: 0x0000016575a0bfd0
Event: 52.381 Thread 0x0000016575a0e730 Thread added: 0x0000016575a0b2b0
Event: 64.179 Thread 0x0000016575a0e730 Thread added: 0x0000016575a0e0a0
Event: 64.222 Thread 0x0000016575a0e730 Thread added: 0x0000016575a0c660
Event: 68.514 Thread 0x0000016575a0c660 Thread added: 0x0000016575a0d380
Event: 69.542 Thread 0x0000016575a0e730 Thread added: 0x0000016575a0da10
Event: 81.553 Thread 0x0000016575a0e730 Thread added: 0x0000016578a78460
Event: 82.095 Thread 0x0000016575a0e730 Thread added: 0x0000016578a77740
Event: 84.072 Thread 0x0000016575a0e730 Thread added: 0x0000016578a79810
Event: 84.153 Thread 0x0000016575a0e730 Thread added: 0x0000016578a76a20
Event: 85.209 Thread 0x0000016575a0e730 Thread added: 0x0000016578a770b0
Event: 85.719 Thread 0x0000016575a0e730 Thread added: 0x0000016578a76390
Event: 86.877 Thread 0x0000016575a0e730 Thread added: 0x0000016578a77dd0
Event: 87.522 Thread 0x0000016575a0e730 Thread added: 0x0000016578a7b250
Event: 120.459 Thread 0x0000016575a0e730 Thread added: 0x0000016578a7b8e0
Event: 134.431 Thread 0x0000016575a0e730 Thread added: 0x0000016578a79ea0


Dynamic libraries:
0x00007ff6187a0000 - 0x00007ff6187ae000 	C:\Users\user\.vscode\extensions\redhat.java-1.56.0-win32-x64\jre\21.0.12.1-win32-x86_64\bin\java.exe
0x00007ffcbcde0000 - 0x00007ffcbd047000 	C:\WINDOWS\SYSTEM32\ntdll.dll
0x00007ffcbb7a0000 - 0x00007ffcbb86b000 	C:\WINDOWS\System32\KERNEL32.DLL
0x00007ffcba6f0000 - 0x00007ffcbaaf2000 	C:\WINDOWS\System32\KERNELBASE.dll
0x00007ffcba460000 - 0x00007ffcba5ac000 	C:\WINDOWS\System32\ucrtbase.dll
0x00007ffca62c0000 - 0x00007ffca62d8000 	C:\Users\user\.vscode\extensions\redhat.java-1.56.0-win32-x64\jre\21.0.12.1-win32-x86_64\bin\jli.dll
0x00007ffcbad00000 - 0x00007ffcbaecf000 	C:\WINDOWS\System32\USER32.dll
0x00007ffcba090000 - 0x00007ffcba0b7000 	C:\WINDOWS\System32\win32u.dll
0x00007ffcbc7f0000 - 0x00007ffcbc81b000 	C:\WINDOWS\System32\GDI32.dll
0x00007ffcba5c0000 - 0x00007ffcba6e9000 	C:\WINDOWS\System32\gdi32full.dll
0x00007ffcb9fe0000 - 0x00007ffcba083000 	C:\WINDOWS\System32\msvcp_win.dll
0x00007ffca6300000 - 0x00007ffca631e000 	C:\Users\user\.vscode\extensions\redhat.java-1.56.0-win32-x64\jre\21.0.12.1-win32-x86_64\bin\VCRUNTIME140.dll
0x00007ffca3f40000 - 0x00007ffca41d0000 	C:\WINDOWS\WinSxS\amd64_microsoft.windows.common-controls_6595b64144ccf1df_6.0.26100.9278_none_3e0d1ba8e3303201\COMCTL32.dll
0x00007ffcbc740000 - 0x00007ffcbc7e9000 	C:\WINDOWS\System32\msvcrt.dll
0x00007ffcbaca0000 - 0x00007ffcbacd1000 	C:\WINDOWS\System32\IMM32.DLL
0x00007ffcb4270000 - 0x00007ffcb427c000 	C:\Users\user\.vscode\extensions\redhat.java-1.56.0-win32-x64\jre\21.0.12.1-win32-x86_64\bin\vcruntime140_1.dll
0x00007ffc90d80000 - 0x00007ffc90e0d000 	C:\Users\user\.vscode\extensions\redhat.java-1.56.0-win32-x64\jre\21.0.12.1-win32-x86_64\bin\msvcp140.dll
0x00007ffc0df50000 - 0x00007ffc0ecf2000 	C:\Users\user\.vscode\extensions\redhat.java-1.56.0-win32-x64\jre\21.0.12.1-win32-x86_64\bin\server\jvm.dll
0x00007ffcbc670000 - 0x00007ffcbc72c000 	C:\WINDOWS\System32\ADVAPI32.dll
0x00007ffcbc550000 - 0x00007ffcbc5f9000 	C:\WINDOWS\System32\sechost.dll
0x00007ffcbc430000 - 0x00007ffcbc548000 	C:\WINDOWS\System32\RPCRT4.dll
0x00007ffcbac10000 - 0x00007ffcbac90000 	C:\WINDOWS\System32\WS2_32.dll
0x00007ffcb9e40000 - 0x00007ffcb9e9e000 	C:\WINDOWS\SYSTEM32\POWRPROF.dll
0x00007ffca4200000 - 0x00007ffca4236000 	C:\WINDOWS\SYSTEM32\WINMM.dll
0x00007ffca7c00000 - 0x00007ffca7c0b000 	C:\WINDOWS\SYSTEM32\VERSION.dll
0x00007ffcb9e20000 - 0x00007ffcb9e35000 	C:\WINDOWS\SYSTEM32\UMPDC.dll
0x00007ffcb8ca0000 - 0x00007ffcb8cbb000 	C:\WINDOWS\SYSTEM32\kernel.appcore.dll
0x00007ffca71e0000 - 0x00007ffca71ea000 	C:\Users\user\.vscode\extensions\redhat.java-1.56.0-win32-x64\jre\21.0.12.1-win32-x86_64\bin\jimage.dll
0x00007ffcb7500000 - 0x00007ffcb774c000 	C:\WINDOWS\SYSTEM32\DBGHELP.DLL
0x00007ffcbc900000 - 0x00007ffcbcc85000 	C:\WINDOWS\System32\combase.dll
0x00007ffcbb870000 - 0x00007ffcbb949000 	C:\WINDOWS\System32\OLEAUT32.dll
0x00007ffc9dc80000 - 0x00007ffc9dcbb000 	C:\WINDOWS\SYSTEM32\dbgcore.DLL
0x00007ffcba310000 - 0x00007ffcba3bc000 	C:\WINDOWS\System32\bcryptPrimitives.dll
0x00007ffc9f6e0000 - 0x00007ffc9f6ef000 	C:\Users\user\.vscode\extensions\redhat.java-1.56.0-win32-x64\jre\21.0.12.1-win32-x86_64\bin\instrument.dll
0x00007ffc9e860000 - 0x00007ffc9e880000 	C:\Users\user\.vscode\extensions\redhat.java-1.56.0-win32-x64\jre\21.0.12.1-win32-x86_64\bin\java.dll
0x00007ffcbb950000 - 0x00007ffcbc0e8000 	C:\WINDOWS\System32\SHELL32.dll
0x00007ffcb78e0000 - 0x00007ffcb818e000 	C:\WINDOWS\SYSTEM32\windows.storage.dll
0x00007ffcbafa0000 - 0x00007ffcbb09b000 	C:\WINDOWS\System32\SHCORE.dll
0x00007ffcbb0a0000 - 0x00007ffcbb106000 	C:\WINDOWS\System32\shlwapi.dll
0x00007ffcb9f00000 - 0x00007ffcb9f29000 	C:\WINDOWS\SYSTEM32\profapi.dll
0x00007ffc9ba10000 - 0x00007ffc9ba28000 	C:\Users\user\.vscode\extensions\redhat.java-1.56.0-win32-x64\jre\21.0.12.1-win32-x86_64\bin\zip.dll
0x00007ffca70b0000 - 0x00007ffca70c0000 	C:\Users\user\.vscode\extensions\redhat.java-1.56.0-win32-x64\jre\21.0.12.1-win32-x86_64\bin\net.dll
0x00007ffcaf7d0000 - 0x00007ffcaf8fa000 	C:\WINDOWS\SYSTEM32\WINHTTP.dll
0x00007ffcb9260000 - 0x00007ffcb92cc000 	C:\WINDOWS\system32\mswsock.dll
0x00007ffc9b980000 - 0x00007ffc9b996000 	C:\Users\user\.vscode\extensions\redhat.java-1.56.0-win32-x64\jre\21.0.12.1-win32-x86_64\bin\nio.dll
0x00007ffc9e710000 - 0x00007ffc9e720000 	C:\Users\user\.vscode\extensions\redhat.java-1.56.0-win32-x64\jre\21.0.12.1-win32-x86_64\bin\verify.dll
0x00007ffc910f0000 - 0x00007ffc91117000 	C:\Users\user\.gradle\native\660c5614fbf4a5f2a75b1949f50a0caf5cd603558e7d8a26e50b933a0cfb79d1\windows-amd64\native-platform.dll
0x00007ffc86e30000 - 0x00007ffc86ea7000 	C:\Users\user\.gradle\native\0.2.8\x86_64-windows-gnu\gradle-fileevents.dll
0x00007ffc96b90000 - 0x00007ffc96b9a000 	C:\Users\user\.vscode\extensions\redhat.java-1.56.0-win32-x64\jre\21.0.12.1-win32-x86_64\bin\management.dll
0x00007ffc96b80000 - 0x00007ffc96b8c000 	C:\Users\user\.vscode\extensions\redhat.java-1.56.0-win32-x64\jre\21.0.12.1-win32-x86_64\bin\management_ext.dll
0x00007ffcbcc90000 - 0x00007ffcbcc98000 	C:\WINDOWS\System32\PSAPI.DLL
0x00007ffcb8730000 - 0x00007ffcb8763000 	C:\WINDOWS\SYSTEM32\IPHLPAPI.DLL
0x00007ffcbc420000 - 0x00007ffcbc42a000 	C:\WINDOWS\System32\NSI.dll
0x00007ffc918b0000 - 0x00007ffc918b9000 	C:\Users\user\.vscode\extensions\redhat.java-1.56.0-win32-x64\jre\21.0.12.1-win32-x86_64\bin\extnet.dll
0x00007ffcb9550000 - 0x00007ffcb956b000 	C:\WINDOWS\SYSTEM32\CRYPTSP.dll
0x00007ffcb8c00000 - 0x00007ffcb8c39000 	C:\WINDOWS\system32\rsaenh.dll
0x00007ffcb9310000 - 0x00007ffcb9344000 	C:\WINDOWS\SYSTEM32\USERENV.dll
0x00007ffcb9ed0000 - 0x00007ffcb9efa000 	C:\WINDOWS\SYSTEM32\bcrypt.dll
0x00007ffcb9570000 - 0x00007ffcb957c000 	C:\WINDOWS\SYSTEM32\CRYPTBASE.dll
0x00007ffc910e0000 - 0x00007ffc910ee000 	C:\Users\user\.vscode\extensions\redhat.java-1.56.0-win32-x64\jre\21.0.12.1-win32-x86_64\bin\sunmscapi.dll
0x00007ffcba0c0000 - 0x00007ffcba23e000 	C:\WINDOWS\System32\CRYPT32.dll
0x00007ffcb9790000 - 0x00007ffcb97c0000 	C:\WINDOWS\SYSTEM32\ncrypt.dll
0x00007ffcb9740000 - 0x00007ffcb977f000 	C:\WINDOWS\SYSTEM32\NTASN1.dll
0x00007ffc4d6a0000 - 0x00007ffc4d6a8000 	C:\WINDOWS\system32\wshunix.dll

JVMTI agents:
C:\Users\user\.gradle\wrapper\dists\gradle-9.5.1-bin\iq79hdu3mqx29lgffhp8bfmx\gradle-9.5.1\lib\agents\gradle-instrumentation-agent-9.5.1.jar path:C:\Users\user\.vscode\extensions\redhat.java-1.56.0-win32-x64\jre\21.0.12.1-win32-x86_64\bin\instrument.dll, loaded, initialized, instrumentlib options:none

dbghelp: loaded successfully - version: 4.0.5 - missing functions: none
symbol engine: initialized successfully - sym options: 0x614 - pdb path: .;C:\Users\user\.vscode\extensions\redhat.java-1.56.0-win32-x64\jre\21.0.12.1-win32-x86_64\bin;C:\WINDOWS\SYSTEM32;C:\WINDOWS\WinSxS\amd64_microsoft.windows.common-controls_6595b64144ccf1df_6.0.26100.9278_none_3e0d1ba8e3303201;C:\Users\user\.vscode\extensions\redhat.java-1.56.0-win32-x64\jre\21.0.12.1-win32-x86_64\bin\server;C:\Users\user\.gradle\native\660c5614fbf4a5f2a75b1949f50a0caf5cd603558e7d8a26e50b933a0cfb79d1\windows-amd64;C:\Users\user\.gradle\native\0.2.8\x86_64-windows-gnu

VM Arguments:
jvm_args: --add-opens=java.base/java.lang=ALL-UNNAMED --add-opens=java.base/java.lang.invoke=ALL-UNNAMED --add-opens=java.base/java.util=ALL-UNNAMED --add-opens=java.prefs/java.util.prefs=ALL-UNNAMED --add-exports=jdk.compiler/com.sun.tools.javac.api=ALL-UNNAMED --add-exports=jdk.compiler/com.sun.tools.javac.util=ALL-UNNAMED --add-opens=java.base/java.nio.charset=ALL-UNNAMED --add-opens=java.base/java.net=ALL-UNNAMED --add-opens=java.base/java.util.concurrent=ALL-UNNAMED --add-opens=java.base/java.util.concurrent.atomic=ALL-UNNAMED --add-opens=java.xml/javax.xml.namespace=ALL-UNNAMED --add-opens=java.base/java.time=ALL-UNNAMED -XX:MaxMetaspaceSize=384m -XX:+HeapDumpOnOutOfMemoryError -Xms256m -Xmx512m -Dfile.encoding=UTF-8 -Duser.country=KR -Duser.language=ko -Duser.variant -javaagent:C:\Users\user\.gradle\wrapper\dists\gradle-9.5.1-bin\iq79hdu3mqx29lgffhp8bfmx\gradle-9.5.1\lib\agents\gradle-instrumentation-agent-9.5.1.jar 
java_command: org.gradle.launcher.daemon.bootstrap.GradleDaemon 9.5.1
java_class_path (initial): C:\Users\user\.gradle\wrapper\dists\gradle-9.5.1-bin\iq79hdu3mqx29lgffhp8bfmx\gradle-9.5.1\lib\gradle-daemon-main-9.5.1.jar
Launcher Type: SUN_STANDARD

[Global flags]
     intx CICompilerCount                          = 4                                         {product} {ergonomic}
   size_t CompressedClassSpaceSize                 = 335544320                                 {product} {ergonomic}
     uint ConcGCThreads                            = 2                                         {product} {ergonomic}
     uint G1ConcRefinementThreads                  = 8                                         {product} {ergonomic}
   size_t G1HeapRegionSize                         = 1048576                                   {product} {ergonomic}
    uintx GCDrainStackTargetSize                   = 64                                        {product} {ergonomic}
     bool HeapDumpOnOutOfMemoryError               = true                                   {manageable} {command line}
   size_t InitialHeapSize                          = 268435456                                 {product} {command line}
   size_t MarkStackSize                            = 4194304                                   {product} {ergonomic}
   size_t MaxHeapSize                              = 536870912                                 {product} {command line}
   size_t MaxMetaspaceSize                         = 402653184                                 {product} {command line}
   size_t MaxNewSize                               = 321912832                                 {product} {ergonomic}
   size_t MinHeapDeltaBytes                        = 1048576                                   {product} {ergonomic}
   size_t MinHeapSize                              = 268435456                                 {product} {command line}
    uintx NonNMethodCodeHeapSize                   = 5839372                                {pd product} {ergonomic}
    uintx NonProfiledCodeHeapSize                  = 122909434                              {pd product} {ergonomic}
    uintx ProfiledCodeHeapSize                     = 122909434                              {pd product} {ergonomic}
    uintx ReservedCodeCacheSize                    = 251658240                              {pd product} {ergonomic}
     bool SegmentedCodeCache                       = true                                      {product} {ergonomic}
   size_t SoftMaxHeapSize                          = 536870912                              {manageable} {ergonomic}
     bool UseCompressedOops                        = true                           {product lp64_product} {ergonomic}
     bool UseG1GC                                  = true                                      {product} {ergonomic}
     bool UseLargePagesIndividualAllocation        = false                                  {pd product} {ergonomic}

Logging:
Log output configuration:
 #0: stdout all=warning uptime,level,tags foldmultilines=false
 #1: stderr all=off uptime,level,tags foldmultilines=false

Release file:
JAVA_VERSION="21.0.12.1" 
MODULES="java.base java.compiler java.datatransfer java.xml java.prefs java.desktop java.instrument java.logging java.management java.security.sasl java.naming java.rmi java.management.rmi java.net.http java.scripting java.security.jgss java.transaction.xa java.sql java.sql.rowset java.xml.crypto java.se java.smartcardio jdk.accessibility jdk.internal.jvmstat jdk.attach jdk.charsets jdk.internal.opt jdk.zipfs jdk.compiler jdk.crypto.ec jdk.crypto.cryptoki jdk.crypto.mscapi jdk.dynalink jdk.internal.ed jdk.editpad jdk.hotspot.agent jdk.httpserver jdk.internal.le jdk.internal.vm.ci jdk.internal.vm.compiler jdk.internal.vm.compiler.management jdk.jartool jdk.javadoc jdk.jcmd jdk.management jdk.management.agent jdk.jconsole jdk.jdeps jdk.jdwp.agent jdk.jdi jdk.jfr jdk.jshell jdk.jsobject jdk.jstatd jdk.localedata jdk.management.jfr jdk.naming.dns jdk.naming.rmi jdk.net jdk.nio.mapmode jdk.random jdk.sctp jdk.security.auth jdk.security.jgss jdk.unsupported jdk.unsupported.desktop jdk.xml.dom" 

Environment Variables:
PATH=C:\Program Files\Common Files\Oracle\Java\javapath;C:\Program Files\Python313\Scripts\;C:\Program Files\Python313\;C:\WINDOWS\system32;C:\WINDOWS;C:\WINDOWS\System32\Wbem;C:\WINDOWS\System32\WindowsPowerShell\v1.0\;C:\WINDOWS\System32\OpenSSH\;C:\Program Files\Git\cmd;C:\Program Files (x86)\cloudflared\;C:\Program Files\nodejs\;C:\Users\user\Desktop\Scripts\;C:\Users\user\Desktop\;C:\Users\user\AppData\Local\Microsoft\WindowsApps;C:\Users\user\AppData\Local\Programs\Microsoft VS Code\bin;C:\Program Files\Multipass\bin;C:\intelFPGA_lite\18.1\modelsim_ase\win32aloem;C:\Users\user\Desktop\opencv\build\x64\vc15\bin;C:\Users\user\AppData\Roaming\npm
USERNAME=user
OS=Windows_NT
PROCESSOR_IDENTIFIER=Intel64 Family 6 Model 140 Stepping 1, GenuineIntel
TMP=C:\Users\user\AppData\Local\Temp
TEMP=C:\Users\user\AppData\Local\Temp




Periodic native trim disabled

---------------  S Y S T E M  ---------------

OS:
 Windows 11 , 64 bit Build 26100 (10.0.26100.9444)
OS uptime: 0 days 6:45 hours

CPU: total 8 (initial active 8) (4 cores per cpu, 2 threads per core) family 6 model 140 stepping 1 microcode 0x8a, cx8, cmov, fxsr, ht, mmx, 3dnowpref, sse, sse2, sse3, ssse3, sse4.1, sse4.2, popcnt, lzcnt, tsc, tscinvbit, avx, avx2, aes, erms, clmul, bmi1, bmi2, adx, avx512f, avx512dq, avx512cd, avx512bw, avx512vl, sha, fma, vzeroupper, avx512_vpopcntdq, avx512_vpclmulqdq, avx512_vaes, avx512_vnni, clflush, clflushopt, clwb, avx512_vbmi2, avx512_vbmi, rdtscp, rdpid, fsrm, gfni, avx512_bitalg, f16c, pku, cet_ibt, cet_ss, avx512_ifma
Processor Information for the first 8 processors :
  Max Mhz: 2419, Current Mhz: 2419, Mhz Limit: 2419

Memory: 4k page, system-wide physical 16107M (2013M free)
TotalPageFile size 46495M (AvailPageFile size 6950M)
current process WorkingSet (physical memory assigned to process): 232M, peak: 267M
current process commit charge ("private bytes"): 436M, peak: 442M

vm_info: OpenJDK 64-Bit Server VM (21.0.12.1+1-LTS) for windows-amd64 JRE (21.0.12.1+1-LTS), built on 2026-08-18T00:00:00Z by "admin" with MS VC++ 17.12 (VS2022)

END.
