#
# A fatal error has been detected by the Java Runtime Environment:
#
#  EXCEPTION_STACK_OVERFLOW (0xc00000fd) at pc=0x00007ffc0e336bb3, pid=22284, tid=6040
#
# JRE version: OpenJDK Runtime Environment Temurin-21.0.12.1+1 (21.0.12.1+1) (build 21.0.12.1+1-LTS)
# Java VM: OpenJDK 64-Bit Server VM Temurin-21.0.12.1+1 (21.0.12.1+1-LTS, mixed mode, sharing, tiered, compressed oops, compressed class ptrs, parallel gc, windows-amd64)
# Problematic frame:
# V  [jvm.dll+0x3e6bb3]
#
# No core dump will be written. Minidumps are not enabled by default on client versions of Windows
#
# If you would like to submit a bug report, please visit:
#   https://github.com/adoptium/adoptium-support/issues
#

---------------  S U M M A R Y ------------

Command Line: --add-modules=ALL-SYSTEM --add-opens=java.base/java.util=ALL-UNNAMED --add-opens=java.base/java.lang=ALL-UNNAMED --add-opens=java.base/sun.nio.fs=ALL-UNNAMED -Declipse.application=org.eclipse.jdt.ls.core.id1 -Dosgi.bundles.defaultStartLevel=4 -Declipse.product=org.eclipse.jdt.ls.core.product -Djava.import.generatesMetadataFilesAtProjectRoot=false -Dm2e.project.cache.size=50 -DDetectVMInstallationsJob.disabled=true -Dfile.encoding=utf8 -XX:+UseParallelGC -XX:GCTimeRatio=4 -XX:AdaptiveSizePolicyWeight=90 -Dsun.zip.disableMemoryMapping=true -Xmx2G -Xms100m -Xlog:disable -javaagent:c:\Users\user\.vscode\extensions\redhat.java-1.56.0-win32-x64\lombok\lombok-1.18.39-4050.jar -XX:+HeapDumpOnOutOfMemoryError -XX:HeapDumpPath=c:\Users\user\AppData\Roaming\Code\User\workspaceStorage\1ce6a6e17a27a5c59e90c4fca4451367\redhat.java -Daether.dependencyCollector.impl=bf c:\Users\user\.vscode\extensions\redhat.java-1.56.0-win32-x64\server\plugins\org.eclipse.equinox.launcher_1.8.0.v20260804-1928.jar -configuration c:\Users\user\AppData\Roaming\Code\User\globalStorage\redhat.java\1.56.0\config_win -data c:\Users\user\AppData\Roaming\Code\User\workspaceStorage\1ce6a6e17a27a5c59e90c4fca4451367\redhat.java\jdt_ws --stdio

Host: 11th Gen Intel(R) Core(TM) i5-1135G7 @ 2.40GHz, 8 cores, 15G,  Windows 11 , 64 bit Build 26100 (10.0.26100.9444)
Time: Wed Sep 16 10:04:06 2026 elapsed time: 401.442907 seconds (0d 0h 6m 41s)

---------------  T H R E A D  ---------------

Current thread (0x0000022a47000970):  JavaThread "Worker-846: Validating Gradle wrapper checksum..."        [_thread_in_vm, id=6040, stack(0x00000064cb900000,0x00000064cba00000) (1024K)]

Stack: [0x00000064cb900000,0x00000064cba00000],  sp=0x00000064cb9fc200,  free space=1008k
Native frames: (J=compiled Java code, j=interpreted, Vv=VM code, C=native code)
V  [jvm.dll+0x3e6bb3]
V  [jvm.dll+0x6d8302]
V  [jvm.dll+0x3e694e]
V  [jvm.dll+0x458f1c]
V  [jvm.dll+0x44daed]
C  [java.dll+0xc71b]

Java frames: (J=compiled Java code, j=interpreted, Vv=VM code)
J 527  java.io.RandomAccessFile.readBytes0([BII)I java.base@21.0.12.1 (0 bytes) @ 0x0000022a6edac58c [0x0000022a6edac520+0x000000000000006c]
J 5784 c2 java.util.zip.ZipFile$ZipFileInflaterInputStream.fill()V java.base@21.0.12.1 (80 bytes) @ 0x0000022a6eee433c [0x0000022a6eee4020+0x000000000000031c]
J 7174 c2 java.util.zip.InflaterInputStream.read([BII)I java.base@21.0.12.1 (129 bytes) @ 0x0000022a6f18557c [0x0000022a6f185120+0x000000000000045c]
J 14339 c2 org.eclipse.osgi.storage.bundlefile.CloseableBundleFile$BundleEntryInputStream.read([BII)I (17 bytes) @ 0x0000022a6f8ad5f4 [0x0000022a6f8ad5a0+0x0000000000000054]
J 15484 c1 sun.nio.cs.StreamDecoder.readBytes()I java.base@21.0.12.1 (271 bytes) @ 0x0000022a6938da44 [0x0000022a6938d540+0x0000000000000504]
J 4502 c1 sun.nio.cs.StreamDecoder.implRead([CII)I java.base@21.0.12.1 (232 bytes) @ 0x0000022a67c027ac [0x0000022a67c02340+0x000000000000046c]
j  sun.nio.cs.StreamDecoder.lockedRead([CII)I+158 java.base@21.0.12.1
J 4553 c2 java.io.InputStreamReader.read([CII)I java.base@21.0.12.1 (11 bytes) @ 0x0000022a6efb7768 [0x0000022a6efb7680+0x00000000000000e8]
J 12289 c1 java.io.BufferedReader.fill()V java.base@21.0.12.1 (170 bytes) @ 0x0000022a68d2dd34 [0x0000022a68d2d900+0x0000000000000434]
J 15282 c2 java.io.BufferedReader.read([CII)I java.base@21.0.12.1 (78 bytes) @ 0x0000022a6f9a73f8 [0x0000022a6f9a7160+0x0000000000000298]
J 11470 c2 com.google.gson.stream.JsonReader.fillBuffer(I)Z (169 bytes) @ 0x0000022a6f5ba0e8 [0x0000022a6f5ba040+0x00000000000000a8]
J 6171 c2 com.google.gson.stream.JsonReader.nextNonWhitespace(Z)I (357 bytes) @ 0x0000022a6f06743c [0x0000022a6f067340+0x00000000000000fc]
J 13295 c1 com.google.gson.stream.JsonReader.consumeNonExecutePrefix()V (108 bytes) @ 0x0000022a68f4f694 [0x0000022a68f4f600+0x0000000000000094]
J 10100 c2 com.google.gson.stream.JsonReader.doPeek()I (785 bytes) @ 0x0000022a6f407c94 [0x0000022a6f407800+0x0000000000000494]
J 10103 c2 com.google.gson.stream.JsonReader.peek()Lcom/google/gson/stream/JsonToken; (144 bytes) @ 0x0000022a6f407308 [0x0000022a6f4072c0+0x0000000000000048]
j  com.google.gson.internal.Streams.parse(Lcom/google/gson/stream/JsonReader;)Lcom/google/gson/JsonElement;+3
j  com.google.gson.JsonParser.parseReader(Lcom/google/gson/stream/JsonReader;)Lcom/google/gson/JsonElement;+20
j  com.google.gson.JsonParser.parseReader(Ljava/io/Reader;)Lcom/google/gson/JsonElement;+10
J 16942 c1 org.eclipse.jdt.ls.internal.gradle.checksums.WrapperValidator.loadInternalChecksums()V (347 bytes) @ 0x0000022a696ea154 [0x0000022a696e96a0+0x0000000000000ab4]
J 16943 c1 org.eclipse.jdt.ls.internal.gradle.checksums.WrapperValidator.checkWrapper(Ljava/lang/String;)Lorg/eclipse/jdt/ls/internal/gradle/checksums/ValidationResult; (524 bytes) @ 0x0000022a696ef0ac [0x0000022a696ee640+0x0000000000000a6c]
j  org.eclipse.jdt.ls.core.internal.managers.GradleProjectImporter$1.run(Lorg/eclipse/core/runtime/IProgressMonitor;)Lorg/eclipse/core/runtime/IStatus;+21
J 15941 c1 org.eclipse.core.internal.jobs.Worker.run()V (524 bytes) @ 0x0000022a694bfa3c [0x0000022a694bf540+0x00000000000004fc]
v  ~StubRoutines::call_stub 0x0000022a6e7e10e7

siginfo: EXCEPTION_STACK_OVERFLOW (0xc00000fd), ExceptionInformation=0x0000000000000001 0x00000064cb9f5200 


Registers:
RAX=0x0000000000000002, RBX=0x0000022a47000970, RCX=0x0000000000001000, RDX=0x0000000000000000
RSP=0x00000064cb9fc200, RBP=0x00000064cb9fc299, RSI=0x00000064cb9fc3d0, RDI=0x00000064cb9f5200
R8 =0x00000064cb9fc200, R9 =0x0000022a47000970, R10=0x00000064cb9fc3c0, R11=0x00000064cb9fc4d0
R12=0x00000064cb9fc3c0, R13=0x000000000000000a, R14=0x0000022a489af6c8, R15=0x00000064cb9fc4d0
RIP=0x00007ffc0e336bb3, EFLAGS=0x0000000000010206

XMM[0]=0x0000000000000000 0x0000000000000000
XMM[1]=0x0000000000000000 0x00000064cb9fe690
XMM[2]=0x0000000044a342b8 0x0000000000000000
XMM[3]=0x0000000000000000 0x0000000000000000
XMM[4]=0x0000000000000000 0x0000000000000000
XMM[5]=0x0000022a47000970 0x0000000000000001
XMM[6]=0x0000000000000000 0x823f97e2cb4f6ac6
XMM[7]=0x0000000000000000 0xb0465a6ca1ca77b1
XMM[8]=0x0000000000000000 0x0405060700010203
XMM[9]=0x0000000000000000 0x0000000000000000
XMM[10]=0x0000000000000000 0x0000000000000000
XMM[11]=0x0000000000000000 0x0000000000000000
XMM[12]=0x0000000000000000 0x0000000000000000
XMM[13]=0x0000000000000000 0x0000000000000000
XMM[14]=0x0000000000000000 0x0000000000000000
XMM[15]=0x0000000000000000 0x0000000000000000
  MXCSR=0x00001fa0


Register to memory mapping:

RAX=0x0000000000000002 is an unknown value
RBX=0x0000022a47000970 is a thread
RCX=0x0000000000001000 is an unknown value
RDX=0x0 is null
RSP=0x00000064cb9fc200 is pointing into the stack for thread: 0x0000022a47000970
RBP=0x00000064cb9fc299 is pointing into the stack for thread: 0x0000022a47000970
RSI=0x00000064cb9fc3d0 is pointing into the stack for thread: 0x0000022a47000970
RDI=0x00000064cb9f5200 is pointing into the stack for thread: 0x0000022a47000970
R8 =0x00000064cb9fc200 is pointing into the stack for thread: 0x0000022a47000970
R9 =0x0000022a47000970 is a thread
R10=0x00000064cb9fc3c0 is pointing into the stack for thread: 0x0000022a47000970
R11=0x00000064cb9fc4d0 is pointing into the stack for thread: 0x0000022a47000970
R12=0x00000064cb9fc3c0 is pointing into the stack for thread: 0x0000022a47000970
R13=0x000000000000000a is an unknown value
R14=0x0000022a489af6c8 points into unknown readable memory: 0x00000000d57009b0 | b0 09 70 d5 00 00 00 00
R15=0x00000064cb9fc4d0 is pointing into the stack for thread: 0x0000022a47000970

Top of Stack: (sp=0x00000064cb9fc200)
0x00000064cb9fc200:   0000022a47000970 00000064cb9fc3d0   p..G*.......d...
0x00000064cb9fc210:   0000000000000000 0000000000000000   ................
0x00000064cb9fc220:   0000000000000000 0000000000000000   ................
0x00000064cb9fc230:   0000000000000000 0000000000000000   ................
0x00000064cb9fc240:   0000000000000000 0000000000000000   ................
0x00000064cb9fc250:   0000000000000000 0000000000000000   ................
0x00000064cb9fc260:   0000000000000000 00007ffc0e240bfe   ..........$.....
0x00000064cb9fc270:   0000000000000000 0000000000000000   ................
0x00000064cb9fc280:   00000064cb9fe610 00007ffc0e774a33   ....d...3Jw.....
0x00000064cb9fc290:   0000022a47000970 00007ffc0e240b42   p..G*...B.$.....
0x00000064cb9fc2a0:   0000000000000000 0000000000000001   ................
0x00000064cb9fc2b0:   00007ffc9e8718d0 0000022a4756de38   ........8.VG*...
0x00000064cb9fc2c0:   00000064cb9fc500 0000022a475b0680   ....d.....[G*...
0x00000064cb9fc2d0:   00000064cb9fc4d0 0000022a475b0690   ....d.....[G*...
0x00000064cb9fc2e0:   0000022a7e7a6d70 0000022a47000970   pmz~*...p..G*...
0x00000064cb9fc2f0:   00000064cb9fc441 00007ffc0e628302   A...d.....b.....
0x00000064cb9fc300:   00007ffc0e336960 00007ffc9e8718d0   `i3.............
0x00000064cb9fc310:   0000022a41062e00 0000022a6e834100   ...A*....A.n*...
0x00000064cb9fc320:   0000022a475b0a68 00007ffc0e33694e   h.[G*...Ni3.....
0x00000064cb9fc330:   00000064cb9fc3c8 0000000000000000   ....d...........
0x00000064cb9fc340:   0000022a00483b88 00000064cb9fc429   .;H.*...)...d...
0x00000064cb9fc350:   0000022a47000970 0000022a47000970   p..G*...p..G*...
0x00000064cb9fc360:   0000022a47000970 00007ffc0e3a8f1c   p..G*.....:.....
0x00000064cb9fc370:   0000022a475b0a68 0000022a47000970   h.[G*...p..G*...
0x00000064cb9fc380:   0000022a47000970 00007ffc0e3176b8   p..G*....v1.....
0x00000064cb9fc390:   00000000d57009b0 0000000000000000   ..p.............
0x00000064cb9fc3a0:   0000022a00000002 0000022a475b0a68   ....*...h.[G*...
0x00000064cb9fc3b0:   00000064cb9fc500 00000000000003d8   ....d...........
0x00000064cb9fc3c0:   0000022a41062ee8 0000022a47000970   ...A*...p..G*...
0x00000064cb9fc3d0:   0000022a47000970 0000022a489af6c8   p..G*......H*...
0x00000064cb9fc3e0:   0000022a519e4ad8 0000000000000000   .J.Q*...........
0x00000064cb9fc3f0:   00000064cb9fc5b8 0000022a7d2d0b60   ....d...`.-}*...

Instructions: (pc=0x00007ffc0e336bb3)
0x00007ffc0e336ab3:   74 0c 49 8b 04 24 48 8b 40 38 48 89 45 7f 41 8b
0x00007ffc0e336ac3:   17 8d 42 fc 83 f8 0a 0f 87 a5 04 00 00 4c 8d 05
0x00007ffc0e336ad3:   29 95 c1 ff 48 98 41 8b 8c 80 34 70 3e 00 49 03
0x00007ffc0e336ae3:   c8 ff e1 41 bd 0a 00 00 00 83 fa 0c 74 2f 83 fa
0x00007ffc0e336af3:   0d 74 2a 44 88 75 77 eb 28 41 bd 0b 00 00 00 44
0x00007ffc0e336b03:   88 75 77 eb 1c 41 bd 06 00 00 00 44 88 75 77 eb
0x00007ffc0e336b13:   10 41 bd 07 00 00 00 44 88 75 77 eb 04 c6 45 77
0x00007ffc0e336b23:   01 49 8b 04 24 8b 48 28 c1 e9 03 f6 c1 01 75 07
0x00007ffc0e336b33:   48 8b 46 58 4c 8b 30 48 8d 8b c8 04 00 00 e8 3a
0x00007ffc0e336b43:   6e 3c 00 e8 65 14 2f 00 4c 8b c0 49 8b d4 48 8b
0x00007ffc0e336b53:   cb 48 8b f8 e8 d4 52 2e 00 84 c0 75 33 4d 8b cc
0x00007ffc0e336b63:   48 8d 15 fe 03 66 00 41 b8 82 01 00 00 48 8b cb
0x00007ffc0e336b73:   e8 98 96 f2 ff 48 8b 9c 24 00 01 00 00 48 81 c4
0x00007ffc0e336b83:   c0 00 00 00 41 5f 41 5e 41 5d 41 5c 5f 5e 5d c3
0x00007ffc0e336b93:   48 8b 0d 66 99 8d 00 33 d2 48 8b 05 1d e7 8d 00
0x00007ffc0e336ba3:   48 f7 f1 48 83 f8 01 72 10 0f 1f 40 00 48 2b f9
0x00007ffc0e336bb3:   c6 07 00 48 83 e8 01 75 f4 33 c0 48 8b cb 48 89
0x00007ffc0e336bc3:   45 c7 48 89 45 d7 48 89 45 cf 48 8b 03 ff 50 38
0x00007ffc0e336bd3:   84 c0 0f 84 16 04 00 00 48 8b 03 48 8b cb ff 90
0x00007ffc0e336be3:   90 00 00 00 84 c0 0f 84 22 04 00 00 33 d2 4c 89
0x00007ffc0e336bf3:   7d df 48 8b cb e8 23 d0 08 00 48 8b cb 48 8b f8
0x00007ffc0e336c03:   e8 a8 89 f2 ff 48 8b 8b 50 04 00 00 f6 c1 01 74
0x00007ffc0e336c13:   0f 41 b0 01 48 8b cb 41 0f b6 d0 e8 4d 2d 35 00
0x00007ffc0e336c23:   8b 83 48 04 00 00 a8 0c 74 08 48 8b cb e8 bb fd
0x00007ffc0e336c33:   00 00 45 33 d2 c7 83 4c 04 00 00 08 00 00 00 49
0x00007ffc0e336c43:   8b 04 24 48 89 45 b7 41 8b c2 4d 85 f6 74 03 49
0x00007ffc0e336c53:   8b 06 48 8b 4d c7 48 89 45 bf 48 89 5d a7 48 8b
0x00007ffc0e336c63:   83 30 04 00 00 48 89 45 af 48 8b 83 a0 03 00 00
0x00007ffc0e336c73:   48 3b c8 74 04 4c 89 55 c7 48 8b 83 b0 03 00 00
0x00007ffc0e336c83:   48 89 45 d7 48 8b 83 a8 03 00 00 48 89 45 cf 48
0x00007ffc0e336c93:   8b 83 a0 03 00 00 48 89 45 c7 4c 89 93 a0 03 00
0x00007ffc0e336ca3:   00 4c 89 93 b0 03 00 00 4c 89 93 a8 03 00 00 48


Stack slot to memory mapping:

stack at sp + 0 slots: 0x0000022a47000970 is a thread
stack at sp + 1 slots: 0x00000064cb9fc3d0 is pointing into the stack for thread: 0x0000022a47000970
stack at sp + 2 slots: 0x0 is null
stack at sp + 3 slots: 0x0 is null
stack at sp + 4 slots: 0x0 is null
stack at sp + 5 slots: 0x0 is null
stack at sp + 6 slots: 0x0 is null
stack at sp + 7 slots: 0x0 is null


Compiled method (n/a) 405169  527     n 0       java.io.RandomAccessFile::readBytes0 (native)
 total in heap  [0x0000022a6edac390,0x0000022a6edac768] = 984
 relocation     [0x0000022a6edac4f0,0x0000022a6edac520] = 48
 main code      [0x0000022a6edac520,0x0000022a6edac763] = 579
 stub code      [0x0000022a6edac763,0x0000022a6edac768] = 5

[Constant Pool (empty)]

[MachCode]
[Entry Point]
  # {method} {0x0000022a00199910} 'readBytes0' '([BII)I' in 'java/io/RandomAccessFile'
  # this:     rdx:rdx   = 'java/io/RandomAccessFile'
  # parm0:    r8:r8     = '[B'
  # parm1:    r9        = int
  # parm2:    rdi       = int
  #           [sp+0x70]  (sp of caller)
  0x0000022a6edac520: 448b 5208 | 49bb 0000 | 0000 2a02 | 0000 4d03 | d349 3bc2 | 0f84 0600 

  0x0000022a6edac538: ;   {runtime_call ic_miss_stub}
  0x0000022a6edac538: 0000 e941 | 21a8 ff90 
[Verified Entry Point]
  0x0000022a6edac540: 8984 2400 | 80ff ff55 | 488b ec48 | 83ec 6090 | 4181 7f20 | 0500 0000 

  0x0000022a6edac558: ;   {runtime_call StubRoutines (final stubs)}
  0x0000022a6edac558: 7405 e8a1 | 12a7 ff48 | 897c 2420 | 4c89 4424 | 3049 83f8 | 004c 8d44 | 2430 4c0f | 4444 2430 
  0x0000022a6edac578: 4889 5424 | 2848 83fa | 0048 8d54 | 2428 480f | 4454 2428 

  0x0000022a6edac58c: ;   {internal_word}
  0x0000022a6edac58c: c5f8 7749 | ba8c c5da | 6e2a 0200 | 004d 8997 | a803 0000 | 4989 a7a0 

  0x0000022a6edac5a4: ;   {external_word}
  0x0000022a6edac5a4: 0300 0049 | ba06 6dbf | 0efc 7f00 | 0041 803a | 000f 844e | 0000 0052 | 4150 4151 

  0x0000022a6edac5c0: ;   {metadata({method} {0x0000022a00199910} 'readBytes0' '([BII)I' in 'java/io/RandomAccessFile')}
  0x0000022a6edac5c0: 48ba 0899 | 1900 2a02 | 0000 498b | cf48 83ec | 2040 f6c4 | 0f0f 8419 | 0000 0048 

  0x0000022a6edac5dc: ;   {runtime_call}
  0x0000022a6edac5dc: 83ec 0848 | b8e0 ea68 | 0efc 7f00 | 00ff d048 | 83c4 08e9 | 0c00 0000 

  0x0000022a6edac5f4: ;   {runtime_call}
  0x0000022a6edac5f4: 48b8 e0ea | 680e fc7f | 0000 ffd0 | 4883 c420 | 4159 4158 | 5a49 8d8f | c003 0000 | 41c7 874c 
  0x0000022a6edac614: 0400 0004 

  0x0000022a6edac618: ;   {runtime_call}
  0x0000022a6edac618: 0000 0048 | b8e4 5d86 | 9efc 7f00 | 00ff d0c5 | f877 41c7 | 874c 0400 | 0005 0000 | 00f0 8344 
  0x0000022a6edac638: 24c0 0049 | 3baf 5004 | 0000 0f87 | 0e00 0000 | 4183 bf48 | 0400 0000 | 0f84 2b00 | 0000 c5f8 
  0x0000022a6edac658: 7748 8945 | f849 8bcf | 4c8b e448 | 83ec 2048 

  0x0000022a6edac668: ;   {runtime_call}
  0x0000022a6edac668: 83e4 f048 | b800 5834 | 0efc 7f00 | 00ff d049 | 8be4 4d33 | e448 8b45 | f841 c787 | 4c04 0000 
  0x0000022a6edac688: 0800 0000 | 4183 bfc8 | 0400 0002 | 0f84 9c00 

  0x0000022a6edac698: ;   {external_word}
  0x0000022a6edac698: 0000 49ba | 066d bf0e | fc7f 0000 | 4180 3a00 | 0f84 4c00 | 0000 4889 

  0x0000022a6edac6b0: ;   {metadata({method} {0x0000022a00199910} 'readBytes0' '([BII)I' in 'java/io/RandomAccessFile')}
  0x0000022a6edac6b0: 45f8 48ba | 0899 1900 | 2a02 0000 | 498b cf48 | 83ec 2040 | f6c4 0f0f | 8419 0000 | 0048 83ec 
  0x0000022a6edac6d0: ;   {runtime_call}
  0x0000022a6edac6d0: 0848 b8e0 | ea68 0efc | 7f00 00ff | d048 83c4 | 08e9 0c00 

  0x0000022a6edac6e4: ;   {runtime_call}
  0x0000022a6edac6e4: 0000 48b8 | e0ea 680e | fc7f 0000 | ffd0 4883 | c420 488b | 45f8 49c7 | 87a0 0300 | 0000 0000 
  0x0000022a6edac704: 0049 c787 | a803 0000 | 0000 0000 | c5f8 7749 | 8b8f 3004 | 0000 c781 | 0001 0000 | 0000 0000 
  0x0000022a6edac724: c949 837f | 0800 0f85 | 0100 0000 

  0x0000022a6edac730: ;   {runtime_call StubRoutines (initial stubs)}
  0x0000022a6edac730: c3e9 ca47 | a3ff c5f8 | 7748 8945 | f84c 8be4 | 4883 ec20 | 4883 e4f0 

  0x0000022a6edac748: ;   {runtime_call}
  0x0000022a6edac748: 48b8 3022 | 690e fc7f | 0000 ffd0 | 498b e44d | 33e4 488b | 45f8 e937 | ffff fff4 | f4f4 f4f4 
[/MachCode]


Compiled method (c2) 405388 5784       4       java.util.zip.ZipFile$ZipFileInflaterInputStream::fill (80 bytes)
 total in heap  [0x0000022a6eee3d10,0x0000022a6eee6c88] = 12152
 relocation     [0x0000022a6eee3e70,0x0000022a6eee4010] = 416
 main code      [0x0000022a6eee4020,0x0000022a6eee5b08] = 6888
 stub code      [0x0000022a6eee5b08,0x0000022a6eee5b58] = 80
 oops           [0x0000022a6eee5b58,0x0000022a6eee5b60] = 8
 metadata       [0x0000022a6eee5b60,0x0000022a6eee5c58] = 248
 scopes data    [0x0000022a6eee5c58,0x0000022a6eee66b8] = 2656
 scopes pcs     [0x0000022a6eee66b8,0x0000022a6eee6ac8] = 1040
 dependencies   [0x0000022a6eee6ac8,0x0000022a6eee6b10] = 72
 handler table  [0x0000022a6eee6b10,0x0000022a6eee6c00] = 240
 nul chk table  [0x0000022a6eee6c00,0x0000022a6eee6c88] = 136

[Constant Pool (empty)]

[MachCode]
[Entry Point]
  # {method} {0x0000022a0031b400} 'fill' '()V' in 'java/util/zip/ZipFile$ZipFileInflaterInputStream'
  #           [sp+0xd0]  (sp of caller)
  0x0000022a6eee4020: 448b 5208 | 49bb 0000 | 0000 2a02 | 0000 4d03 | d349 3bc2 

  0x0000022a6eee4034: ;   {runtime_call ic_miss_stub}
  0x0000022a6eee4034: 0f85 46a6 | 94ff 6690 | 0f1f 4000 
[Verified Entry Point]
  0x0000022a6eee4040: 8984 2400 | 80ff ff55 | 4881 ecc0 | 0000 0090 | 4181 7f20 | 0500 0000 | 0f85 a01a | 0000 4889 
  0x0000022a6eee4060: 5424 7044 | 0fb6 5224 | 4585 d20f | 8523 1200 | 0044 8b5a | 0c44 8b52 | 1c44 8954 | 245c 418b 
  0x0000022a6eee4080: 720c 458b 

  0x0000022a6eee4084: ;   {metadata('java/util/zip/ZipFile$ZipFileInputStream')}
  0x0000022a6eee4084: 5308 4181 | faa0 9931 | 000f 85ad | 0b00 0045 | 8b43 3044 | 8944 2478 | 4585 c00f | 8491 0a00 
  0x0000022a6eee40a4: 0044 8b54 | 245c 498b | fa4d 8be8 | 488d 9c24 | a000 0000 | 498b 4500 | a802 0f85 | 2400 0000 
  0x0000022a6eee40c4: 4883 c801 | 4889 03f0 | 490f b15d | 000f 8437 | 0000 0048 | 2bc4 4825 | 07f0 ffff | 4889 03e9 
  0x0000022a6eee40e4: 2400 0000 | 4c8b d048 | 33c0 f04d | 0fb1 7a3e | 48c7 0303 | 0000 0074 | 114c 3bf8 | 7515 49ff 
  0x0000022a6eee4104: 8286 0000 | 0048 33c0 | 7509 49ff | 8750 0500 | 0033 c00f | 8543 0b00 | 0045 8b43 | 3041 0fb6 
  0x0000022a6eee4124: 6810 85ed | 0f85 7e11 | 0000 4d8b | 4310 4d85 | c00f 8f3c | 0300 0049 | 8b87 b801 | 0000 4c8b 
  0x0000022a6eee4144: d049 83c2 | 304d 3b97 | c801 0000 | 0f83 6109 | 0000 4d89 | 97b8 0100 | 0048 8bc8 | 4883 c110 
  0x0000022a6eee4164: 48c7 0001 | 0000 0041 | 0f0d 8ac0 

  0x0000022a6eee4170: ;   {metadata({type array byte})}
  0x0000022a6eee4170: 0000 00c7 | 4008 1823 | 0000 410f | 0d8a 0001 | 0000 c740 | 0c1e 0000 | 0041 0f0d | 8a40 0100 
  0x0000022a6eee4190: 0041 0f0d | 8a80 0100 | 00c5 fdef | c062 f1fe | 287f 014c | 8bd0 458b | 4b30 49f7 | d84d 8943 
  0x0000022a6eee41b0: 1045 8b49 | 1845 8b49 | 1841 8b49 | 3485 c90f | 849a 0c00 | 0048 897c | 2428 488b | f949 8bd1 
  0x0000022a6eee41d0: 488d 9c24 | a800 0000 | 488b 07a8 | 020f 8523 | 0000 0048 | 83c8 0148 | 8903 f048 | 0fb1 1f0f 
  0x0000022a6eee41f0: 8437 0000 | 0048 2bc4 | 4825 07f0 | ffff 4889 | 03e9 2400 | 0000 488b | e848 33c0 | f04c 0fb1 
  0x0000022a6eee4210: 7d3e 48c7 | 0303 0000 | 0074 114c | 3bf8 7515 | 48ff 8586 | 0000 0048 | 33c0 7509 | 49ff 8750 
  0x0000022a6eee4230: 0500 0033 | c00f 8585 | 0d00 0041 | 8b41 3485 | c00f 846d | 0c00 004d | 85c0 0f8c | 5c11 0000 
  0x0000022a6eee4250: ;   {oop(a 'java/lang/Class'{0x0000000080002c68} = 'jdk/internal/misc/VM')}
  0x0000022a6eee4250: 48bb 682c | 0080 0000 | 0000 8bab | 9400 0000 | 83fd 040f | 8c53 0f00 | 0049 8b9f | 8003 0000 
  0x0000022a6eee4270: 488b 2b8b 

  0x0000022a6eee4274: ;   {metadata('jdk/internal/misc/CarrierThread')}
  0x0000022a6eee4274: 5d08 81fb | 40bf 1200 | 0f84 7a0c | 0000 4889 | 5424 6048 | 897c 2450 | 894c 2434 | 4489 4c24 
  0x0000022a6eee4294: 204c 8954 | 2448 4c89 | 6c24 404c | 895c 2438 | 8974 2430 | 488b d04c | 8b54 2470 | 4c89 5424 
  0x0000022a6eee42b4: 6848 8bef 

  0x0000022a6eee42b8: ;   {optimized virtual_call}
  0x0000022a6eee42b8: 6666 90e8 

  0x0000022a6eee42bc: ; ImmutableOopMap {rbp=Oop [32]=NarrowOop [40]=Oop [52]=NarrowOop [56]=Oop [64]=Oop [72]=Oop [80]=Oop [92]=NarrowOop [96]=Oop [104]=Oop [112]=Oop [120]=NarrowOop }
                      ;*invokevirtual seek0 {reexecute=0 rethrow=0 return_oop=0}
                      ; - java.io.RandomAccessFile::seek@22
                      ; - java.util.zip.ZipFile$Source::readFullyAt@14
                      ; - java.util.zip.ZipFile$ZipFileInputStream::initDataOffset@41
                      ; - java.util.zip.ZipFile$ZipFileInputStream::read@16
                      ; - java.util.zip.ZipFile$ZipFileInflaterInputStream::fill@32
  0x0000022a6eee42bc: 00df ecff 

  0x0000022a6eee42c0: ;   {other}
  0x0000022a6eee42c0: 0f1f 8400 | b005 0000 | 448b 5424 | 2045 8b42 | 3445 85c0 | 0f84 720c 

  0x0000022a6eee42d8: ;   {oop(a 'java/lang/Class'{0x0000000080002c68} = 'jdk/internal/misc/VM')}
  0x0000022a6eee42d8: 0000 49bb | 682c 0080 | 0000 0000 | 418b ab94 | 0000 0083 | fd04 0f8c | 180f 0000 | 4d8b 9f80 
  0x0000022a6eee42f8: 0300 0049 | 8b2b 448b 

  0x0000022a6eee4300: ;   {metadata('jdk/internal/misc/CarrierThread')}
  0x0000022a6eee4300: 5d08 4181 | fb40 bf12 | 000f 846d | 0c00 0044 | 8954 2458 | 498b d044 | 8944 2468 | 4c8b 4424 
  0x0000022a6eee4320: 4845 33c9 | bf1e 0000 | 004c 8b54 | 2440 4c89 | 5424 2049 

  0x0000022a6eee4334: ;   {optimized virtual_call}
  0x0000022a6eee4334: 8be8 90e8 

  0x0000022a6eee4338: ; ImmutableOopMap {rbp=Oop [32]=Oop [40]=Oop [52]=NarrowOop [56]=Oop [64]=Oop [72]=Oop [80]=Oop [88]=NarrowOop [92]=NarrowOop [96]=Oop [104]=NarrowOop [112]=Oop [120]=NarrowOop }
                      ;*invokevirtual readBytes0 {reexecute=0 rethrow=0 return_oop=0}
                      ; - java.io.RandomAccessFile::readBytes@9
                      ; - java.io.RandomAccessFile::read@4
                      ; - java.io.RandomAccessFile::readFully@13
                      ; - java.util.zip.ZipFile$Source::readFullyAt@43
                      ; - java.util.zip.ZipFile$ZipFileInputStream::initDataOffset@41
                      ; - java.util.zip.ZipFile$ZipFileInputStream::read@16
                      ; - java.util.zip.ZipFile$ZipFileInflaterInputStream::fill@32
  0x0000022a6eee4338: 0482 ecff 

  0x0000022a6eee433c: ;   {other}
  0x0000022a6eee433c: 0f1f 8400 | 2c06 0001 | 85c0 0f8c | bc10 0000 | 83f8 1e0f | 8cfb 0e00 | 004c 8b5c | 2450 488d 
  0x0000022a6eee435c: 8424 a800 | 0000 4883 | 3800 0f84 | 7900 0000 | 4d8b 1341 | f6c2 020f | 8462 0000 | 0049 83ba 
  0x0000022a6eee437c: 8600 0000 | 0074 0949 | ff8a 8600 | 0000 eb4b | 498b 8296 | 0000 0049 | 0b82 8e00 | 0000 750a 
  0x0000022a6eee439c: 49c7 423e | 0000 0000 | eb3d 4983 | ba9e 0000 | 0000 7422 | 4833 c049 | c742 3e00 | 0000 00f0 
  0x0000022a6eee43bc: 8304 2400 | 4983 ba9e | 0000 0000 | 750d f04d | 0fb1 7a3e | 7505 83c8 | 01eb 0ca8 | 00eb 084c 
  0x0000022a6eee43dc: 8b10 f04d | 0fb1 1375 | 0a49 ff8f | 5005 0000 | 4533 d20f | 857b 0c00 | 0048 8bfd | 440f b657 
  0x0000022a6eee43fc: 1344 0fb6 | 4710 440f | b65f 120f | b64f 1141 | c1e2 0845 | 0bda c1e1 | 0844 0bc1 | 41c1 e310 
  0x0000022a6eee441c: 450b c345 | 8bd0 4981 | fa50 4b03 | 040f 8511 | 1000 0044 | 0fb6 472d | 4c8b 5c24 

  0x0000022a6eee4438: ;   {no_reloc}
  0x0000022a6eee4438: 384d 8b53 | 1044 0fb6 | 4f2c 0fb6 | 5f2a 0fb6 | 4f2b 41c1 | e008 450b | c8c1 e108 | 0bd9 468d 
  0x0000022a6eee4458: 4c0b 1e4d | 63c1 4d03 | c24d 8943 | 184d 8943 | 108b 7424 | 304c 8b6c | 2420 488b | 7c24 284d 
  0x0000022a6eee4478: 8b53 204d | 85d2 0f84 | 600e 0000 | 4c63 c64d | 3bc2 7e03 | 418b f244 | 8bd6 85f6 | 0f8e 7e0e 
  0x0000022a6eee4498: 0000 458b | 4b30 458b | 4118 418b | 4818 4d8b | 4310 448b | 4934 4585 | c90f 84a1 | 0600 0048 
  0x0000022a6eee44b8: 897c 2428 | 498b d148 | 8bf1 488d | 9c24 a800 | 0000 488b | 02a8 020f | 8523 0000 | 0048 83c8 
  0x0000022a6eee44d8: 0148 8903 | f048 0fb1 | 1a0f 8437 | 0000 0048 | 2bc4 4825 | 07f0 ffff | 4889 03e9 | 2400 0000 
  0x0000022a6eee44f8: 488b f848 | 33c0 f04c | 0fb1 7f3e | 48c7 0303 | 0000 0074 | 114c 3bf8 | 7515 48ff | 8786 0000 
  0x0000022a6eee4518: 0048 33c0 | 7509 49ff | 8750 0500 | 0033 c00f | 857e 0700 | 008b 5934 | 85db 0f84 | 4c06 0000 
  0x0000022a6eee4538: ;   {no_reloc}
  0x0000022a6eee4538: 4d85 c00f | 8cf3 0d00 

  0x0000022a6eee4540: ;   {oop(a 'java/lang/Class'{0x0000000080002c68} = 'jdk/internal/misc/VM')}
  0x0000022a6eee4540: 0048 bf68 | 2c00 8000 | 0000 008b | af94 0000 | 0083 fd04 | 0f8c 3e0b | 0000 498b | bf80 0300 
  0x0000022a6eee4560: 0048 8b2f 

  0x0000022a6eee4564: ;   {metadata('jdk/internal/misc/CarrierThread')}
  0x0000022a6eee4564: 8b7d 0881 | ff40 bf12 | 000f 843d | 0600 0048 | 8974 2450 | 4889 5424 | 4844 894c | 243c 8be9 
  0x0000022a6eee4584: 4489 5424 | 384c 896c | 2440 4c89 | 5c24 3048 

  0x0000022a6eee4594: ;   {optimized virtual_call}
  0x0000022a6eee4594: 8bd3 90e8 

  0x0000022a6eee4598: ; ImmutableOopMap {rbp=NarrowOop [40]=Oop [48]=Oop [60]=NarrowOop [64]=Oop [72]=Oop [80]=Oop [92]=NarrowOop [112]=Oop [120]=NarrowOop }
                      ;*invokevirtual seek0 {reexecute=0 rethrow=0 return_oop=0}
                      ; - java.io.RandomAccessFile::seek@22
                      ; - java.util.zip.ZipFile$Source::readAt@14
                      ; - java.util.zip.ZipFile$ZipFileInputStream::read@76
                      ; - java.util.zip.ZipFile$ZipFileInflaterInputStream::fill@32
  0x0000022a6eee4598: 24dc ecff 

  0x0000022a6eee459c: ;   {other}
  0x0000022a6eee459c: 0f1f 8400 | 8c08 0002 | 448b 4534 | 4585 c00f | 843f 0600 

  0x0000022a6eee45b0: ;   {oop(a 'java/lang/Class'{0x0000000080002c68} = 'jdk/internal/misc/VM')}
  0x0000022a6eee45b0: 0049 ba68 | 2c00 8000 | 0000 0041 | 8baa 9400 | 0000 83fd | 040f 8c0d | 0b00 004d | 8b97 8003 
  0x0000022a6eee45d0: 0000 498b | 2a44 8b5d 

  0x0000022a6eee45d8: ;   {metadata('jdk/internal/misc/CarrierThread')}
  0x0000022a6eee45d8: 0841 81fb | 40bf 1200 | 0f84 2606 | 0000 498b | d04c 8b44 | 2428 4533 | c98b 7c24 | 384c 8b54 
  0x0000022a6eee45f8: 2440 4c89 | 5424 2048 | 8b6c 2448 

  0x0000022a6eee4604: ;   {optimized virtual_call}
  0x0000022a6eee4604: 6666 90e8 

  0x0000022a6eee4608: ; ImmutableOopMap {rbp=Oop [32]=Oop [48]=Oop [64]=Oop [72]=Oop [112]=Oop [120]=NarrowOop }
                      ;*invokevirtual readBytes0 {reexecute=0 rethrow=0 return_oop=0}
                      ; - java.io.RandomAccessFile::readBytes@9
                      ; - java.io.RandomAccessFile::read@4
                      ; - java.util.zip.ZipFile$Source::readAt@24
                      ; - java.util.zip.ZipFile$ZipFileInputStream::read@76
                      ; - java.util.zip.ZipFile$ZipFileInflaterInputStream::fill@32
  0x0000022a6eee4608: 347f ecff 

  0x0000022a6eee460c: ;   {other}
  0x0000022a6eee460c: 0f1f 8400 | fc08 0003 | 8944 2438 | 4c8b dd48 | 8d84 24a8 | 0000 0048 | 8338 000f | 8479 0000 
  0x0000022a6eee462c: 004d 8b13 | 41f6 c202 | 0f84 6200 | 0000 4983 | ba86 0000 | 0000 7409 | 49ff 8a86 | 0000 00eb 
  0x0000022a6eee464c: 4b49 8b82 | 9600 0000 | 490b 828e | 0000 0075 | 0a49 c742 | 3e00 0000 | 00eb 3d49 | 83ba 9e00 
  0x0000022a6eee466c: 0000 0074 | 2248 33c0 | 49c7 423e | 0000 0000 | f083 0424 | 0049 83ba | 9e00 0000 | 0075 0df0 
  0x0000022a6eee468c: 4d0f b17a | 3e75 0583 | c801 eb0c | a800 eb08 | 4c8b 10f0 | 4d0f b113 | 750a 49ff | 8f50 0500 
  0x0000022a6eee46ac: 0045 33d2 | 0f85 c506 | 0000 448b | 5c24 3845 | 85db 0f8e | 2c0a 0000 | 4c8b 5424 | 3049 8b5a 
  0x0000022a6eee46cc: 204d 8b52 | 104d 63db | 4d03 d34c | 8b44 2430 | 4d89 5010 | 492b db49 | 8958 204c | 8b5c 2420 
  0x0000022a6eee46ec: 488d 8424 | a000 0000 | 4883 3800 | 0f84 7900 | 0000 4d8b | 1341 f6c2 | 020f 8462 

  0x0000022a6eee4708: ;   {no_reloc}
  0x0000022a6eee4708: 0000 0049 | 83ba 8600 | 0000 0074 | 0949 ff8a | 8600 0000 | eb4b 498b | 8296 0000 | 0049 0b82 
  0x0000022a6eee4728: 8e00 0000 | 750a 49c7 | 423e 0000 | 0000 eb3d | 4983 ba9e | 0000 0000 | 7422 4833 | c049 c742 
  0x0000022a6eee4748: 3e00 0000 | 00f0 8304 | 2400 4983 | ba9e 0000 | 0000 750d | f04d 0fb1 | 7a3e 7505 | 83c8 01eb 
  0x0000022a6eee4768: 0ca8 00eb | 084c 8b10 | f04d 0fb1 | 1375 0a49 | ff8f 5005 | 0000 4533 | d20f 851c | 0600 0048 
  0x0000022a6eee4788: 85db 0f85 | 9001 0000 | 4c8b 5424 | 3045 0fb6 | 520c 4585 | d20f 857d | 0100 004c | 8b54 2430 
  0x0000022a6eee47a8: 41c6 420c | 01f0 8344 | 24c0 0045 | 8b5a 304d | 8962 2045 | 8b53 1845 | 8b52 0c44 | 8954 243c 
  0x0000022a6eee47c8: 4585 d20f | 846f 0900 | 004d 8bda | 488d 9c24 | a000 0000 | 498b 03a8 | 020f 8523 | 0000 0048 
  0x0000022a6eee47e8: 83c8 0148 | 8903 f049 | 0fb1 1b0f | 8437 0000 | 0048 2bc4 | 4825 07f0 | ffff 4889 | 03e9 2400 
  0x0000022a6eee4808: ;   {no_reloc}
  0x0000022a6eee4808: 0000 4c8b | d048 33c0 | f04d 0fb1 | 7a3e 48c7 | 0303 0000 | 0074 114c | 3bf8 7515 | 49ff 8286 
  0x0000022a6eee4828: 0000 0048 | 33c0 7509 | 49ff 8750 | 0500 0033 | c00f 8515 | 0900 004c | 8b54 2430 | 458b 5230 
  0x0000022a6eee4848: ; implicit exception: dispatches to 0x0000022a6eee564c
  0x0000022a6eee4848: 458b 4218 

  0x0000022a6eee484c: ; implicit exception: dispatches to 0x0000022a6eee5684
  0x0000022a6eee484c: 418b 680c 

  0x0000022a6eee4850: ; implicit exception: dispatches to 0x0000022a6eee56bc
  0x0000022a6eee4850: 448b 5508 

  0x0000022a6eee4854: ;   {metadata('java/util/Collections$SetFromMap')}
  0x0000022a6eee4854: 4181 fa80 | 241d 000f | 8521 0900 | 0048 8bd5 | 4c8b 4424 | 304c 895c | 2420 4c89 

  0x0000022a6eee4870: ;   {optimized virtual_call}
  0x0000022a6eee4870: 5c24 28e8 

  0x0000022a6eee4874: ; ImmutableOopMap {[32]=Oop [40]=Oop [112]=Oop }
                      ;*invokeinterface remove {reexecute=0 rethrow=0 return_oop=0}
                      ; - java.util.zip.ZipFile$ZipFileInputStream::close@42
                      ; - java.util.zip.ZipFile$ZipFileInputStream::read@130
                      ; - java.util.zip.ZipFile$ZipFileInflaterInputStream::fill@32
  0x0000022a6eee4874: 6889 6e00 

  0x0000022a6eee4878: ;   {other}
  0x0000022a6eee4878: 0f1f 8400 | 680b 0004 | 488d 8424 | a000 0000 | 4c8b 5c24 | 2048 8338 | 000f 8479 | 0000 004d 
  0x0000022a6eee4898: 8b13 41f6 | c202 0f84 | 6200 0000 | 4983 ba86 | 0000 0000 | 7409 49ff | 8a86 0000 | 00eb 4b49 
  0x0000022a6eee48b8: 8b82 9600 | 0000 490b | 828e 0000 | 0075 0a49 | c742 3e00 | 0000 00eb | 3d49 83ba | 9e00 0000 
  0x0000022a6eee48d8: 0074 2248 | 33c0 49c7 | 423e 0000 | 0000 f083 | 0424 0049 | 83ba 9e00 | 0000 0075 | 0df0 4d0f 
  0x0000022a6eee48f8: b17a 3e75 | 0583 c801 | eb0c a800 | eb08 4c8b | 10f0 4d0f | b113 750a | 49ff 8f50 | 0500 0045 
  0x0000022a6eee4918: 33d2 0f85 | 7408 0000 | 4c8b 5c24 | 7044 8b44 | 2438 4589 | 4310 4183 | f8ff 0f84 | 380a 0000 
  0x0000022a6eee4938: 458b 5318 | 458b 431c 

  0x0000022a6eee4940: ; implicit exception: dispatches to 0x0000022a6eee5540
  0x0000022a6eee4940: 458b 5a30 

  0x0000022a6eee4944: ; implicit exception: dispatches to 0x0000022a6eee5558
  0x0000022a6eee4944: 418b 480c | 8be9 0b6c | 2438 85ed | 0f8c b607 | 0000 8b5c | 2438 3bd9 | 0f8f 220a | 0000 4585 
  0x0000022a6eee4964: db0f 84b9 | 0200 004d | 8bcb 498b | ca48 8d9c 

  0x0000022a6eee4974: ;   {no_reloc}
  0x0000022a6eee4974: 24a0 0000 | 0049 8b01 | a802 0f85 | 2300 0000 | 4883 c801 | 4889 03f0 | 490f b119 | 0f84 3700 
  0x0000022a6eee4994: 0000 482b | c448 2507 | f0ff ff48 | 8903 e924 | 0000 004c | 8bd8 4833 | c0f0 4d0f | b17b 3e48 
  0x0000022a6eee49b4: c703 0300 | 0000 7411 | 4c3b f875 | 1549 ff83 | 8600 0000 | 4833 c075 | 0949 ff87 | 5005 0000 
  0x0000022a6eee49d4: 33c0 0f85 | 1704 0000 | 4589 4238 | 448b 5c24 | 3845 895a | 2045 8962 | 3445 8962 | 0c4c 8bd1 
  0x0000022a6eee49f4: 49c1 ea09 | 49bb 0000 | 6563 2a02 | 0000 4788 | 2413 488d | 8424 a000 | 0000 4883 | 3800 0f84 
  0x0000022a6eee4a14: 7900 0000 | 4d8b 1141 | f6c2 020f | 8462 0000 | 0049 83ba | 8600 0000 | 0074 0949 | ff8a 8600 
  0x0000022a6eee4a34: 0000 eb4b | 498b 8296 | 0000 0049 | 0b82 8e00 | 0000 750a | 49c7 423e | 0000 0000 | eb3d 4983 
  0x0000022a6eee4a54: ba9e 0000 | 0000 7422 | 4833 c049 | c742 3e00 | 0000 00f0 | 8304 2400 | 4983 ba9e | 0000 0000 
  0x0000022a6eee4a74: ;   {no_reloc}
  0x0000022a6eee4a74: 750d f04d | 0fb1 7a3e | 7505 83c8 | 01eb 0ca8 | 00eb 084c | 8b10 f04d | 0fb1 1175 | 0a49 ff8f 
  0x0000022a6eee4a94: 5005 0000 | 4533 d20f | 852a 0300 | 0048 81c4 | c000 0000 

  0x0000022a6eee4aa8: ;   {poll_return}
  0x0000022a6eee4aa8: 5d49 3ba7 | 5004 0000 | 0f87 3210 | 0000 c34c | 8944 2448 | 4c89 6c24 | 4048 897c | 2438 4c89 
  0x0000022a6eee4ac8: 5c24 2889 | 7424 2448 | 8944 24f8 | 8b44 245c | 8944 2420 | 488b 4424 | f848 8b6c 

  0x0000022a6eee4ae4: ;   {metadata({type array byte})}
  0x0000022a6eee4ae4: 2470 48ba | 1823 0000 | 2a02 0000 | 41b8 1e00 

  0x0000022a6eee4af4: ;   {runtime_call _new_array_Java}
  0x0000022a6eee4af4: 0000 90e8 

  0x0000022a6eee4af8: ; ImmutableOopMap {rbp=Oop [32]=NarrowOop [40]=Oop [56]=Oop [64]=Oop [112]=Oop [120]=NarrowOop }
                      ;*newarray {reexecute=0 rethrow=0 return_oop=1}
                      ; - java.util.zip.ZipFile$ZipFileInputStream::initDataOffset@11
                      ; - java.util.zip.ZipFile$ZipFileInputStream::read@16
                      ; - java.util.zip.ZipFile$ZipFileInflaterInputStream::fill@32
  0x0000022a6eee4af8: 8456 a0ff 

  0x0000022a6eee4afc: ;   {other}
  0x0000022a6eee4afc: 0f1f 8400 | ec0d 0005 | 4889 4424 | f88b 4424 | 2089 4424 | 5c48 8b44 | 24f8 8b74 | 2424 4c8b 
  0x0000022a6eee4b1c: 5c24 284c | 8b54 2438 | 4c8b 6c24 | 404c 8b44 | 2448 498b | fae9 6df6 | ffff baf6 | ffff ff48 
  0x0000022a6eee4b3c: 8b6c 2470 | 4c89 5c24 | 2889 7424 

  0x0000022a6eee4b48: ;   {runtime_call UncommonTrapBlob}
  0x0000022a6eee4b48: 3466 90e8 

  0x0000022a6eee4b4c: ; ImmutableOopMap {rbp=Oop [40]=Oop [92]=NarrowOop }
                      ;*monitorenter {reexecute=0 rethrow=0 return_oop=0}
                      ; - java.util.zip.ZipFile$ZipFileInputStream::read@7
                      ; - java.util.zip.ZipFile$ZipFileInflaterInputStream::fill@32
  0x0000022a6eee4b4c: b021 95ff 

  0x0000022a6eee4b50: ;   {other}
  0x0000022a6eee4b50: 0f1f 8400 | 400e 0006 | baf6 ffff | ff48 8b6c | 2470 4c89 | 5c24 2889 | 4c24 3889 | 7424 404c 
  0x0000022a6eee4b70: 8944 2448 

  0x0000022a6eee4b74: ;   {runtime_call UncommonTrapBlob}
  0x0000022a6eee4b74: 6666 90e8 

  0x0000022a6eee4b78: ; ImmutableOopMap {rbp=Oop [40]=Oop [56]=NarrowOop [92]=NarrowOop [120]=NarrowOop }
                      ;*monitorenter {reexecute=0 rethrow=0 return_oop=0}
                      ; - java.util.zip.ZipFile$Source::readAt@7
                      ; - java.util.zip.ZipFile$ZipFileInputStream::read@76
                      ; - java.util.zip.ZipFile$ZipFileInflaterInputStream::fill@32
  0x0000022a6eee4b78: 8421 95ff 

  0x0000022a6eee4b7c: ;   {other}
  0x0000022a6eee4b7c: 0f1f 8400 | 6c0e 0007 | baf6 ffff | ff4c 895c | 2428 894c | 2438 4489 | 5424 404c | 8944 2448 
  0x0000022a6eee4b9c: 4489 4c24 

  0x0000022a6eee4ba0: ;   {runtime_call UncommonTrapBlob}
  0x0000022a6eee4ba0: 5066 90e8 

  0x0000022a6eee4ba4: ; ImmutableOopMap {[40]=Oop [56]=NarrowOop [80]=NarrowOop [92]=NarrowOop [112]=Oop [120]=NarrowOop }
                      ;*invokevirtual seek {reexecute=0 rethrow=0 return_oop=0}
                      ; - java.util.zip.ZipFile$Source::readAt@14
                      ; - java.util.zip.ZipFile$ZipFileInputStream::read@76
                      ; - java.util.zip.ZipFile$ZipFileInflaterInputStream::fill@32
  0x0000022a6eee4ba4: 5821 95ff 

  0x0000022a6eee4ba8: ;   {other}
  0x0000022a6eee4ba8: 0f1f 8400 | 980e 0008 | ba45 ffff | ff4c 895c | 2430 894c | 2440 4889 | 4424 f88b | 4424 5c89 
  0x0000022a6eee4bc8: 4424 4448 | 8b44 24f8 | 4489 5424 | 4844 894c | 2450 895c | 2454 4c89 

  0x0000022a6eee4be0: ;   {runtime_call UncommonTrapBlob}
  0x0000022a6eee4be0: 4424 58e8 

  0x0000022a6eee4be4: ; ImmutableOopMap {rbp=Oop [48]=Oop [64]=NarrowOop [68]=NarrowOop [80]=NarrowOop [84]=NarrowOop [112]=Oop [120]=NarrowOop }
                      ;*ifeq {reexecute=1 rethrow=0 return_oop=0}
                      ; - (reexecute) jdk.internal.misc.Blocker::begin@14
                      ; - java.io.RandomAccessFile::seek@16
                      ; - java.util.zip.ZipFile$Source::readAt@14
                      ; - java.util.zip.ZipFile$ZipFileInputStream::read@76
                      ; - java.util.zip.ZipFile$ZipFileInflaterInputStream::fill@32
  0x0000022a6eee4be4: 1821 95ff 

  0x0000022a6eee4be8: ;   {other}
  0x0000022a6eee4be8: 0f1f 8400 | d80e 0009 | baf6 ffff | ff4c 8b54 | 2430 4c89 

  0x0000022a6eee4bfc: ;   {runtime_call UncommonTrapBlob}
  0x0000022a6eee4bfc: 5424 28e8 

  0x0000022a6eee4c00: ; ImmutableOopMap {[40]=Oop [60]=NarrowOop [92]=NarrowOop [112]=Oop [120]=NarrowOop }
                      ;*invokevirtual read {reexecute=0 rethrow=0 return_oop=0}
                      ; - java.util.zip.ZipFile$Source::readAt@24
                      ; - java.util.zip.ZipFile$ZipFileInputStream::read@76
                      ; - java.util.zip.ZipFile$ZipFileInflaterInputStream::fill@32
  0x0000022a6eee4c00: fc20 95ff 

  0x0000022a6eee4c04: ;   {other}
  0x0000022a6eee4c04: 0f1f 8400 | f40e 000a | ba45 ffff | ff44 8944 

  0x0000022a6eee4c14: ;   {runtime_call UncommonTrapBlob}
  0x0000022a6eee4c14: 244c 90e8 

  0x0000022a6eee4c18: ; ImmutableOopMap {rbp=Oop [48]=Oop [60]=NarrowOop [76]=NarrowOop [92]=NarrowOop [112]=Oop [120]=NarrowOop }
                      ;*ifeq {reexecute=1 rethrow=0 return_oop=0}
                      ; - (reexecute) jdk.internal.misc.Blocker::begin@14
                      ; - java.io.RandomAccessFile::readBytes@0
                      ; - java.io.RandomAccessFile::read@4
                      ; - java.util.zip.ZipFile$Source::readAt@24
                      ; - java.util.zip.ZipFile$ZipFileInputStream::read@76
                      ; - java.util.zip.ZipFile$ZipFileInflaterInputStream::fill@32
  0x0000022a6eee4c18: e420 95ff 

  0x0000022a6eee4c1c: ;   {other}
  0x0000022a6eee4c1c: 0f1f 8400 | 0c0f 000b | baf6 ffff | ff41 8bea | 4489 4424 

  0x0000022a6eee4c30: ;   {runtime_call UncommonTrapBlob}
  0x0000022a6eee4c30: 2066 90e8 

  0x0000022a6eee4c34: ; ImmutableOopMap {rbp=NarrowOop [32]=NarrowOop }
                      ;*monitorenter {reexecute=0 rethrow=0 return_oop=0}
                      ; - java.util.zip.Inflater::setInput@18
                      ; - java.util.zip.ZipFile$ZipFileInflaterInputStream::fill@76
  0x0000022a6eee4c34: c820 95ff 

  0x0000022a6eee4c38: ;   {other}
  0x0000022a6eee4c38: 0f1f 8400 | 280f 000c | bade ffff | ff48 8b6c | 2470 4489 | 5c24 2889 

  0x0000022a6eee4c50: ;   {runtime_call UncommonTrapBlob}
  0x0000022a6eee4c50: 7424 30e8 

  0x0000022a6eee4c54: ; ImmutableOopMap {rbp=Oop [40]=NarrowOop [92]=NarrowOop }
                      ;*invokevirtual read {reexecute=0 rethrow=0 return_oop=0}
                      ; - java.util.zip.ZipFile$ZipFileInflaterInputStream::fill@32
  0x0000022a6eee4c54: a820 95ff 

  0x0000022a6eee4c58: ;   {other}
  0x0000022a6eee4c58: 0f1f 8400 | 480f 000d | 4c89 6c24 | 4048 897c | 2438 4c89 | 5c24 2889 | 7424 2448 | 8bea 498b 
  0x0000022a6eee4c78: d54c 8d84 | 24a0 0000 

  0x0000022a6eee4c80: ;   {runtime_call _complete_monitor_locking_Java}
  0x0000022a6eee4c80: 0066 90e8 

  0x0000022a6eee4c84: ; ImmutableOopMap {rbp=Oop [40]=Oop [56]=Oop [64]=Oop [92]=NarrowOop [112]=Oop [120]=NarrowOop }
                      ;*monitorenter {reexecute=0 rethrow=0 return_oop=0}
                      ; - java.util.zip.ZipFile$ZipFileInputStream::read@7
                      ; - java.util.zip.ZipFile$ZipFileInflaterInputStream::fill@32
  0x0000022a6eee4c84: f875 a0ff 

  0x0000022a6eee4c88: ;   {other}
  0x0000022a6eee4c88: 0f1f 8400 | 780f 000e | 8b74 2424 | 4c8b 5c24 | 284c 8b54 | 2438 4c8b | 6c24 4049 | 8bfa e972 
  0x0000022a6eee4ca8: f4ff ff48 | 8974 2468 | 4889 5424 | 6044 894c | 2450 4c89 | 4424 4889 | 4c24 4444 | 8954 2440 
  0x0000022a6eee4cc8: 4c89 6c24 | 3848 ff74 | 2428 488f | 4424 3048 | 8944 24f8 | 8b44 2478 | 8944 2424 | 488b 4424 
  0x0000022a6eee4ce8: f84c 895c | 2428 4889 | 4424 f88b | 4424 5c89 | 4424 2048 | 8b44 24f8 | 488b 6c24 | 704c 8d84 
  0x0000022a6eee4d08: 24a8 0000 

  0x0000022a6eee4d0c: ;   {runtime_call _complete_monitor_locking_Java}
  0x0000022a6eee4d0c: 0066 90e8 

  0x0000022a6eee4d10: ; ImmutableOopMap {rbp=Oop [32]=NarrowOop [36]=NarrowOop [40]=Oop [48]=Oop [56]=Oop [68]=NarrowOop [80]=NarrowOop [96]=Oop [104]=Oop }
                      ;*monitorenter {reexecute=0 rethrow=0 return_oop=0}
                      ; - java.util.zip.ZipFile$Source::readAt@7
                      ; - java.util.zip.ZipFile$ZipFileInputStream::read@76
                      ; - java.util.zip.ZipFile$ZipFileInflaterInputStream::fill@32
  0x0000022a6eee4d10: 6c75 a0ff 

  0x0000022a6eee4d14: ;   {other}
  0x0000022a6eee4d14: 0f1f 8400 | 0410 000f | 4889 6c24 | 7048 8944 | 24f8 8b44 | 2420 8944 | 245c 488b | 4424 f84c 
  0x0000022a6eee4d34: 8b5c 2428 | 4889 4424 | f88b 4424 | 2489 4424 | 7848 8b44 | 24f8 48ff | 7424 3048 | 8f44 2428 
  0x0000022a6eee4d54: 4c8b 6c24 | 3844 8b54 | 2440 8b4c | 2444 4c8b | 4424 4844 | 8b4c 2450 | 488b 5424 | 6048 8b74 
  0x0000022a6eee4d74: 2468 e9b2 | f7ff ff49 | 8bcb 488d | 9424 a800 | 0000 4d8b | c749 ba40 | d968 0efc | 7f00 0041 
  0x0000022a6eee4d94: ;   {other}
  0x0000022a6eee4d94: ffd2 0f1f | 8400 0000 | 0000 e913 | f9ff ff49 | 8bcb 488d | 9424 a000 | 0000 4d8b | c749 ba40 
  0x0000022a6eee4db4: d968 0efc | 7f00 0041 

  0x0000022a6eee4dbc: ;   {other}
  0x0000022a6eee4dbc: ffd2 0f1f | 8400 0000 | 0000 e9bc | f9ff ff49 | 8bc9 488d | 9424 a000 | 0000 4d8b | c749 ba40 
  0x0000022a6eee4ddc: d968 0efc | 7f00 0041 

  0x0000022a6eee4de4: ;   {other}
  0x0000022a6eee4de4: ffd2 0f1f | 8400 0000 | 0000 e9ae | fcff ff48 | 894c 2440 | 4c89 4c24 | 3044 8954 | 2424 4889 
  0x0000022a6eee4e04: 4424 f88b | 4424 3889 | 4424 2048 | 8b44 24f8 | 498b e844 | 8944 2428 | 498b d14c | 8d84 24a0 
  0x0000022a6eee4e24: ;   {runtime_call _complete_monitor_locking_Java}
  0x0000022a6eee4e24: 0000 00e8 

  0x0000022a6eee4e28: ; ImmutableOopMap {rbp=Oop [36]=NarrowOop [40]=NarrowOop [48]=Oop [64]=Oop }
                      ;*monitorenter {reexecute=0 rethrow=0 return_oop=0}
                      ; - java.util.zip.Inflater::setInput@18
                      ; - java.util.zip.ZipFile$ZipFileInflaterInputStream::fill@76
  0x0000022a6eee4e28: 5474 a0ff 

  0x0000022a6eee4e2c: ;   {other}
  0x0000022a6eee4e2c: 0f1f 8400 | 1c11 0010 | 4889 4424 | f88b 4424 | 2089 4424 | 3848 8b44 | 24f8 448b | 5424 2444 
  0x0000022a6eee4e4c: 8b44 2428 | 4c8b 4c24 | 3048 8b4c | 2440 e97d | fbff ffba | f6ff ffff | 488b 6c24 | 7048 8944 
  0x0000022a6eee4e6c: 24f8 8b44 | 245c 8944 | 2430 488b | 4424 f889 | 7424 3448 | 8944 24f8 | 8b44 2478 | 8944 2438 
  0x0000022a6eee4e8c: 488b 4424 | f84c 895c | 2440 4489 | 4c24 504c | 8954 2458 | 4c89 4424 

  0x0000022a6eee4ea4: ;   {runtime_call UncommonTrapBlob}
  0x0000022a6eee4ea4: 6066 90e8 

  0x0000022a6eee4ea8: ; ImmutableOopMap {rbp=Oop [48]=NarrowOop [56]=NarrowOop [64]=Oop [80]=NarrowOop [88]=Oop }
                      ;*monitorenter {reexecute=0 rethrow=0 return_oop=0}
                      ; - java.util.zip.ZipFile$Source::readFullyAt@7
                      ; - java.util.zip.ZipFile$ZipFileInputStream::initDataOffset@41
                      ; - java.util.zip.ZipFile$ZipFileInputStream::read@16
                      ; - java.util.zip.ZipFile$ZipFileInflaterInputStream::fill@32
  0x0000022a6eee4ea8: 541e 95ff 

  0x0000022a6eee4eac: ;   {other}
  0x0000022a6eee4eac: 0f1f 8400 | 9c11 0011 | baf6 ffff | ff48 8b6c | 2470 4889 | 4424 f88b | 4424 5c89 | 4424 3048 
  0x0000022a6eee4ecc: 8b44 24f8 | 8974 2434 | 4c89 5c24 | 4044 894c | 2450 4c89 | 5424 584c | 8944 2460 | 894c 2468 
  0x0000022a6eee4eec: ;   {runtime_call UncommonTrapBlob}
  0x0000022a6eee4eec: 6666 90e8 

  0x0000022a6eee4ef0: ; ImmutableOopMap {rbp=Oop [48]=NarrowOop [64]=Oop [80]=NarrowOop [88]=Oop [104]=NarrowOop [120]=NarrowOop }
                      ;*invokevirtual seek {reexecute=0 rethrow=0 return_oop=0}
                      ; - java.util.zip.ZipFile$Source::readFullyAt@14
                      ; - java.util.zip.ZipFile$ZipFileInputStream::initDataOffset@41
                      ; - java.util.zip.ZipFile$ZipFileInputStream::read@16
                      ; - java.util.zip.ZipFile$ZipFileInflaterInputStream::fill@32
  0x0000022a6eee4ef0: 0c1e 95ff 

  0x0000022a6eee4ef4: ;   {other}
  0x0000022a6eee4ef4: 0f1f 8400 | e411 0012 | ba45 ffff | ff48 ff74 | 2470 488f | 4424 2048 | 8944 24f8 | 8b44 245c 
  0x0000022a6eee4f14: 8944 2438 | 488b 4424 | f889 7424 | 3c4c 895c | 2448 4489 | 4c24 584c | 8954 2460 | 894c 2468 
  0x0000022a6eee4f34: 8944 246c | 4c89 4424 

  0x0000022a6eee4f3c: ;   {runtime_call UncommonTrapBlob}
  0x0000022a6eee4f3c: 7066 90e8 

  0x0000022a6eee4f40: ; ImmutableOopMap {rbp=Oop [32]=Oop [56]=NarrowOop [72]=Oop [88]=NarrowOop [96]=Oop [104]=NarrowOop [108]=NarrowOop [120]=NarrowOop }
                      ;*ifeq {reexecute=1 rethrow=0 return_oop=0}
                      ; - (reexecute) jdk.internal.misc.Blocker::begin@14
                      ; - java.io.RandomAccessFile::seek@16
                      ; - java.util.zip.ZipFile$Source::readFullyAt@14
                      ; - java.util.zip.ZipFile$ZipFileInputStream::initDataOffset@41
                      ; - java.util.zip.ZipFile$ZipFileInputStream::read@16
                      ; - java.util.zip.ZipFile$ZipFileInflaterInputStream::fill@32
  0x0000022a6eee4f40: bc1d 95ff 

  0x0000022a6eee4f44: ;   {other}
  0x0000022a6eee4f44: 0f1f 8400 | 3412 0013 | baf6 ffff | ff48 8b6c | 2468 4889 | 4424 f88b | 4424 5c89 | 4424 4048 
  0x0000022a6eee4f64: 8b44 24f8 | 4489 5424 

  0x0000022a6eee4f6c: ;   {runtime_call UncommonTrapBlob}
  0x0000022a6eee4f6c: 5466 90e8 

  0x0000022a6eee4f70: ; ImmutableOopMap {rbp=Oop [52]=NarrowOop [56]=Oop [64]=NarrowOop [72]=Oop [84]=NarrowOop [120]=NarrowOop }
                      ;*invokevirtual readFully {reexecute=0 rethrow=0 return_oop=0}
                      ; - java.util.zip.ZipFile$Source::readFullyAt@43
                      ; - java.util.zip.ZipFile$ZipFileInputStream::initDataOffset@41
                      ; - java.util.zip.ZipFile$ZipFileInputStream::read@16
                      ; - java.util.zip.ZipFile$ZipFileInflaterInputStream::fill@32
  0x0000022a6eee4f70: 8c1d 95ff 

  0x0000022a6eee4f74: ;   {other}
  0x0000022a6eee4f74: 0f1f 8400 | 6412 0014 | ba45 ffff | ff48 ff74 | 2468 488f | 4424 2048 | 8944 24f8 | 8b44 245c 
  0x0000022a6eee4f94: 8944 2440 | 488b 4424 | f844 8b4c | 2478 4489 | 4c24 5044 | 8954 2454 | 4489 4424 

  0x0000022a6eee4fb0: ;   {runtime_call UncommonTrapBlob}
  0x0000022a6eee4fb0: 7866 90e8 

  0x0000022a6eee4fb4: ; ImmutableOopMap {rbp=Oop [32]=Oop [52]=NarrowOop [56]=Oop [64]=NarrowOop [72]=Oop [80]=NarrowOop [84]=NarrowOop [120]=NarrowOop }
                      ;*ifeq {reexecute=1 rethrow=0 return_oop=0}
                      ; - (reexecute) jdk.internal.misc.Blocker::begin@14
                      ; - java.io.RandomAccessFile::readBytes@0
                      ; - java.io.RandomAccessFile::read@4
                      ; - java.io.RandomAccessFile::readFully@13
                      ; - java.util.zip.ZipFile$Source::readFullyAt@43
                      ; - java.util.zip.ZipFile$ZipFileInputStream::initDataOffset@41
                      ; - java.util.zip.ZipFile$ZipFileInputStream::read@16
                      ; - java.util.zip.ZipFile$ZipFileInflaterInputStream::fill@32
  0x0000022a6eee4fb4: 481d 95ff 

  0x0000022a6eee4fb8: ;   {other}
  0x0000022a6eee4fb8: 0f1f 8400 | a812 0015 | 4889 5424 | 6848 897c | 2460 894c | 2458 4489 | 4c24 344c | 8954 2450 
  0x0000022a6eee4fd8: 4c89 4424 | 484c 896c | 2440 48ff | 7424 2848 | 8f44 2438 | 4889 4424 | f88b 4424 | 7889 4424 
  0x0000022a6eee4ff8: 3048 8b44 | 24f8 4c89 | 5c24 2889 | 7424 2448 | 8b6c 2470 | 488b d74c | 8d84 24a8 

  0x0000022a6eee5014: ;   {runtime_call _complete_monitor_locking_Java}
  0x0000022a6eee5014: 0000 00e8 

  0x0000022a6eee5018: ; ImmutableOopMap {rbp=Oop [40]=Oop [48]=NarrowOop [52]=NarrowOop [56]=Oop [64]=Oop [80]=Oop [88]=NarrowOop [92]=NarrowOop [96]=Oop [104]=Oop [112]=Oop }
                      ;*monitorenter {reexecute=0 rethrow=0 return_oop=0}
                      ; - java.util.zip.ZipFile$Source::readFullyAt@7
                      ; - java.util.zip.ZipFile$ZipFileInputStream::initDataOffset@41
                      ; - java.util.zip.ZipFile$ZipFileInputStream::read@16
                      ; - java.util.zip.ZipFile$ZipFileInflaterInputStream::fill@32
  0x0000022a6eee5018: 6472 a0ff 

  0x0000022a6eee501c: ;   {other}
  0x0000022a6eee501c: 0f1f 8400 | 0c13 0016 | 8b74 2424 | 4c8b 5c24 | 2848 8944 | 24f8 8b44 | 2430 8944 | 2478 488b 
  0x0000022a6eee503c: 4424 f848 | ff74 2438 | 488f 4424 | 284c 8b6c | 2440 4c8b | 4424 484c | 8b54 2450 | 448b 4c24 
  0x0000022a6eee505c: 348b 4c24 | 5848 8b7c | 2460 488b | 5424 68e9 | cbf1 ffff | 498b cb48 | 8d94 24a8 | 0000 004d 
  0x0000022a6eee507c: 8bc7 49ba | 40d9 680e | fc7f 0000 

  0x0000022a6eee5088: ;   {other}
  0x0000022a6eee5088: 41ff d20f | 1f84 0000 | 0000 00e9 | 5df3 ffff | ba45 ffff | ff4c 895c | 2430 894c | 2440 4889 
  0x0000022a6eee50a8: 4424 f88b | 4424 5c89 | 4424 4448 | 8b44 24f8 | 4489 5424 | 4844 894c | 2450 895c | 2454 4c89 
  0x0000022a6eee50c8: ;   {runtime_call UncommonTrapBlob}
  0x0000022a6eee50c8: 4424 58e8 

  0x0000022a6eee50cc: ; ImmutableOopMap {[48]=Oop [64]=NarrowOop [68]=NarrowOop [80]=NarrowOop [84]=NarrowOop [112]=Oop [120]=NarrowOop }
                      ;*if_icmplt {reexecute=1 rethrow=0 return_oop=0}
                      ; - (reexecute) jdk.internal.misc.VM::isBooted@4
                      ; - jdk.internal.misc.Blocker::begin@0
                      ; - java.io.RandomAccessFile::seek@16
                      ; - java.util.zip.ZipFile$Source::readAt@14
                      ; - java.util.zip.ZipFile$ZipFileInputStream::read@76
                      ; - java.util.zip.ZipFile$ZipFileInflaterInputStream::fill@32
  0x0000022a6eee50cc: 301c 95ff 

  0x0000022a6eee50d0: ;   {other}
  0x0000022a6eee50d0: 0f1f 8400 | c013 0017 | ba45 ffff | ff44 8944 

  0x0000022a6eee50e0: ;   {runtime_call UncommonTrapBlob}
  0x0000022a6eee50e0: 244c 90e8 

  0x0000022a6eee50e4: ; ImmutableOopMap {[48]=Oop [60]=NarrowOop [76]=NarrowOop [92]=NarrowOop [112]=Oop [120]=NarrowOop }
                      ;*if_icmplt {reexecute=1 rethrow=0 return_oop=0}
                      ; - (reexecute) jdk.internal.misc.VM::isBooted@4
                      ; - jdk.internal.misc.Blocker::begin@0
                      ; - java.io.RandomAccessFile::readBytes@0
                      ; - java.io.RandomAccessFile::read@4
                      ; - java.util.zip.ZipFile$Source::readAt@24
                      ; - java.util.zip.ZipFile$ZipFileInputStream::read@76
                      ; - java.util.zip.ZipFile$ZipFileInflaterInputStream::fill@32
  0x0000022a6eee50e4: 181c 95ff 

  0x0000022a6eee50e8: ;   {other}
  0x0000022a6eee50e8: 0f1f 8400 | d813 0018 | ba45 ffff | ff4c 8b54 | 2430 4c89 

  0x0000022a6eee50fc: ;   {runtime_call UncommonTrapBlob}
  0x0000022a6eee50fc: 5424 28e8 

  0x0000022a6eee5100: ; ImmutableOopMap {[40]=Oop [112]=Oop [120]=NarrowOop }
                      ;*ifle {reexecute=1 rethrow=0 return_oop=0}
                      ; - (reexecute) java.util.zip.ZipFile$ZipFileInputStream::read@81
                      ; - java.util.zip.ZipFile$ZipFileInflaterInputStream::fill@32
  0x0000022a6eee5100: fc1b 95ff 

  0x0000022a6eee5104: ;   {other}
  0x0000022a6eee5104: 0f1f 8400 | f413 0019 | ba45 ffff | ff44 8954 | 2420 4489 | 4424 2448 | 8944 24f8 | 8b44 2438 
  0x0000022a6eee5124: 8944 2428 | 488b 4424 | f889 4c24 

  0x0000022a6eee5130: ;   {runtime_call UncommonTrapBlob}
  0x0000022a6eee5130: 3066 90e8 

  0x0000022a6eee5134: ; ImmutableOopMap {[32]=NarrowOop [36]=NarrowOop }
                      ;*iflt {reexecute=1 rethrow=0 return_oop=0}
                      ; - (reexecute) jdk.internal.util.Preconditions::checkFromIndexSize@5
                      ; - java.util.zip.Inflater::setInput@7
                      ; - java.util.zip.ZipFile$ZipFileInflaterInputStream::fill@76
  0x0000022a6eee5134: c81b 95ff 

  0x0000022a6eee5138: ;   {other}
  0x0000022a6eee5138: 0f1f 8400 | 2814 001a | baf6 ffff 

  0x0000022a6eee5144: ;   {runtime_call UncommonTrapBlob}
  0x0000022a6eee5144: ff66 90e8 

  0x0000022a6eee5148: ; ImmutableOopMap {[48]=Oop [112]=Oop }
                      ;*monitorenter {reexecute=0 rethrow=0 return_oop=0}
                      ; - java.util.zip.ZipFile$ZipFileInputStream::close@30
                      ; - java.util.zip.ZipFile$ZipFileInputStream::read@130
                      ; - java.util.zip.ZipFile$ZipFileInflaterInputStream::fill@32
  0x0000022a6eee5148: b41b 95ff 

  0x0000022a6eee514c: ;   {other}
  0x0000022a6eee514c: 0f1f 8400 | 3c14 001b | 498b d34c | 8d84 24a0 | 0000 004c | 895c 2448 | 4c89 5c24 

  0x0000022a6eee5168: ;   {runtime_call _complete_monitor_locking_Java}
  0x0000022a6eee5168: 5066 90e8 

  0x0000022a6eee516c: ; ImmutableOopMap {[48]=Oop [60]=NarrowOop [72]=Oop [80]=Oop [112]=Oop }
                      ;*monitorenter {reexecute=0 rethrow=0 return_oop=0}
                      ; - java.util.zip.ZipFile$ZipFileInputStream::close@30
                      ; - java.util.zip.ZipFile$ZipFileInputStream::read@130
                      ; - java.util.zip.ZipFile$ZipFileInflaterInputStream::fill@32
  0x0000022a6eee516c: 1071 a0ff 

  0x0000022a6eee5170: ;   {other}
  0x0000022a6eee5170: 0f1f 8400 | 6014 001c | 4c8b 5c24 | 48e9 bdf6 | ffff bade 

  0x0000022a6eee5184: ;   {runtime_call UncommonTrapBlob}
  0x0000022a6eee5184: ffff ffe8 

  0x0000022a6eee5188: ; ImmutableOopMap {rbp=NarrowOop [48]=Oop [60]=NarrowOop [112]=Oop }
                      ;*invokeinterface remove {reexecute=0 rethrow=0 return_oop=0}
                      ; - java.util.zip.ZipFile$ZipFileInputStream::close@42
                      ; - java.util.zip.ZipFile$ZipFileInputStream::read@130
                      ; - java.util.zip.ZipFile$ZipFileInflaterInputStream::fill@32
  0x0000022a6eee5188: 741b 95ff 

  0x0000022a6eee518c: ;   {other}
  0x0000022a6eee518c: 0f1f 8400 | 7c14 001d | 498b cb48 | 8d94 24a0 | 0000 004d | 8bc7 49ba | 40d9 680e | fc7f 0000 
  0x0000022a6eee51ac: ;   {other}
  0x0000022a6eee51ac: 41ff d20f | 1f84 0000 | 0000 00e9 | 64f7 ffff | ba45 ffff | ff48 ff74 | 2470 488f | 4424 2048 
  0x0000022a6eee51cc: 8944 24f8 | 8b44 245c | 8944 2438 | 488b 4424 | f889 7424 | 3c4c 895c | 2448 4489 | 4c24 584c 
  0x0000022a6eee51ec: 8954 2460 | 894c 2468 | 8944 246c | 4c89 4424 

  0x0000022a6eee51fc: ;   {runtime_call UncommonTrapBlob}
  0x0000022a6eee51fc: 7066 90e8 

  0x0000022a6eee5200: ; ImmutableOopMap {[32]=Oop [56]=NarrowOop [72]=Oop [88]=NarrowOop [96]=Oop [104]=NarrowOop [108]=NarrowOop [120]=NarrowOop }
                      ;*if_icmplt {reexecute=1 rethrow=0 return_oop=0}
                      ; - (reexecute) jdk.internal.misc.VM::isBooted@4
                      ; - jdk.internal.misc.Blocker::begin@0
                      ; - java.io.RandomAccessFile::seek@16
                      ; - java.util.zip.ZipFile$Source::readFullyAt@14
                      ; - java.util.zip.ZipFile$ZipFileInputStream::initDataOffset@41
                      ; - java.util.zip.ZipFile$ZipFileInputStream::read@16
                      ; - java.util.zip.ZipFile$ZipFileInflaterInputStream::fill@32
  0x0000022a6eee5200: fc1a 95ff 

  0x0000022a6eee5204: ;   {other}
  0x0000022a6eee5204: 0f1f 8400 | f414 001e | ba45 ffff | ff48 ff74 | 2468 488f | 4424 2048 | 8944 24f8 | 8b44 245c 
  0x0000022a6eee5224: 8944 2440 | 488b 4424 | f844 8b5c | 2478 4489 | 5c24 5044 | 8954 2454 | 4489 4424 

  0x0000022a6eee5240: ;   {runtime_call UncommonTrapBlob}
  0x0000022a6eee5240: 7866 90e8 

  0x0000022a6eee5244: ; ImmutableOopMap {[32]=Oop [52]=NarrowOop [56]=Oop [64]=NarrowOop [72]=Oop [80]=NarrowOop [84]=NarrowOop [120]=NarrowOop }
                      ;*if_icmplt {reexecute=1 rethrow=0 return_oop=0}
                      ; - (reexecute) jdk.internal.misc.VM::isBooted@4
                      ; - jdk.internal.misc.Blocker::begin@0
                      ; - java.io.RandomAccessFile::readBytes@0
                      ; - java.io.RandomAccessFile::read@4
                      ; - java.io.RandomAccessFile::readFully@13
                      ; - java.util.zip.ZipFile$Source::readFullyAt@43
                      ; - java.util.zip.ZipFile$ZipFileInputStream::initDataOffset@41
                      ; - java.util.zip.ZipFile$ZipFileInputStream::read@16
                      ; - java.util.zip.ZipFile$ZipFileInflaterInputStream::fill@32
  0x0000022a6eee5244: b81a 95ff 

  0x0000022a6eee5248: ;   {other}
  0x0000022a6eee5248: 0f1f 8400 | 3815 001f | ba45 ffff | ff48 8b6c | 2470 4889 | 4424 f88b | 4424 5c89 | 4424 4048 
  0x0000022a6eee5268: 8b44 24f8 | 448b 5424 | 5844 8954 | 2454 448b | 5c24 6844 | 895c 2464 | 8944 2474 

  0x0000022a6eee5284: ;   {runtime_call UncommonTrapBlob}
  0x0000022a6eee5284: 6666 90e8 

  0x0000022a6eee5288: ; ImmutableOopMap {rbp=Oop [52]=NarrowOop [56]=Oop [64]=NarrowOop [72]=Oop [84]=NarrowOop [100]=NarrowOop [120]=NarrowOop }
                      ;*if_icmplt {reexecute=1 rethrow=0 return_oop=0}
                      ; - (reexecute) java.io.RandomAccessFile::readFully@41
                      ; - java.util.zip.ZipFile$Source::readFullyAt@43
                      ; - java.util.zip.ZipFile$ZipFileInputStream::initDataOffset@41
                      ; - java.util.zip.ZipFile$ZipFileInputStream::read@16
                      ; - java.util.zip.ZipFile$ZipFileInflaterInputStream::fill@32
  0x0000022a6eee5288: 741a 95ff 

  0x0000022a6eee528c: ;   {other}
  0x0000022a6eee528c: 0f1f 8400 | 7c15 0020 | ba45 ffff | ff41 8bea 

  0x0000022a6eee529c: ;   {runtime_call UncommonTrapBlob}
  0x0000022a6eee529c: 6666 90e8 

  0x0000022a6eee52a0: ; ImmutableOopMap {}
                      ;*ifeq {reexecute=1 rethrow=0 return_oop=0}
                      ; - (reexecute) java.util.zip.ZipFile$ZipFileInflaterInputStream::fill@4
  0x0000022a6eee52a0: 5c1a 95ff 

  0x0000022a6eee52a4: ;   {other}
  0x0000022a6eee52a4: 0f1f 8400 | 9415 0021 | ba45 ffff | ff48 ff74 | 2470 488f | 4424 204c | 895c 2430 | 8974 243c 
  0x0000022a6eee52c4: 4889 4424 | f88b 4424 | 7889 4424 | 4048 8b44 

  0x0000022a6eee52d4: ;   {runtime_call UncommonTrapBlob}
  0x0000022a6eee52d4: 24f8 90e8 

  0x0000022a6eee52d8: ; ImmutableOopMap {[32]=Oop [48]=Oop [64]=NarrowOop [92]=NarrowOop }
                      ;*ifeq {reexecute=1 rethrow=0 return_oop=0}
                      ; - (reexecute) java.util.zip.ZipFile::ensureOpenOrZipException@4
                      ; - java.util.zip.ZipFile$ZipFileInputStream::read@12
                      ; - java.util.zip.ZipFile$ZipFileInflaterInputStream::fill@32
  0x0000022a6eee52d8: 241a 95ff 

  0x0000022a6eee52dc: ;   {other}
  0x0000022a6eee52dc: 0f1f 8400 | cc15 0022 | 4533 db4d | 3bd3 bdff | ffff ff7c | 0840 0f95 | c540 0fb6 | edba 45ff 
  0x0000022a6eee52fc: ffff 48ff | 7424 7048 | 8f44 2420 

  0x0000022a6eee5308: ;   {runtime_call UncommonTrapBlob}
  0x0000022a6eee5308: 6666 90e8 

  0x0000022a6eee530c: ; ImmutableOopMap {[32]=Oop [120]=NarrowOop }
                      ;*ifne {reexecute=1 rethrow=0 return_oop=0}
                      ; - (reexecute) java.util.zip.ZipFile$ZipFileInputStream::read@26
                      ; - java.util.zip.ZipFile$ZipFileInflaterInputStream::fill@32
  0x0000022a6eee530c: f019 95ff 

  0x0000022a6eee5310: ;   {other}
  0x0000022a6eee5310: 0f1f 8400 | 0016 0023 | ba45 ffff | ff48 8b6c | 2470 8974 

  0x0000022a6eee5324: ;   {runtime_call UncommonTrapBlob}
  0x0000022a6eee5324: 242c 90e8 

  0x0000022a6eee5328: ; ImmutableOopMap {rbp=Oop [120]=NarrowOop }
                      ;*ifgt {reexecute=1 rethrow=0 return_oop=0}
                      ; - (reexecute) java.util.zip.ZipFile$ZipFileInputStream::read@51
                      ; - java.util.zip.ZipFile$ZipFileInflaterInputStream::fill@32
  0x0000022a6eee5328: d419 95ff 

  0x0000022a6eee532c: ;   {other}
  0x0000022a6eee532c: 0f1f 8400 | 1c16 0024 | 33db 4c3b | c3bd ffff | ffff 7c08 | 400f 95c5 | 400f b6ed | ba45 ffff 
  0x0000022a6eee534c: ff4c 895c | 2430 894c | 2440 4489 | 5424 4844 | 894c 2450 

  0x0000022a6eee5360: ;   {runtime_call UncommonTrapBlob}
  0x0000022a6eee5360: 6666 90e8 

  0x0000022a6eee5364: ; ImmutableOopMap {[48]=Oop [64]=NarrowOop [80]=NarrowOop [92]=NarrowOop [112]=Oop [120]=NarrowOop }
                      ;*ifge {reexecute=1 rethrow=0 return_oop=0}
                      ; - (reexecute) java.io.RandomAccessFile::seek@3
                      ; - java.util.zip.ZipFile$Source::readAt@14
                      ; - java.util.zip.ZipFile$ZipFileInputStream::read@76
                      ; - java.util.zip.ZipFile$ZipFileInflaterInputStream::fill@32
  0x0000022a6eee5364: 9819 95ff 

  0x0000022a6eee5368: ;   {other}
  0x0000022a6eee5368: 0f1f 8400 | 5816 0025 | ba45 ffff 

  0x0000022a6eee5374: ;   {runtime_call UncommonTrapBlob}
  0x0000022a6eee5374: ff66 90e8 

  0x0000022a6eee5378: ; ImmutableOopMap {[112]=Oop }
                      ;*if_icmpne {reexecute=1 rethrow=0 return_oop=0}
                      ; - (reexecute) java.util.zip.ZipFile$ZipFileInflaterInputStream::fill@43
  0x0000022a6eee5378: 8419 95ff 

  0x0000022a6eee537c: ;   {other}
  0x0000022a6eee537c: 0f1f 8400 | 6c16 0026 | ba45 ffff | ff41 8bea | 4489 4424 | 2089 5c24 | 2889 5c24 | 3089 4c24 
  0x0000022a6eee539c: ;   {runtime_call UncommonTrapBlob}
  0x0000022a6eee539c: 3466 90e8 

  0x0000022a6eee53a0: ; ImmutableOopMap {rbp=NarrowOop [32]=NarrowOop }
                      ;*if_icmple {reexecute=1 rethrow=0 return_oop=0}
                      ; - (reexecute) jdk.internal.util.Preconditions::checkFromIndexSize@12
                      ; - java.util.zip.Inflater::setInput@7
                      ; - java.util.zip.ZipFile$ZipFileInflaterInputStream::fill@76
  0x0000022a6eee53a0: 5c19 95ff 

  0x0000022a6eee53a4: ;   {other}
  0x0000022a6eee53a4: 0f1f 8400 | 9416 0027 | 33db 4c3b | c3bd ffff | ffff 7c08 | 400f 95c5 | 400f b6ed | ba45 ffff 
  0x0000022a6eee53c4: ff48 ff74 | 2470 488f | 4424 2048 | 8944 24f8 | 8b44 245c | 8944 2438 | 488b 4424 | f889 7424 
  0x0000022a6eee53e4: 3c4c 895c | 2448 4489 | 4c24 584c | 8954 2460 | 894c 2468 

  0x0000022a6eee53f8: ;   {runtime_call UncommonTrapBlob}
  0x0000022a6eee53f8: 6666 90e8 

  0x0000022a6eee53fc: ; ImmutableOopMap {[32]=Oop [56]=NarrowOop [72]=Oop [88]=NarrowOop [96]=Oop [104]=NarrowOop [120]=NarrowOop }
                      ;*ifge {reexecute=1 rethrow=0 return_oop=0}
                      ; - (reexecute) java.io.RandomAccessFile::seek@3
                      ; - java.util.zip.ZipFile$Source::readFullyAt@14
                      ; - java.util.zip.ZipFile$ZipFileInputStream::initDataOffset@41
                      ; - java.util.zip.ZipFile$ZipFileInputStream::read@16
                      ; - java.util.zip.ZipFile$ZipFileInflaterInputStream::fill@32
  0x0000022a6eee53fc: 0019 95ff 

  0x0000022a6eee5400: ;   {other}
  0x0000022a6eee5400: 0f1f 8400 | f016 0028 | ba45 ffff | ff48 8b6c | 2470 4889 | 4424 f88b | 4424 5c89 | 4424 4048 
  0x0000022a6eee5420: 8b44 24f8 | 448b 5c24 | 5844 895c | 2454 8944 

  0x0000022a6eee5430: ;   {runtime_call UncommonTrapBlob}
  0x0000022a6eee5430: 2464 90e8 

  0x0000022a6eee5434: ; ImmutableOopMap {rbp=Oop [52]=NarrowOop [56]=Oop [64]=NarrowOop [72]=Oop [84]=NarrowOop [120]=NarrowOop }
                      ;*ifge {reexecute=1 rethrow=0 return_oop=0}
                      ; - (reexecute) java.io.RandomAccessFile::readFully@20
                      ; - java.util.zip.ZipFile$Source::readFullyAt@43
                      ; - java.util.zip.ZipFile$ZipFileInputStream::initDataOffset@41
                      ; - java.util.zip.ZipFile$ZipFileInputStream::read@16
                      ; - java.util.zip.ZipFile$ZipFileInflaterInputStream::fill@32
  0x0000022a6eee5434: c818 95ff 

  0x0000022a6eee5438: ;   {other}
  0x0000022a6eee5438: 0f1f 8400 | 2817 0029 | 41bb 504b | 0304 4d3b | d3bd ffff | ffff 7c08 | 400f 95c5 | 400f b6ed 
  0x0000022a6eee5458: ba45 ffff | ff48 ff74 | 2470 488f 

  0x0000022a6eee5464: ;   {runtime_call UncommonTrapBlob}
  0x0000022a6eee5464: 4424 20e8 

  0x0000022a6eee5468: ; ImmutableOopMap {[32]=Oop [56]=Oop [92]=NarrowOop [120]=NarrowOop }
                      ;*ifeq {reexecute=1 rethrow=0 return_oop=0}
                      ; - (reexecute) java.util.zip.ZipFile$ZipFileInputStream::initDataOffset@69
                      ; - java.util.zip.ZipFile$ZipFileInputStream::read@16
                      ; - java.util.zip.ZipFile$ZipFileInflaterInputStream::fill@32
  0x0000022a6eee5468: 9418 95ff 

  0x0000022a6eee546c: ;   {other}
  0x0000022a6eee546c: 0f1f 8400 | 5c17 002a | baf6 ffff 

  0x0000022a6eee5478: ;   {runtime_call UncommonTrapBlob}
  0x0000022a6eee5478: ff66 90e8 

  0x0000022a6eee547c: ; ImmutableOopMap {}
                      ;*arraylength {reexecute=0 rethrow=0 return_oop=0}
                      ; - java.util.zip.ZipFile$ZipFileInflaterInputStream::fill@31
  0x0000022a6eee547c: 8018 95ff 

  0x0000022a6eee5480: ;   {other}
  0x0000022a6eee5480: 0f1f 8400 | 7017 002b | baf6 ffff | ff8b 6c24 | 5c89 7424 

  0x0000022a6eee5494: ;   {runtime_call UncommonTrapBlob}
  0x0000022a6eee5494: 2066 90e8 

  0x0000022a6eee5498: ; ImmutableOopMap {rbp=NarrowOop }
                      ;*invokevirtual read {reexecute=0 rethrow=0 return_oop=0}
                      ; - java.util.zip.ZipFile$ZipFileInflaterInputStream::fill@32
  0x0000022a6eee5498: 6418 95ff 

  0x0000022a6eee549c: ;   {other}
  0x0000022a6eee549c: 0f1f 8400 | 8c17 002c | baf6 ffff | ff48 8b6c | 2470 4c89 | 5c24 2889 | 7424 3448 | 8944 24f8 
  0x0000022a6eee54bc: 8b44 2478 | 8944 2438 | 488b 4424 

  0x0000022a6eee54c8: ;   {runtime_call UncommonTrapBlob}
  0x0000022a6eee54c8: f866 90e8 

  0x0000022a6eee54cc: ; ImmutableOopMap {rbp=Oop [40]=Oop [56]=NarrowOop [92]=NarrowOop }
                      ;*invokevirtual ensureOpenOrZipException {reexecute=0 rethrow=0 return_oop=0}
                      ; - java.util.zip.ZipFile$ZipFileInputStream::read@12
                      ; - java.util.zip.ZipFile$ZipFileInflaterInputStream::fill@32
  0x0000022a6eee54cc: 3018 95ff 

  0x0000022a6eee54d0: ;   {other}
  0x0000022a6eee54d0: 0f1f 8400 | c017 002d | baf6 ffff | ff48 8b6c | 2470 4c89 | 5c24 2889 

  0x0000022a6eee54e8: ;   {runtime_call UncommonTrapBlob}
  0x0000022a6eee54e8: 7424 34e8 

  0x0000022a6eee54ec: ; ImmutableOopMap {rbp=Oop [40]=Oop [92]=NarrowOop [120]=NarrowOop }
                      ;*getfield res {reexecute=1 rethrow=0 return_oop=0}
                      ; - (reexecute) java.util.zip.ZipFile$ZipFileInputStream::read@63
                      ; - java.util.zip.ZipFile$ZipFileInflaterInputStream::fill@32
  0x0000022a6eee54ec: 1018 95ff 

  0x0000022a6eee54f0: ;   {other}
  0x0000022a6eee54f0: 0f1f 8400 | e017 002e | baf6 ffff | ff48 8b6c | 2470 4c89 | 5c24 2889 

  0x0000022a6eee5508: ;   {runtime_call UncommonTrapBlob}
  0x0000022a6eee5508: 7424 34e8 

  0x0000022a6eee550c: ; ImmutableOopMap {rbp=Oop [40]=Oop [92]=NarrowOop [120]=NarrowOop }
                      ;*getfield zsrc {reexecute=1 rethrow=0 return_oop=0}
                      ; - (reexecute) java.util.zip.ZipFile$ZipFileInputStream::read@66
                      ; - java.util.zip.ZipFile$ZipFileInflaterInputStream::fill@32
  0x0000022a6eee550c: f017 95ff 

  0x0000022a6eee5510: ;   {other}
  0x0000022a6eee5510: 0f1f 8400 | 0018 002f | baf6 ffff | ff48 8b6c | 2470 4c89 | 5c24 2889 | 7424 384c | 8944 2440 
  0x0000022a6eee5530: ;   {runtime_call UncommonTrapBlob}
  0x0000022a6eee5530: 6666 90e8 

  0x0000022a6eee5534: ; ImmutableOopMap {rbp=Oop [40]=Oop [92]=NarrowOop [120]=NarrowOop }
                      ;*invokevirtual readAt {reexecute=0 rethrow=0 return_oop=0}
                      ; - java.util.zip.ZipFile$ZipFileInputStream::read@76
                      ; - java.util.zip.ZipFile$ZipFileInflaterInputStream::fill@32
  0x0000022a6eee5534: c817 95ff 

  0x0000022a6eee5538: ;   {other}
  0x0000022a6eee5538: 0f1f 8400 | 2818 0030 | baf6 ffff | ff41 8be8 

  0x0000022a6eee5548: ;   {runtime_call UncommonTrapBlob}
  0x0000022a6eee5548: 6666 90e8 

  0x0000022a6eee554c: ; ImmutableOopMap {rbp=NarrowOop }
                      ;*invokevirtual setInput {reexecute=0 rethrow=0 return_oop=0}
                      ; - java.util.zip.ZipFile$ZipFileInflaterInputStream::fill@76
  0x0000022a6eee554c: b017 95ff 

  0x0000022a6eee5550: ;   {other}
  0x0000022a6eee5550: 0f1f 8400 | 4018 0031 | baf6 ffff | ff41 8bea | 4889 4424 | f88b 4424 | 3889 4424 | 2048 8b44 
  0x0000022a6eee5570: ;   {runtime_call UncommonTrapBlob}
  0x0000022a6eee5570: 24f8 90e8 

  0x0000022a6eee5574: ; ImmutableOopMap {rbp=NarrowOop }
                      ;*arraylength {reexecute=0 rethrow=0 return_oop=0}
                      ; - java.util.zip.Inflater::setInput@3
                      ; - java.util.zip.ZipFile$ZipFileInflaterInputStream::fill@76
  0x0000022a6eee5574: 8817 95ff 

  0x0000022a6eee5578: ;   {other}
  0x0000022a6eee5578: 0f1f 8400 | 6818 0032 | baf6 ffff | ff48 8b6c | 2470 4c89 | 5c24 2889 | 7424 3448 | 8944 24f8 
  0x0000022a6eee5598: 8b44 2478 | 8944 2438 | 488b 4424 

  0x0000022a6eee55a4: ;   {runtime_call UncommonTrapBlob}
  0x0000022a6eee55a4: f866 90e8 

  0x0000022a6eee55a8: ; ImmutableOopMap {rbp=Oop [40]=Oop [56]=NarrowOop [92]=NarrowOop }
                      ;*getfield res {reexecute=1 rethrow=0 return_oop=0}
                      ; - (reexecute) java.util.zip.ZipFile$ZipFileInputStream::initDataOffset@27
                      ; - java.util.zip.ZipFile$ZipFileInputStream::read@16
                      ; - java.util.zip.ZipFile$ZipFileInflaterInputStream::fill@32
  0x0000022a6eee55a8: 5417 95ff 

  0x0000022a6eee55ac: ;   {other}
  0x0000022a6eee55ac: 0f1f 8400 | 9c18 0033 | baf6 ffff | ff48 8b6c | 2470 4c89 | 5c24 2889 | 7424 3448 | 8944 24f8 
  0x0000022a6eee55cc: 8b44 2478 | 8944 2438 | 488b 4424 

  0x0000022a6eee55d8: ;   {runtime_call UncommonTrapBlob}
  0x0000022a6eee55d8: f866 90e8 

  0x0000022a6eee55dc: ; ImmutableOopMap {rbp=Oop [40]=Oop [56]=NarrowOop [92]=NarrowOop }
                      ;*getfield zsrc {reexecute=1 rethrow=0 return_oop=0}
                      ; - (reexecute) java.util.zip.ZipFile$ZipFileInputStream::initDataOffset@30
                      ; - java.util.zip.ZipFile$ZipFileInputStream::read@16
                      ; - java.util.zip.ZipFile$ZipFileInflaterInputStream::fill@32
  0x0000022a6eee55dc: 2017 95ff 

  0x0000022a6eee55e0: ;   {other}
  0x0000022a6eee55e0: 0f1f 8400 | d018 0034 | baf6 ffff | ff48 8b6c | 2470 4c89 | 5c24 2889 | 7424 3448 | 8944 24f8 
  0x0000022a6eee5600: 8b44 2478 | 8944 2438 | 488b 4424 | f84c 8954 | 2440 4c89 

  0x0000022a6eee5614: ;   {runtime_call UncommonTrapBlob}
  0x0000022a6eee5614: 4424 48e8 

  0x0000022a6eee5618: ; ImmutableOopMap {rbp=Oop [40]=Oop [56]=NarrowOop [64]=Oop [92]=NarrowOop }
                      ;*invokevirtual readFullyAt {reexecute=0 rethrow=0 return_oop=0}
                      ; - java.util.zip.ZipFile$ZipFileInputStream::initDataOffset@41
                      ; - java.util.zip.ZipFile$ZipFileInputStream::read@16
                      ; - java.util.zip.ZipFile$ZipFileInflaterInputStream::fill@32
  0x0000022a6eee5618: e416 95ff 

  0x0000022a6eee561c: ;   {other}
  0x0000022a6eee561c: 0f1f 8400 | 0c19 0035 | baf6 ffff 

  0x0000022a6eee5628: ;   {runtime_call UncommonTrapBlob}
  0x0000022a6eee5628: ff66 90e8 

  0x0000022a6eee562c: ; ImmutableOopMap {[48]=Oop [112]=Oop }
                      ;*getfield res {reexecute=1 rethrow=0 return_oop=0}
                      ; - (reexecute) java.util.zip.ZipFile$ZipFileInputStream::close@22
                      ; - java.util.zip.ZipFile$ZipFileInputStream::read@130
                      ; - java.util.zip.ZipFile$ZipFileInflaterInputStream::fill@32
  0x0000022a6eee562c: d016 95ff 

  0x0000022a6eee5630: ;   {other}
  0x0000022a6eee5630: 0f1f 8400 | 2019 0036 | baf6 ffff 

  0x0000022a6eee563c: ;   {runtime_call UncommonTrapBlob}
  0x0000022a6eee563c: ff66 90e8 

  0x0000022a6eee5640: ; ImmutableOopMap {[48]=Oop [112]=Oop }
                      ;*getfield istreams {reexecute=1 rethrow=0 return_oop=0}
                      ; - (reexecute) java.util.zip.ZipFile$ZipFileInputStream::close@25
                      ; - java.util.zip.ZipFile$ZipFileInputStream::read@130
                      ; - java.util.zip.ZipFile$ZipFileInflaterInputStream::fill@32
  0x0000022a6eee5640: bc16 95ff 

  0x0000022a6eee5644: ;   {other}
  0x0000022a6eee5644: 0f1f 8400 | 3419 0037 | baf6 ffff | ff48 8944 | 24f8 8b44 | 2438 8944 | 2428 488b | 4424 f848 
  0x0000022a6eee5664: 8944 24f8 | 8b44 243c | 8944 242c | 488b 4424 

  0x0000022a6eee5674: ;   {runtime_call UncommonTrapBlob}
  0x0000022a6eee5674: f866 90e8 

  0x0000022a6eee5678: ; ImmutableOopMap {[44]=NarrowOop [48]=Oop [112]=Oop }
                      ;*getfield res {reexecute=1 rethrow=0 return_oop=0}
                      ; - (reexecute) java.util.zip.ZipFile$ZipFileInputStream::close@35
                      ; - java.util.zip.ZipFile$ZipFileInputStream::read@130
                      ; - java.util.zip.ZipFile$ZipFileInflaterInputStream::fill@32
  0x0000022a6eee5678: 8416 95ff 

  0x0000022a6eee567c: ;   {other}
  0x0000022a6eee567c: 0f1f 8400 | 6c19 0038 | baf6 ffff | ff48 8944 | 24f8 8b44 | 2438 8944 | 2428 488b | 4424 f848 
  0x0000022a6eee569c: 8944 24f8 | 8b44 243c | 8944 242c | 488b 4424 

  0x0000022a6eee56ac: ;   {runtime_call UncommonTrapBlob}
  0x0000022a6eee56ac: f866 90e8 

  0x0000022a6eee56b0: ; ImmutableOopMap {[44]=NarrowOop [48]=Oop [112]=Oop }
                      ;*getfield istreams {reexecute=1 rethrow=0 return_oop=0}
                      ; - (reexecute) java.util.zip.ZipFile$ZipFileInputStream::close@38
                      ; - java.util.zip.ZipFile$ZipFileInputStream::read@130
                      ; - java.util.zip.ZipFile$ZipFileInflaterInputStream::fill@32
  0x0000022a6eee56b0: 4c16 95ff 

  0x0000022a6eee56b4: ;   {other}
  0x0000022a6eee56b4: 0f1f 8400 | a419 0039 | baf6 ffff | ff48 8944 | 24f8 8b44 | 2438 8944 | 2428 488b | 4424 f848 
  0x0000022a6eee56d4: 8944 24f8 | 8b44 243c | 8944 242c | 488b 4424 

  0x0000022a6eee56e4: ;   {runtime_call UncommonTrapBlob}
  0x0000022a6eee56e4: f866 90e8 

  0x0000022a6eee56e8: ; ImmutableOopMap {[44]=NarrowOop [48]=Oop [112]=Oop }
                      ;*invokeinterface remove {reexecute=0 rethrow=0 return_oop=0}
                      ; - java.util.zip.ZipFile$ZipFileInputStream::close@42
                      ; - java.util.zip.ZipFile$ZipFileInputStream::read@130
                      ; - java.util.zip.ZipFile$ZipFileInflaterInputStream::fill@32
  0x0000022a6eee56e8: 1416 95ff 

  0x0000022a6eee56ec: ;   {other}
  0x0000022a6eee56ec: 0f1f 8400 | dc19 003a | 498b cb48 | 8d94 24a8 | 0000 004d | 8bc7 49ba | 40d9 680e | fc7f 0000 
  0x0000022a6eee570c: ;   {other}
  0x0000022a6eee570c: 41ff d20f | 1f84 0000 | 0000 00e9 | d102 0000 | 488b d8e9 | 2101 0000 | 488b d8e9 | 1901 0000 
  0x0000022a6eee572c: 488b d8e9 | 1902 0000 | 488b d8e9 | 1102 0000 | 488b d8e9 | a902 0000 | 488b d848 | 8d84 24a0 
  0x0000022a6eee574c: 0000 004c | 8b5c 2420 | 4883 3800 | 0f84 7900 | 0000 4d8b | 1341 f6c2 | 020f 8462 | 0000 0049 
  0x0000022a6eee576c: 83ba 8600 | 0000 0074 | 0949 ff8a | 8600 0000 | eb4b 498b | 8296 0000 | 0049 0b82 | 8e00 0000 
  0x0000022a6eee578c: 750a 49c7 | 423e 0000 | 0000 eb3d | 4983 ba9e | 0000 0000 | 7422 4833 | c049 c742 | 3e00 0000 
  0x0000022a6eee57ac: 00f0 8304 | 2400 4983 | ba9e 0000 | 0000 750d | f04d 0fb1 | 7a3e 7505 | 83c8 01eb | 0ca8 00eb 
  0x0000022a6eee57cc: 084c 8b10 | f04d 0fb1 | 1375 0a49 | ff8f 5005 | 0000 4533 | d20f 85d9 | 0200 0048 | 8bd3 e99d 
  0x0000022a6eee57ec: 0200 0048 | 8944 2458 | 488b 6c24 | 6848 c7c2 | ffff ffff 

  0x0000022a6eee5800: ;   {static_call}
  0x0000022a6eee5800: 6666 90e8 

  0x0000022a6eee5804: ; ImmutableOopMap {rbp=Oop [40]=Oop [56]=Oop [64]=Oop [72]=Oop [80]=Oop [88]=Oop [96]=Oop }
                      ;*invokestatic end {reexecute=0 rethrow=0 return_oop=0}
                      ; - java.io.RandomAccessFile::seek@35
                      ; - java.util.zip.ZipFile$Source::readFullyAt@14
                      ; - java.util.zip.ZipFile$ZipFileInputStream::initDataOffset@41
                      ; - java.util.zip.ZipFile$ZipFileInputStream::read@16
                      ; - java.util.zip.ZipFile$ZipFileInflaterInputStream::fill@32
  0x0000022a6eee5804: 789d 94ff 

  0x0000022a6eee5808: ;   {other}
  0x0000022a6eee5808: 0f1f 8400 | f81a 003b | 488b 5c24 | 58eb 2e48 | 8944 2458 | 488b 6c24 | 7048 c7c2 | ffff ffff 
  0x0000022a6eee5828: 448b 5c24 | 6844 895c 

  0x0000022a6eee5830: ;   {static_call}
  0x0000022a6eee5830: 2434 90e8 

  0x0000022a6eee5834: ; ImmutableOopMap {rbp=Oop [40]=Oop [52]=NarrowOop [56]=Oop [64]=Oop [72]=Oop [80]=Oop [88]=Oop [96]=Oop }
                      ;*invokestatic end {reexecute=0 rethrow=0 return_oop=0}
                      ; - java.io.RandomAccessFile::readBytes@26
                      ; - java.io.RandomAccessFile::read@4
                      ; - java.io.RandomAccessFile::readFully@13
                      ; - java.util.zip.ZipFile$Source::readFullyAt@43
                      ; - java.util.zip.ZipFile$ZipFileInputStream::initDataOffset@41
                      ; - java.util.zip.ZipFile$ZipFileInputStream::read@16
                      ; - java.util.zip.ZipFile$ZipFileInflaterInputStream::fill@32
  0x0000022a6eee5834: 489d 94ff 

  0x0000022a6eee5838: ;   {other}
  0x0000022a6eee5838: 0f1f 8400 | 281b 003c | 488b 5c24 | 584c 8b5c | 2450 488d | 8424 a800 | 0000 4883 | 3800 0f84 
  0x0000022a6eee5858: 7900 0000 | 4d8b 1341 | f6c2 020f | 8462 0000 | 0049 83ba | 8600 0000 | 0074 0949 | ff8a 8600 
  0x0000022a6eee5878: 0000 eb4b | 498b 8296 | 0000 0049 | 0b82 8e00 | 0000 750a | 49c7 423e | 0000 0000 | eb3d 4983 
  0x0000022a6eee5898: ba9e 0000 | 0000 7422 | 4833 c049 | c742 3e00 | 0000 00f0 | 8304 2400 | 4983 ba9e | 0000 0000 
  0x0000022a6eee58b8: 750d f04d | 0fb1 7a3e | 7505 83c8 | 01eb 0ca8 | 00eb 084c | 8b10 f04d | 0fb1 1375 | 0a49 ff8f 
  0x0000022a6eee58d8: 5005 0000 | 4533 d20f | 8408 0100 | 0049 8bcb | 488d 9424 | a800 0000 | 4d8b c749 | ba40 d968 
  0x0000022a6eee58f8: 0efc 7f00 | 0041 ffd2 

  0x0000022a6eee5900: ;   {other}
  0x0000022a6eee5900: 0f1f 8400 | 0000 0000 | e9e0 0000 | 0048 8944 | 2458 48c7 | c2ff ffff 

  0x0000022a6eee5918: ;   {static_call}
  0x0000022a6eee5918: ff66 90e8 

  0x0000022a6eee591c: ; ImmutableOopMap {[40]=Oop [48]=Oop [64]=Oop [72]=Oop [80]=Oop [88]=Oop [112]=Oop }
                      ;*invokestatic end {reexecute=0 rethrow=0 return_oop=0}
                      ; - java.io.RandomAccessFile::seek@35
                      ; - java.util.zip.ZipFile$Source::readAt@14
                      ; - java.util.zip.ZipFile$ZipFileInputStream::read@76
                      ; - java.util.zip.ZipFile$ZipFileInflaterInputStream::fill@32
  0x0000022a6eee591c: 609c 94ff 

  0x0000022a6eee5920: ;   {other}
  0x0000022a6eee5920: 0f1f 8400 | 101c 003d | 488b 5c24 | 58eb 1e48 | 8944 2428 | 48c7 c2ff 

  0x0000022a6eee5938: ;   {static_call}
  0x0000022a6eee5938: ffff ffe8 

  0x0000022a6eee593c: ; ImmutableOopMap {[40]=Oop [48]=Oop [64]=Oop [72]=Oop [112]=Oop }
                      ;*invokestatic end {reexecute=0 rethrow=0 return_oop=0}
                      ; - java.io.RandomAccessFile::readBytes@26
                      ; - java.io.RandomAccessFile::read@4
                      ; - java.util.zip.ZipFile$Source::readAt@24
                      ; - java.util.zip.ZipFile$ZipFileInputStream::read@76
                      ; - java.util.zip.ZipFile$ZipFileInflaterInputStream::fill@32
  0x0000022a6eee593c: 409c 94ff 

  0x0000022a6eee5940: ;   {other}
  0x0000022a6eee5940: 0f1f 8400 | 301c 003e | 488b 5c24 | 284c 8b5c | 2448 488d | 8424 a800 | 0000 4883 | 3800 0f84 
  0x0000022a6eee5960: 7900 0000 | 4d8b 1341 | f6c2 020f | 8462 0000 | 0049 83ba | 8600 0000 | 0074 0949 | ff8a 8600 
  0x0000022a6eee5980: 0000 eb4b | 498b 8296 | 0000 0049 | 0b82 8e00 | 0000 750a | 49c7 423e | 0000 0000 | eb3d 4983 
  0x0000022a6eee59a0: ba9e 0000 | 0000 7422 | 4833 c049 | c742 3e00 | 0000 00f0 | 8304 2400 | 4983 ba9e | 0000 0000 
  0x0000022a6eee59c0: 750d f04d | 0fb1 7a3e | 7505 83c8 | 01eb 0ca8 | 00eb 084c | 8b10 f04d | 0fb1 1375 | 0a49 ff8f 
  0x0000022a6eee59e0: 5005 0000 | 4533 d20f | 8507 fdff | ff4c 8b5c | 2440 488d | 8424 a000 | 0000 4883 | 3800 0f84 
  0x0000022a6eee5a00: 7900 0000 | 4d8b 1341 | f6c2 020f | 8462 0000 | 0049 83ba | 8600 0000 | 0074 0949 | ff8a 8600 
  0x0000022a6eee5a20: 0000 eb4b | 498b 8296 | 0000 0049 | 0b82 8e00 | 0000 750a | 49c7 423e | 0000 0000 

  0x0000022a6eee5a3c: ;   {no_reloc}
  0x0000022a6eee5a3c: eb3d 4983 | ba9e 0000 | 0000 7422 | 4833 c049 | c742 3e00 | 0000 00f0 | 8304 2400 | 4983 ba9e 
  0x0000022a6eee5a5c: 0000 0000 | 750d f04d | 0fb1 7a3e | 7505 83c8 | 01eb 0ca8 | 00eb 084c | 8b10 f04d | 0fb1 1375 
  0x0000022a6eee5a7c: 0a49 ff8f | 5005 0000 | 4533 d275 | 1048 8bd3 | 4881 c4c0 | 0000 005d 

  0x0000022a6eee5a94: ;   {runtime_call _rethrow_Java}
  0x0000022a6eee5a94: e9e7 70a0 | ff48 8b4c | 2440 488d | 9424 a000 | 0000 4d8b | c749 ba40 | d968 0efc | 7f00 0041 
  0x0000022a6eee5ab4: ;   {other}
  0x0000022a6eee5ab4: ffd2 0f1f | 8400 0000 | 0000 ebc9 | 498b cb48 | 8d94 24a0 | 0000 004d | 8bc7 49ba | 40d9 680e 
  0x0000022a6eee5ad4: fc7f 0000 

  0x0000022a6eee5ad8: ;   {other}
  0x0000022a6eee5ad8: 41ff d20f | 1f84 0000 | 0000 00e9 | fffc ffff 

  0x0000022a6eee5ae8: ;   {internal_word}
  0x0000022a6eee5ae8: 49ba a94a | ee6e 2a02 | 0000 4d89 | 9768 0400 

  0x0000022a6eee5af8: ;   {runtime_call SafepointBlob}
  0x0000022a6eee5af8: 00e9 8200 

  0x0000022a6eee5afc: ;   {runtime_call StubRoutines (final stubs)}
  0x0000022a6eee5afc: 95ff e8fd | 7c93 ffe9 | 56e5 ffff 
[Stub Code]
  0x0000022a6eee5b08: ;   {no_reloc}
  0x0000022a6eee5b08: 48bb 582e | 1d00 2a02 

  0x0000022a6eee5b10: ;   {runtime_call I2C/C2I adapters}
  0x0000022a6eee5b10: 0000 e950 

  0x0000022a6eee5b14: ;   {static_stub}
  0x0000022a6eee5b14: e694 ff48 | bb00 0000 | 0000 0000 

  0x0000022a6eee5b20: ;   {runtime_call nmethod}
  0x0000022a6eee5b20: 00e9 fbff 

  0x0000022a6eee5b24: ;   {static_stub}
  0x0000022a6eee5b24: ffff 48bb | 0000 0000 | 0000 0000 

  0x0000022a6eee5b30: ;   {runtime_call nmethod}
  0x0000022a6eee5b30: e9fb ffff 

  0x0000022a6eee5b34: ;   {static_stub}
  0x0000022a6eee5b34: ff48 bb00 | 0000 0000 

  0x0000022a6eee5b3c: ;   {runtime_call nmethod}
  0x0000022a6eee5b3c: 0000 00e9 | fbff ffff 
[Exception Handler]
  0x0000022a6eee5b44: ;   {runtime_call ExceptionBlob}
  0x0000022a6eee5b44: e937 c496 | ffe8 0000 | 0000 4883 

  0x0000022a6eee5b50: ;   {runtime_call DeoptimizationBlob}
  0x0000022a6eee5b50: 2c24 05e9 | c814 95ff 
[/MachCode]


Compiled method (c2) 457675 7174   !   4       java.util.zip.InflaterInputStream::read (129 bytes)
 total in heap  [0x0000022a6f184f10,0x0000022a6f1860e0] = 4560
 relocation     [0x0000022a6f185070,0x0000022a6f185120] = 176
 main code      [0x0000022a6f185120,0x0000022a6f185b90] = 2672
 stub code      [0x0000022a6f185b90,0x0000022a6f185bc8] = 56
 metadata       [0x0000022a6f185bc8,0x0000022a6f185c28] = 96
 scopes data    [0x0000022a6f185c28,0x0000022a6f185e28] = 512
 scopes pcs     [0x0000022a6f185e28,0x0000022a6f186008] = 480
 dependencies   [0x0000022a6f186008,0x0000022a6f186030] = 40
 handler table  [0x0000022a6f186030,0x0000022a6f1860a8] = 120
 nul chk table  [0x0000022a6f1860a8,0x0000022a6f1860e0] = 56

[Constant Pool (empty)]

[MachCode]
[Entry Point]
  # {method} {0x0000022a0031aab0} 'read' '([BII)I' in 'java/util/zip/InflaterInputStream'
  # this:     rdx:rdx   = 'java/util/zip/InflaterInputStream'
  # parm0:    r8:r8     = '[B'
  # parm1:    r9        = int
  # parm2:    rdi       = int
  #           [sp+0x80]  (sp of caller)
  0x0000022a6f185120: 448b 5208 | 49bb 0000 | 0000 2a02 | 0000 4d03 | d349 3bc2 

  0x0000022a6f185134: ;   {runtime_call ic_miss_stub}
  0x0000022a6f185134: 0f85 4695 | 6aff 6690 | 0f1f 4000 
[Verified Entry Point]
  0x0000022a6f185140: 8984 2400 | 80ff ff55 | 4883 ec70 | 4181 7f20 | 0500 0000 | 0f85 2c0a | 0000 897c | 242c 4489 
  0x0000022a6f185160: 4c24 284c | 8944 2420 | 4889 5424 | 5044 0fb6 | 5a14 4585 | db0f 8519 | 0800 0045 | 8b58 0c45 
  0x0000022a6f185180: 8bc3 450b | c144 0bc7 | 4585 c00f | 8cdf 0700 | 0045 8bc3 | 452b c141 | 3bf8 0f8f | 1008 0000 
  0x0000022a6f1851a0: 85ff 0f84 | 6e05 0000 | 448b 4218 

  0x0000022a6f1851ac: ; implicit exception: dispatches to 0x0000022a6f185ab0
  0x0000022a6f1851ac: 458b 5830 | 4585 db0f | 8464 0500 | 0048 8d5c | 2460 498b | 03a8 020f | 8523 0000 | 0048 83c8 
  0x0000022a6f1851cc: 0148 8903 | f049 0fb1 | 1b0f 8437 | 0000 0048 | 2bc4 4825 | 07f0 ffff | 4889 03e9 | 2400 0000 
  0x0000022a6f1851ec: 4c8b d048 | 33c0 f04d | 0fb1 7a3e | 48c7 0303 | 0000 0074 | 114c 3bf8 | 7515 49ff | 8286 0000 
  0x0000022a6f18520c: 0048 33c0 | 7509 49ff | 8750 0500 | 0033 c00f | 851b 0500 | 0041 0fb6 | 782c 488d | 4424 6048 
  0x0000022a6f18522c: 8338 000f 

  0x0000022a6f185230: ;   {no_reloc}
  0x0000022a6f185230: 8479 0000 | 004d 8b13 | 41f6 c202 | 0f84 6200 | 0000 4983 | ba86 0000 | 0000 7409 | 49ff 8a86 
  0x0000022a6f185250: 0000 00eb | 4b49 8b82 | 9600 0000 | 490b 828e | 0000 0075 | 0a49 c742 | 3e00 0000 | 00eb 3d49 
  0x0000022a6f185270: 83ba 9e00 | 0000 0074 | 2248 33c0 | 49c7 423e | 0000 0000 | f083 0424 | 0049 83ba | 9e00 0000 
  0x0000022a6f185290: 0075 0df0 | 4d0f b17a | 3e75 0583 | c801 eb0c | a800 eb08 | 4c8b 10f0 | 4d0f b113 | 750a 49ff 
  0x0000022a6f1852b0: 8f50 0500 | 0045 33d2 | 0f85 cb04 | 0000 85ff | 0f85 3204 | 0000 4c8b | 5424 5045 

  0x0000022a6f1852cc: ;   {metadata('java/util/zip/ZipFile$ZipFileInflaterInputStream')}
  0x0000022a6f1852cc: 8b52 0841 | 81fa c0a4 | 3100 0f85 | 5406 0000 | 4533 db44 | 895c 2430 | 4c8b 5424 | 5045 8b5a 
  0x0000022a6f1852ec: 1845 8b53 | 3045 85d2 | 0f84 b404 | 0000 4d8b | c248 8d5c | 2460 498b | 00a8 020f | 8523 0000 
  0x0000022a6f18530c: 0048 83c8 | 0148 8903 | f049 0fb1 | 180f 8437 | 0000 0048 | 2bc4 4825 | 07f0 ffff | 4889 03e9 
  0x0000022a6f18532c: 2400 0000 | 4c8b d048 | 33c0 f04d | 0fb1 7a3e | 48c7 0303 | 0000 0074 | 114c 3bf8 | 7515 49ff 
  0x0000022a6f18534c: 8286 0000 | 0048 33c0 | 7509 49ff | 8750 0500 | 0033 c00f | 858f 0400 | 0041 0fb6 | 6b2e 488d 
  0x0000022a6f18536c: 4424 6048 | 8338 000f | 8479 0000 | 004d 8b10 | 41f6 c202 | 0f84 6200 | 0000 4983 | ba86 0000 
  0x0000022a6f18538c: 0000 7409 | 49ff 8a86 | 0000 00eb | 4b49 8b82 | 9600 0000 | 490b 828e | 0000 0075 | 0a49 c742 
  0x0000022a6f1853ac: 3e00 0000 | 00eb 3d49 | 83ba 9e00 | 0000 0074 | 2248 33c0 | 49c7 423e | 0000 0000 | f083 0424 
  0x0000022a6f1853cc: ;   {no_reloc}
  0x0000022a6f1853cc: 0049 83ba | 9e00 0000 | 0075 0df0 | 4d0f b17a | 3e75 0583 | c801 eb0c | a800 eb08 | 4c8b 10f0 
  0x0000022a6f1853ec: 4d0f b110 | 750a 49ff | 8f50 0500 | 0045 33d2 | 0f85 5d04 | 0000 85ed | 0f85 ca05 | 0000 4c8b 
  0x0000022a6f18540c: 5424 5045 | 8b4a 1845 | 8b51 3045 | 85d2 0f84 | a803 0000 | 498b ca48 | 8d5c 2460 | 488b 01a8 
  0x0000022a6f18542c: 020f 8523 | 0000 0048 | 83c8 0148 | 8903 f048 | 0fb1 190f | 8437 0000 | 0048 2bc4 | 4825 07f0 
  0x0000022a6f18544c: ffff 4889 | 03e9 2400 | 0000 4c8b | d848 33c0 | f04d 0fb1 | 7b3e 48c7 | 0303 0000 | 0074 114c 
  0x0000022a6f18546c: 3bf8 7515 | 49ff 8386 | 0000 0048 | 33c0 7509 | 49ff 8750 | 0500 0033 | c00f 85f9 | 0300 0045 
  0x0000022a6f18548c: 8b41 3445 | 85c0 7515 | 458b 590c | 458b 5120 | 453b d30f | 8467 0200 | 0033 dbeb | 1645 8b48 
  0x0000022a6f1854ac: 1c45 8b58 | 1845 3bd9 | 0f8c 8e04 | 0000 bb01 | 0000 0048 | 8d44 2460 | 4883 3800 | 0f84 7900 
  0x0000022a6f1854cc: ;   {no_reloc}
  0x0000022a6f1854cc: 0000 4c8b | 1141 f6c2 | 020f 8462 | 0000 0049 | 83ba 8600 | 0000 0074 | 0949 ff8a | 8600 0000 
  0x0000022a6f1854ec: eb4b 498b | 8296 0000 | 0049 0b82 | 8e00 0000 | 750a 49c7 | 423e 0000 | 0000 eb3d | 4983 ba9e 
  0x0000022a6f18550c: 0000 0000 | 7422 4833 | c049 c742 | 3e00 0000 | 00f0 8304 | 2400 4983 | ba9e 0000 | 0000 750d 
  0x0000022a6f18552c: f04d 0fb1 | 7a3e 7505 | 83c8 01eb | 0ca8 00eb | 084c 8b10 | f04c 0fb1 | 1175 0a49 | ff8f 5005 
  0x0000022a6f18554c: 0000 4533 | d20f 85b7 | 0300 0085 | db74 294c | 8b54 2450 | 458b 5a18 

  0x0000022a6f185564: ; implicit exception: dispatches to 0x0000022a6f185af0
  0x0000022a6f185564: 450f b653 | 2d45 85d2 | 7516 488b | 6c24 5048 

  0x0000022a6f185574: ;   {optimized virtual_call}
  0x0000022a6f185574: 8bd5 90e8 

  0x0000022a6f185578: ; ImmutableOopMap {rbp=Oop [32]=Oop [80]=Oop }
                      ;*invokevirtual fill {reexecute=0 rethrow=0 return_oop=0}
                      ; - java.util.zip.InflaterInputStream::read@78
  0x0000022a6f185578: c4ea d5ff 

  0x0000022a6f18557c: ;   {other}
  0x0000022a6f18557c: 0f1f 8400 | 6c06 0000 | 4c8b 5424 | 5045 8b5a | 1845 85db | 0f84 4a02 | 0000 498b | d34c 8b44 
  0x0000022a6f18559c: 2420 448b | 4c24 288b 

  0x0000022a6f1855a4: ;   {optimized virtual_call}
  0x0000022a6f1855a4: 7c24 2ce8 

  0x0000022a6f1855a8: ; ImmutableOopMap {[32]=Oop [80]=Oop }
                      ;*invokevirtual inflate {reexecute=0 rethrow=0 return_oop=0}
                      ; - java.util.zip.InflaterInputStream::read@88
  0x0000022a6f1855a8: 3496 e4ff 

  0x0000022a6f1855ac: ;   {other}
  0x0000022a6f1855ac: 0f1f 8400 | 9c06 0001 | 4d8b 9758 

  0x0000022a6f1855b8: ; ImmutableOopMap {[32]=Oop [80]=Oop }
                      ;*ifeq {reexecute=1 rethrow=0 return_oop=0}
                      ; - (reexecute) java.util.zip.InflaterInputStream::read@94
                      ;   {poll}
  0x0000022a6f1855b8: 0400 0041 | 8502 85c0 | 7413 4883 

  0x0000022a6f1855c4: ;   {poll_return}
  0x0000022a6f1855c4: c470 5d49 | 3ba7 5004 | 0000 0f87 | 9c05 0000 | c34c 8b54 | 2450 458b | 4218 458b | 5830 4585 
  0x0000022a6f1855e4: db0f 84fd | 0300 0048 | 8d5c 2460 | 498b 03a8 | 020f 8523 | 0000 0048 | 83c8 0148 | 8903 f049 
  0x0000022a6f185604: 0fb1 1b0f | 8437 0000 | 0048 2bc4 | 4825 07f0 | ffff 4889 | 03e9 2400 | 0000 4c8b | d048 33c0 
  0x0000022a6f185624: f04d 0fb1 | 7a3e 48c7 | 0303 0000 | 0074 114c | 3bf8 7515 | 49ff 8286 | 0000 0048 | 33c0 7509 
  0x0000022a6f185644: 49ff 8750 | 0500 0033 | c00f 85d2 | 0300 0041 | 0fb6 782c | 488d 4424 | 6048 8338 | 000f 8479 
  0x0000022a6f185664: 0000 004d | 8b13 41f6 | c202 0f84 | 6200 0000 | 4983 ba86 | 0000 0000 | 7409 49ff | 8a86 0000 
  0x0000022a6f185684: 00eb 4b49 | 8b82 9600 | 0000 490b | 828e 0000 | 0075 0a49 | c742 3e00 | 0000 00eb | 3d49 83ba 
  0x0000022a6f1856a4: 9e00 0000 | 0074 2248 | 33c0 49c7 | 423e 0000 | 0000 f083 | 0424 0049 | 83ba 9e00 | 0000 0075 
  0x0000022a6f1856c4: ;   {no_reloc}
  0x0000022a6f1856c4: 0df0 4d0f | b17a 3e75 | 0583 c801 | eb0c a800 | eb08 4c8b | 10f0 4d0f | b113 750a | 49ff 8f50 
  0x0000022a6f1856e4: 0500 0045 | 33d2 0f85 | 1003 0000 | 85ff 0f84 | ecfb ffff | 4c8b 5424 | 5041 c642 | 1501 b8ff 
  0x0000022a6f185704: ffff ffe9 | b6fe ffff | bb01 0000 | 00e9 a9fd | ffff 33c0 | e9a5 feff | ffba f6ff | ffff 488b 
  0x0000022a6f185724: 6c24 5044 | 8944 2430 

  0x0000022a6f18572c: ;   {runtime_call UncommonTrapBlob}
  0x0000022a6f18572c: 6666 90e8 

  0x0000022a6f185730: ; ImmutableOopMap {rbp=Oop [32]=Oop [48]=NarrowOop }
                      ;*monitorenter {reexecute=0 rethrow=0 return_oop=0}
                      ; - java.util.zip.Inflater::finished@6
                      ; - java.util.zip.InflaterInputStream::read@34
  0x0000022a6f185730: cc15 6bff 

  0x0000022a6f185734: ;   {other}
  0x0000022a6f185734: 0f1f 8400 | 2408 0003 | 4c89 5c24 | 4048 ff74 | 2420 488f | 4424 3048 | 8954 2420 | 498b e844 
  0x0000022a6f185754: 8944 2438 | 498b d34c | 8d44 2460 

  0x0000022a6f185760: ;   {runtime_call _complete_monitor_locking_Java}
  0x0000022a6f185760: 6666 90e8 

  0x0000022a6f185764: ; ImmutableOopMap {rbp=Oop [32]=Oop [48]=Oop [56]=NarrowOop [64]=Oop [80]=Oop }
                      ;*monitorenter {reexecute=0 rethrow=0 return_oop=0}
                      ; - java.util.zip.Inflater::finished@6
                      ; - java.util.zip.InflaterInputStream::read@34
  0x0000022a6f185764: 186b 76ff 

  0x0000022a6f185768: ;   {other}
  0x0000022a6f185768: 0f1f 8400 | 5808 0004 | 48ff 7424 | 3048 8f44 | 2420 448b | 4424 384c | 8b5c 2440 | e998 faff 
  0x0000022a6f185788: ff49 8bcb | 488d 5424 | 604d 8bc7 | 49ba 40d9 | 680e fc7f | 0000 41ff 

  0x0000022a6f1857a0: ;   {other}
  0x0000022a6f1857a0: d20f 1f84 | 0000 0000 | 00e9 10fb | ffff baf6 | ffff ff44 | 895c 2430 

  0x0000022a6f1857b8: ;   {runtime_call UncommonTrapBlob}
  0x0000022a6f1857b8: 6666 90e8 

  0x0000022a6f1857bc: ; ImmutableOopMap {[32]=Oop [48]=NarrowOop [80]=Oop }
                      ;*monitorenter {reexecute=0 rethrow=0 return_oop=0}
                      ; - java.util.zip.Inflater::needsDictionary@6
                      ; - java.util.zip.InflaterInputStream::read@44
  0x0000022a6f1857bc: 4015 6bff 

  0x0000022a6f1857c0: ;   {other}
  0x0000022a6f1857c0: 0f1f 8400 | b008 0005 | baf6 ffff | ff44 894c 

  0x0000022a6f1857d0: ;   {runtime_call UncommonTrapBlob}
  0x0000022a6f1857d0: 2430 90e8 

  0x0000022a6f1857d4: ; ImmutableOopMap {[32]=Oop [48]=NarrowOop [80]=Oop }
                      ;*monitorenter {reexecute=0 rethrow=0 return_oop=0}
                      ; - java.util.zip.Inflater::needsInput@6
                      ; - java.util.zip.InflaterInputStream::read@61
  0x0000022a6f1857d4: 2815 6bff 

  0x0000022a6f1857d8: ;   {other}
  0x0000022a6f1857d8: 0f1f 8400 | c808 0006 | baf6 ffff 

  0x0000022a6f1857e4: ;   {runtime_call UncommonTrapBlob}
  0x0000022a6f1857e4: ff66 90e8 

  0x0000022a6f1857e8: ; ImmutableOopMap {[32]=Oop [80]=Oop }
                      ;*invokevirtual inflate {reexecute=0 rethrow=0 return_oop=0}
                      ; - java.util.zip.InflaterInputStream::read@88
  0x0000022a6f1857e8: 1415 6bff 

  0x0000022a6f1857ec: ;   {other}
  0x0000022a6f1857ec: 0f1f 8400 | dc08 0007 | 4c89 4424 | 4048 8944 | 24f8 8b44 | 2430 8944 | 2438 488b | 4424 f848 
  0x0000022a6f18580c: ff74 2420 | 488f 4424 | 3049 8beb | 4489 5c24 | 3c49 8bd0 | 4c8d 4424 

  0x0000022a6f185824: ;   {runtime_call _complete_monitor_locking_Java}
  0x0000022a6f185824: 6066 90e8 

  0x0000022a6f185828: ; ImmutableOopMap {rbp=Oop [48]=Oop [60]=NarrowOop [64]=Oop [80]=Oop }
                      ;*monitorenter {reexecute=0 rethrow=0 return_oop=0}
                      ; - java.util.zip.Inflater::needsDictionary@6
                      ; - java.util.zip.InflaterInputStream::read@44
  0x0000022a6f185828: 546a 76ff 

  0x0000022a6f18582c: ;   {other}
  0x0000022a6f18582c: 0f1f 8400 | 1c09 0008 | 48ff 7424 | 3048 8f44 | 2420 4889 | 4424 f88b | 4424 3889 | 4424 3048 
  0x0000022a6f18584c: 8b44 24f8 | 448b 5c24 | 3c4c 8b44 | 2440 e906 | fbff ff49 | 8bc8 488d | 5424 604d | 8bc7 49ba 
  0x0000022a6f18586c: 40d9 680e | fc7f 0000 

  0x0000022a6f185874: ;   {other}
  0x0000022a6f185874: 41ff d20f | 1f84 0000 | 0000 00e9 | 7efb ffff | 4889 4c24 | 4844 8954 | 2440 4889 | 4424 f88b 
  0x0000022a6f185894: 4424 3089 | 4424 3848 | 8b44 24f8 | 48ff 7424 | 2048 8f44 | 2430 48ff | 7424 5048 | 8f44 2420 
  0x0000022a6f1858b4: 498b e944 | 894c 243c | 488b d14c | 8d44 2460 

  0x0000022a6f1858c4: ;   {runtime_call _complete_monitor_locking_Java}
  0x0000022a6f1858c4: 6666 90e8 

  0x0000022a6f1858c8: ; ImmutableOopMap {rbp=Oop [32]=Oop [48]=Oop [60]=NarrowOop [64]=NarrowOop [72]=Oop }
                      ;*monitorenter {reexecute=0 rethrow=0 return_oop=0}
                      ; - java.util.zip.Inflater::needsInput@6
                      ; - java.util.zip.InflaterInputStream::read@61
  0x0000022a6f1858c8: b469 76ff 

  0x0000022a6f1858cc: ;   {other}
  0x0000022a6f1858cc: 0f1f 8400 | bc09 0009 | 48ff 7424 | 2048 8f44 | 2450 48ff | 7424 3048 | 8f44 2420 | 4889 4424 
  0x0000022a6f1858ec: f88b 4424 | 3889 4424 | 3048 8b44 | 24f8 448b | 4c24 3c44 | 8b54 2440 | 488b 4c24 | 48e9 7dfb 
  0x0000022a6f18590c: ffff 488d | 5424 604d | 8bc7 49ba | 40d9 680e | fc7f 0000 

  0x0000022a6f185920: ;   {other}
  0x0000022a6f185920: 41ff d20f | 1f84 0000 | 0000 00e9 | 27fc ffff | babe ffff | ff48 8b6c 

  0x0000022a6f185938: ;   {runtime_call UncommonTrapBlob}
  0x0000022a6f185938: 2450 90e8 

  0x0000022a6f18593c: ; ImmutableOopMap {rbp=Oop [32]=Oop }
                      ;*ifne {reexecute=1 rethrow=0 return_oop=0}
                      ; - (reexecute) java.util.zip.InflaterInputStream::read@37
  0x0000022a6f18593c: c013 6bff 

  0x0000022a6f185940: ;   {other}
  0x0000022a6f185940: 0f1f 8400 | 300a 000a | 453b d944 | 8b44 2430 | 410f 9cc0 | ba45 ffff | ff44 8944 | 2430 4489 
  0x0000022a6f185960: ;   {runtime_call UncommonTrapBlob}
  0x0000022a6f185960: 5424 38e8 

  0x0000022a6f185964: ; ImmutableOopMap {[32]=Oop [56]=NarrowOop [80]=Oop }
                      ;*ifne {reexecute=1 rethrow=0 return_oop=0}
                      ; - (reexecute) java.util.zip.Inflater::needsInput@39
                      ; - java.util.zip.InflaterInputStream::read@61
  0x0000022a6f185964: 9813 6bff 

  0x0000022a6f185968: ;   {other}
  0x0000022a6f185968: 0f1f 8400 | 580a 000b | ba45 ffff | ff48 8b6c | 2450 4489 | 5c24 3844 | 8944 243c 

  0x0000022a6f185984: ;   {runtime_call UncommonTrapBlob}
  0x0000022a6f185984: 6666 90e8 

  0x0000022a6f185988: ; ImmutableOopMap {rbp=Oop [32]=Oop }
                      ;*iflt {reexecute=1 rethrow=0 return_oop=0}
                      ; - (reexecute) jdk.internal.util.Preconditions::checkFromIndexSize@5
                      ; - java.util.Objects::checkFromIndexSize@4
                      ; - java.util.zip.InflaterInputStream::read@20
  0x0000022a6f185988: 7413 6bff 

  0x0000022a6f18598c: ;   {other}
  0x0000022a6f18598c: 0f1f 8400 | 7c0a 000c | ba45 ffff | ff48 8b6c | 2450 4489 

  0x0000022a6f1859a0: ;   {runtime_call UncommonTrapBlob}
  0x0000022a6f1859a0: 5c24 30e8 

  0x0000022a6f1859a4: ; ImmutableOopMap {rbp=Oop [32]=Oop }
                      ;*ifeq {reexecute=1 rethrow=0 return_oop=0}
                      ; - (reexecute) java.util.zip.InflaterInputStream::ensureOpen@4
                      ; - java.util.zip.InflaterInputStream::read@1
  0x0000022a6f1859a4: 5813 6bff 

  0x0000022a6f1859a8: ;   {other}
  0x0000022a6f1859a8: 0f1f 8400 | 980a 000d | ba45 ffff | ff48 8b6c | 2450 4489 | 5c24 3844 | 8944 2440 

  0x0000022a6f1859c4: ;   {runtime_call UncommonTrapBlob}
  0x0000022a6f1859c4: 6666 90e8 

  0x0000022a6f1859c8: ; ImmutableOopMap {rbp=Oop [32]=Oop }
                      ;*if_icmple {reexecute=1 rethrow=0 return_oop=0}
                      ; - (reexecute) jdk.internal.util.Preconditions::checkFromIndexSize@12
                      ; - java.util.Objects::checkFromIndexSize@4
                      ; - java.util.zip.InflaterInputStream::read@20
  0x0000022a6f1859c8: 3413 6bff 

  0x0000022a6f1859cc: ;   {other}
  0x0000022a6f1859cc: 0f1f 8400 | bc0a 000e | ba45 ffff 

  0x0000022a6f1859d8: ;   {runtime_call UncommonTrapBlob}
  0x0000022a6f1859d8: ff66 90e8 

  0x0000022a6f1859dc: ; ImmutableOopMap {[80]=Oop }
                      ;*ifeq {reexecute=1 rethrow=0 return_oop=0}
                      ; - (reexecute) java.util.zip.InflaterInputStream::read@47
  0x0000022a6f1859dc: 2013 6bff 

  0x0000022a6f1859e0: ;   {other}
  0x0000022a6f1859e0: 0f1f 8400 | d00a 000f | baf6 ffff | ff44 8944 

  0x0000022a6f1859f0: ;   {runtime_call UncommonTrapBlob}
  0x0000022a6f1859f0: 2430 90e8 

  0x0000022a6f1859f4: ; ImmutableOopMap {[32]=Oop [48]=NarrowOop [80]=Oop }
                      ;*monitorenter {reexecute=0 rethrow=0 return_oop=0}
                      ; - java.util.zip.Inflater::finished@6
                      ; - java.util.zip.InflaterInputStream::read@34
  0x0000022a6f1859f4: 0813 6bff 

  0x0000022a6f1859f8: ;   {other}
  0x0000022a6f1859f8: 0f1f 8400 | e80a 0010 | 498b cb48 | 8d54 2460 | 4d8b c749 | ba40 d968 | 0efc 7f00 | 0041 ffd2 
  0x0000022a6f185a18: ;   {other}
  0x0000022a6f185a18: 0f1f 8400 | 0000 0000 | e9cb fcff | ff4c 895c | 2440 4889 | 4424 f88b | 4424 3089 | 4424 3848 
  0x0000022a6f185a38: 8b44 24f8 | 48ff 7424 | 2048 8f44 | 2430 498b | e844 8944 | 243c 498b | d34c 8d44 

  0x0000022a6f185a54: ;   {runtime_call _complete_monitor_locking_Java}
  0x0000022a6f185a54: 2460 90e8 

  0x0000022a6f185a58: ; ImmutableOopMap {rbp=Oop [48]=Oop [60]=NarrowOop [64]=Oop [80]=Oop }
                      ;*monitorenter {reexecute=0 rethrow=0 return_oop=0}
                      ; - java.util.zip.Inflater::finished@6
                      ; - java.util.zip.InflaterInputStream::read@34
  0x0000022a6f185a58: 2468 76ff 

  0x0000022a6f185a5c: ;   {other}
  0x0000022a6f185a5c: 0f1f 8400 | 4c0b 0011 | 48ff 7424 | 3048 8f44 | 2420 4889 | 4424 f88b | 4424 3889 | 4424 3048 
  0x0000022a6f185a7c: 8b44 24f8 | 448b 4424 | 3c4c 8b5c | 2440 e9c4 | fbff ff48 

  0x0000022a6f185a90: ;   {runtime_call _rethrow_Java}
  0x0000022a6f185a90: 8bd0 90e8 

  0x0000022a6f185a94: ; ImmutableOopMap {[32]=Oop [80]=Oop }
                      ;*invokevirtual inflate {reexecute=0 rethrow=0 return_oop=1}
                      ; - java.util.zip.InflaterInputStream::read@88
  0x0000022a6f185a94: e870 76ff 

  0x0000022a6f185a98: ;   {other}
  0x0000022a6f185a98: 0f1f 8400 | 880b 0012 

  0x0000022a6f185aa0: ;   {runtime_call _rethrow_Java}
  0x0000022a6f185aa0: 488b d0e8 

  0x0000022a6f185aa4: ; ImmutableOopMap {rbp=Oop [32]=Oop }
                      ;*invokevirtual fill {reexecute=0 rethrow=0 return_oop=1}
                      ; - java.util.zip.InflaterInputStream::read@78
  0x0000022a6f185aa4: d870 76ff 

  0x0000022a6f185aa8: ;   {other}
  0x0000022a6f185aa8: 0f1f 8400 | 980b 0013 | baf6 ffff | ff48 8b6c 

  0x0000022a6f185ab8: ;   {runtime_call UncommonTrapBlob}
  0x0000022a6f185ab8: 2450 90e8 

  0x0000022a6f185abc: ; ImmutableOopMap {rbp=Oop [32]=Oop }
                      ;*invokevirtual finished {reexecute=0 rethrow=0 return_oop=0}
                      ; - java.util.zip.InflaterInputStream::read@34
  0x0000022a6f185abc: 4012 6bff 

  0x0000022a6f185ac0: ;   {other}
  0x0000022a6f185ac0: 0f1f 8400 | b00b 0014 | baf6 ffff 

  0x0000022a6f185acc: ;   {runtime_call UncommonTrapBlob}
  0x0000022a6f185acc: ff66 90e8 

  0x0000022a6f185ad0: ; ImmutableOopMap {[32]=Oop [80]=Oop }
                      ;*invokevirtual needsDictionary {reexecute=0 rethrow=0 return_oop=0}
                      ; - java.util.zip.InflaterInputStream::read@44
  0x0000022a6f185ad0: 2c12 6bff 

  0x0000022a6f185ad4: ;   {other}
  0x0000022a6f185ad4: 0f1f 8400 | c40b 0015 | baf6 ffff 

  0x0000022a6f185ae0: ;   {runtime_call UncommonTrapBlob}
  0x0000022a6f185ae0: ff66 90e8 

  0x0000022a6f185ae4: ; ImmutableOopMap {[32]=Oop [80]=Oop }
                      ;*invokevirtual needsInput {reexecute=0 rethrow=0 return_oop=0}
                      ; - java.util.zip.InflaterInputStream::read@61
  0x0000022a6f185ae4: 1812 6bff 

  0x0000022a6f185ae8: ;   {other}
  0x0000022a6f185ae8: 0f1f 8400 | d80b 0016 | baf6 ffff 

  0x0000022a6f185af4: ;   {runtime_call UncommonTrapBlob}
  0x0000022a6f185af4: ff66 90e8 

  0x0000022a6f185af8: ; ImmutableOopMap {[32]=Oop [80]=Oop }
                      ;*invokevirtual hasPendingOutput {reexecute=0 rethrow=0 return_oop=0}
                      ; - java.util.zip.InflaterInputStream::read@71
  0x0000022a6f185af8: 0412 6bff 

  0x0000022a6f185afc: ;   {other}
  0x0000022a6f185afc: 0f1f 8400 | ec0b 0017 | ba45 ffff | ff49 8be8 

  0x0000022a6f185b0c: ;   {runtime_call UncommonTrapBlob}
  0x0000022a6f185b0c: 6666 90e8 

  0x0000022a6f185b10: ; ImmutableOopMap {rbp=Oop }
                      ;*ifnonnull {reexecute=1 rethrow=0 return_oop=0}
                      ; - (reexecute) java.util.zip.InflaterInputStream::read@5
  0x0000022a6f185b10: ec11 6bff 

  0x0000022a6f185b14: ;   {other}
  0x0000022a6f185b14: 0f1f 8400 | 040c 0018 | baf6 ffff 

  0x0000022a6f185b20: ;   {runtime_call UncommonTrapBlob}
  0x0000022a6f185b20: ff66 90e8 

  0x0000022a6f185b24: ; ImmutableOopMap {[32]=Oop [80]=Oop }
                      ;*invokevirtual finished {reexecute=0 rethrow=0 return_oop=0}
                      ; - java.util.zip.InflaterInputStream::read@34
  0x0000022a6f185b24: d811 6bff 

  0x0000022a6f185b28: ;   {other}
  0x0000022a6f185b28: 0f1f 8400 | 180c 0019 | 488b d0eb | 0348 8bd0 | 4883 c470 

  0x0000022a6f185b3c: ;   {runtime_call _rethrow_Java}
  0x0000022a6f185b3c: 5de9 3e70 | 76ff bab5 | ffff ff48 

  0x0000022a6f185b48: ;   {runtime_call UncommonTrapBlob}
  0x0000022a6f185b48: 8be8 90e8 

  0x0000022a6f185b4c: ; ImmutableOopMap {rbp=Oop }
                      ;*astore {reexecute=0 rethrow=0 return_oop=0}
                      ; - java.util.zip.InflaterInputStream::read@100
  0x0000022a6f185b4c: b011 6bff 

  0x0000022a6f185b50: ;   {other}
  0x0000022a6f185b50: 0f1f 8400 | 400c 001a | bab5 ffff | ff48 8be8 

  0x0000022a6f185b60: ;   {runtime_call UncommonTrapBlob}
  0x0000022a6f185b60: 6666 90e8 

  0x0000022a6f185b64: ; ImmutableOopMap {rbp=Oop }
                      ;*astore {reexecute=0 rethrow=0 return_oop=0}
                      ; - java.util.zip.InflaterInputStream::read@100
  0x0000022a6f185b64: 9811 6bff 

  0x0000022a6f185b68: ;   {other}
  0x0000022a6f185b68: 0f1f 8400 | 580c 001b 

  0x0000022a6f185b70: ;   {internal_word}
  0x0000022a6f185b70: 49ba c755 | 186f 2a02 | 0000 4d89 | 9768 0400 

  0x0000022a6f185b80: ;   {runtime_call SafepointBlob}
  0x0000022a6f185b80: 00e9 faff 

  0x0000022a6f185b84: ;   {runtime_call StubRoutines (final stubs)}
  0x0000022a6f185b84: 6aff e875 | 7c69 ffe9 | caf5 ffff 
[Stub Code]
  0x0000022a6f185b90: ;   {no_reloc}
  0x0000022a6f185b90: 48bb 0000 | 0000 0000 

  0x0000022a6f185b98: ;   {runtime_call nmethod}
  0x0000022a6f185b98: 0000 e9fb 

  0x0000022a6f185b9c: ;   {static_stub}
  0x0000022a6f185b9c: ffff ff48 | bb00 0000 | 0000 0000 

  0x0000022a6f185ba8: ;   {runtime_call nmethod}
  0x0000022a6f185ba8: 00e9 fbff 

  0x0000022a6f185bac: ;   {runtime_call ExceptionBlob}
  0x0000022a6f185bac: ffff e9cd | c36c ffe8 | 0000 0000 | 4883 2c24 

  0x0000022a6f185bbc: ;   {runtime_call DeoptimizationBlob}
  0x0000022a6f185bbc: 05e9 5e14 | 6bff f4f4 | f4f4 f4f4 
[/MachCode]


---------------  P R O C E S S  ---------------

Threads class SMR info:
_java_thread_list=0x0000022a7d605bf0, length=509, elements={
0x0000022a640ae3d0, 0x0000022a64020460, 0x0000022a64023b80, 0x0000022a64026350,
0x0000022a64026fb0, 0x0000022a64027c10, 0x0000022a6402a680, 0x0000022a6402f8e0,
0x0000022a7c308120, 0x0000022a7c4b5b90, 0x0000022a7c608fe0, 0x0000022a7caae910,
0x0000022a7c4e3e30, 0x0000022a7c87f3a0, 0x0000022a7c4d4920, 0x0000022a7c55b570,
0x0000022a7d2983e0, 0x0000022a7cb50170, 0x0000022a7cbd3fe0, 0x0000022a7cbd4d00,
0x0000022a7cbd32c0, 0x0000022a7cbd5a20, 0x0000022a7cbd3950, 0x0000022a7cbd5390,
0x0000022a7d50de20, 0x0000022a7d50d100, 0x0000022a7d50f860, 0x0000022a7d50e4b0,
0x0000022a7d50fef0, 0x0000022a7d512ce0, 0x0000022a7d512650, 0x0000022a7d514090,
0x0000022a7d96d5c0, 0x0000022a7d96f000, 0x0000022a7d96f690, 0x0000022a7d9703b0,
0x0000022a46c2d240, 0x0000022a46c2aae0, 0x0000022a46c2df60, 0x0000022a46c306c0,
0x0000022a46c313e0, 0x0000022a46c32100, 0x0000022a7cbd2c30, 0x0000022a7cbd4670,
0x0000022a7eb53320, 0x0000022a7eb539b0, 0x0000022a7eb52600, 0x0000022a48d848d0,
0x0000022a7e8b4e10, 0x0000022a7e8b26b0, 0x0000022a7e8b7c00, 0x0000022a471422a0,
0x0000022a47141c10, 0x0000022a48d869a0, 0x0000022a46f1d6d0, 0x0000022a46f204c0,
0x0000022a46f21f00, 0x0000022a46f1ea80, 0x0000022a46f23940, 0x0000022a50d64070,
0x0000022a50d65ab0, 0x0000022a50d62cc0, 0x0000022a50d667d0, 0x0000022a50d695c0,
0x0000022a50d68210, 0x0000022a50d66e60, 0x0000022a50d67b80, 0x0000022a46f211e0,
0x0000022a7dd91190, 0x0000022a7dd96050, 0x0000022a7dd97400, 0x0000022a7dd93f80,
0x0000022a48d83520, 0x0000022a7d0e81c0, 0x0000022a7d0ea290, 0x0000022a7d0e74a0,
0x0000022a7d0e8850, 0x0000022a7d0e9c00, 0x0000022a7d0ef150, 0x0000022a7d0f18b0,
0x0000022a7d0f0b90, 0x0000022a7d0f6770, 0x0000022a7d0f60e0, 0x0000022a7d0f3980,
0x0000022a7dd987b0, 0x0000022a7e8b8290, 0x0000022a480f6940, 0x0000022a480f9730,
0x0000022a480fc520, 0x0000022a480fbe90, 0x0000022a480fd8d0, 0x0000022a480faae0,
0x0000022a48101a70, 0x0000022a48100d50, 0x0000022a481041d0, 0x0000022a48102100,
0x0000022a481013e0, 0x0000022a48102e20, 0x0000022a481034b0, 0x0000022a48102790,
0x0000022a7e8b54a0, 0x0000022a7e8b6ee0, 0x0000022a48105c10, 0x0000022a7d0efe70,
0x0000022a7dd93260, 0x0000022a46c2cbb0, 0x0000022a46f1fe30, 0x0000022a46f1c9b0,
0x0000022a46f232b0, 0x0000022a50d66140, 0x0000022a50d639e0, 0x0000022a47e4bb70,
0x0000022a47e4dc40, 0x0000022a47e4eff0, 0x0000022a47e503a0, 0x0000022a47e4c200,
0x0000022a47e50a30, 0x0000022a47e510c0, 0x0000022a471401d0, 0x0000022a47141580,
0x0000022a7e8b61c0, 0x0000022a45b8bba0, 0x0000022a45b8c8c0, 0x0000022a45b91780,
0x0000022a45b924a0, 0x0000022a45b910f0, 0x0000022a45b8f6b0, 0x0000022a45b90a60,
0x0000022a45b8fd40, 0x0000022a45b94c00, 0x0000022a45b95fb0, 0x0000022a45b96cd0,
0x0000022a45b95920, 0x0000022a45b95290, 0x0000022a45b979f0, 0x0000022a7dd94ca0,
0x0000022a7e8b8fb0, 0x0000022a480fcbb0, 0x0000022a7dd966e0, 0x0000022a7d0e7b30,
0x0000022a7d0ed710, 0x0000022a7e8b6850, 0x0000022a47142930, 0x0000022a7d0f1220,
0x0000022a7dd91eb0, 0x0000022a7d0ee430, 0x0000022a45b931c0, 0x0000022a7eb89440,
0x0000022a7eb87370, 0x0000022a7eb86ce0, 0x0000022a7eb86650, 0x0000022a7eb89ad0,
0x0000022a7eb87a00, 0x0000022a7eb8ae80, 0x0000022a7eb85fc0, 0x0000022a7eb8c230,
0x0000022a7eb8a7f0, 0x0000022a7eb8bba0, 0x0000022a7eb8b510, 0x0000022a7eb88db0,
0x0000022a7eb8c8c0, 0x0000022a7eb8a160, 0x0000022a7eb8e990, 0x0000022a7eb8dc70,
0x0000022a7eb903d0, 0x0000022a7eb8e300, 0x0000022a7eb924a0, 0x0000022a7eb8f020,
0x0000022a7eb90a60, 0x0000022a7eb91e10, 0x0000022a7eb8f6b0, 0x0000022a7eb93850,
0x0000022a7eb92b30, 0x0000022a7eb91780, 0x0000022a7d0e8ee0, 0x0000022a7d0f0500,
0x0000022a7d0f53c0, 0x0000022a7d0f46a0, 0x0000022a7d0f32f0, 0x0000022a7d0f1f40,
0x0000022a7d0f5a50, 0x0000022a45b8a160, 0x0000022a45b88db0, 0x0000022a45b89440,
0x0000022a45b8a7f0, 0x0000022a45b94570, 0x0000022a480f7cf0, 0x0000022a480fb800,
0x0000022a480f90a0, 0x0000022a480fa450, 0x0000022a480f7660, 0x0000022a480f8a10,
0x0000022a48104ef0, 0x0000022a47e4cf20, 0x0000022a47e52470, 0x0000022a47e4ae50,
0x0000022a47e4fd10, 0x0000022a7d0ec9f0, 0x0000022a7d0ec360, 0x0000022a7d0f4d30,
0x0000022a7d0f25d0, 0x0000022a7d0f2c60, 0x0000022a7d0f4010, 0x0000022a480f8380,
0x0000022a480fd240, 0x0000022a480fdf60, 0x0000022a480fb170, 0x0000022a48100030,
0x0000022a47140ef0, 0x0000022a4713fb40, 0x0000022a47144370, 0x0000022a47144a00,
0x0000022a47145090, 0x0000022a47143650, 0x0000022a45b8d5e0, 0x0000022a45b8e300,
0x0000022a45b8ae80, 0x0000022a46f1f110, 0x0000022a46f1f7a0, 0x0000022a46f1d040,
0x0000022a46f1dd60, 0x0000022a46f22590, 0x0000022a7dd938f0, 0x0000022a7dd94610,
0x0000022a7eb8fd40, 0x0000022a7eb8d5e0, 0x0000022a7eb94570, 0x0000022a7eb94c00,
0x0000022a7d0ea920, 0x0000022a7d0e9570, 0x0000022a7d0ebcd0, 0x0000022a7e8b40f0,
0x0000022a7e8b9640, 0x0000022a7e8b33d0, 0x0000022a480ff310, 0x0000022a50d64700,
0x0000022a50d64d90, 0x0000022a50d68f30, 0x0000022a48d84f60, 0x0000022a48d855f0,
0x0000022a45b92b30, 0x0000022a45b98080, 0x0000022a7dd97a90, 0x0000022a7dd96d70,
0x0000022a7dd98120, 0x0000022a7d511930, 0x0000022a48105580, 0x0000022a46f22c20,
0x0000022a47145720, 0x0000022a46f21870, 0x0000022a7eb95290, 0x0000022a46c31a70,
0x0000022a7d50eb40, 0x0000022a48d85c80, 0x0000022a7eb553f0, 0x0000022a480fe5f0,
0x0000022a7e8b9cd0, 0x0000022a47e4e960, 0x0000022a45b97360, 0x0000022a46ffce60,
0x0000022a46ffc140, 0x0000022a46ffd4f0, 0x0000022a46ffad90, 0x0000022a46ffb420,
0x0000022a46ffdb80, 0x0000022a46fff5c0, 0x0000022a46ffe210, 0x0000022a46fffc50,
0x0000022a46ffe8a0, 0x0000022a46ffc7d0, 0x0000022a47001d20, 0x0000022a470023b0,
0x0000022a46ffbab0, 0x0000022a470030d0, 0x0000022a470002e0, 0x0000022a47003df0,
0x0000022a47002a40, 0x0000022a47003760, 0x0000022a47004480, 0x0000022a47004b10,
0x0000022a47006be0, 0x0000022a470051a0, 0x0000022a47001000, 0x0000022a47008cb0,
0x0000022a4700a6f0, 0x0000022a47007900, 0x0000022a4700baa0, 0x0000022a4700ad80,
0x0000022a47008620, 0x0000022a4700c130, 0x0000022a4700c7c0, 0x0000022a4700b410,
0x0000022a4700ce50, 0x0000022a4700db70, 0x0000022a470102d0, 0x0000022a4700e200,
0x0000022a47010960, 0x0000022a4700fc40, 0x0000022a4700e890, 0x0000022a47011680,
0x0000022a4700f5b0, 0x0000022a47011d10, 0x0000022a47010ff0, 0x0000022a4700ef20,
0x0000022a47013de0, 0x0000022a470130c0, 0x0000022a47016bd0, 0x0000022a47016540,
0x0000022a47015eb0, 0x0000022a47015190, 0x0000022a47014470, 0x0000022a47018ca0,
0x0000022a47e4d5b0, 0x0000022a47e4b4e0, 0x0000022a45b8cf50, 0x0000022a481006c0,
0x0000022a48104860, 0x0000022a47e51750, 0x0000022a47146ad0, 0x0000022a7dd959c0,
0x0000022a7dd92540, 0x0000022a7d0eafb0, 0x0000022a47007270, 0x0000022a7eb54d60,
0x0000022a47007f90, 0x0000022a7d0ef7e0, 0x0000022a48d83bb0, 0x0000022a474af470,
0x0000022a474afb00, 0x0000022a474b0820, 0x0000022a474b1540, 0x0000022a474ae0c0,
0x0000022a474b0eb0, 0x0000022a474b2260, 0x0000022a474ae750, 0x0000022a474b28f0,
0x0000022a474b1bd0, 0x0000022a474b3610, 0x0000022a474b77b0, 0x0000022a474b6a90,
0x0000022a474b0190, 0x0000022a474b91f0, 0x0000022a474b5d70, 0x0000022a474bac30,
0x0000022a474b9880, 0x0000022a474bd390, 0x0000022a474bc670, 0x0000022a474bb950,
0x0000022a474ba5a0, 0x0000022a474b84d0, 0x0000022a474c0180, 0x0000022a474bf460,
0x0000022a474bcd00, 0x0000022a474be740, 0x0000022a474c0ea0, 0x0000022a474c0810,
0x0000022a474c3c90, 0x0000022a474bda20, 0x0000022a474c2250, 0x0000022a474c1530,
0x0000022a474c1bc0, 0x0000022a474bfaf0, 0x0000022a474c5040, 0x0000022a474c63f0,
0x0000022a474c5d60, 0x0000022a474c6a80, 0x0000022a474c7110, 0x0000022a474c9f00,
0x0000022a474c8b50, 0x0000022a474c9870, 0x0000022a474ca590, 0x0000022a474cb940,
0x0000022a474c84c0, 0x0000022a474c91e0, 0x0000022a474cac20, 0x0000022a474cc660,
0x0000022a474cccf0, 0x0000022a47015820, 0x0000022a47001690, 0x0000022a47005830,
0x0000022a47009340, 0x0000022a4700d4e0, 0x0000022a7e8b2d40, 0x0000022a474cd380,
0x0000022a7e8b4780, 0x0000022a7e8b8920, 0x0000022a47e4c890, 0x0000022a47e51de0,
0x0000022a474c7e30, 0x0000022a48d86310, 0x0000022a7eb910f0, 0x0000022a7e8b5b30,
0x0000022a47145db0, 0x0000022a470178f0, 0x0000022a47019330, 0x0000022a7eb52c90,
0x0000022a57497d80, 0x0000022a574976f0, 0x0000022a574997c0, 0x0000022a5749bf20,
0x0000022a57498410, 0x0000022a5749ab70, 0x0000022a5749a4e0, 0x0000022a5749b890,
0x0000022a5749d960, 0x0000022a5749fa30, 0x0000022a5749dff0, 0x0000022a5749cc40,
0x0000022a5749d2d0, 0x0000022a57497060, 0x0000022a57499e50, 0x0000022a5749e680,
0x0000022a5749b200, 0x0000022a57498aa0, 0x0000022a57499130, 0x0000022a574a00c0,
0x0000022a5749f3a0, 0x0000022a574a1470, 0x0000022a574a0750, 0x0000022a574a2190,
0x0000022a5749ed10, 0x0000022a574a3bd0, 0x0000022a574a2820, 0x0000022a574a4260,
0x0000022a5749c5b0, 0x0000022a574a3540, 0x0000022a574a1b00, 0x0000022a574a0de0,
0x0000022a574a5610, 0x0000022a574a5ca0, 0x0000022a574a4f80, 0x0000022a574a76e0,
0x0000022a574a6330, 0x0000022a574a7050, 0x0000022a574a2eb0, 0x0000022a574a69c0,
0x0000022a574a48f0, 0x0000022a474b49c0, 0x0000022a474b5050, 0x0000022a474b9f10,
0x0000022a474b6400, 0x0000022a474b3ca0, 0x0000022a474b56e0, 0x0000022a474bb2c0,
0x0000022a474bedd0, 0x0000022a474c3600, 0x0000022a474b2f80, 0x0000022a474c77a0,
0x0000022a474be0b0, 0x0000022a474c49b0, 0x0000022a474c4320, 0x0000022a45b8c230,
0x0000022a45b8b510, 0x0000022a45b89ad0, 0x0000022a45b903d0, 0x0000022a45b91e10,
0x0000022a46c2b800, 0x0000022a46c2be90, 0x0000022a46c2b170, 0x0000022a46c2ec80,
0x0000022a47017260, 0x0000022a47014b00, 0x0000022a47018610, 0x0000022a47017f80,
0x0000022a470123a0, 0x0000022a7eb88090, 0x0000022a7eb88720, 0x0000022a7eb8cf50,
0x0000022a7eb93ee0, 0x0000022a7d96cf30, 0x0000022a7d96dc50, 0x0000022a7d96e2e0,
0x0000022a7d96e970, 0x0000022a7d50f1d0, 0x0000022a7d513a00, 0x0000022a7d513370,
0x0000022a47143ce0, 0x0000022a47140860, 0x0000022a47146440, 0x0000022a47142fc0,
0x0000022a7d0eeac0, 0x0000022a474b7120, 0x0000022a474cb2b0, 0x0000022a48103b40,
0x0000022a480f9dc0, 0x0000022a45b8dc70, 0x0000022a45b8f020, 0x0000022a46c2f310,
0x0000022a50d62630, 0x0000022a50d61fa0, 0x0000022a50d688a0, 0x0000022a474c56d0,
0x0000022a7d0ed080, 0x0000022a7d0edda0, 0x0000022a47e4f680, 0x0000022a7e8b7570,
0x0000022a474bbfe0, 0x0000022a474aede0, 0x0000022a474c2f70, 0x0000022a474cbfd0,
0x0000022a46ffa700, 0x0000022a7dd95330, 0x0000022a45b93ee0, 0x0000022a46f1e3f0,
0x0000022a46ffa070, 0x0000022a47013750, 0x0000022a47000970, 0x0000022a470099d0,
0x0000022a47006550
}

Java Threads: ( => current thread )
  0x0000022a640ae3d0 JavaThread "main"                              [_thread_blocked, id=31848, stack(0x00000064b8800000,0x00000064b8900000) (1024K)]
  0x0000022a64020460 JavaThread "Reference Handler"          daemon [_thread_blocked, id=37120, stack(0x00000064b8c00000,0x00000064b8d00000) (1024K)]
  0x0000022a64023b80 JavaThread "Finalizer"                  daemon [_thread_blocked, id=37444, stack(0x00000064b8d00000,0x00000064b8e00000) (1024K)]
  0x0000022a64026350 JavaThread "Signal Dispatcher"          daemon [_thread_blocked, id=33300, stack(0x00000064b8e00000,0x00000064b8f00000) (1024K)]
  0x0000022a64026fb0 JavaThread "Attach Listener"            daemon [_thread_blocked, id=32220, stack(0x00000064b8f00000,0x00000064b9000000) (1024K)]
  0x0000022a64027c10 JavaThread "Service Thread"             daemon [_thread_blocked, id=32112, stack(0x00000064b9000000,0x00000064b9100000) (1024K)]
  0x0000022a6402a680 JavaThread "Monitor Deflation Thread"   daemon [_thread_blocked, id=32228, stack(0x00000064b9100000,0x00000064b9200000) (1024K)]
  0x0000022a6402f8e0 JavaThread "C2 CompilerThread0"         daemon [_thread_blocked, id=28216, stack(0x00000064b9200000,0x00000064b9300000) (1024K)]
  0x0000022a7c308120 JavaThread "C1 CompilerThread0"         daemon [_thread_blocked, id=27556, stack(0x00000064b9300000,0x00000064b9400000) (1024K)]
  0x0000022a7c4b5b90 JavaThread "Common-Cleaner"             daemon [_thread_blocked, id=34456, stack(0x00000064b9400000,0x00000064b9500000) (1024K)]
  0x0000022a7c608fe0 JavaThread "Notification Thread"        daemon [_thread_blocked, id=26972, stack(0x00000064b9500000,0x00000064b9600000) (1024K)]
  0x0000022a7caae910 JavaThread "Active Thread: Equinox Container: f08f05cf-5d93-4018-ac90-ee1b64ac71d1"        [_thread_blocked, id=36192, stack(0x00000064b9600000,0x00000064b9700000) (1024K)]
  0x0000022a7c4e3e30 JavaThread "Refresh Thread: Equinox Container: f08f05cf-5d93-4018-ac90-ee1b64ac71d1" daemon [_thread_blocked, id=13676, stack(0x00000064b9e00000,0x00000064b9f00000) (1024K)]
  0x0000022a7c87f3a0 JavaThread "Framework Event Dispatcher: Equinox Container: f08f05cf-5d93-4018-ac90-ee1b64ac71d1" daemon [_thread_blocked, id=11744, stack(0x00000064b9f00000,0x00000064ba000000) (1024K)]
  0x0000022a7c4d4920 JavaThread "Start Level: Equinox Container: f08f05cf-5d93-4018-ac90-ee1b64ac71d1" daemon [_thread_blocked, id=10684, stack(0x00000064ba000000,0x00000064ba100000) (1024K)]
  0x0000022a7c55b570 JavaThread "Bundle File Closer"         daemon [_thread_blocked, id=20904, stack(0x00000064ba100000,0x00000064ba200000) (1024K)]
  0x0000022a7d2983e0 JavaThread "SCR Component Actor"        daemon [_thread_blocked, id=31720, stack(0x00000064ba200000,0x00000064ba300000) (1024K)]
  0x0000022a7cb50170 JavaThread "Worker-JM"                         [_thread_blocked, id=27572, stack(0x00000064ba300000,0x00000064ba400000) (1024K)]
  0x0000022a7cbd3fe0 JavaThread "JNA Cleaner"                daemon [_thread_blocked, id=16556, stack(0x00000064ba400000,0x00000064ba500000) (1024K)]
  0x0000022a7cbd4d00 JavaThread "Worker-0: Initialize workspace"        [_thread_blocked, id=10784, stack(0x00000064ba600000,0x00000064ba700000) (1024K)]
  0x0000022a7cbd32c0 JavaThread "Worker-1: Initialize workspace"        [_thread_blocked, id=32280, stack(0x00000064ba700000,0x00000064ba800000) (1024K)]
  0x0000022a7cbd5a20 JavaThread "Worker-2: Initialize workspace"        [_thread_blocked, id=27928, stack(0x00000064ba500000,0x00000064ba600000) (1024K)]
  0x0000022a7cbd3950 JavaThread "Worker-3: Initialize workspace"        [_thread_blocked, id=35040, stack(0x00000064ba900000,0x00000064baa00000) (1024K)]
  0x0000022a7cbd5390 JavaThread "Java indexing"              daemon [_thread_blocked, id=36700, stack(0x00000064bab00000,0x00000064bac00000) (1024K)]
  0x0000022a7d50de20 JavaThread "Worker-5: Initialize workspace"        [_thread_blocked, id=28236, stack(0x00000064baf00000,0x00000064bb000000) (1024K)]
  0x0000022a7d50d100 JavaThread "Worker-6: Initialize workspace"        [_thread_blocked, id=32568, stack(0x00000064bb000000,0x00000064bb100000) (1024K)]
  0x0000022a7d50f860 JavaThread "pool-2-thread-1"                   [_thread_blocked, id=21148, stack(0x00000064bb200000,0x00000064bb300000) (1024K)]
  0x0000022a7d50e4b0 JavaThread "WorkspaceEventsHandler"            [_thread_blocked, id=7724, stack(0x00000064bb300000,0x00000064bb400000) (1024K)]
  0x0000022a7d50fef0 JavaThread "pool-1-thread-1"                   [_thread_blocked, id=36376, stack(0x00000064bb400000,0x00000064bb500000) (1024K)]
  0x0000022a7d512ce0 JavaThread "LocalFile Deleter"          daemon [_thread_blocked, id=37468, stack(0x00000064baa00000,0x00000064bab00000) (1024K)]
  0x0000022a7d512650 JavaThread "LocalFile Deleter"          daemon [_thread_blocked, id=28628, stack(0x00000064bb700000,0x00000064bb800000) (1024K)]
  0x0000022a7d514090 JavaThread "LocalFile Deleter"          daemon [_thread_blocked, id=30708, stack(0x00000064bb900000,0x00000064bba00000) (1024K)]
  0x0000022a7d96d5c0 JavaThread "PatternSearchJob-worker-1"  daemon [_thread_blocked, id=27584, stack(0x00000064bc100000,0x00000064bc200000) (1024K)]
  0x0000022a7d96f000 JavaThread "PatternSearchJob-worker-2"  daemon [_thread_blocked, id=31692, stack(0x00000064bc200000,0x00000064bc300000) (1024K)]
  0x0000022a7d96f690 JavaThread "PatternSearchJob-worker-3"  daemon [_thread_blocked, id=32260, stack(0x00000064bc300000,0x00000064bc400000) (1024K)]
  0x0000022a7d9703b0 JavaThread "PatternSearchJob-worker-4"  daemon [_thread_blocked, id=37252, stack(0x00000064bc400000,0x00000064bc500000) (1024K)]
  0x0000022a46c2d240 JavaThread "PatternSearchJob-worker-5"  daemon [_thread_blocked, id=20920, stack(0x00000064bc500000,0x00000064bc600000) (1024K)]
  0x0000022a46c2aae0 JavaThread "PatternSearchJob-worker-6"  daemon [_thread_blocked, id=11088, stack(0x00000064bc600000,0x00000064bc700000) (1024K)]
  0x0000022a46c2df60 JavaThread "PatternSearchJob-worker-7"  daemon [_thread_blocked, id=23852, stack(0x00000064bc700000,0x00000064bc800000) (1024K)]
  0x0000022a46c306c0 JavaThread "Timer-0"                           [_thread_blocked, id=31236, stack(0x00000064bcf00000,0x00000064bd000000) (1024K)]
  0x0000022a46c313e0 JavaThread "Timer-1"                           [_thread_blocked, id=27292, stack(0x00000064bd100000,0x00000064bd200000) (1024K)]
  0x0000022a46c32100 JavaThread "Timer-2"                           [_thread_blocked, id=9384, stack(0x00000064bd200000,0x00000064bd300000) (1024K)]
  0x0000022a7cbd2c30 JavaThread "Timer-3"                           [_thread_blocked, id=30356, stack(0x00000064bd300000,0x00000064bd400000) (1024K)]
  0x0000022a7cbd4670 JavaThread "Timer-4"                           [_thread_blocked, id=30124, stack(0x00000064bd400000,0x00000064bd500000) (1024K)]
  0x0000022a7eb53320 JavaThread "Timer-5"                           [_thread_blocked, id=29640, stack(0x00000064bd500000,0x00000064bd600000) (1024K)]
  0x0000022a7eb539b0 JavaThread "Timer-6"                           [_thread_blocked, id=3512, stack(0x00000064bd600000,0x00000064bd700000) (1024K)]
  0x0000022a7eb52600 JavaThread "Worker-9: Initialize workspace"        [_thread_blocked, id=26440, stack(0x00000064bd000000,0x00000064bd100000) (1024K)]
  0x0000022a48d848d0 JavaThread "Timer-7"                           [_thread_blocked, id=25452, stack(0x00000064bde00000,0x00000064bdf00000) (1024K)]
  0x0000022a7e8b4e10 JavaThread "Worker-10: Initialize workspace"        [_thread_blocked, id=26156, stack(0x00000064be800000,0x00000064be900000) (1024K)]
  0x0000022a7e8b26b0 JavaThread "Timer-8"                           [_thread_blocked, id=24400, stack(0x00000064bca00000,0x00000064bcb00000) (1024K)]
  0x0000022a7e8b7c00 JavaThread "Timer-9"                           [_thread_blocked, id=35100, stack(0x00000064bf200000,0x00000064bf300000) (1024K)]
  0x0000022a471422a0 JavaThread "Timer-10"                          [_thread_blocked, id=22000, stack(0x00000064bfc00000,0x00000064bfd00000) (1024K)]
  0x0000022a47141c10 JavaThread "Timer-11"                          [_thread_blocked, id=28792, stack(0x00000064c0500000,0x00000064c0600000) (1024K)]
  0x0000022a48d869a0 JavaThread "Timer-12"                          [_thread_blocked, id=18236, stack(0x00000064be000000,0x00000064be100000) (1024K)]
  0x0000022a46f1d6d0 JavaThread "Timer-13"                          [_thread_blocked, id=24692, stack(0x00000064c1000000,0x00000064c1100000) (1024K)]
  0x0000022a46f204c0 JavaThread "Worker-15: Initialize workspace"        [_thread_blocked, id=23996, stack(0x00000064c1200000,0x00000064c1300000) (1024K)]
  0x0000022a46f21f00 JavaThread "Timer-14"                          [_thread_blocked, id=32296, stack(0x00000064c1400000,0x00000064c1500000) (1024K)]
  0x0000022a46f1ea80 JavaThread "Worker-16: Initialize workspace"        [_thread_blocked, id=33212, stack(0x00000064c1500000,0x00000064c1600000) (1024K)]
  0x0000022a46f23940 JavaThread "Timer-15"                          [_thread_blocked, id=22760, stack(0x00000064c1a00000,0x00000064c1b00000) (1024K)]
  0x0000022a50d64070 JavaThread "Timer-16"                          [_thread_blocked, id=31544, stack(0x00000064c1d00000,0x00000064c1e00000) (1024K)]
  0x0000022a50d65ab0 JavaThread "Worker-18: Initialize workspace"        [_thread_blocked, id=32620, stack(0x00000064c1e00000,0x00000064c1f00000) (1024K)]
  0x0000022a50d62cc0 JavaThread "Timer-17"                          [_thread_blocked, id=28388, stack(0x00000064c2400000,0x00000064c2500000) (1024K)]
  0x0000022a50d667d0 JavaThread "Worker-19: Initialize workspace"        [_thread_blocked, id=24580, stack(0x00000064c0f00000,0x00000064c1000000) (1024K)]
  0x0000022a50d695c0 JavaThread "Timer-18"                          [_thread_blocked, id=24948, stack(0x00000064c2600000,0x00000064c2700000) (1024K)]
  0x0000022a50d68210 JavaThread "Worker-20: Initialize workspace"        [_thread_blocked, id=27268, stack(0x00000064c2900000,0x00000064c2a00000) (1024K)]
  0x0000022a50d66e60 JavaThread "Worker-21: Initialize workspace"        [_thread_blocked, id=1708, stack(0x00000064c2800000,0x00000064c2900000) (1024K)]
  0x0000022a50d67b80 JavaThread "Timer-19"                          [_thread_blocked, id=34488, stack(0x00000064c2b00000,0x00000064c2c00000) (1024K)]
  0x0000022a46f211e0 JavaThread "Timer-20"                          [_thread_blocked, id=11324, stack(0x00000064c2f00000,0x00000064c3000000) (1024K)]
  0x0000022a7dd91190 JavaThread "Worker-22: Initialize workspace"        [_thread_blocked, id=23424, stack(0x00000064c3000000,0x00000064c3100000) (1024K)]
  0x0000022a7dd96050 JavaThread "Timer-21"                          [_thread_blocked, id=3112, stack(0x00000064c3800000,0x00000064c3900000) (1024K)]
  0x0000022a7dd97400 JavaThread "Timer-22"                          [_thread_blocked, id=28416, stack(0x00000064c3c00000,0x00000064c3d00000) (1024K)]
  0x0000022a7dd93f80 JavaThread "Worker-24: Initialize workspace"        [_thread_blocked, id=29396, stack(0x00000064c3d00000,0x00000064c3e00000) (1024K)]
  0x0000022a48d83520 JavaThread "Timer-23"                          [_thread_blocked, id=32748, stack(0x00000064c4100000,0x00000064c4200000) (1024K)]
  0x0000022a7d0e81c0 JavaThread "Worker-25: Initialize workspace"        [_thread_blocked, id=17948, stack(0x00000064c4200000,0x00000064c4300000) (1024K)]
  0x0000022a7d0ea290 JavaThread "Worker-26: Initialize workspace"        [_thread_blocked, id=6120, stack(0x00000064c4300000,0x00000064c4400000) (1024K)]
  0x0000022a7d0e74a0 JavaThread "Timer-24"                          [_thread_blocked, id=25444, stack(0x00000064c4700000,0x00000064c4800000) (1024K)]
  0x0000022a7d0e8850 JavaThread "Worker-27: Initialize workspace"        [_thread_blocked, id=36524, stack(0x00000064c4b00000,0x00000064c4c00000) (1024K)]
  0x0000022a7d0e9c00 JavaThread "Timer-25"                          [_thread_blocked, id=26312, stack(0x00000064c4e00000,0x00000064c4f00000) (1024K)]
  0x0000022a7d0ef150 JavaThread "Timer-26"                          [_thread_blocked, id=33260, stack(0x00000064c5000000,0x00000064c5100000) (1024K)]
  0x0000022a7d0f18b0 JavaThread "Timer-27"                          [_thread_blocked, id=16620, stack(0x00000064c5300000,0x00000064c5400000) (1024K)]
  0x0000022a7d0f0b90 JavaThread "Timer-28"                          [_thread_blocked, id=11792, stack(0x00000064c5400000,0x00000064c5500000) (1024K)]
  0x0000022a7d0f6770 JavaThread "Timer-29"                          [_thread_blocked, id=27408, stack(0x00000064c5d00000,0x00000064c5e00000) (1024K)]
  0x0000022a7d0f60e0 JavaThread "Timer-30"                          [_thread_blocked, id=32956, stack(0x00000064c6000000,0x00000064c6100000) (1024K)]
  0x0000022a7d0f3980 JavaThread "Worker-28: Initialize workspace"        [_thread_blocked, id=27992, stack(0x00000064c6100000,0x00000064c6200000) (1024K)]
  0x0000022a7dd987b0 JavaThread "Timer-31"                          [_thread_blocked, id=33868, stack(0x00000064c6500000,0x00000064c6600000) (1024K)]
  0x0000022a7e8b8290 JavaThread "Timer-32"                          [_thread_blocked, id=14432, stack(0x00000064bf400000,0x00000064bf500000) (1024K)]
  0x0000022a480f6940 JavaThread "Worker-30: Initialize workspace"        [_thread_blocked, id=29820, stack(0x00000064c6600000,0x00000064c6700000) (1024K)]
  0x0000022a480f9730 JavaThread "Timer-33"                          [_thread_blocked, id=36492, stack(0x00000064c6900000,0x00000064c6a00000) (1024K)]
  0x0000022a480fc520 JavaThread "Timer-34"                          [_thread_blocked, id=27032, stack(0x00000064c6e00000,0x00000064c6f00000) (1024K)]
  0x0000022a480fbe90 JavaThread "Worker-31: Initialize workspace"        [_thread_blocked, id=12252, stack(0x00000064c6f00000,0x00000064c7000000) (1024K)]
  0x0000022a480fd8d0 JavaThread "Connection worker"                 [_thread_blocked, id=1720, stack(0x00000064c7000000,0x00000064c7100000) (1024K)]
  0x0000022a480faae0 JavaThread "pool-36-thread-1"                  [_thread_blocked, id=26496, stack(0x00000064c7200000,0x00000064c7300000) (1024K)]
  0x0000022a48101a70 JavaThread "Timer-35"                          [_thread_blocked, id=22388, stack(0x00000064c7300000,0x00000064c7400000) (1024K)]
  0x0000022a48100d50 JavaThread "Timer-36"                          [_thread_blocked, id=28260, stack(0x00000064c7900000,0x00000064c7a00000) (1024K)]
  0x0000022a481041d0 JavaThread "Worker-33: Initialize workspace"        [_thread_blocked, id=17168, stack(0x00000064c7a00000,0x00000064c7b00000) (1024K)]
  0x0000022a48102100 JavaThread "Worker-34: Initialize workspace"        [_thread_blocked, id=34500, stack(0x00000064c7c00000,0x00000064c7d00000) (1024K)]
  0x0000022a481013e0 JavaThread "Timer-37"                          [_thread_blocked, id=31280, stack(0x00000064c7f00000,0x00000064c8000000) (1024K)]
  0x0000022a48102e20 JavaThread "Connection worker"                 [_thread_in_native, id=31260, stack(0x00000064c7d00000,0x00000064c7e00000) (1024K)]
  0x0000022a481034b0 JavaThread "pool-39-thread-1"                  [_thread_blocked, id=31472, stack(0x00000064c8000000,0x00000064c8100000) (1024K)]
  0x0000022a48102790 JavaThread "Timer-38"                          [_thread_blocked, id=23720, stack(0x00000064c8300000,0x00000064c8400000) (1024K)]
  0x0000022a7e8b54a0 JavaThread "Worker-35: Initialize workspace"        [_thread_blocked, id=32056, stack(0x00000064c8600000,0x00000064c8700000) (1024K)]
  0x0000022a7e8b6ee0 JavaThread "Connection worker"                 [_thread_in_native, id=28244, stack(0x00000064bb500000,0x00000064bb600000) (1024K)]
  0x0000022a48105c10 JavaThread "pool-40-thread-1"                  [_thread_blocked, id=37612, stack(0x00000064c8200000,0x00000064c8300000) (1024K)]
  0x0000022a7d0efe70 JavaThread "Timer-39"                          [_thread_blocked, id=29336, stack(0x00000064c8a00000,0x00000064c8b00000) (1024K)]
  0x0000022a7dd93260 JavaThread "Worker-36: Initialize workspace"        [_thread_blocked, id=25616, stack(0x00000064b8500000,0x00000064b8600000) (1024K)]
  0x0000022a46c2cbb0 JavaThread "Timer-40"                          [_thread_blocked, id=32236, stack(0x00000064c8700000,0x00000064c8800000) (1024K)]
  0x0000022a46f1fe30 JavaThread "Timer-41"                          [_thread_blocked, id=27704, stack(0x00000064c0c00000,0x00000064c0d00000) (1024K)]
  0x0000022a46f1c9b0 JavaThread "Worker-37: Initialize workspace"        [_thread_blocked, id=32992, stack(0x00000064c0d00000,0x00000064c0e00000) (1024K)]
  0x0000022a46f232b0 JavaThread "Worker-38: Initialize workspace"        [_thread_blocked, id=34876, stack(0x00000064c1900000,0x00000064c1a00000) (1024K)]
  0x0000022a50d66140 JavaThread "Timer-42"                          [_thread_blocked, id=27384, stack(0x00000064c2300000,0x00000064c2400000) (1024K)]
  0x0000022a50d639e0 JavaThread "Timer-43"                          [_thread_blocked, id=37372, stack(0x00000064c8c00000,0x00000064c8d00000) (1024K)]
  0x0000022a47e4bb70 JavaThread "Timer-44"                          [_thread_blocked, id=5608, stack(0x00000064c8d00000,0x00000064c8e00000) (1024K)]
  0x0000022a47e4dc40 JavaThread "Worker-40: Initialize workspace"        [_thread_blocked, id=25964, stack(0x00000064c8e00000,0x00000064c8f00000) (1024K)]
  0x0000022a47e4eff0 JavaThread "Timer-45"                          [_thread_blocked, id=6640, stack(0x00000064bfd00000,0x00000064bfe00000) (1024K)]
  0x0000022a47e503a0 JavaThread "Connection worker"                 [_thread_blocked, id=24772, stack(0x00000064c9400000,0x00000064c9500000) (1024K)]
  0x0000022a47e4c200 JavaThread "pool-47-thread-1"                  [_thread_blocked, id=22956, stack(0x00000064c9200000,0x00000064c9300000) (1024K)]
  0x0000022a47e50a30 JavaThread "Timer-46"                          [_thread_blocked, id=27036, stack(0x00000064c9700000,0x00000064c9800000) (1024K)]
  0x0000022a47e510c0 JavaThread "Worker-42: Initialize workspace"        [_thread_blocked, id=29132, stack(0x00000064c9800000,0x00000064c9900000) (1024K)]
  0x0000022a471401d0 JavaThread "Timer-47"                          [_thread_blocked, id=26924, stack(0x00000064c9900000,0x00000064c9a00000) (1024K)]
  0x0000022a47141580 JavaThread "Worker-43: Initialize workspace"        [_thread_blocked, id=27088, stack(0x00000064c9a00000,0x00000064c9b00000) (1024K)]
  0x0000022a7e8b61c0 JavaThread "Timer-48"                          [_thread_blocked, id=22816, stack(0x00000064c9f00000,0x00000064ca000000) (1024K)]
  0x0000022a45b8bba0 JavaThread "Worker-45: Initialize workspace"        [_thread_blocked, id=33500, stack(0x00000064c9e00000,0x00000064c9f00000) (1024K)]
  0x0000022a45b8c8c0 JavaThread "Timer-49"                          [_thread_blocked, id=32460, stack(0x00000064ca600000,0x00000064ca700000) (1024K)]
  0x0000022a45b91780 JavaThread "Timer-50"                          [_thread_blocked, id=28024, stack(0x00000064cae00000,0x00000064caf00000) (1024K)]
  0x0000022a45b924a0 JavaThread "Worker-46: Initialize workspace"        [_thread_blocked, id=27000, stack(0x00000064c3b00000,0x00000064c3c00000) (1024K)]
  0x0000022a45b910f0 JavaThread "Connection worker"                 [_thread_in_native, id=14292, stack(0x00000064cac00000,0x00000064cad00000) (1024K)]
  0x0000022a45b8f6b0 JavaThread "Timer-51"                          [_thread_blocked, id=22364, stack(0x00000064caf00000,0x00000064cb000000) (1024K)]
  0x0000022a45b90a60 JavaThread "pool-52-thread-1"                  [_thread_blocked, id=27568, stack(0x00000064cb100000,0x00000064cb200000) (1024K)]
  0x0000022a45b8fd40 JavaThread "Worker-47: Initialize workspace"        [_thread_blocked, id=25852, stack(0x00000064cb000000,0x00000064cb100000) (1024K)]
  0x0000022a45b94c00 JavaThread "Timer-52"                          [_thread_blocked, id=29200, stack(0x00000064cb400000,0x00000064cb500000) (1024K)]
  0x0000022a45b95fb0 JavaThread "Timer-53"                          [_thread_blocked, id=28040, stack(0x00000064cb300000,0x00000064cb400000) (1024K)]
  0x0000022a45b96cd0 JavaThread "Worker-49: Initialize workspace"        [_thread_blocked, id=25668, stack(0x00000064cb600000,0x00000064cb700000) (1024K)]
  0x0000022a45b95920 JavaThread "Connection worker"                 [_thread_blocked, id=24908, stack(0x00000064c8800000,0x00000064c8900000) (1024K)]
  0x0000022a45b95290 JavaThread "Timer-54"                          [_thread_blocked, id=32632, stack(0x00000064cba00000,0x00000064cbb00000) (1024K)]
  0x0000022a45b979f0 JavaThread "pool-55-thread-1"                  [_thread_blocked, id=27856, stack(0x00000064cbc00000,0x00000064cbd00000) (1024K)]
  0x0000022a7dd94ca0 JavaThread "Timer-55"                          [_thread_blocked, id=28440, stack(0x00000064cbf00000,0x00000064cc000000) (1024K)]
  0x0000022a7e8b8fb0 JavaThread "Worker-57: Initialize workspace"        [_thread_blocked, id=32472, stack(0x00000064cbe00000,0x00000064cbf00000) (1024K)]
  0x0000022a480fcbb0 JavaThread "Timer-56"                          [_thread_blocked, id=26408, stack(0x00000064c7800000,0x00000064c7900000) (1024K)]
  0x0000022a7dd966e0 JavaThread "Worker-65: Initialize workspace"        [_thread_blocked, id=24320, stack(0x00000064c4a00000,0x00000064c4b00000) (1024K)]
  0x0000022a7d0e7b30 JavaThread "Connection worker"                 [_thread_blocked, id=9188, stack(0x00000064c4400000,0x00000064c4500000) (1024K)]
  0x0000022a7d0ed710 JavaThread "pool-58-thread-1"                  [_thread_blocked, id=14180, stack(0x00000064c4c00000,0x00000064c4d00000) (1024K)]
  0x0000022a7e8b6850 JavaThread "Timer-57"                          [_thread_blocked, id=31292, stack(0x00000064cc200000,0x00000064cc300000) (1024K)]
  0x0000022a47142930 JavaThread "Worker-71: Initialize workspace"        [_thread_blocked, id=35880, stack(0x00000064cc400000,0x00000064cc500000) (1024K)]
  0x0000022a7d0f1220 JavaThread "Timer-58"                          [_thread_blocked, id=36472, stack(0x00000064cc500000,0x00000064cc600000) (1024K)]
  0x0000022a7dd91eb0 JavaThread "Worker-79: Initialize workspace"        [_thread_blocked, id=25752, stack(0x00000064c5700000,0x00000064c5800000) (1024K)]
  0x0000022a7d0ee430 JavaThread "Connection worker"                 [_thread_blocked, id=25868, stack(0x00000064c5600000,0x00000064c5700000) (1024K)]
  0x0000022a45b931c0 JavaThread "pool-60-thread-1"                  [_thread_blocked, id=25288, stack(0x00000064c7400000,0x00000064c7500000) (1024K)]
  0x0000022a7eb89440 JavaThread "Timer-59"                          [_thread_blocked, id=37236, stack(0x00000064cc300000,0x00000064cc400000) (1024K)]
  0x0000022a7eb87370 JavaThread "Worker-89: Initialize workspace"        [_thread_blocked, id=29228, stack(0x00000064c4000000,0x00000064c4100000) (1024K)]
  0x0000022a7eb86ce0 JavaThread "Connection worker"                 [_thread_blocked, id=644, stack(0x00000064c5e00000,0x00000064c5f00000) (1024K)]
  0x0000022a7eb86650 JavaThread "pool-61-thread-1"                  [_thread_blocked, id=27472, stack(0x00000064c6400000,0x00000064c6500000) (1024K)]
  0x0000022a7eb89ad0 JavaThread "Timer-60"                          [_thread_blocked, id=8888, stack(0x00000064cc800000,0x00000064cc900000) (1024K)]
  0x0000022a7eb87a00 JavaThread "Worker-101: Initialize workspace"        [_thread_blocked, id=12656, stack(0x00000064c6800000,0x00000064c6900000) (1024K)]
  0x0000022a7eb8ae80 JavaThread "Timer-61"                          [_thread_blocked, id=7532, stack(0x00000064c7600000,0x00000064c7700000) (1024K)]
  0x0000022a7eb85fc0 JavaThread "Worker-112: Initialize workspace"        [_thread_blocked, id=33852, stack(0x00000064c7100000,0x00000064c7200000) (1024K)]
  0x0000022a7eb8c230 JavaThread "Connection worker"                 [_thread_blocked, id=35160, stack(0x00000064bba00000,0x00000064bbb00000) (1024K)]
  0x0000022a7eb8a7f0 JavaThread "pool-63-thread-1"                  [_thread_blocked, id=28248, stack(0x00000064c6d00000,0x00000064c6e00000) (1024K)]
  0x0000022a7eb8bba0 JavaThread "Timer-62"                          [_thread_blocked, id=21664, stack(0x00000064cc600000,0x00000064cc700000) (1024K)]
  0x0000022a7eb8b510 JavaThread "Worker-120: Initialize workspace"        [_thread_blocked, id=24476, stack(0x00000064c8b00000,0x00000064c8c00000) (1024K)]
  0x0000022a7eb88db0 JavaThread "Connection worker"                 [_thread_blocked, id=3508, stack(0x00000064c5900000,0x00000064c5a00000) (1024K)]
  0x0000022a7eb8c8c0 JavaThread "pool-64-thread-1"                  [_thread_blocked, id=29052, stack(0x00000064c0000000,0x00000064c0100000) (1024K)]
  0x0000022a7eb8a160 JavaThread "Timer-63"                          [_thread_blocked, id=37340, stack(0x00000064c6b00000,0x00000064c6c00000) (1024K)]
  0x0000022a7eb8e990 JavaThread "Worker-134: Initialize workspace"        [_thread_blocked, id=32316, stack(0x00000064c7b00000,0x00000064c7c00000) (1024K)]
  0x0000022a7eb8dc70 JavaThread "Connection worker"                 [_thread_blocked, id=33484, stack(0x00000064cca00000,0x00000064ccb00000) (1024K)]
  0x0000022a7eb903d0 JavaThread "pool-65-thread-1"                  [_thread_blocked, id=35784, stack(0x00000064cc700000,0x00000064cc800000) (1024K)]
  0x0000022a7eb8e300 JavaThread "Timer-64"                          [_thread_blocked, id=24952, stack(0x00000064ccb00000,0x00000064ccc00000) (1024K)]
  0x0000022a7eb924a0 JavaThread "Worker-142: Initialize workspace"        [_thread_blocked, id=27332, stack(0x00000064cc900000,0x00000064cca00000) (1024K)]
  0x0000022a7eb8f020 JavaThread "Connection worker"                 [_thread_blocked, id=37088, stack(0x00000064bae00000,0x00000064baf00000) (1024K)]
  0x0000022a7eb90a60 JavaThread "pool-66-thread-1"                  [_thread_blocked, id=37576, stack(0x00000064cd000000,0x00000064cd100000) (1024K)]
  0x0000022a7eb91e10 JavaThread "Timer-65"                          [_thread_blocked, id=29208, stack(0x00000064cd100000,0x00000064cd200000) (1024K)]
  0x0000022a7eb8f6b0 JavaThread "Worker-150: Initialize workspace"        [_thread_blocked, id=31156, stack(0x00000064c8f00000,0x00000064c9000000) (1024K)]
  0x0000022a7eb93850 JavaThread "Timer-66"                          [_thread_blocked, id=37412, stack(0x00000064c9500000,0x00000064c9600000) (1024K)]
  0x0000022a7eb92b30 JavaThread "Worker-159: Initialize workspace"        [_thread_blocked, id=13324, stack(0x00000064c9300000,0x00000064c9400000) (1024K)]
  0x0000022a7eb91780 JavaThread "Timer-67"                          [_thread_blocked, id=37652, stack(0x00000064cd400000,0x00000064cd500000) (1024K)]
  0x0000022a7d0e8ee0 JavaThread "Worker-166: Initialize workspace"        [_thread_blocked, id=35284, stack(0x00000064ca500000,0x00000064ca600000) (1024K)]
  0x0000022a7d0f0500 JavaThread "Worker-171: Initialize workspace"        [_thread_blocked, id=30344, stack(0x00000064ca700000,0x00000064ca800000) (1024K)]
  0x0000022a7d0f53c0 JavaThread "Timer-68"                          [_thread_blocked, id=21584, stack(0x00000064c6700000,0x00000064c6800000) (1024K)]
  0x0000022a7d0f46a0 JavaThread "Worker-175: Initialize workspace"        [_thread_blocked, id=22564, stack(0x00000064bf100000,0x00000064bf200000) (1024K)]
  0x0000022a7d0f32f0 JavaThread "Connection worker"                 [_thread_blocked, id=12000, stack(0x00000064bad00000,0x00000064bae00000) (1024K)]
  0x0000022a7d0f1f40 JavaThread "Connection worker"                 [_thread_blocked, id=31916, stack(0x00000064bec00000,0x00000064bed00000) (1024K)]
  0x0000022a7d0f5a50 JavaThread "Connection worker"                 [_thread_blocked, id=25528, stack(0x00000064bf000000,0x00000064bf100000) (1024K)]
  0x0000022a45b8a160 JavaThread "Worker-179: Check JDK Index"        [_thread_blocked, id=34760, stack(0x00000064c0800000,0x00000064c0900000) (1024K)]
  0x0000022a45b88db0 JavaThread "Connection worker"                 [_thread_blocked, id=23196, stack(0x00000064c0200000,0x00000064c0300000) (1024K)]
  0x0000022a45b89440 JavaThread "Connection worker"                 [_thread_blocked, id=26048, stack(0x00000064be200000,0x00000064be300000) (1024K)]
  0x0000022a45b8a7f0 JavaThread "Connection worker"                 [_thread_blocked, id=22424, stack(0x00000064be600000,0x00000064be700000) (1024K)]
  0x0000022a45b94570 JavaThread "pool-69-thread-1"                  [_thread_blocked, id=35556, stack(0x00000064c1800000,0x00000064c1900000) (1024K)]
  0x0000022a480f7cf0 JavaThread "Connection worker"                 [_thread_in_native, id=34776, stack(0x00000064c2000000,0x00000064c2100000) (1024K)]
  0x0000022a480fb800 JavaThread "Connection worker"                 [_thread_blocked, id=7140, stack(0x00000064c1b00000,0x00000064c1c00000) (1024K)]
  0x0000022a480f90a0 JavaThread "Connection worker"                 [_thread_blocked, id=24464, stack(0x00000064c0600000,0x00000064c0700000) (1024K)]
  0x0000022a480fa450 JavaThread "Connection worker"                 [_thread_blocked, id=24876, stack(0x00000064c2d00000,0x00000064c2e00000) (1024K)]
  0x0000022a480f7660 JavaThread "Connection worker"                 [_thread_blocked, id=32456, stack(0x00000064beb00000,0x00000064bec00000) (1024K)]
  0x0000022a480f8a10 JavaThread "Timer-69"                          [_thread_blocked, id=26428, stack(0x00000064bee00000,0x00000064bef00000) (1024K)]
  0x0000022a48104ef0 JavaThread "Connection worker"                 [_thread_blocked, id=21732, stack(0x00000064c3600000,0x00000064c3700000) (1024K)]
  0x0000022a47e4cf20 JavaThread "Connection worker"                 [_thread_blocked, id=24728, stack(0x00000064c0a00000,0x00000064c0b00000) (1024K)]
  0x0000022a47e52470 JavaThread "Worker-186: Initialize workspace"        [_thread_blocked, id=35668, stack(0x00000064c3100000,0x00000064c3200000) (1024K)]
  0x0000022a47e4ae50 JavaThread "Worker-188: Check JDK Index"        [_thread_blocked, id=29512, stack(0x00000064c0b00000,0x00000064c0c00000) (1024K)]
  0x0000022a47e4fd10 JavaThread "Connection worker"                 [_thread_blocked, id=7812, stack(0x00000064c3400000,0x00000064c3500000) (1024K)]
  0x0000022a7d0ec9f0 JavaThread "Connection worker"                 [_thread_blocked, id=144, stack(0x00000064c4800000,0x00000064c4900000) (1024K)]
  0x0000022a7d0ec360 JavaThread "Timer-70"                          [_thread_blocked, id=32264, stack(0x00000064c4f00000,0x00000064c5000000) (1024K)]
  0x0000022a7d0f4d30 JavaThread "Connection worker"                 [_thread_blocked, id=6808, stack(0x00000064c5200000,0x00000064c5300000) (1024K)]
  0x0000022a7d0f25d0 JavaThread "Connection worker"                 [_thread_blocked, id=6080, stack(0x00000064bf500000,0x00000064bf600000) (1024K)]
  0x0000022a7d0f2c60 JavaThread "Worker-195: Initialize workspace"        [_thread_blocked, id=28952, stack(0x00000064c0e00000,0x00000064c0f00000) (1024K)]
  0x0000022a7d0f4010 JavaThread "Worker-199: Check JDK Index"        [_thread_blocked, id=29324, stack(0x00000064c5100000,0x00000064c5200000) (1024K)]
  0x0000022a480f8380 JavaThread "Timer-71"                          [_thread_blocked, id=28708, stack(0x00000064c5800000,0x00000064c5900000) (1024K)]
  0x0000022a480fd240 JavaThread "Worker-204: Initialize workspace"        [_thread_blocked, id=5372, stack(0x00000064c4d00000,0x00000064c4e00000) (1024K)]
  0x0000022a480fdf60 JavaThread "Worker-208: Check JDK Index"        [_thread_blocked, id=32820, stack(0x00000064bed00000,0x00000064bee00000) (1024K)]
  0x0000022a480fb170 JavaThread "Connection worker"                 [_thread_blocked, id=28180, stack(0x00000064bf900000,0x00000064bfa00000) (1024K)]
  0x0000022a48100030 JavaThread "Connection worker"                 [_thread_blocked, id=20468, stack(0x00000064c5a00000,0x00000064c5b00000) (1024K)]
  0x0000022a47140ef0 JavaThread "pool-73-thread-1"                  [_thread_blocked, id=32524, stack(0x00000064c6300000,0x00000064c6400000) (1024K)]
  0x0000022a4713fb40 JavaThread "Timer-72"                          [_thread_blocked, id=26348, stack(0x00000064c6a00000,0x00000064c6b00000) (1024K)]
  0x0000022a47144370 JavaThread "Worker-219: Check JDK Index"        [_thread_blocked, id=31748, stack(0x00000064c5b00000,0x00000064c5c00000) (1024K)]
  0x0000022a47144a00 JavaThread "Connection worker"                 [_thread_blocked, id=22056, stack(0x00000064c5f00000,0x00000064c6000000) (1024K)]
  0x0000022a47145090 JavaThread "Connection worker"                 [_thread_blocked, id=21984, stack(0x00000064bda00000,0x00000064bdb00000) (1024K)]
  0x0000022a47143650 JavaThread "pool-74-thread-1"                  [_thread_blocked, id=14016, stack(0x00000064be100000,0x00000064be200000) (1024K)]
  0x0000022a45b8d5e0 JavaThread "Timer-73"                          [_thread_blocked, id=31772, stack(0x00000064c7e00000,0x00000064c7f00000) (1024K)]
  0x0000022a45b8e300 JavaThread "Worker-226: Initialize workspace"        [_thread_blocked, id=31864, stack(0x00000064c7500000,0x00000064c7600000) (1024K)]
  0x0000022a45b8ae80 JavaThread "Worker-228: Check JDK Index"        [_thread_blocked, id=25788, stack(0x00000064c6c00000,0x00000064c6d00000) (1024K)]
  0x0000022a46f1f110 JavaThread "Timer-74"                          [_thread_blocked, id=31276, stack(0x00000064c9b00000,0x00000064c9c00000) (1024K)]
  0x0000022a46f1f7a0 JavaThread "Worker-243: Initialize workspace"        [_thread_blocked, id=2548, stack(0x00000064c9600000,0x00000064c9700000) (1024K)]
  0x0000022a46f1d040 JavaThread "Worker-245: Check JDK Index"        [_thread_blocked, id=23856, stack(0x00000064c9d00000,0x00000064c9e00000) (1024K)]
  0x0000022a46f1dd60 JavaThread "Connection worker"                 [_thread_blocked, id=29308, stack(0x00000064c9100000,0x00000064c9200000) (1024K)]
  0x0000022a46f22590 JavaThread "pool-76-thread-1"                  [_thread_blocked, id=24404, stack(0x00000064ca100000,0x00000064ca200000) (1024K)]
  0x0000022a7dd938f0 JavaThread "Timer-75"                          [_thread_blocked, id=35576, stack(0x00000064ca300000,0x00000064ca400000) (1024K)]
  0x0000022a7dd94610 JavaThread "Connection worker"                 [_thread_blocked, id=6004, stack(0x00000064c3900000,0x00000064c3a00000) (1024K)]
  0x0000022a7eb8fd40 JavaThread "Worker-258: Initialize workspace"        [_thread_blocked, id=35612, stack(0x00000064c3f00000,0x00000064c4000000) (1024K)]
  0x0000022a7eb8d5e0 JavaThread "Worker-260: Check JDK Index"        [_thread_blocked, id=7880, stack(0x00000064ca200000,0x00000064ca300000) (1024K)]
  0x0000022a7eb94570 JavaThread "Connection worker"                 [_thread_blocked, id=32268, stack(0x00000064ca400000,0x00000064ca500000) (1024K)]
  0x0000022a7eb94c00 JavaThread "pool-77-thread-1"                  [_thread_blocked, id=31768, stack(0x00000064ca800000,0x00000064ca900000) (1024K)]
  0x0000022a7d0ea920 JavaThread "Timer-76"                          [_thread_blocked, id=8352, stack(0x00000064cab00000,0x00000064cac00000) (1024K)]
  0x0000022a7d0e9570 JavaThread "Worker-269: Initialize workspace"        [_thread_blocked, id=27712, stack(0x00000064cad00000,0x00000064cae00000) (1024K)]
  0x0000022a7d0ebcd0 JavaThread "Worker-270: Check JDK Index"        [_thread_blocked, id=3640, stack(0x00000064caa00000,0x00000064cab00000) (1024K)]
  0x0000022a7e8b40f0 JavaThread "Timer-77"                          [_thread_blocked, id=29808, stack(0x00000064cb800000,0x00000064cb900000) (1024K)]
  0x0000022a7e8b9640 JavaThread "Worker-283: Initialize workspace"        [_thread_blocked, id=34492, stack(0x00000064cbb00000,0x00000064cbc00000) (1024K)]
  0x0000022a7e8b33d0 JavaThread "Worker-286: Check JDK Index"        [_thread_blocked, id=29884, stack(0x00000064ccd00000,0x00000064cce00000) (1024K)]
  0x0000022a480ff310 JavaThread "Connection worker"                 [_thread_blocked, id=12036, stack(0x00000064ccf00000,0x00000064cd000000) (1024K)]
  0x0000022a50d64700 JavaThread "pool-79-thread-1"                  [_thread_blocked, id=25012, stack(0x00000064cd500000,0x00000064cd600000) (1024K)]
  0x0000022a50d64d90 JavaThread "Timer-78"                          [_thread_blocked, id=6112, stack(0x00000064cd600000,0x00000064cd700000) (1024K)]
  0x0000022a50d68f30 JavaThread "Worker-295: Initialize workspace"        [_thread_blocked, id=1792, stack(0x00000064cd700000,0x00000064cd800000) (1024K)]
  0x0000022a48d84f60 JavaThread "Worker-297: Check JDK Index"        [_thread_blocked, id=6032, stack(0x00000064cd800000,0x00000064cd900000) (1024K)]
  0x0000022a48d855f0 JavaThread "Connection worker"                 [_thread_blocked, id=21248, stack(0x00000064cda00000,0x00000064cdb00000) (1024K)]
  0x0000022a45b92b30 JavaThread "pool-80-thread-1"                  [_thread_blocked, id=29704, stack(0x00000064cd300000,0x00000064cd400000) (1024K)]
  0x0000022a45b98080 JavaThread "Timer-79"                          [_thread_blocked, id=19648, stack(0x00000064cdb00000,0x00000064cdc00000) (1024K)]
  0x0000022a7dd97a90 JavaThread "Worker-305: Initialize workspace"        [_thread_blocked, id=29540, stack(0x00000064cd200000,0x00000064cd300000) (1024K)]
  0x0000022a7dd96d70 JavaThread "Worker-307: Check JDK Index"        [_thread_blocked, id=31592, stack(0x00000064cd900000,0x00000064cda00000) (1024K)]
  0x0000022a7dd98120 JavaThread "Connection worker"                 [_thread_blocked, id=26524, stack(0x00000064cdc00000,0x00000064cdd00000) (1024K)]
  0x0000022a7d511930 JavaThread "pool-81-thread-1"                  [_thread_blocked, id=1528, stack(0x00000064cdd00000,0x00000064cde00000) (1024K)]
  0x0000022a48105580 JavaThread "Timer-80"                          [_thread_blocked, id=26420, stack(0x00000064ce000000,0x00000064ce100000) (1024K)]
  0x0000022a46f22c20 JavaThread "Worker-311: Initialize workspace"        [_thread_blocked, id=2072, stack(0x00000064ce200000,0x00000064ce300000) (1024K)]
  0x0000022a47145720 JavaThread "Worker-315: Check JDK Index"        [_thread_blocked, id=27168, stack(0x00000064cde00000,0x00000064cdf00000) (1024K)]
  0x0000022a46f21870 JavaThread "Connection worker"                 [_thread_blocked, id=24460, stack(0x00000064cdf00000,0x00000064ce000000) (1024K)]
  0x0000022a7eb95290 JavaThread "pool-82-thread-1"                  [_thread_blocked, id=26232, stack(0x00000064ce400000,0x00000064ce500000) (1024K)]
  0x0000022a46c31a70 JavaThread "Timer-81"                          [_thread_blocked, id=18408, stack(0x00000064ce600000,0x00000064ce700000) (1024K)]
  0x0000022a7d50eb40 JavaThread "Worker-326: Initialize workspace"        [_thread_blocked, id=5368, stack(0x00000064ba800000,0x00000064ba900000) (1024K)]
  0x0000022a48d85c80 JavaThread "Worker-328: Check JDK Index"        [_thread_blocked, id=26468, stack(0x00000064ce100000,0x00000064ce200000) (1024K)]
  0x0000022a7eb553f0 JavaThread "Connection worker"                 [_thread_blocked, id=7072, stack(0x00000064c4900000,0x00000064c4a00000) (1024K)]
  0x0000022a480fe5f0 JavaThread "pool-83-thread-1"                  [_thread_blocked, id=976, stack(0x00000064c5c00000,0x00000064c5d00000) (1024K)]
  0x0000022a7e8b9cd0 JavaThread "Timer-82"                          [_thread_blocked, id=17280, stack(0x00000064ce500000,0x00000064ce600000) (1024K)]
  0x0000022a47e4e960 JavaThread "Worker-338: Initialize workspace"        [_thread_blocked, id=17828, stack(0x00000064ce700000,0x00000064ce800000) (1024K)]
  0x0000022a45b97360 JavaThread "Worker-341: Check JDK Index"        [_thread_blocked, id=10268, stack(0x00000064cb500000,0x00000064cb600000) (1024K)]
  0x0000022a46ffce60 JavaThread "Timer-83"                          [_thread_blocked, id=25216, stack(0x00000064ce900000,0x00000064cea00000) (1024K)]
  0x0000022a46ffc140 JavaThread "Worker-346: Initialize workspace"        [_thread_blocked, id=29748, stack(0x00000064ce800000,0x00000064ce900000) (1024K)]
  0x0000022a46ffd4f0 JavaThread "Worker-348: Check JDK Index"        [_thread_blocked, id=35888, stack(0x00000064c3a00000,0x00000064c3b00000) (1024K)]
  0x0000022a46ffad90 JavaThread "Connection worker"                 [_thread_blocked, id=30472, stack(0x00000064c4500000,0x00000064c4600000) (1024K)]
  0x0000022a46ffb420 JavaThread "pool-85-thread-1"                  [_thread_blocked, id=34604, stack(0x00000064cec00000,0x00000064ced00000) (1024K)]
  0x0000022a46ffdb80 JavaThread "Connection worker"                 [_thread_blocked, id=24604, stack(0x00000064c2e00000,0x00000064c2f00000) (1024K)]
  0x0000022a46fff5c0 JavaThread "Timer-84"                          [_thread_blocked, id=25484, stack(0x00000064cef00000,0x00000064cf000000) (1024K)]
  0x0000022a46ffe210 JavaThread "Worker-358: Initialize workspace"        [_thread_blocked, id=28788, stack(0x00000064c3500000,0x00000064c3600000) (1024K)]
  0x0000022a46fffc50 JavaThread "Worker-360: Check JDK Index"        [_thread_blocked, id=21944, stack(0x00000064ced00000,0x00000064cee00000) (1024K)]
  0x0000022a46ffe8a0 JavaThread "Connection worker"                 [_thread_blocked, id=34188, stack(0x00000064cee00000,0x00000064cef00000) (1024K)]
  0x0000022a46ffc7d0 JavaThread "Timer-85"                          [_thread_blocked, id=17468, stack(0x00000064cf000000,0x00000064cf100000) (1024K)]
  0x0000022a47001d20 JavaThread "pool-86-thread-1"                  [_thread_blocked, id=26228, stack(0x00000064cf300000,0x00000064cf400000) (1024K)]
  0x0000022a470023b0 JavaThread "Worker-365: Initialize workspace"        [_thread_blocked, id=18832, stack(0x00000064cf400000,0x00000064cf500000) (1024K)]
  0x0000022a46ffbab0 JavaThread "Worker-367: Check JDK Index"        [_thread_blocked, id=25036, stack(0x00000064c1f00000,0x00000064c2000000) (1024K)]
  0x0000022a470030d0 JavaThread "Connection worker"                 [_thread_blocked, id=27396, stack(0x00000064cf100000,0x00000064cf200000) (1024K)]
  0x0000022a470002e0 JavaThread "Connection worker"                 [_thread_blocked, id=30744, stack(0x00000064cb700000,0x00000064cb800000) (1024K)]
  0x0000022a47003df0 JavaThread "pool-87-thread-1"                  [_thread_blocked, id=28268, stack(0x00000064cf500000,0x00000064cf600000) (1024K)]
  0x0000022a47002a40 JavaThread "Timer-86"                          [_thread_blocked, id=11620, stack(0x00000064cf200000,0x00000064cf300000) (1024K)]
  0x0000022a47003760 JavaThread "Worker-378: Check JDK Index"        [_thread_blocked, id=9152, stack(0x00000064cf600000,0x00000064cf700000) (1024K)]
  0x0000022a47004480 JavaThread "Connection worker"                 [_thread_blocked, id=31072, stack(0x00000064cf700000,0x00000064cf800000) (1024K)]
  0x0000022a47004b10 JavaThread "pool-88-thread-1"                  [_thread_blocked, id=18188, stack(0x00000064cfb00000,0x00000064cfc00000) (1024K)]
  0x0000022a47006be0 JavaThread "Timer-87"                          [_thread_blocked, id=34464, stack(0x00000064d0000000,0x00000064d0100000) (1024K)]
  0x0000022a470051a0 JavaThread "Worker-384: Initialize workspace"        [_thread_blocked, id=26660, stack(0x00000064d0100000,0x00000064d0200000) (1024K)]
  0x0000022a47001000 JavaThread "Worker-386: Check JDK Index"        [_thread_blocked, id=8804, stack(0x00000064cf900000,0x00000064cfa00000) (1024K)]
  0x0000022a47008cb0 JavaThread "Timer-88"                          [_thread_blocked, id=27780, stack(0x00000064d0300000,0x00000064d0400000) (1024K)]
  0x0000022a4700a6f0 JavaThread "Worker-393: Initialize workspace"        [_thread_blocked, id=23616, stack(0x00000064d0400000,0x00000064d0500000) (1024K)]
  0x0000022a47007900 JavaThread "Worker-394: Check JDK Index"        [_thread_blocked, id=26576, stack(0x00000064bdc00000,0x00000064bdd00000) (1024K)]
  0x0000022a4700baa0 JavaThread "Connection worker"                 [_thread_blocked, id=34064, stack(0x00000064be400000,0x00000064be500000) (1024K)]
  0x0000022a4700ad80 JavaThread "Connection worker"                 [_thread_blocked, id=31084, stack(0x00000064d0200000,0x00000064d0300000) (1024K)]
  0x0000022a47008620 JavaThread "pool-90-thread-1"                  [_thread_blocked, id=33504, stack(0x00000064d0700000,0x00000064d0800000) (1024K)]
  0x0000022a4700c130 JavaThread "Timer-89"                          [_thread_blocked, id=33492, stack(0x00000064d0800000,0x00000064d0900000) (1024K)]
  0x0000022a4700c7c0 JavaThread "Worker-399: Initialize workspace"        [_thread_blocked, id=37532, stack(0x00000064d0a00000,0x00000064d0b00000) (1024K)]
  0x0000022a4700b410 JavaThread "Worker-401: Check JDK Index"        [_thread_blocked, id=34360, stack(0x00000064bfa00000,0x00000064bfb00000) (1024K)]
  0x0000022a4700ce50 JavaThread "Connection worker"                 [_thread_blocked, id=36704, stack(0x00000064d0600000,0x00000064d0700000) (1024K)]
  0x0000022a4700db70 JavaThread "pool-91-thread-1"                  [_thread_blocked, id=24736, stack(0x00000064d0d00000,0x00000064d0e00000) (1024K)]
  0x0000022a470102d0 JavaThread "Timer-90"                          [_thread_blocked, id=37096, stack(0x00000064bf800000,0x00000064bf900000) (1024K)]
  0x0000022a4700e200 JavaThread "Connection worker"                 [_thread_blocked, id=37024, stack(0x00000064d0e00000,0x00000064d0f00000) (1024K)]
  0x0000022a47010960 JavaThread "Worker-411: Initialize workspace"        [_thread_blocked, id=13080, stack(0x00000064d0c00000,0x00000064d0d00000) (1024K)]
  0x0000022a4700fc40 JavaThread "Worker-413: Check JDK Index"        [_thread_blocked, id=10424, stack(0x00000064d0900000,0x00000064d0a00000) (1024K)]
  0x0000022a4700e890 JavaThread "Connection worker"                 [_thread_blocked, id=4652, stack(0x00000064d0f00000,0x00000064d1000000) (1024K)]
  0x0000022a47011680 JavaThread "pool-92-thread-1"                  [_thread_blocked, id=25124, stack(0x00000064d1300000,0x00000064d1400000) (1024K)]
  0x0000022a4700f5b0 JavaThread "Timer-91"                          [_thread_blocked, id=35476, stack(0x00000064d1400000,0x00000064d1500000) (1024K)]
  0x0000022a47011d10 JavaThread "Worker-424: Initialize workspace"        [_thread_blocked, id=31284, stack(0x00000064d1500000,0x00000064d1600000) (1024K)]
  0x0000022a47010ff0 JavaThread "Worker-426: Check JDK Index"        [_thread_blocked, id=28876, stack(0x00000064d1200000,0x00000064d1300000) (1024K)]
  0x0000022a4700ef20 JavaThread "Connection worker"                 [_thread_blocked, id=23428, stack(0x00000064d1600000,0x00000064d1700000) (1024K)]
  0x0000022a47013de0 JavaThread "pool-93-thread-1"                  [_thread_blocked, id=16332, stack(0x00000064d1900000,0x00000064d1a00000) (1024K)]
  0x0000022a470130c0 JavaThread "Timer-92"                          [_thread_blocked, id=28904, stack(0x00000064d1a00000,0x00000064d1b00000) (1024K)]
  0x0000022a47016bd0 JavaThread "Worker-437: Initialize workspace"        [_thread_blocked, id=34744, stack(0x00000064d1700000,0x00000064d1800000) (1024K)]
  0x0000022a47016540 JavaThread "Worker-438: Check JDK Index"        [_thread_blocked, id=36044, stack(0x00000064d1800000,0x00000064d1900000) (1024K)]
  0x0000022a47015eb0 JavaThread "Connection worker"                 [_thread_blocked, id=32780, stack(0x00000064d1d00000,0x00000064d1e00000) (1024K)]
  0x0000022a47015190 JavaThread "Timer-93"                          [_thread_blocked, id=1152, stack(0x00000064bdf00000,0x00000064be000000) (1024K)]
  0x0000022a47014470 JavaThread "Worker-450: Initialize workspace"        [_thread_blocked, id=24640, stack(0x00000064c0700000,0x00000064c0800000) (1024K)]
  0x0000022a47018ca0 JavaThread "Worker-452: Check JDK Index"        [_thread_blocked, id=28808, stack(0x00000064d1f00000,0x00000064d2000000) (1024K)]
  0x0000022a47e4d5b0 JavaThread "Connection worker"                 [_thread_blocked, id=25604, stack(0x00000064d2000000,0x00000064d2100000) (1024K)]
  0x0000022a47e4b4e0 JavaThread "pool-95-thread-1"                  [_thread_blocked, id=35948, stack(0x00000064d2500000,0x00000064d2600000) (1024K)]
  0x0000022a45b8cf50 JavaThread "Timer-94"                          [_thread_blocked, id=23072, stack(0x00000064d2700000,0x00000064d2800000) (1024K)]
  0x0000022a481006c0 JavaThread "Worker-461: Initialize workspace"        [_thread_blocked, id=27844, stack(0x00000064bef00000,0x00000064bf000000) (1024K)]
  0x0000022a48104860 JavaThread "Worker-463: Check JDK Index"        [_thread_blocked, id=30340, stack(0x00000064d2600000,0x00000064d2700000) (1024K)]
  0x0000022a47e51750 JavaThread "Timer-95"                          [_thread_blocked, id=4088, stack(0x00000064d2c00000,0x00000064d2d00000) (1024K)]
  0x0000022a47146ad0 JavaThread "Worker-471: Initialize workspace"        [_thread_blocked, id=30364, stack(0x00000064d2a00000,0x00000064d2b00000) (1024K)]
  0x0000022a7dd959c0 JavaThread "Worker-473: Check JDK Index"        [_thread_blocked, id=35292, stack(0x00000064d2b00000,0x00000064d2c00000) (1024K)]
  0x0000022a7dd92540 JavaThread "Connection worker"                 [_thread_blocked, id=37328, stack(0x00000064d2d00000,0x00000064d2e00000) (1024K)]
  0x0000022a7d0eafb0 JavaThread "pool-97-thread-1"                  [_thread_blocked, id=9832, stack(0x00000064d2e00000,0x00000064d2f00000) (1024K)]
  0x0000022a47007270 JavaThread "Timer-96"                          [_thread_blocked, id=37556, stack(0x00000064cfd00000,0x00000064cfe00000) (1024K)]
  0x0000022a7eb54d60 JavaThread "Worker-480: Initialize workspace"        [_thread_blocked, id=24300, stack(0x00000064cff00000,0x00000064d0000000) (1024K)]
  0x0000022a47007f90 JavaThread "Worker-482: Check JDK Index"        [_thread_blocked, id=21368, stack(0x00000064d2f00000,0x00000064d3000000) (1024K)]
  0x0000022a7d0ef7e0 JavaThread "Connection worker"                 [_thread_blocked, id=31396, stack(0x00000064d3000000,0x00000064d3100000) (1024K)]
  0x0000022a48d83bb0 JavaThread "pool-98-thread-1"                  [_thread_blocked, id=26208, stack(0x00000064d3300000,0x00000064d3400000) (1024K)]
  0x0000022a474af470 JavaThread "Timer-97"                          [_thread_blocked, id=18244, stack(0x00000064d3400000,0x00000064d3500000) (1024K)]
  0x0000022a474afb00 JavaThread "Worker-491: Initialize workspace"        [_thread_blocked, id=20872, stack(0x00000064d3100000,0x00000064d3200000) (1024K)]
  0x0000022a474b0820 JavaThread "Worker-493: Check JDK Index"        [_thread_blocked, id=36648, stack(0x00000064d3200000,0x00000064d3300000) (1024K)]
  0x0000022a474b1540 JavaThread "Connection worker"                 [_thread_blocked, id=36424, stack(0x00000064d3500000,0x00000064d3600000) (1024K)]
  0x0000022a474ae0c0 JavaThread "pool-99-thread-1"                  [_thread_blocked, id=28308, stack(0x00000064d3600000,0x00000064d3700000) (1024K)]
  0x0000022a474b0eb0 JavaThread "Connection worker"                 [_thread_blocked, id=7064, stack(0x00000064c2700000,0x00000064c2800000) (1024K)]
  0x0000022a474b2260 JavaThread "Timer-98"                          [_thread_blocked, id=35076, stack(0x00000064c2c00000,0x00000064c2d00000) (1024K)]
  0x0000022a474ae750 JavaThread "Worker-508: Check JDK Index"        [_thread_blocked, id=21472, stack(0x00000064cfa00000,0x00000064cfb00000) (1024K)]
  0x0000022a474b28f0 JavaThread "Worker-509: Initialize workspace"        [_thread_blocked, id=37536, stack(0x00000064cf800000,0x00000064cf900000) (1024K)]
  0x0000022a474b1bd0 JavaThread "Connection worker"                 [_thread_blocked, id=24100, stack(0x00000064d3700000,0x00000064d3800000) (1024K)]
  0x0000022a474b3610 JavaThread "pool-100-thread-1"                 [_thread_blocked, id=17740, stack(0x00000064d3900000,0x00000064d3a00000) (1024K)]
  0x0000022a474b77b0 JavaThread "Timer-99"                          [_thread_blocked, id=37584, stack(0x00000064d3f00000,0x00000064d4000000) (1024K)]
  0x0000022a474b6a90 JavaThread "Worker-518: Initialize workspace"        [_thread_blocked, id=22524, stack(0x00000064d3e00000,0x00000064d3f00000) (1024K)]
  0x0000022a474b0190 JavaThread "Worker-520: Check JDK Index"        [_thread_blocked, id=26332, stack(0x00000064d3a00000,0x00000064d3b00000) (1024K)]
  0x0000022a474b91f0 JavaThread "Timer-100"                         [_thread_blocked, id=28036, stack(0x00000064d4700000,0x00000064d4800000) (1024K)]
  0x0000022a474b5d70 JavaThread "Worker-528: Initialize workspace"        [_thread_blocked, id=37620, stack(0x00000064d4800000,0x00000064d4900000) (1024K)]
  0x0000022a474bac30 JavaThread "Worker-530: Check JDK Index"        [_thread_blocked, id=13896, stack(0x00000064d4300000,0x00000064d4400000) (1024K)]
  0x0000022a474b9880 JavaThread "Connection worker"                 [_thread_blocked, id=20736, stack(0x00000064d4500000,0x00000064d4600000) (1024K)]
  0x0000022a474bd390 JavaThread "pool-102-thread-1"                 [_thread_blocked, id=33712, stack(0x00000064d4e00000,0x00000064d4f00000) (1024K)]
  0x0000022a474bc670 JavaThread "Timer-101"                         [_thread_blocked, id=24176, stack(0x00000064d4f00000,0x00000064d5000000) (1024K)]
  0x0000022a474bb950 JavaThread "Worker-548: Initialize workspace"        [_thread_blocked, id=35420, stack(0x00000064d4a00000,0x00000064d4b00000) (1024K)]
  0x0000022a474ba5a0 JavaThread "Worker-550: Check JDK Index"        [_thread_blocked, id=29356, stack(0x00000064d4d00000,0x00000064d4e00000) (1024K)]
  0x0000022a474b84d0 JavaThread "Connection worker"                 [_thread_blocked, id=37168, stack(0x00000064d5000000,0x00000064d5100000) (1024K)]
  0x0000022a474c0180 JavaThread "pool-103-thread-1"                 [_thread_blocked, id=28556, stack(0x00000064be900000,0x00000064bea00000) (1024K)]
  0x0000022a474bf460 JavaThread "Timer-102"                         [_thread_blocked, id=21640, stack(0x00000064d5300000,0x00000064d5400000) (1024K)]
  0x0000022a474bcd00 JavaThread "Worker-560: Initialize workspace"        [_thread_blocked, id=36724, stack(0x00000064d5500000,0x00000064d5600000) (1024K)]
  0x0000022a474be740 JavaThread "Worker-562: Check JDK Index"        [_thread_blocked, id=36332, stack(0x00000064d0b00000,0x00000064d0c00000) (1024K)]
  0x0000022a474c0ea0 JavaThread "Connection worker"                 [_thread_blocked, id=35724, stack(0x00000064d5100000,0x00000064d5200000) (1024K)]
  0x0000022a474c0810 JavaThread "pool-104-thread-1"                 [_thread_blocked, id=31524, stack(0x00000064d5600000,0x00000064d5700000) (1024K)]
  0x0000022a474c3c90 JavaThread "Timer-103"                         [_thread_blocked, id=37368, stack(0x00000064d5800000,0x00000064d5900000) (1024K)]
  0x0000022a474bda20 JavaThread "Worker-577: Initialize workspace"        [_thread_blocked, id=25920, stack(0x00000064be500000,0x00000064be600000) (1024K)]
  0x0000022a474c2250 JavaThread "Worker-579: Check JDK Index"        [_thread_blocked, id=25120, stack(0x00000064d5400000,0x00000064d5500000) (1024K)]
  0x0000022a474c1530 JavaThread "Timer-104"                         [_thread_blocked, id=2412, stack(0x00000064d2100000,0x00000064d2200000) (1024K)]
  0x0000022a474c1bc0 JavaThread "Worker-601: Initialize workspace"        [_thread_blocked, id=31736, stack(0x00000064bb800000,0x00000064bb900000) (1024K)]
  0x0000022a474bfaf0 JavaThread "Worker-604: Check JDK Index"        [_thread_blocked, id=23348, stack(0x00000064d5700000,0x00000064d5800000) (1024K)]
  0x0000022a474c5040 JavaThread "Connection worker"                 [_thread_blocked, id=33980, stack(0x00000064d2300000,0x00000064d2400000) (1024K)]
  0x0000022a474c63f0 JavaThread "Connection worker"                 [_thread_blocked, id=37176, stack(0x00000064bf600000,0x00000064bf700000) (1024K)]
  0x0000022a474c5d60 JavaThread "pool-106-thread-1"                 [_thread_blocked, id=30032, stack(0x00000064bf700000,0x00000064bf800000) (1024K)]
  0x0000022a474c6a80 JavaThread "Timer-105"                         [_thread_blocked, id=28312, stack(0x00000064d5f00000,0x00000064d6000000) (1024K)]
  0x0000022a474c7110 JavaThread "Worker-626: Initialize workspace"        [_thread_blocked, id=22200, stack(0x00000064d2400000,0x00000064d2500000) (1024K)]
  0x0000022a474c9f00 JavaThread "Worker-628: Check JDK Index"        [_thread_blocked, id=29304, stack(0x00000064d2200000,0x00000064d2300000) (1024K)]
  0x0000022a474c8b50 JavaThread "Connection worker"                 [_thread_blocked, id=34272, stack(0x00000064d6000000,0x00000064d6100000) (1024K)]
  0x0000022a474c9870 JavaThread "Exec process"                      [_thread_blocked, id=5820, stack(0x00000064d6100000,0x00000064d6200000) (1024K)]
  0x0000022a474ca590 JavaThread "pool-107-thread-1"                 [_thread_blocked, id=23784, stack(0x00000064d6200000,0x00000064d6300000) (1024K)]
  0x0000022a474cb940 JavaThread "Exec process"                      [_thread_in_native, id=35560, stack(0x00000064d6600000,0x00000064d6700000) (1024K)]
  0x0000022a474c84c0 JavaThread "Timer-106"                         [_thread_blocked, id=36720, stack(0x00000064d6700000,0x00000064d6800000) (1024K)]
  0x0000022a474c91e0 JavaThread "Worker-640: Initialize workspace"        [_thread_blocked, id=33860, stack(0x00000064d6300000,0x00000064d6400000) (1024K)]
  0x0000022a474cac20 JavaThread "Worker-643: Check JDK Index"        [_thread_blocked, id=1356, stack(0x00000064d6500000,0x00000064d6600000) (1024K)]
  0x0000022a474cc660 JavaThread "Connection worker"                 [_thread_blocked, id=35936, stack(0x00000064d6900000,0x00000064d6a00000) (1024K)]
  0x0000022a474cccf0 JavaThread "pool-108-thread-1"                 [_thread_blocked, id=19528, stack(0x00000064bff00000,0x00000064c0000000) (1024K)]
  0x0000022a47015820 JavaThread "Timer-107"                         [_thread_blocked, id=35144, stack(0x00000064d6c00000,0x00000064d6d00000) (1024K)]
  0x0000022a47001690 JavaThread "Exec process"                      [_thread_blocked, id=31392, stack(0x00000064d6e00000,0x00000064d6f00000) (1024K)]
  0x0000022a47005830 JavaThread "Connection worker"                 [_thread_blocked, id=5292, stack(0x00000064bd900000,0x00000064bda00000) (1024K)]
  0x0000022a47009340 JavaThread "Worker-662: Initialize workspace"        [_thread_blocked, id=9908, stack(0x00000064be300000,0x00000064be400000) (1024K)]
  0x0000022a4700d4e0 JavaThread "Worker-664: Check JDK Index"        [_thread_blocked, id=7220, stack(0x00000064d1100000,0x00000064d1200000) (1024K)]
  0x0000022a7e8b2d40 JavaThread "Timer-108"                         [_thread_blocked, id=29692, stack(0x00000064d7100000,0x00000064d7200000) (1024K)]
  0x0000022a474cd380 JavaThread "Connection worker"                 [_thread_blocked, id=28160, stack(0x00000064cce00000,0x00000064ccf00000) (1024K)]
  0x0000022a7e8b4780 JavaThread "Exec process"                      [_thread_blocked, id=11392, stack(0x00000064d7300000,0x00000064d7400000) (1024K)]
  0x0000022a7e8b8920 JavaThread "Worker-690: Initialize workspace"        [_thread_blocked, id=30980, stack(0x00000064d6d00000,0x00000064d6e00000) (1024K)]
  0x0000022a47e4c890 JavaThread "Exec process"                      [_thread_in_native, id=8560, stack(0x00000064d7200000,0x00000064d7300000) (1024K)]
  0x0000022a47e51de0 JavaThread "Worker-693: Check JDK Index"        [_thread_blocked, id=26280, stack(0x00000064d7400000,0x00000064d7500000) (1024K)]
  0x0000022a474c7e30 JavaThread "Connection worker"                 [_thread_blocked, id=35916, stack(0x00000064d1e00000,0x00000064d1f00000) (1024K)]
  0x0000022a48d86310 JavaThread "pool-110-thread-1"                 [_thread_blocked, id=36320, stack(0x00000064d7900000,0x00000064d7a00000) (1024K)]
  0x0000022a7eb910f0 JavaThread "Timer-109"                         [_thread_blocked, id=14296, stack(0x00000064d7a00000,0x00000064d7b00000) (1024K)]
  0x0000022a7e8b5b30 JavaThread "Exec process"                      [_thread_blocked, id=32304, stack(0x00000064d7c00000,0x00000064d7d00000) (1024K)]
  0x0000022a47145db0 JavaThread "Worker-708: Initialize workspace"        [_thread_blocked, id=13404, stack(0x00000064d7d00000,0x00000064d7e00000) (1024K)]
  0x0000022a470178f0 JavaThread "Worker-710: Check JDK Index"        [_thread_blocked, id=27132, stack(0x00000064d7600000,0x00000064d7700000) (1024K)]
  0x0000022a47019330 JavaThread "Connection worker"                 [_thread_blocked, id=17672, stack(0x00000064d7800000,0x00000064d7900000) (1024K)]
  0x0000022a7eb52c90 JavaThread "pool-111-thread-1"                 [_thread_blocked, id=20716, stack(0x00000064d7b00000,0x00000064d7c00000) (1024K)]
  0x0000022a57497d80 JavaThread "Exec process"                      [_thread_blocked, id=37920, stack(0x00000064d8200000,0x00000064d8300000) (1024K)]
  0x0000022a574976f0 JavaThread "Exec process Thread 2"             [_thread_blocked, id=38048, stack(0x00000064d8500000,0x00000064d8600000) (1024K)]
  0x0000022a574997c0 JavaThread "Timer-110"                         [_thread_blocked, id=38056, stack(0x00000064d8300000,0x00000064d8400000) (1024K)]
  0x0000022a5749bf20 JavaThread "Exec process"                      [_thread_blocked, id=38264, stack(0x00000064d8b00000,0x00000064d8c00000) (1024K)]
  0x0000022a57498410 JavaThread "Worker-718: Initialize workspace"        [_thread_blocked, id=38316, stack(0x00000064d8100000,0x00000064d8200000) (1024K)]
  0x0000022a5749ab70 JavaThread "Exec process Thread 2"             [_thread_blocked, id=38476, stack(0x00000064d8c00000,0x00000064d8d00000) (1024K)]
  0x0000022a5749a4e0 JavaThread "Worker-721: Check JDK Index"        [_thread_blocked, id=38508, stack(0x00000064d8000000,0x00000064d8100000) (1024K)]
  0x0000022a5749b890 JavaThread "Exec process"                      [_thread_blocked, id=38512, stack(0x00000064d8d00000,0x00000064d8e00000) (1024K)]
  0x0000022a5749d960 JavaThread "Connection worker"                 [_thread_blocked, id=38604, stack(0x00000064d9000000,0x00000064d9100000) (1024K)]
  0x0000022a5749fa30 JavaThread "Exec process Thread 2"             [_thread_blocked, id=38612, stack(0x00000064d9200000,0x00000064d9300000) (1024K)]
  0x0000022a5749dff0 JavaThread "pool-112-thread-1"                 [_thread_blocked, id=38796, stack(0x00000064d1000000,0x00000064d1100000) (1024K)]
  0x0000022a5749cc40 JavaThread "Timer-111"                         [_thread_blocked, id=25592, stack(0x00000064d4000000,0x00000064d4100000) (1024K)]
  0x0000022a5749d2d0 JavaThread "Worker-729: Initialize workspace"        [_thread_blocked, id=38840, stack(0x00000064d3b00000,0x00000064d3c00000) (1024K)]
  0x0000022a57497060 JavaThread "Connection worker"                 [_thread_blocked, id=38692, stack(0x00000064b8700000,0x00000064b8800000) (1024K)]
  0x0000022a57499e50 JavaThread "Connection worker"                 [_thread_blocked, id=6732, stack(0x00000064c1300000,0x00000064c1400000) (1024K)]
  0x0000022a5749e680 JavaThread "Connection worker"                 [_thread_blocked, id=26148, stack(0x00000064c3e00000,0x00000064c3f00000) (1024K)]
  0x0000022a5749b200 JavaThread "Connection worker"                 [_thread_blocked, id=36880, stack(0x00000064bac00000,0x00000064bad00000) (1024K)]
  0x0000022a57498aa0 JavaThread "Connection worker"                 [_thread_blocked, id=38424, stack(0x00000064bd800000,0x00000064bd900000) (1024K)]
  0x0000022a57499130 JavaThread "Connection worker"                 [_thread_blocked, id=23420, stack(0x00000064bdb00000,0x00000064bdc00000) (1024K)]
  0x0000022a574a00c0 JavaThread "Connection worker"                 [_thread_blocked, id=34300, stack(0x00000064bb100000,0x00000064bb200000) (1024K)]
  0x0000022a5749f3a0 JavaThread "Timer-112"                         [_thread_blocked, id=33644, stack(0x00000064bbd00000,0x00000064bbe00000) (1024K)]
  0x0000022a574a1470 JavaThread "Connection worker"                 [_thread_blocked, id=38732, stack(0x00000064b8600000,0x00000064b8700000) (1024K)]
  0x0000022a574a0750 JavaThread "Worker-735: Initialize workspace"        [_thread_blocked, id=38404, stack(0x00000064bbe00000,0x00000064bbf00000) (1024K)]
  0x0000022a574a2190 JavaThread "Worker-736: Check JDK Index"        [_thread_blocked, id=2504, stack(0x00000064bbb00000,0x00000064bbc00000) (1024K)]
  0x0000022a5749ed10 JavaThread "Worker-740: Check JDK Index"        [_thread_blocked, id=35860, stack(0x00000064bc000000,0x00000064bc100000) (1024K)]
  0x0000022a574a3bd0 JavaThread "Connection worker"                 [_thread_blocked, id=2000, stack(0x00000064bdd00000,0x00000064bde00000) (1024K)]
  0x0000022a574a2820 JavaThread "pool-113-thread-1"                 [_thread_blocked, id=36928, stack(0x00000064bea00000,0x00000064beb00000) (1024K)]
  0x0000022a574a4260 JavaThread "Timer-113"                         [_thread_blocked, id=25832, stack(0x00000064c0300000,0x00000064c0400000) (1024K)]
  0x0000022a5749c5b0 JavaThread "Worker-746: Initialize workspace"        [_thread_blocked, id=23000, stack(0x00000064bbf00000,0x00000064bc000000) (1024K)]
  0x0000022a574a3540 JavaThread "Worker-747: Check JDK Index"        [_thread_blocked, id=31632, stack(0x00000064bd700000,0x00000064bd800000) (1024K)]
  0x0000022a574a1b00 JavaThread "Connection worker"                 [_thread_blocked, id=36564, stack(0x00000064c1700000,0x00000064c1800000) (1024K)]
  0x0000022a574a0de0 JavaThread "Connection worker"                 [_thread_blocked, id=28296, stack(0x00000064c1c00000,0x00000064c1d00000) (1024K)]
  0x0000022a574a5610 JavaThread "pool-114-thread-1"                 [_thread_blocked, id=32088, stack(0x00000064c2100000,0x00000064c2200000) (1024K)]
  0x0000022a574a5ca0 JavaThread "pool-115-thread-1"                 [_thread_blocked, id=27524, stack(0x00000064c2500000,0x00000064c2600000) (1024K)]
  0x0000022a574a4f80 JavaThread "Timer-114"                         [_thread_blocked, id=34892, stack(0x00000064c3700000,0x00000064c3800000) (1024K)]
  0x0000022a574a76e0 JavaThread "Exec process"                      [_thread_blocked, id=23336, stack(0x00000064c5500000,0x00000064c5600000) (1024K)]
  0x0000022a574a6330 JavaThread "Worker-754: Initialize workspace"        [_thread_blocked, id=38580, stack(0x00000064c2a00000,0x00000064c2b00000) (1024K)]
  0x0000022a574a7050 JavaThread "Exec process Thread 2"             [_thread_blocked, id=38164, stack(0x00000064c9c00000,0x00000064c9d00000) (1024K)]
  0x0000022a574a2eb0 JavaThread "Worker-756: Check JDK Index"        [_thread_blocked, id=29252, stack(0x00000064c4600000,0x00000064c4700000) (1024K)]
  0x0000022a574a69c0 JavaThread "Connection worker"                 [_thread_blocked, id=11240, stack(0x00000064c8100000,0x00000064c8200000) (1024K)]
  0x0000022a574a48f0 JavaThread "pool-116-thread-1"                 [_thread_blocked, id=30996, stack(0x00000064c8900000,0x00000064c8a00000) (1024K)]
  0x0000022a474b49c0 JavaThread "Timer-115"                         [_thread_blocked, id=23244, stack(0x00000064bb600000,0x00000064bb700000) (1024K)]
  0x0000022a474b5050 JavaThread "Exec process"                      [_thread_blocked, id=5836, stack(0x00000064bcb00000,0x00000064bcc00000) (1024K)]
  0x0000022a474b9f10 JavaThread "Exec process Thread 2"             [_thread_blocked, id=30584, stack(0x00000064bcd00000,0x00000064bce00000) (1024K)]
  0x0000022a474b6400 JavaThread "Worker-764: Initialize workspace"        [_thread_blocked, id=35536, stack(0x00000064bbc00000,0x00000064bbd00000) (1024K)]
  0x0000022a474b3ca0 JavaThread "Exec process"                      [_thread_blocked, id=21436, stack(0x00000064bc900000,0x00000064bca00000) (1024K)]
  0x0000022a474b56e0 JavaThread "Worker-768: Check JDK Index"        [_thread_blocked, id=33720, stack(0x00000064bcc00000,0x00000064bcd00000) (1024K)]
  0x0000022a474bb2c0 JavaThread "Timer-116"                         [_thread_blocked, id=9012, stack(0x00000064ca000000,0x00000064ca100000) (1024K)]
  0x0000022a474bedd0 JavaThread "Exec process"                      [_thread_in_native, id=17476, stack(0x00000064ca900000,0x00000064caa00000) (1024K)]
  0x0000022a474c3600 JavaThread "Exec process Thread 2"             [_thread_blocked, id=33564, stack(0x00000064cc100000,0x00000064cc200000) (1024K)]
  0x0000022a474b2f80 JavaThread "Worker-774: Initialize workspace"        [_thread_blocked, id=33656, stack(0x00000064bc800000,0x00000064bc900000) (1024K)]
  0x0000022a474c77a0 JavaThread "Exec process Thread 2"             [_thread_blocked, id=28964, stack(0x00000064cc000000,0x00000064cc100000) (1024K)]
  0x0000022a474be0b0 JavaThread "Connection worker"                 [_thread_blocked, id=33732, stack(0x00000064bce00000,0x00000064bcf00000) (1024K)]
  0x0000022a474c49b0 JavaThread "Worker-778: Check JDK Index"        [_thread_blocked, id=30020, stack(0x00000064ccc00000,0x00000064ccd00000) (1024K)]
  0x0000022a474c4320 JavaThread "Connection worker"                 [_thread_blocked, id=33528, stack(0x00000064d1b00000,0x00000064d1c00000) (1024K)]
  0x0000022a45b8c230 JavaThread "pool-117-thread-1"                 [_thread_blocked, id=21620, stack(0x00000064d1c00000,0x00000064d1d00000) (1024K)]
  0x0000022a45b8b510 JavaThread "pool-118-thread-1"                 [_thread_blocked, id=8312, stack(0x00000064c1600000,0x00000064c1700000) (1024K)]
  0x0000022a45b89ad0 JavaThread "Exec process"                      [_thread_blocked, id=4624, stack(0x00000064c2200000,0x00000064c2300000) (1024K)]
  0x0000022a45b903d0 JavaThread "Exec process Thread 2"             [_thread_blocked, id=33284, stack(0x00000064d3c00000,0x00000064d3d00000) (1024K)]
  0x0000022a45b91e10 JavaThread "Timer-117"                         [_thread_blocked, id=7252, stack(0x00000064d4400000,0x00000064d4500000) (1024K)]
  0x0000022a46c2b800 JavaThread "Worker-786: Initialize workspace"        [_thread_blocked, id=26308, stack(0x00000064d3800000,0x00000064d3900000) (1024K)]
  0x0000022a46c2be90 JavaThread "Worker-788: Check JDK Index"        [_thread_blocked, id=38296, stack(0x00000064d3d00000,0x00000064d3e00000) (1024K)]
  0x0000022a46c2b170 JavaThread "Connection worker"                 [_thread_blocked, id=20084, stack(0x00000064d4900000,0x00000064d4a00000) (1024K)]
  0x0000022a46c2ec80 JavaThread "pool-119-thread-1"                 [_thread_blocked, id=32244, stack(0x00000064d4b00000,0x00000064d4c00000) (1024K)]
  0x0000022a47017260 JavaThread "Exec process"                      [_thread_blocked, id=34280, stack(0x00000064d5900000,0x00000064d5a00000) (1024K)]
  0x0000022a47014b00 JavaThread "Exec process Thread 2"             [_thread_blocked, id=392, stack(0x00000064d5c00000,0x00000064d5d00000) (1024K)]
  0x0000022a47018610 JavaThread "Timer-118"                         [_thread_blocked, id=38408, stack(0x00000064d5d00000,0x00000064d5e00000) (1024K)]
  0x0000022a47017f80 JavaThread "Worker-798: Initialize workspace"        [_thread_blocked, id=10632, stack(0x00000064d4100000,0x00000064d4200000) (1024K)]
  0x0000022a470123a0 JavaThread "Worker-800: Check JDK Index"        [_thread_blocked, id=19624, stack(0x00000064d4c00000,0x00000064d4d00000) (1024K)]
  0x0000022a7eb88090 JavaThread "Connection worker"                 [_thread_blocked, id=11628, stack(0x00000064d5200000,0x00000064d5300000) (1024K)]
  0x0000022a7eb88720 JavaThread "Exec process"                      [_thread_blocked, id=25524, stack(0x00000064d5a00000,0x00000064d5b00000) (1024K)]
  0x0000022a7eb8cf50 JavaThread "pool-120-thread-1"                 [_thread_blocked, id=28412, stack(0x00000064d5e00000,0x00000064d5f00000) (1024K)]
  0x0000022a7eb93ee0 JavaThread "Exec process Thread 2"             [_thread_blocked, id=33716, stack(0x00000064d6800000,0x00000064d6900000) (1024K)]
  0x0000022a7d96cf30 JavaThread "Exec process"                      [_thread_blocked, id=26776, stack(0x00000064d7f00000,0x00000064d8000000) (1024K)]
  0x0000022a7d96dc50 JavaThread "Exec process Thread 2"             [_thread_blocked, id=33532, stack(0x00000064d8400000,0x00000064d8500000) (1024K)]
  0x0000022a7d96e2e0 JavaThread "Connection worker"                 [_thread_blocked, id=22152, stack(0x00000064bf300000,0x00000064bf400000) (1024K)]
  0x0000022a7d96e970 JavaThread "Timer-119"                         [_thread_blocked, id=10232, stack(0x00000064c0100000,0x00000064c0200000) (1024K)]
  0x0000022a7d50f1d0 JavaThread "Exec process"                      [_thread_blocked, id=26488, stack(0x00000064d6f00000,0x00000064d7000000) (1024K)]
  0x0000022a7d513a00 JavaThread "Exec process Thread 2"             [_thread_blocked, id=38500, stack(0x00000064d8900000,0x00000064d8a00000) (1024K)]
  0x0000022a7d513370 JavaThread "Exec process"                      [_thread_blocked, id=25676, stack(0x00000064bfe00000,0x00000064bff00000) (1024K)]
  0x0000022a47143ce0 JavaThread "Worker-810: Initialize workspace"        [_thread_blocked, id=30572, stack(0x00000064c6200000,0x00000064c6300000) (1024K)]
  0x0000022a47140860 JavaThread "Exec process Thread 2"             [_thread_blocked, id=27076, stack(0x00000064d6400000,0x00000064d6500000) (1024K)]
  0x0000022a47146440 JavaThread "Worker-812: Check JDK Index"        [_thread_blocked, id=27156, stack(0x00000064c0400000,0x00000064c0500000) (1024K)]
  0x0000022a47142fc0 JavaThread "Connection worker"                 [_thread_blocked, id=17500, stack(0x00000064d7000000,0x00000064d7100000) (1024K)]
  0x0000022a7d0eeac0 JavaThread "pool-121-thread-1"                 [_thread_blocked, id=23544, stack(0x00000064d8800000,0x00000064d8900000) (1024K)]
  0x0000022a474b7120 JavaThread "Timer-120"                         [_thread_blocked, id=27300, stack(0x00000064d9100000,0x00000064d9200000) (1024K)]
  0x0000022a474cb2b0 JavaThread "Worker-817: Initialize workspace"        [_thread_blocked, id=36568, stack(0x00000064d9400000,0x00000064d9500000) (1024K)]
  0x0000022a48103b40 JavaThread "Exec process"                      [_thread_blocked, id=28824, stack(0x00000064d8f00000,0x00000064d9000000) (1024K)]
  0x0000022a480f9dc0 JavaThread "Worker-822: Check JDK Index"        [_thread_blocked, id=36780, stack(0x00000064d9500000,0x00000064d9600000) (1024K)]
  0x0000022a45b8dc70 JavaThread "Connection worker"                 [_thread_blocked, id=28128, stack(0x00000064d8a00000,0x00000064d8b00000) (1024K)]
  0x0000022a45b8f020 JavaThread "Exec process Thread 2"             [_thread_blocked, id=31984, stack(0x00000064d9800000,0x00000064d9900000) (1024K)]
  0x0000022a46c2f310 JavaThread "pool-122-thread-1"                 [_thread_blocked, id=32656, stack(0x00000064d9700000,0x00000064d9800000) (1024K)]
  0x0000022a50d62630 JavaThread "Exec process"                      [_thread_blocked, id=12072, stack(0x00000064d5b00000,0x00000064d5c00000) (1024K)]
  0x0000022a50d61fa0 JavaThread "Connection worker"                 [_thread_blocked, id=14412, stack(0x00000064c3300000,0x00000064c3400000) (1024K)]
  0x0000022a50d688a0 JavaThread "Exec process"                      [_thread_blocked, id=31880, stack(0x00000064c9000000,0x00000064c9100000) (1024K)]
  0x0000022a474c56d0 JavaThread "Exec process Thread 2"             [_thread_blocked, id=12844, stack(0x00000064d7700000,0x00000064d7800000) (1024K)]
  0x0000022a7d0ed080 JavaThread "Exec process Thread 2"             [_thread_blocked, id=37156, stack(0x00000064d9600000,0x00000064d9700000) (1024K)]
  0x0000022a7d0edda0 JavaThread "Timer-121"                         [_thread_blocked, id=23416, stack(0x00000064d7500000,0x00000064d7600000) (1024K)]
  0x0000022a47e4f680 JavaThread "Exec process"                      [_thread_blocked, id=33040, stack(0x00000064d9a00000,0x00000064d9b00000) (1024K)]
  0x0000022a7e8b7570 JavaThread "Exec process Thread 2"             [_thread_blocked, id=37148, stack(0x00000064d9c00000,0x00000064d9d00000) (1024K)]
  0x0000022a474bbfe0 JavaThread "Worker-840: Initialize workspace"        [_thread_blocked, id=10180, stack(0x00000064c3200000,0x00000064c3300000) (1024K)]
  0x0000022a474aede0 JavaThread "Connection worker"                 [_thread_blocked, id=34720, stack(0x00000064c0900000,0x00000064c0a00000) (1024K)]
  0x0000022a474c2f70 JavaThread "Connection worker"                 [_thread_blocked, id=33912, stack(0x00000064c7700000,0x00000064c7800000) (1024K)]
  0x0000022a474cbfd0 JavaThread "Worker-841: Check JDK Index"        [_thread_blocked, id=33344, stack(0x00000064cb200000,0x00000064cb300000) (1024K)]
  0x0000022a46ffa700 JavaThread "Connection worker"                 [_thread_blocked, id=13180, stack(0x00000064cbd00000,0x00000064cbe00000) (1024K)]
  0x0000022a7dd95330 JavaThread "pool-123-thread-1"                 [_thread_blocked, id=37140, stack(0x00000064cea00000,0x00000064ceb00000) (1024K)]
  0x0000022a45b93ee0 JavaThread "Connection worker"                 [_thread_blocked, id=8604, stack(0x00000064bfb00000,0x00000064bfc00000) (1024K)]
  0x0000022a46f1e3f0 JavaThread "Timer-122"                         [_thread_blocked, id=13020, stack(0x00000064c1100000,0x00000064c1200000) (1024K)]
  0x0000022a46ffa070 JavaThread "Connection worker"                 [_thread_blocked, id=31712, stack(0x00000064ceb00000,0x00000064cec00000) (1024K)]
  0x0000022a47013750 JavaThread "Connection worker"                 [_thread_blocked, id=3232, stack(0x00000064d2900000,0x00000064d2a00000) (1024K)]
=>0x0000022a47000970 JavaThread "Worker-846: Validating Gradle wrapper checksum..."        [_thread_in_vm, id=6040, stack(0x00000064cb900000,0x00000064cba00000) (1024K)]
  0x0000022a470099d0 JavaThread "Worker-847"                        [_thread_in_vm, id=23276, stack(0x00000064ce300000,0x00000064ce400000) (1024K)]
  0x0000022a47006550 JavaThread "Connection worker"                 [_thread_blocked, id=28432, stack(0x00000064cfc00000,0x00000064cfd00000) (1024K)]
Total: 509

Other Threads:
  0x0000022a6416e730 VMThread "VM Thread"                           [id=36228, stack(0x00000064b8b00000,0x00000064b8c00000) (1024K)] _threads_hazard_ptr=0x0000022a7d605bf0
  0x0000022a6411a960 WatcherThread "VM Periodic Task Thread"        [id=35960, stack(0x00000064b8a00000,0x00000064b8b00000) (1024K)]
  0x0000022a640cc6f0 WorkerThread "GC Thread#0"                     [id=37476, stack(0x00000064b8900000,0x00000064b8a00000) (1024K)]
  0x0000022a7cbb0010 WorkerThread "GC Thread#1"                     [id=28368, stack(0x00000064b9700000,0x00000064b9800000) (1024K)]
  0x0000022a7ca2df20 WorkerThread "GC Thread#2"                     [id=28372, stack(0x00000064b9800000,0x00000064b9900000) (1024K)]
  0x0000022a7ccf8d30 WorkerThread "GC Thread#3"                     [id=28376, stack(0x00000064b9900000,0x00000064b9a00000) (1024K)]
  0x0000022a7ccf90e0 WorkerThread "GC Thread#4"                     [id=17928, stack(0x00000064b9a00000,0x00000064b9b00000) (1024K)]
  0x0000022a7cab0470 WorkerThread "GC Thread#5"                     [id=34388, stack(0x00000064b9b00000,0x00000064b9c00000) (1024K)]
  0x0000022a7cab0820 WorkerThread "GC Thread#6"                     [id=35088, stack(0x00000064b9c00000,0x00000064b9d00000) (1024K)]
  0x0000022a7c5ccc10 WorkerThread "GC Thread#7"                     [id=17324, stack(0x00000064b9d00000,0x00000064b9e00000) (1024K)]
Total: 10

Threads with active compile tasks:
Total: 0

VM state: synchronizing (normal execution)

VM Mutex/Monitor currently owned by a thread:  ([mutex/lock_event])
[0x00007ffc0ec0f5b0] Threads_lock - owner thread: 0x0000022a6416e730
[0x00007ffc0ec0f6b0] Heap_lock - owner thread: 0x0000022a474bbfe0

OutOfMemory and StackOverflow Exception counts:
OutOfMemoryError java_heap_errors=1
LinkageErrors=198

Heap address: 0x0000000080000000, size: 2048 MB, Compressed Oops mode: 32-bit

CDS archive(s) mapped at: [0x0000022a00000000-0x0000022a00ba0000-0x0000022a00ba0000), size 12189696, SharedBaseAddress: 0x0000022a00000000, ArchiveRelocationMode: 1.
Compressed class space mapped at: 0x0000022a01000000-0x0000022a41000000, reserved size: 1073741824
Narrow klass base: 0x0000022a00000000, Narrow klass shift: 0, Narrow klass range: 0x100000000

GC Precious Log:
 CardTable entry size: 512
 CPUs: 8 total, 8 available
 Memory: 16107M
 Large Page Support: Disabled
 NUMA Support: Disabled
 Compressed Oops: Enabled (32-bit)
 Alignments: Space 512K, Generation 512K, Heap 2M
 Heap Min Capacity: 100M
 Heap Initial Capacity: 100M
 Heap Max Capacity: 2G
 Pre-touch: Disabled
 Parallel Workers: 8

Heap:
 PSYoungGen      total 7680K, used 7552K [0x00000000d5580000, 0x00000000d6180000, 0x0000000100000000)
  eden space 7168K, 100% used [0x00000000d5580000,0x00000000d5c80000,0x00000000d5c80000)
  from space 512K, 75% used [0x00000000d6080000,0x00000000d60e0000,0x00000000d6100000)
  to   space 512K, 0% used [0x00000000d6100000,0x00000000d6100000,0x00000000d6180000)
 ParOldGen       total 755712K, used 126146K [0x0000000080000000, 0x00000000ae200000, 0x00000000d5580000)
  object space 755712K, 16% used [0x0000000080000000,0x0000000087b30bd8,0x00000000ae200000)
 Metaspace       used 77710K, committed 79552K, reserved 1179648K
  class space    used 8538K, committed 9408K, reserved 1048576K

Card table byte_map: [0x0000022a63a50000,0x0000022a63e60000] _byte_map_base: 0x0000022a63650000

Marking Bits: (ParMarkBitMap*) 0x00007ffc0ec144a0
 Begin Bits: [0x0000022a76560000, 0x0000022a78560000)
 End Bits:   [0x0000022a78560000, 0x0000022a7a560000)

Polling page: 0x0000022a61f50000

Metaspace:

Usage:
  Non-class:     67.55 MB used.
      Class:      8.34 MB used.
       Both:     75.89 MB used.

Virtual space:
  Non-class space:      128.00 MB reserved,      68.50 MB ( 54%) committed,  2 nodes.
      Class space:        1.00 GB reserved,       9.19 MB ( <1%) committed,  1 nodes.
             Both:        1.12 GB reserved,      77.69 MB (  7%) committed. 

Chunk freelists:
   Non-Class:  10.95 MB
       Class:  6.92 MB
        Both:  17.86 MB

MaxMetaspaceSize: unlimited
CompressedClassSpaceSize: 1.00 GB
Initial GC threshold: 21.00 MB
Current GC threshold: 129.50 MB
CDS: on
 - commit_granule_bytes: 65536.
 - commit_granule_words: 8192.
 - virtual_space_node_default_size: 8388608.
 - enlarge_chunks_in_place: 1.
 - use_allocation_guard: 0.


Internal statistics:

num_allocs_failed_limit: 9.
num_arena_births: 1932.
num_arena_deaths: 208.
num_vsnodes_births: 3.
num_vsnodes_deaths: 0.
num_space_committed: 1243.
num_space_uncommitted: 0.
num_chunks_returned_to_freelist: 270.
num_chunks_taken_from_freelist: 5722.
num_chunk_merges: 90.
num_chunk_splits: 3481.
num_chunks_enlarged: 1970.
num_inconsistent_stats: 0.

CodeHeap 'non-profiled nmethods': size=120000Kb used=16163Kb max_used=16680Kb free=103836Kb
 bounds [0x0000022a6ed80000, 0x0000022a6fdf0000, 0x0000022a762b0000]
CodeHeap 'profiled nmethods': size=120000Kb used=36559Kb max_used=39530Kb free=83440Kb
 bounds [0x0000022a672b0000, 0x0000022a69950000, 0x0000022a6e7e0000]
CodeHeap 'non-nmethods': size=5760Kb used=1459Kb max_used=1544Kb free=4300Kb
 bounds [0x0000022a6e7e0000, 0x0000022a6ea50000, 0x0000022a6ed80000]
CodeCache: size=245760Kb, used=54181Kb, max_used=57754Kb, free=191576Kb
 total_blobs=17027, nmethods=16263, adapters=668, full_count=0
Compilation: enabled, stopped_count=0, restarted_count=0

Compilation events (20 events):
Event: 399.948 Thread 0x0000022a7c308120 18004       3       java.util.regex.Pattern$CharPropertyGreedy::match (160 bytes)
Event: 399.949 Thread 0x0000022a7c308120 nmethod 18004 0x0000022a67d94d10 code [0x0000022a67d94f60, 0x0000022a67d958e0]
Event: 399.965 Thread 0x0000022a6402f8e0 18005   !   4       org.eclipse.core.internal.preferences.EclipsePreferences::getOrCreate (108 bytes)
Event: 399.974 Thread 0x0000022a6402f8e0 nmethod 18005 0x0000022a6ef3f310 code [0x0000022a6ef3f500, 0x0000022a6ef3fc70]
Event: 399.994 Thread 0x0000022a6402f8e0 18006       4       org.eclipse.core.internal.preferences.RootPreferences::node (7 bytes)
Event: 400.009 Thread 0x0000022a6402f8e0 nmethod 18006 0x0000022a6f03be10 code [0x0000022a6f03c060, 0x0000022a6f03cb88]
Event: 400.078 Thread 0x0000022a6402f8e0 18007       4       java.util.regex.Pattern$CharPropertyGreedy::match (160 bytes)
Event: 400.104 Thread 0x0000022a6402f8e0 nmethod 18007 0x0000022a6f00b510 code [0x0000022a6f00b780, 0x0000022a6f00c430]
Event: 400.129 Thread 0x0000022a7c308120 18008       3       com.google.gson.internal.bind.JsonElementTypeAdapter::write (256 bytes)
Event: 400.134 Thread 0x0000022a7c308120 nmethod 18008 0x0000022a682a3b90 code [0x0000022a682a4220, 0x0000022a682a7e58]
Event: 400.273 Thread 0x0000022a7c308120 18009   !   3       java.nio.charset.CharsetDecoder::decode (275 bytes)
Event: 400.275 Thread 0x0000022a7c308120 nmethod 18009 0x0000022a67b0cb10 code [0x0000022a67b0ce40, 0x0000022a67b0e218]
Event: 400.288 Thread 0x0000022a7c308120 18010       3       org.gradle.tooling.internal.adapter.ProtocolToModelAdapter$MixInMappingAction::chain (43 bytes)
Event: 400.288 Thread 0x0000022a7c308120 nmethod 18010 0x0000022a67566910 code [0x0000022a67566b20, 0x0000022a675671d0]
Event: 400.288 Thread 0x0000022a7c308120 18011       3       org.gradle.tooling.internal.adapter.ProtocolToModelAdapter$ViewGraphDetails::<init> (21 bytes)
Event: 400.289 Thread 0x0000022a7c308120 nmethod 18011 0x0000022a67a92190 code [0x0000022a67a92360, 0x0000022a67a927b8]
Event: 400.289 Thread 0x0000022a7c308120 18012       3       org.gradle.tooling.internal.adapter.WeakIdentityHashMap::<init> (16 bytes)
Event: 400.289 Thread 0x0000022a7c308120 nmethod 18012 0x0000022a684e7990 code [0x0000022a684e7b40, 0x0000022a684e7e50]
Event: 400.447 Thread 0x0000022a7c308120 18013       3       java.lang.Throwable::lockedPrintStackTrace (154 bytes)
Event: 400.448 Thread 0x0000022a7c308120 nmethod 18013 0x0000022a67bb5310 code [0x0000022a67bb56c0, 0x0000022a67bb6ea8]

GC Heap History (20 events):
Event: 393.887 GC heap before
{Heap before GC invocations=1954 (full 4):
 PSYoungGen      total 8192K, used 8179K [0x00000000d5580000, 0x00000000d6680000, 0x0000000100000000)
  eden space 7168K, 99% used [0x00000000d5580000,0x00000000d5c7fff0,0x00000000d5c80000)
  from space 1024K, 98% used [0x00000000d5c80000,0x00000000d5d7cf90,0x00000000d5d80000)
  to   space 5120K, 0% used [0x00000000d6180000,0x00000000d6180000,0x00000000d6680000)
 ParOldGen       total 755712K, used 122546K [0x0000000080000000, 0x00000000ae200000, 0x00000000d5580000)
  object space 755712K, 16% used [0x0000000080000000,0x00000000877ac908,0x00000000ae200000)
 Metaspace       used 77692K, committed 79552K, reserved 1179648K
  class space    used 8536K, committed 9408K, reserved 1048576K
}
Event: 393.889 GC heap after
{Heap after GC invocations=1954 (full 4):
 PSYoungGen      total 8704K, used 1248K [0x00000000d5580000, 0x00000000d6300000, 0x0000000100000000)
  eden space 7168K, 0% used [0x00000000d5580000,0x00000000d5580000,0x00000000d5c80000)
  from space 1536K, 81% used [0x00000000d6180000,0x00000000d62b8000,0x00000000d6300000)
  to   space 2560K, 0% used [0x00000000d5e00000,0x00000000d5e00000,0x00000000d6080000)
 ParOldGen       total 755712K, used 123536K [0x0000000080000000, 0x00000000ae200000, 0x00000000d5580000)
  object space 755712K, 16% used [0x0000000080000000,0x00000000878a43c0,0x00000000ae200000)
 Metaspace       used 77692K, committed 79552K, reserved 1179648K
  class space    used 8536K, committed 9408K, reserved 1048576K
}
Event: 394.331 GC heap before
{Heap before GC invocations=1955 (full 4):
 PSYoungGen      total 8704K, used 8416K [0x00000000d5580000, 0x00000000d6300000, 0x0000000100000000)
  eden space 7168K, 100% used [0x00000000d5580000,0x00000000d5c80000,0x00000000d5c80000)
  from space 1536K, 81% used [0x00000000d6180000,0x00000000d62b8000,0x00000000d6300000)
  to   space 2560K, 0% used [0x00000000d5e00000,0x00000000d5e00000,0x00000000d6080000)
 ParOldGen       total 755712K, used 123536K [0x0000000080000000, 0x00000000ae200000, 0x00000000d5580000)
  object space 755712K, 16% used [0x0000000080000000,0x00000000878a43c0,0x00000000ae200000)
 Metaspace       used 77692K, committed 79552K, reserved 1179648K
  class space    used 8536K, committed 9408K, reserved 1048576K
}
Event: 394.334 GC heap after
{Heap after GC invocations=1955 (full 4):
 PSYoungGen      total 9728K, used 416K [0x00000000d5580000, 0x00000000d6200000, 0x0000000100000000)
  eden space 7168K, 0% used [0x00000000d5580000,0x00000000d5580000,0x00000000d5c80000)
  from space 2560K, 16% used [0x00000000d5e00000,0x00000000d5e68000,0x00000000d6080000)
  to   space 1024K, 0% used [0x00000000d6100000,0x00000000d6100000,0x00000000d6200000)
 ParOldGen       total 755712K, used 124714K [0x0000000080000000, 0x00000000ae200000, 0x00000000d5580000)
  object space 755712K, 16% used [0x0000000080000000,0x00000000879caac8,0x00000000ae200000)
 Metaspace       used 77692K, committed 79552K, reserved 1179648K
  class space    used 8536K, committed 9408K, reserved 1048576K
}
Event: 394.979 GC heap before
{Heap before GC invocations=1956 (full 4):
 PSYoungGen      total 9728K, used 7584K [0x00000000d5580000, 0x00000000d6200000, 0x0000000100000000)
  eden space 7168K, 100% used [0x00000000d5580000,0x00000000d5c80000,0x00000000d5c80000)
  from space 2560K, 16% used [0x00000000d5e00000,0x00000000d5e68000,0x00000000d6080000)
  to   space 1024K, 0% used [0x00000000d6100000,0x00000000d6100000,0x00000000d6200000)
 ParOldGen       total 755712K, used 124714K [0x0000000080000000, 0x00000000ae200000, 0x00000000d5580000)
  object space 755712K, 16% used [0x0000000080000000,0x00000000879caac8,0x00000000ae200000)
 Metaspace       used 77692K, committed 79552K, reserved 1179648K
  class space    used 8536K, committed 9408K, reserved 1048576K
}
Event: 394.981 GC heap after
{Heap after GC invocations=1956 (full 4):
 PSYoungGen      total 7680K, used 352K [0x00000000d5580000, 0x00000000d6180000, 0x0000000100000000)
  eden space 7168K, 0% used [0x00000000d5580000,0x00000000d5580000,0x00000000d5c80000)
  from space 512K, 68% used [0x00000000d6100000,0x00000000d6158000,0x00000000d6180000)
  to   space 512K, 0% used [0x00000000d6080000,0x00000000d6080000,0x00000000d6100000)
 ParOldGen       total 755712K, used 124938K [0x0000000080000000, 0x00000000ae200000, 0x00000000d5580000)
  object space 755712K, 16% used [0x0000000080000000,0x0000000087a02ac8,0x00000000ae200000)
 Metaspace       used 77692K, committed 79552K, reserved 1179648K
  class space    used 8536K, committed 9408K, reserved 1048576K
}
Event: 395.556 GC heap before
{Heap before GC invocations=1957 (full 4):
 PSYoungGen      total 7680K, used 7520K [0x00000000d5580000, 0x00000000d6180000, 0x0000000100000000)
  eden space 7168K, 100% used [0x00000000d5580000,0x00000000d5c80000,0x00000000d5c80000)
  from space 512K, 68% used [0x00000000d6100000,0x00000000d6158000,0x00000000d6180000)
  to   space 512K, 0% used [0x00000000d6080000,0x00000000d6080000,0x00000000d6100000)
 ParOldGen       total 755712K, used 124938K [0x0000000080000000, 0x00000000ae200000, 0x00000000d5580000)
  object space 755712K, 16% used [0x0000000080000000,0x0000000087a02ac8,0x00000000ae200000)
 Metaspace       used 77694K, committed 79552K, reserved 1179648K
  class space    used 8536K, committed 9408K, reserved 1048576K
}
Event: 395.558 GC heap after
{Heap after GC invocations=1957 (full 4):
 PSYoungGen      total 7680K, used 384K [0x00000000d5580000, 0x00000000d6180000, 0x0000000100000000)
  eden space 7168K, 0% used [0x00000000d5580000,0x00000000d5580000,0x00000000d5c80000)
  from space 512K, 75% used [0x00000000d6080000,0x00000000d60e0000,0x00000000d6100000)
  to   space 512K, 0% used [0x00000000d6100000,0x00000000d6100000,0x00000000d6180000)
 ParOldGen       total 755712K, used 125078K [0x0000000080000000, 0x00000000ae200000, 0x00000000d5580000)
  object space 755712K, 16% used [0x0000000080000000,0x0000000087a25ad8,0x00000000ae200000)
 Metaspace       used 77694K, committed 79552K, reserved 1179648K
  class space    used 8536K, committed 9408K, reserved 1048576K
}
Event: 396.149 GC heap before
{Heap before GC invocations=1958 (full 4):
 PSYoungGen      total 7680K, used 7551K [0x00000000d5580000, 0x00000000d6180000, 0x0000000100000000)
  eden space 7168K, 99% used [0x00000000d5580000,0x00000000d5c7ffb8,0x00000000d5c80000)
  from space 512K, 75% used [0x00000000d6080000,0x00000000d60e0000,0x00000000d6100000)
  to   space 512K, 0% used [0x00000000d6100000,0x00000000d6100000,0x00000000d6180000)
 ParOldGen       total 755712K, used 125078K [0x0000000080000000, 0x00000000ae200000, 0x00000000d5580000)
  object space 755712K, 16% used [0x0000000080000000,0x0000000087a25ad8,0x00000000ae200000)
 Metaspace       used 77696K, committed 79552K, reserved 1179648K
  class space    used 8536K, committed 9408K, reserved 1048576K
}
Event: 396.151 GC heap after
{Heap after GC invocations=1958 (full 4):
 PSYoungGen      total 7680K, used 493K [0x00000000d5580000, 0x00000000d6180000, 0x0000000100000000)
  eden space 7168K, 0% used [0x00000000d5580000,0x00000000d5580000,0x00000000d5c80000)
  from space 512K, 96% used [0x00000000d6100000,0x00000000d617b6b8,0x00000000d6180000)
  to   space 1024K, 0% used [0x00000000d5f80000,0x00000000d5f80000,0x00000000d6080000)
 ParOldGen       total 755712K, used 125334K [0x0000000080000000, 0x00000000ae200000, 0x00000000d5580000)
  object space 755712K, 16% used [0x0000000080000000,0x0000000087a65b08,0x00000000ae200000)
 Metaspace       used 77696K, committed 79552K, reserved 1179648K
  class space    used 8536K, committed 9408K, reserved 1048576K
}
Event: 397.191 GC heap before
{Heap before GC invocations=1959 (full 4):
 PSYoungGen      total 7680K, used 7657K [0x00000000d5580000, 0x00000000d6180000, 0x0000000100000000)
  eden space 7168K, 99% used [0x00000000d5580000,0x00000000d5c7edf8,0x00000000d5c80000)
  from space 512K, 96% used [0x00000000d6100000,0x00000000d617b6b8,0x00000000d6180000)
  to   space 1024K, 0% used [0x00000000d5f80000,0x00000000d5f80000,0x00000000d6080000)
 ParOldGen       total 755712K, used 125334K [0x0000000080000000, 0x00000000ae200000, 0x00000000d5580000)
  object space 755712K, 16% used [0x0000000080000000,0x0000000087a65b08,0x00000000ae200000)
 Metaspace       used 77696K, committed 79552K, reserved 1179648K
  class space    used 8536K, committed 9408K, reserved 1048576K
}
Event: 397.193 GC heap after
{Heap after GC invocations=1959 (full 4):
 PSYoungGen      total 8192K, used 320K [0x00000000d5580000, 0x00000000d6180000, 0x0000000100000000)
  eden space 7168K, 0% used [0x00000000d5580000,0x00000000d5580000,0x00000000d5c80000)
  from space 1024K, 31% used [0x00000000d5f80000,0x00000000d5fd0000,0x00000000d6080000)
  to   space 512K, 0% used [0x00000000d6100000,0x00000000d6100000,0x00000000d6180000)
 ParOldGen       total 755712K, used 125586K [0x0000000080000000, 0x00000000ae200000, 0x00000000d5580000)
  object space 755712K, 16% used [0x0000000080000000,0x0000000087aa4b48,0x00000000ae200000)
 Metaspace       used 77696K, committed 79552K, reserved 1179648K
  class space    used 8536K, committed 9408K, reserved 1048576K
}
Event: 397.937 GC heap before
{Heap before GC invocations=1960 (full 4):
 PSYoungGen      total 8192K, used 7488K [0x00000000d5580000, 0x00000000d6180000, 0x0000000100000000)
  eden space 7168K, 100% used [0x00000000d5580000,0x00000000d5c80000,0x00000000d5c80000)
  from space 1024K, 31% used [0x00000000d5f80000,0x00000000d5fd0000,0x00000000d6080000)
  to   space 512K, 0% used [0x00000000d6100000,0x00000000d6100000,0x00000000d6180000)
 ParOldGen       total 755712K, used 125586K [0x0000000080000000, 0x00000000ae200000, 0x00000000d5580000)
  object space 755712K, 16% used [0x0000000080000000,0x0000000087aa4b48,0x00000000ae200000)
 Metaspace       used 77697K, committed 79552K, reserved 1179648K
  class space    used 8536K, committed 9408K, reserved 1048576K
}
Event: 397.938 GC heap after
{Heap after GC invocations=1960 (full 4):
 PSYoungGen      total 7680K, used 224K [0x00000000d5580000, 0x00000000d6180000, 0x0000000100000000)
  eden space 7168K, 0% used [0x00000000d5580000,0x00000000d5580000,0x00000000d5c80000)
  from space 512K, 43% used [0x00000000d6100000,0x00000000d6138000,0x00000000d6180000)
  to   space 512K, 0% used [0x00000000d6080000,0x00000000d6080000,0x00000000d6100000)
 ParOldGen       total 755712K, used 125802K [0x0000000080000000, 0x00000000ae200000, 0x00000000d5580000)
  object space 755712K, 16% used [0x0000000080000000,0x0000000087adab78,0x00000000ae200000)
 Metaspace       used 77697K, committed 79552K, reserved 1179648K
  class space    used 8536K, committed 9408K, reserved 1048576K
}
Event: 398.418 GC heap before
{Heap before GC invocations=1961 (full 4):
 PSYoungGen      total 7680K, used 7392K [0x00000000d5580000, 0x00000000d6180000, 0x0000000100000000)
  eden space 7168K, 100% used [0x00000000d5580000,0x00000000d5c80000,0x00000000d5c80000)
  from space 512K, 43% used [0x00000000d6100000,0x00000000d6138000,0x00000000d6180000)
  to   space 512K, 0% used [0x00000000d6080000,0x00000000d6080000,0x00000000d6100000)
 ParOldGen       total 755712K, used 125802K [0x0000000080000000, 0x00000000ae200000, 0x00000000d5580000)
  object space 755712K, 16% used [0x0000000080000000,0x0000000087adab78,0x00000000ae200000)
 Metaspace       used 77697K, committed 79552K, reserved 1179648K
  class space    used 8536K, committed 9408K, reserved 1048576K
}
Event: 398.420 GC heap after
{Heap after GC invocations=1961 (full 4):
 PSYoungGen      total 7680K, used 192K [0x00000000d5580000, 0x00000000d6180000, 0x0000000100000000)
  eden space 7168K, 0% used [0x00000000d5580000,0x00000000d5580000,0x00000000d5c80000)
  from space 512K, 37% used [0x00000000d6080000,0x00000000d60b0000,0x00000000d6100000)
  to   space 512K, 0% used [0x00000000d6100000,0x00000000d6100000,0x00000000d6180000)
 ParOldGen       total 755712K, used 125874K [0x0000000080000000, 0x00000000ae200000, 0x00000000d5580000)
  object space 755712K, 16% used [0x0000000080000000,0x0000000087aecb98,0x00000000ae200000)
 Metaspace       used 77697K, committed 79552K, reserved 1179648K
  class space    used 8536K, committed 9408K, reserved 1048576K
}
Event: 399.430 GC heap before
{Heap before GC invocations=1962 (full 4):
 PSYoungGen      total 7680K, used 7360K [0x00000000d5580000, 0x00000000d6180000, 0x0000000100000000)
  eden space 7168K, 100% used [0x00000000d5580000,0x00000000d5c80000,0x00000000d5c80000)
  from space 512K, 37% used [0x00000000d6080000,0x00000000d60b0000,0x00000000d6100000)
  to   space 512K, 0% used [0x00000000d6100000,0x00000000d6100000,0x00000000d6180000)
 ParOldGen       total 755712K, used 125874K [0x0000000080000000, 0x00000000ae200000, 0x00000000d5580000)
  object space 755712K, 16% used [0x0000000080000000,0x0000000087aecb98,0x00000000ae200000)
 Metaspace       used 77697K, committed 79552K, reserved 1179648K
  class space    used 8536K, committed 9408K, reserved 1048576K
}
Event: 399.431 GC heap after
{Heap after GC invocations=1962 (full 4):
 PSYoungGen      total 7680K, used 448K [0x00000000d5580000, 0x00000000d6180000, 0x0000000100000000)
  eden space 7168K, 0% used [0x00000000d5580000,0x00000000d5580000,0x00000000d5c80000)
  from space 512K, 87% used [0x00000000d6100000,0x00000000d6170000,0x00000000d6180000)
  to   space 512K, 0% used [0x00000000d6080000,0x00000000d6080000,0x00000000d6100000)
 ParOldGen       total 755712K, used 125986K [0x0000000080000000, 0x00000000ae200000, 0x00000000d5580000)
  object space 755712K, 16% used [0x0000000080000000,0x0000000087b08bb8,0x00000000ae200000)
 Metaspace       used 77697K, committed 79552K, reserved 1179648K
  class space    used 8536K, committed 9408K, reserved 1048576K
}
Event: 400.254 GC heap before
{Heap before GC invocations=1963 (full 4):
 PSYoungGen      total 7680K, used 7616K [0x00000000d5580000, 0x00000000d6180000, 0x0000000100000000)
  eden space 7168K, 100% used [0x00000000d5580000,0x00000000d5c80000,0x00000000d5c80000)
  from space 512K, 87% used [0x00000000d6100000,0x00000000d6170000,0x00000000d6180000)
  to   space 512K, 0% used [0x00000000d6080000,0x00000000d6080000,0x00000000d6100000)
 ParOldGen       total 755712K, used 125986K [0x0000000080000000, 0x00000000ae200000, 0x00000000d5580000)
  object space 755712K, 16% used [0x0000000080000000,0x0000000087b08bb8,0x00000000ae200000)
 Metaspace       used 77707K, committed 79552K, reserved 1179648K
  class space    used 8538K, committed 9408K, reserved 1048576K
}
Event: 400.257 GC heap after
{Heap after GC invocations=1963 (full 4):
 PSYoungGen      total 7680K, used 384K [0x00000000d5580000, 0x00000000d6180000, 0x0000000100000000)
  eden space 7168K, 0% used [0x00000000d5580000,0x00000000d5580000,0x00000000d5c80000)
  from space 512K, 75% used [0x00000000d6080000,0x00000000d60e0000,0x00000000d6100000)
  to   space 512K, 0% used [0x00000000d6100000,0x00000000d6100000,0x00000000d6180000)
 ParOldGen       total 755712K, used 126146K [0x0000000080000000, 0x00000000ae200000, 0x00000000d5580000)
  object space 755712K, 16% used [0x0000000080000000,0x0000000087b30bd8,0x00000000ae200000)
 Metaspace       used 77707K, committed 79552K, reserved 1179648K
  class space    used 8538K, committed 9408K, reserved 1048576K
}

Dll operation events (20 events):
Event: 3.817 Attempting to load shared library C:\Users\user\.vscode\extensions\redhat.java-1.56.0-win32-x64\jre\21.0.12.1-win32-x86_64\bin\zip.dll
Event: 3.817 Loaded shared library C:\Users\user\.vscode\extensions\redhat.java-1.56.0-win32-x64\jre\21.0.12.1-win32-x86_64\bin\zip.dll
Event: 5.208 Attempting to load shared library C:\Users\user\.vscode\extensions\redhat.java-1.56.0-win32-x64\jre\21.0.12.1-win32-x86_64\bin\jimage.dll
Event: 5.208 Loaded shared library C:\Users\user\.vscode\extensions\redhat.java-1.56.0-win32-x64\jre\21.0.12.1-win32-x86_64\bin\jimage.dll
Event: 10.964 Attempting to load shared library c:\Users\user\.vscode\extensions\redhat.java-1.56.0-win32-x64\jre\21.0.12.1-win32-x86_64\bin\verify.dll
Event: 10.998 Loaded shared library c:\Users\user\.vscode\extensions\redhat.java-1.56.0-win32-x64\jre\21.0.12.1-win32-x86_64\bin\verify.dll
Event: 33.349 Attempting to load shared library C:\Users\user\AppData\Roaming\Code\User\globalStorage\redhat.java\1.56.0\config_win\org.eclipse.equinox.launcher\org.eclipse.equinox.launcher.win32.win32.x86_64_1.3.100.v20260804-1928\eclipse_11924.dll
Event: 33.362 Loaded shared library C:\Users\user\AppData\Roaming\Code\User\globalStorage\redhat.java\1.56.0\config_win\org.eclipse.equinox.launcher\org.eclipse.equinox.launcher.win32.win32.x86_64_1.3.100.v20260804-1928\eclipse_11924.dll
Event: 42.903 Attempting to load shared library C:\Users\user\AppData\Local\Temp\jna-3599307\jna3219086289758154471.dll
Event: 43.170 Loaded shared library C:\Users\user\AppData\Local\Temp\jna-3599307\jna3219086289758154471.dll
Event: 72.812 Attempting to load shared library C:\Users\user\.gradle\native\660c5614fbf4a5f2a75b1949f50a0caf5cd603558e7d8a26e50b933a0cfb79d1\windows-amd64\native-platform.dll
Event: 72.814 Loaded shared library C:\Users\user\.gradle\native\660c5614fbf4a5f2a75b1949f50a0caf5cd603558e7d8a26e50b933a0cfb79d1\windows-amd64\native-platform.dll
Event: 74.578 Attempting to load shared library C:\Users\user\.vscode\extensions\redhat.java-1.56.0-win32-x64\jre\21.0.12.1-win32-x86_64\bin\management.dll
Event: 74.603 Loaded shared library C:\Users\user\.vscode\extensions\redhat.java-1.56.0-win32-x64\jre\21.0.12.1-win32-x86_64\bin\management.dll
Event: 74.615 Attempting to load shared library C:\Users\user\.vscode\extensions\redhat.java-1.56.0-win32-x64\jre\21.0.12.1-win32-x86_64\bin\management_ext.dll
Event: 74.621 Loaded shared library C:\Users\user\.vscode\extensions\redhat.java-1.56.0-win32-x64\jre\21.0.12.1-win32-x86_64\bin\management_ext.dll
Event: 82.758 Attempting to load shared library C:\Users\user\.vscode\extensions\redhat.java-1.56.0-win32-x64\jre\21.0.12.1-win32-x86_64\bin\extnet.dll
Event: 82.764 Loaded shared library C:\Users\user\.vscode\extensions\redhat.java-1.56.0-win32-x64\jre\21.0.12.1-win32-x86_64\bin\extnet.dll
Event: 83.501 Attempting to load shared library C:\Users\user\.vscode\extensions\redhat.java-1.56.0-win32-x64\jre\21.0.12.1-win32-x86_64\bin\sunmscapi.dll
Event: 83.528 Loaded shared library C:\Users\user\.vscode\extensions\redhat.java-1.56.0-win32-x64\jre\21.0.12.1-win32-x86_64\bin\sunmscapi.dll

Deoptimization events (20 events):
Event: 399.948 Thread 0x0000022a474b3ca0 DEOPT PACKING pc=0x0000022a6efb6d2c sp=0x00000064bc9fe8a0
Event: 399.948 Thread 0x0000022a474b3ca0 DEOPT UNPACKING pc=0x0000022a6e836da2 sp=0x00000064bc9fe838 mode 2
Event: 399.948 Thread 0x0000022a474b3ca0 Uncommon trap: trap_request=0xffffff45 fr.pc=0x0000022a6f38d6fc relative=0x000000000000083c
Event: 399.948 Thread 0x0000022a474b3ca0 Uncommon trap: reason=unstable_if action=reinterpret pc=0x0000022a6f38d6fc method=java.lang.Character.codePointAt(Ljava/lang/CharSequence;I)I @ 12 c2
Event: 399.948 Thread 0x0000022a474b3ca0 DEOPT PACKING pc=0x0000022a6f38d6fc sp=0x00000064bc9fe9b0
Event: 399.948 Thread 0x0000022a474b3ca0 DEOPT UNPACKING pc=0x0000022a6e836da2 sp=0x00000064bc9fe8f0 mode 2
Event: 399.948 Thread 0x0000022a474b3ca0 Uncommon trap: trap_request=0xffffff45 fr.pc=0x0000022a6ef48a68 relative=0x0000000000000048
Event: 399.948 Thread 0x0000022a474b3ca0 Uncommon trap: reason=unstable_if action=reinterpret pc=0x0000022a6ef48a68 method=java.lang.Character.charCount(I)I @ 3 c2
Event: 399.948 Thread 0x0000022a474b3ca0 DEOPT PACKING pc=0x0000022a6ef48a68 sp=0x00000064bc9fe970
Event: 399.948 Thread 0x0000022a474b3ca0 DEOPT UNPACKING pc=0x0000022a6e836da2 sp=0x00000064bc9fe8f8 mode 2
Event: 399.948 Thread 0x0000022a474b3ca0 Uncommon trap: trap_request=0xffffffbe fr.pc=0x0000022a6f5f0df8 relative=0x0000000000000af8
Event: 399.948 Thread 0x0000022a474b3ca0 Uncommon trap: reason=profile_predicate action=maybe_recompile pc=0x0000022a6f5f0df8 method=java.util.regex.Pattern$CharPropertyGreedy.match(Ljava/util/regex/Matcher;ILjava/lang/CharSequence;)Z @ 12 c2
Event: 399.948 Thread 0x0000022a474b3ca0 DEOPT PACKING pc=0x0000022a6f5f0df8 sp=0x00000064bc9fe990
Event: 399.948 Thread 0x0000022a474b3ca0 DEOPT UNPACKING pc=0x0000022a6e836da2 sp=0x00000064bc9fe970 mode 2
Event: 400.046 Thread 0x0000022a574a76e0 DEOPT PACKING pc=0x0000022a67d9577d sp=0x00000064c55fe9d0
Event: 400.046 Thread 0x0000022a574a76e0 DEOPT UNPACKING pc=0x0000022a6e8378e2 sp=0x00000064c55fde80 mode 0
Event: 400.078 Thread 0x0000022a474bbfe0 DEOPT PACKING pc=0x0000022a67d9577d sp=0x00000064c32ff130
Event: 400.078 Thread 0x0000022a474bbfe0 DEOPT UNPACKING pc=0x0000022a6e8378e2 sp=0x00000064c32fe5e0 mode 0
Event: 400.078 Thread 0x0000022a474bbfe0 DEOPT PACKING pc=0x0000022a67d9577d sp=0x00000064c32ff130
Event: 400.078 Thread 0x0000022a474bbfe0 DEOPT UNPACKING pc=0x0000022a6e8378e2 sp=0x00000064c32fe5e0 mode 0

Classes loaded (20 events):
Event: 101.551 Loading class java/io/SequenceInputStream
Event: 101.552 Loading class java/io/SequenceInputStream done
Event: 118.990 Loading class java/util/regex/Matcher$ImmutableMatchResult
Event: 118.991 Loading class java/util/regex/Matcher$ImmutableMatchResult done
Event: 213.308 Loading class sun/net/ConnectionResetException
Event: 213.312 Loading class sun/net/ConnectionResetException done
Event: 359.493 Loading class java/util/stream/Nodes$CollectorTask$OfRef
Event: 359.504 Loading class java/util/stream/Nodes$CollectorTask
Event: 359.516 Loading class java/util/stream/Nodes$CollectorTask done
Event: 359.516 Loading class java/util/stream/Nodes$CollectorTask$OfRef done
Event: 359.524 Loading class java/util/stream/Nodes$ConcNode
Event: 359.527 Loading class java/util/stream/Nodes$AbstractConcNode
Event: 359.530 Loading class java/util/stream/Nodes$AbstractConcNode done
Event: 359.530 Loading class java/util/stream/Nodes$ConcNode done
Event: 360.342 Loading class java/io/ObjectOutputStream$BlockDataOutputStream
Event: 360.346 Loading class java/io/ObjectOutputStream$BlockDataOutputStream done
Event: 360.346 Loading class java/io/ObjectOutputStream$HandleTable
Event: 360.347 Loading class java/io/ObjectOutputStream$HandleTable done
Event: 360.347 Loading class java/io/ObjectOutputStream$ReplaceTable
Event: 360.350 Loading class java/io/ObjectOutputStream$ReplaceTable done

Classes unloaded (20 events):
Event: 372.187 Thread 0x0000022a6416e730 Unloading class 0x0000022a01833000 'java/lang/invoke/LambdaForm$MH+0x0000022a01833000'
Event: 372.187 Thread 0x0000022a6416e730 Unloading class 0x0000022a01832c00 'java/lang/invoke/LambdaForm$MH+0x0000022a01832c00'
Event: 372.187 Thread 0x0000022a6416e730 Unloading class 0x0000022a01832800 'java/lang/invoke/LambdaForm$MH+0x0000022a01832800'
Event: 372.187 Thread 0x0000022a6416e730 Unloading class 0x0000022a01832000 'java/lang/invoke/LambdaForm$MH+0x0000022a01832000'
Event: 372.187 Thread 0x0000022a6416e730 Unloading class 0x0000022a01831c00 'java/lang/invoke/LambdaForm$MH+0x0000022a01831c00'
Event: 372.187 Thread 0x0000022a6416e730 Unloading class 0x0000022a01831400 'java/lang/invoke/LambdaForm$MH+0x0000022a01831400'
Event: 372.187 Thread 0x0000022a6416e730 Unloading class 0x0000022a01831800 'java/lang/invoke/LambdaForm$MH+0x0000022a01831800'
Event: 372.187 Thread 0x0000022a6416e730 Unloading class 0x0000022a01830c00 'java/lang/invoke/LambdaForm$MH+0x0000022a01830c00'
Event: 372.187 Thread 0x0000022a6416e730 Unloading class 0x0000022a01830800 'java/lang/invoke/LambdaForm$MH+0x0000022a01830800'
Event: 372.187 Thread 0x0000022a6416e730 Unloading class 0x0000022a01830400 'java/lang/invoke/LambdaForm$MH+0x0000022a01830400'
Event: 372.187 Thread 0x0000022a6416e730 Unloading class 0x0000022a01830000 'java/lang/invoke/LambdaForm$MH+0x0000022a01830000'
Event: 372.187 Thread 0x0000022a6416e730 Unloading class 0x0000022a01825000 'java/lang/invoke/LambdaForm$DMH+0x0000022a01825000'
Event: 372.187 Thread 0x0000022a6416e730 Unloading class 0x0000022a01824c00 'java/lang/invoke/LambdaForm$DMH+0x0000022a01824c00'
Event: 372.187 Thread 0x0000022a6416e730 Unloading class 0x0000022a01824800 'java/lang/invoke/LambdaForm$DMH+0x0000022a01824800'
Event: 372.187 Thread 0x0000022a6416e730 Unloading class 0x0000022a01824400 'java/lang/invoke/LambdaForm$DMH+0x0000022a01824400'
Event: 372.187 Thread 0x0000022a6416e730 Unloading class 0x0000022a01803c00 'java/lang/invoke/LambdaForm$MH+0x0000022a01803c00'
Event: 372.187 Thread 0x0000022a6416e730 Unloading class 0x0000022a01803800 'java/lang/invoke/LambdaForm$MH+0x0000022a01803800'
Event: 372.187 Thread 0x0000022a6416e730 Unloading class 0x0000022a01803000 'java/lang/invoke/LambdaForm$DMH+0x0000022a01803000'
Event: 372.187 Thread 0x0000022a6416e730 Unloading class 0x0000022a01802c00 'java/lang/invoke/LambdaForm$DMH+0x0000022a01802c00'
Event: 372.187 Thread 0x0000022a6416e730 Unloading class 0x0000022a01802000 'java/lang/invoke/LambdaForm$MH+0x0000022a01802000'

Classes redefined (0 events):
No events

Internal exceptions (20 events):
Event: 394.380 Thread 0x0000022a7d9703b0 Exception <a 'java/io/FileNotFoundException'{0x00000000d5618290}> (0x00000000d5618290) 
thrown [s\src\hotspot\share\prims\jni.cpp, line 520]
Event: 394.396 Thread 0x0000022a7d96f000 Exception <a 'java/io/FileNotFoundException'{0x00000000d5639c78}> (0x00000000d5639c78) 
thrown [s\src\hotspot\share\prims\jni.cpp, line 520]
Event: 394.424 Thread 0x0000022a46c2df60 Exception <a 'java/io/FileNotFoundException'{0x00000000d567afa0}> (0x00000000d567afa0) 
thrown [s\src\hotspot\share\prims\jni.cpp, line 520]
Event: 395.279 Thread 0x0000022a45b96cd0 Exception <a 'sun/nio/fs/WindowsException'{0x00000000d5710198}> (0x00000000d5710198) 
thrown [s\src\hotspot\share\prims\jni.cpp, line 520]
Event: 395.452 Thread 0x0000022a47e4e960 Exception <a 'sun/nio/fs/WindowsException'{0x00000000d5812ce8}> (0x00000000d5812ce8) 
thrown [s\src\hotspot\share\prims\jni.cpp, line 520]
Event: 395.975 Thread 0x0000022a474cb2b0 Exception <a 'sun/nio/fs/WindowsException'{0x00000000d59d96f0}> (0x00000000d59d96f0) 
thrown [s\src\hotspot\share\prims\jni.cpp, line 520]
Event: 395.984 Thread 0x0000022a474cb2b0 Exception <a 'sun/nio/fs/WindowsException'{0x00000000d59d9d28}> (0x00000000d59d9d28) 
thrown [s\src\hotspot\share\prims\jni.cpp, line 520]
Event: 396.011 Thread 0x0000022a474cb2b0 Exception <a 'sun/nio/fs/WindowsException'{0x00000000d59da790}> (0x00000000d59da790) 
thrown [s\src\hotspot\share\prims\jni.cpp, line 520]
Event: 396.014 Thread 0x0000022a474cb2b0 Exception <a 'sun/nio/fs/WindowsException'{0x00000000d59dada8}> (0x00000000d59dada8) 
thrown [s\src\hotspot\share\prims\jni.cpp, line 520]
Event: 396.042 Thread 0x0000022a474cb2b0 Exception <a 'sun/nio/fs/WindowsException'{0x00000000d59dc268}> (0x00000000d59dc268) 
thrown [s\src\hotspot\share\prims\jni.cpp, line 520]
Event: 396.046 Thread 0x0000022a474cb2b0 Exception <a 'sun/nio/fs/WindowsException'{0x00000000d59dc880}> (0x00000000d59dc880) 
thrown [s\src\hotspot\share\prims\jni.cpp, line 520]
Event: 397.585 Thread 0x0000022a46f1e3f0 Exception <a 'sun/net/ConnectionResetException'{0x00000000d5a3f260}: Connection reset> (0x00000000d5a3f260) 
thrown [s\src\hotspot\share\prims\jni.cpp, line 539]
Event: 397.638 Thread 0x0000022a46f1e3f0 Exception <a 'java/io/IOException'{0x00000000d5b13640}: Connection reset by peer> (0x00000000d5b13640) 
thrown [s\src\hotspot\share\prims\jni.cpp, line 539]
Event: 398.522 Thread 0x0000022a474c91e0 Exception <a 'sun/nio/fs/WindowsException'{0x00000000d560ab20}> (0x00000000d560ab20) 
thrown [s\src\hotspot\share\prims\jni.cpp, line 520]
Event: 399.668 Thread 0x0000022a47014470 Exception <a 'sun/nio/fs/WindowsException'{0x00000000d593b898}> (0x00000000d593b898) 
thrown [s\src\hotspot\share\prims\jni.cpp, line 520]
Event: 399.866 Thread 0x0000022a4700a060 Exception <a 'java/io/IOException'{0x00000000d5a604e8}: CreateProcess error=8, 메모리 리소스가 부족하여 이 명령을 처리할 수 없습니다> (0x00000000d5a604e8) 
thrown [s\src\hotspot\share\prims\jni.cpp, line 539]
Event: 399.931 Thread 0x0000022a47000970 Exception <a 'sun/nio/fs/WindowsException'{0x00000000d5adaa80}> (0x00000000d5adaa80) 
thrown [s\src\hotspot\share\prims\jni.cpp, line 520]
Event: 400.065 Thread 0x0000022a47000970 Exception <a 'java/lang/OutOfMemoryError'{0x00000000d5b58b88}: unable to create native thread: possibly out of memory or process/resource limits reached> (0x00000000d5b58b88) 
thrown [s\src\hotspot\share\prims\jvm.cpp, line 3026]
Event: 400.385 Thread 0x0000022a474b4330 Exception <a 'java/io/IOException'{0x00000000d5593128}> (0x00000000d5593128) 
thrown [s\src\hotspot\share\prims\jni.cpp, line 520]
Event: 400.419 Thread 0x0000022a474b28f0 Exception <a 'sun/nio/fs/WindowsException'{0x00000000d568e448}> (0x00000000d568e448) 
thrown [s\src\hotspot\share\prims\jni.cpp, line 520]

ZGC Phase Switch (0 events):
No events

VM Operations (20 events):
Event: 394.979 Executing safepoint VM operation: ParallelGCFailedAllocation (Allocation Failure)
Event: 394.981 Executing safepoint VM operation: ParallelGCFailedAllocation (Allocation Failure) done
Event: 395.556 Executing safepoint VM operation: ParallelGCFailedAllocation (Allocation Failure)
Event: 395.558 Executing safepoint VM operation: ParallelGCFailedAllocation (Allocation Failure) done
Event: 396.149 Executing safepoint VM operation: ParallelGCFailedAllocation (Allocation Failure)
Event: 396.151 Executing safepoint VM operation: ParallelGCFailedAllocation (Allocation Failure) done
Event: 397.152 Executing safepoint VM operation: Cleanup
Event: 397.152 Executing safepoint VM operation: Cleanup done
Event: 397.191 Executing safepoint VM operation: ParallelGCFailedAllocation (Allocation Failure)
Event: 397.193 Executing safepoint VM operation: ParallelGCFailedAllocation (Allocation Failure) done
Event: 397.927 Executing safepoint VM operation: ParallelGCFailedAllocation (Allocation Failure)
Event: 397.938 Executing safepoint VM operation: ParallelGCFailedAllocation (Allocation Failure) done
Event: 398.418 Executing safepoint VM operation: ParallelGCFailedAllocation (Allocation Failure)
Event: 398.420 Executing safepoint VM operation: ParallelGCFailedAllocation (Allocation Failure) done
Event: 399.420 Executing safepoint VM operation: Cleanup
Event: 399.420 Executing safepoint VM operation: Cleanup done
Event: 399.429 Executing safepoint VM operation: ParallelGCFailedAllocation (Allocation Failure)
Event: 399.431 Executing safepoint VM operation: ParallelGCFailedAllocation (Allocation Failure) done
Event: 400.254 Executing safepoint VM operation: ParallelGCFailedAllocation (Allocation Failure)
Event: 400.257 Executing safepoint VM operation: ParallelGCFailedAllocation (Allocation Failure) done

Memory protections (0 events):
No events

Nmethod flushes (20 events):
Event: 372.393 Thread 0x0000022a6416e730 flushing  nmethod 0x0000022a68681d10
Event: 372.393 Thread 0x0000022a6416e730 flushing  nmethod 0x0000022a68682010
Event: 372.393 Thread 0x0000022a6416e730 flushing  nmethod 0x0000022a68685c10
Event: 372.393 Thread 0x0000022a6416e730 flushing  nmethod 0x0000022a68686410
Event: 372.393 Thread 0x0000022a6416e730 flushing  nmethod 0x0000022a6868b010
Event: 372.393 Thread 0x0000022a6416e730 flushing  nmethod 0x0000022a6868bf90
Event: 372.393 Thread 0x0000022a6416e730 flushing  nmethod 0x0000022a68696010
Event: 372.393 Thread 0x0000022a6416e730 flushing  nmethod 0x0000022a6869f890
Event: 372.393 Thread 0x0000022a6416e730 flushing  nmethod 0x0000022a686a0110
Event: 372.393 Thread 0x0000022a6416e730 flushing  nmethod 0x0000022a686a1410
Event: 372.393 Thread 0x0000022a6416e730 flushing  nmethod 0x0000022a686b6e90
Event: 372.393 Thread 0x0000022a6416e730 flushing  nmethod 0x0000022a686e3790
Event: 372.393 Thread 0x0000022a6416e730 flushing  nmethod 0x0000022a686e4b10
Event: 372.393 Thread 0x0000022a6416e730 flushing  nmethod 0x0000022a686e7410
Event: 372.393 Thread 0x0000022a6416e730 flushing  nmethod 0x0000022a6874d910
Event: 372.393 Thread 0x0000022a6416e730 flushing  nmethod 0x0000022a687a8910
Event: 372.393 Thread 0x0000022a6416e730 flushing  nmethod 0x0000022a6888b110
Event: 372.393 Thread 0x0000022a6416e730 flushing  nmethod 0x0000022a68894190
Event: 372.393 Thread 0x0000022a6416e730 flushing  nmethod 0x0000022a68896e10
Event: 372.393 Thread 0x0000022a6416e730 flushing  nmethod 0x0000022a688a1c10

Events (20 events):
Event: 398.755 Thread 0x0000022a474c91e0 Thread added: 0x0000022a46ffa070
Event: 398.932 Thread 0x0000022a45b93850 Thread added: 0x0000022a4700a060
Event: 399.454 Thread 0x0000022a4700a060 Thread added: 0x0000022a47012a30
Event: 399.454 Thread 0x0000022a4700a060 Thread added: 0x0000022a47013750
Event: 399.561 Thread 0x0000022a47012a30 Thread exited: 0x0000022a47012a30
Event: 399.634 Thread 0x0000022a4700a060 Thread exited: 0x0000022a4700a060
Event: 399.634 Thread 0x0000022a47013750 Thread exited: 0x0000022a47013750
Event: 399.637 Thread 0x0000022a45b93850 Thread exited: 0x0000022a45b93850
Event: 399.643 Thread 0x0000022a45b96640 Thread exited: 0x0000022a45b96640
Event: 399.799 Thread 0x0000022a470099d0 Thread added: 0x0000022a4700a060
Event: 399.825 Thread 0x0000022a47014470 Thread added: 0x0000022a47013750
Event: 399.891 Thread 0x0000022a4700a060 Thread exited: 0x0000022a4700a060
Event: 399.893 Thread 0x0000022a47006550 Thread exited: 0x0000022a47006550
Event: 399.899 Thread 0x0000022a470099d0 Thread exited: 0x0000022a470099d0
Event: 400.138 Thread 0x0000022a47000970 Thread exited: 0x0000022a47000970
Event: 400.289 Thread 0x0000022a46f23fd0 Thread exited: 0x0000022a46f23fd0
Event: 400.290 Thread 0x0000022a7dd92bd0 Thread added: 0x0000022a47000970
Event: 400.395 Thread 0x0000022a474b8b60 Thread exited: 0x0000022a474b8b60
Event: 400.396 Thread 0x0000022a474b4330 Thread exited: 0x0000022a474b4330
Event: 400.421 Thread 0x0000022a47000970 Thread added: 0x0000022a470099d0


Dynamic libraries:
0x00007ff6187a0000 - 0x00007ff6187ae000 	c:\Users\user\.vscode\extensions\redhat.java-1.56.0-win32-x64\jre\21.0.12.1-win32-x86_64\bin\java.exe
0x00007ffcbcde0000 - 0x00007ffcbd047000 	C:\WINDOWS\SYSTEM32\ntdll.dll
0x00007ffcbb7a0000 - 0x00007ffcbb86b000 	C:\WINDOWS\System32\KERNEL32.DLL
0x00007ffcba6f0000 - 0x00007ffcbaaf2000 	C:\WINDOWS\System32\KERNELBASE.dll
0x00007ffcba460000 - 0x00007ffcba5ac000 	C:\WINDOWS\System32\ucrtbase.dll
0x00007ffca6300000 - 0x00007ffca631e000 	c:\Users\user\.vscode\extensions\redhat.java-1.56.0-win32-x64\jre\21.0.12.1-win32-x86_64\bin\VCRUNTIME140.dll
0x00007ffca62c0000 - 0x00007ffca62d8000 	c:\Users\user\.vscode\extensions\redhat.java-1.56.0-win32-x64\jre\21.0.12.1-win32-x86_64\bin\jli.dll
0x00007ffcbad00000 - 0x00007ffcbaecf000 	C:\WINDOWS\System32\USER32.dll
0x00007ffcba090000 - 0x00007ffcba0b7000 	C:\WINDOWS\System32\win32u.dll
0x00007ffcbc7f0000 - 0x00007ffcbc81b000 	C:\WINDOWS\System32\GDI32.dll
0x00007ffcba5c0000 - 0x00007ffcba6e9000 	C:\WINDOWS\System32\gdi32full.dll
0x00007ffcb9fe0000 - 0x00007ffcba083000 	C:\WINDOWS\System32\msvcp_win.dll
0x00007ffca3f40000 - 0x00007ffca41d0000 	C:\WINDOWS\WinSxS\amd64_microsoft.windows.common-controls_6595b64144ccf1df_6.0.26100.9278_none_3e0d1ba8e3303201\COMCTL32.dll
0x00007ffcbc740000 - 0x00007ffcbc7e9000 	C:\WINDOWS\System32\msvcrt.dll
0x00007ffcbaca0000 - 0x00007ffcbacd1000 	C:\WINDOWS\System32\IMM32.DLL
0x00007ffcb4270000 - 0x00007ffcb427c000 	c:\Users\user\.vscode\extensions\redhat.java-1.56.0-win32-x64\jre\21.0.12.1-win32-x86_64\bin\vcruntime140_1.dll
0x00007ffc90d80000 - 0x00007ffc90e0d000 	c:\Users\user\.vscode\extensions\redhat.java-1.56.0-win32-x64\jre\21.0.12.1-win32-x86_64\bin\msvcp140.dll
0x00007ffc0df50000 - 0x00007ffc0ecf2000 	c:\Users\user\.vscode\extensions\redhat.java-1.56.0-win32-x64\jre\21.0.12.1-win32-x86_64\bin\server\jvm.dll
0x00007ffcbc670000 - 0x00007ffcbc72c000 	C:\WINDOWS\System32\ADVAPI32.dll
0x00007ffcbc550000 - 0x00007ffcbc5f9000 	C:\WINDOWS\System32\sechost.dll
0x00007ffcbc430000 - 0x00007ffcbc548000 	C:\WINDOWS\System32\RPCRT4.dll
0x00007ffcbac10000 - 0x00007ffcbac90000 	C:\WINDOWS\System32\WS2_32.dll
0x00007ffcb9e40000 - 0x00007ffcb9e9e000 	C:\WINDOWS\SYSTEM32\POWRPROF.dll
0x00007ffca4200000 - 0x00007ffca4236000 	C:\WINDOWS\SYSTEM32\WINMM.dll
0x00007ffca7c00000 - 0x00007ffca7c0b000 	C:\WINDOWS\SYSTEM32\VERSION.dll
0x00007ffcb9e20000 - 0x00007ffcb9e35000 	C:\WINDOWS\SYSTEM32\UMPDC.dll
0x00007ffcb8ca0000 - 0x00007ffcb8cbb000 	C:\WINDOWS\SYSTEM32\kernel.appcore.dll
0x00007ffca71e0000 - 0x00007ffca71ea000 	c:\Users\user\.vscode\extensions\redhat.java-1.56.0-win32-x64\jre\21.0.12.1-win32-x86_64\bin\jimage.dll
0x00007ffcb7500000 - 0x00007ffcb774c000 	C:\WINDOWS\SYSTEM32\DBGHELP.DLL
0x00007ffcbc900000 - 0x00007ffcbcc85000 	C:\WINDOWS\System32\combase.dll
0x00007ffcbb870000 - 0x00007ffcbb949000 	C:\WINDOWS\System32\OLEAUT32.dll
0x00007ffc9dc80000 - 0x00007ffc9dcbb000 	C:\WINDOWS\SYSTEM32\dbgcore.DLL
0x00007ffcba310000 - 0x00007ffcba3bc000 	C:\WINDOWS\System32\bcryptPrimitives.dll
0x00007ffc9f6e0000 - 0x00007ffc9f6ef000 	c:\Users\user\.vscode\extensions\redhat.java-1.56.0-win32-x64\jre\21.0.12.1-win32-x86_64\bin\instrument.dll
0x00007ffc9e860000 - 0x00007ffc9e880000 	c:\Users\user\.vscode\extensions\redhat.java-1.56.0-win32-x64\jre\21.0.12.1-win32-x86_64\bin\java.dll
0x00007ffcbb950000 - 0x00007ffcbc0e8000 	C:\WINDOWS\System32\SHELL32.dll
0x00007ffcb78e0000 - 0x00007ffcb818e000 	C:\WINDOWS\SYSTEM32\windows.storage.dll
0x00007ffcbafa0000 - 0x00007ffcbb09b000 	C:\WINDOWS\System32\SHCORE.dll
0x00007ffcbb0a0000 - 0x00007ffcbb106000 	C:\WINDOWS\System32\shlwapi.dll
0x00007ffcb9f00000 - 0x00007ffcb9f29000 	C:\WINDOWS\SYSTEM32\profapi.dll
0x00007ffc9ba10000 - 0x00007ffc9ba28000 	c:\Users\user\.vscode\extensions\redhat.java-1.56.0-win32-x64\jre\21.0.12.1-win32-x86_64\bin\zip.dll
0x00007ffca70b0000 - 0x00007ffca70c0000 	C:\Users\user\.vscode\extensions\redhat.java-1.56.0-win32-x64\jre\21.0.12.1-win32-x86_64\bin\net.dll
0x00007ffcaf7d0000 - 0x00007ffcaf8fa000 	C:\WINDOWS\SYSTEM32\WINHTTP.dll
0x00007ffcb9260000 - 0x00007ffcb92cc000 	C:\WINDOWS\system32\mswsock.dll
0x00007ffc9b980000 - 0x00007ffc9b996000 	C:\Users\user\.vscode\extensions\redhat.java-1.56.0-win32-x64\jre\21.0.12.1-win32-x86_64\bin\nio.dll
0x00007ffc9e710000 - 0x00007ffc9e720000 	c:\Users\user\.vscode\extensions\redhat.java-1.56.0-win32-x64\jre\21.0.12.1-win32-x86_64\bin\verify.dll
0x00007ffc90e70000 - 0x00007ffc90eb5000 	C:\Users\user\AppData\Roaming\Code\User\globalStorage\redhat.java\1.56.0\config_win\org.eclipse.equinox.launcher\org.eclipse.equinox.launcher.win32.win32.x86_64_1.3.100.v20260804-1928\eclipse_11924.dll
0x00007ffcbc280000 - 0x00007ffcbc41a000 	C:\WINDOWS\System32\ole32.dll
0x00007ffcb9550000 - 0x00007ffcb956b000 	C:\WINDOWS\SYSTEM32\CRYPTSP.dll
0x00007ffcb8c00000 - 0x00007ffcb8c39000 	C:\WINDOWS\system32\rsaenh.dll
0x00007ffcb9310000 - 0x00007ffcb9344000 	C:\WINDOWS\SYSTEM32\USERENV.dll
0x00007ffcb9ed0000 - 0x00007ffcb9efa000 	C:\WINDOWS\SYSTEM32\bcrypt.dll
0x00007ffcb9570000 - 0x00007ffcb957c000 	C:\WINDOWS\SYSTEM32\CRYPTBASE.dll
0x00007ffcb8730000 - 0x00007ffcb8763000 	C:\WINDOWS\SYSTEM32\IPHLPAPI.DLL
0x00007ffcbc420000 - 0x00007ffcbc42a000 	C:\WINDOWS\System32\NSI.dll
0x00007ffc886c0000 - 0x00007ffc88709000 	C:\Users\user\AppData\Local\Temp\jna-3599307\jna3219086289758154471.dll
0x00007ffcbcc90000 - 0x00007ffcbcc98000 	C:\WINDOWS\System32\PSAPI.DLL
0x00007ffcb0e50000 - 0x00007ffcb0e6d000 	C:\WINDOWS\SYSTEM32\dhcpcsvc6.DLL
0x00007ffcb0e20000 - 0x00007ffcb0e45000 	C:\WINDOWS\SYSTEM32\dhcpcsvc.DLL
0x00007ffc910f0000 - 0x00007ffc91117000 	C:\Users\user\.gradle\native\660c5614fbf4a5f2a75b1949f50a0caf5cd603558e7d8a26e50b933a0cfb79d1\windows-amd64\native-platform.dll
0x00007ffc96b90000 - 0x00007ffc96b9a000 	C:\Users\user\.vscode\extensions\redhat.java-1.56.0-win32-x64\jre\21.0.12.1-win32-x86_64\bin\management.dll
0x00007ffc96b80000 - 0x00007ffc96b8c000 	C:\Users\user\.vscode\extensions\redhat.java-1.56.0-win32-x64\jre\21.0.12.1-win32-x86_64\bin\management_ext.dll
0x00007ffc918b0000 - 0x00007ffc918b9000 	C:\Users\user\.vscode\extensions\redhat.java-1.56.0-win32-x64\jre\21.0.12.1-win32-x86_64\bin\extnet.dll
0x00007ffc910e0000 - 0x00007ffc910ee000 	C:\Users\user\.vscode\extensions\redhat.java-1.56.0-win32-x64\jre\21.0.12.1-win32-x86_64\bin\sunmscapi.dll
0x00007ffcba0c0000 - 0x00007ffcba23e000 	C:\WINDOWS\System32\CRYPT32.dll
0x00007ffcb9790000 - 0x00007ffcb97c0000 	C:\WINDOWS\SYSTEM32\ncrypt.dll
0x00007ffcb9740000 - 0x00007ffcb977f000 	C:\WINDOWS\SYSTEM32\NTASN1.dll
0x00007ffc4d6a0000 - 0x00007ffc4d6a8000 	C:\WINDOWS\system32\wshunix.dll

JVMTI agents:
c:\Users\user\.vscode\extensions\redhat.java-1.56.0-win32-x64\lombok\lombok-1.18.39-4050.jar path:c:\Users\user\.vscode\extensions\redhat.java-1.56.0-win32-x64\jre\21.0.12.1-win32-x86_64\bin\instrument.dll, loaded, initialized, instrumentlib options:none

dbghelp: loaded successfully - version: 4.0.5 - missing functions: none
symbol engine: initialized successfully - sym options: 0x614 - pdb path: .;c:\Users\user\.vscode\extensions\redhat.java-1.56.0-win32-x64\jre\21.0.12.1-win32-x86_64\bin;C:\WINDOWS\SYSTEM32;C:\WINDOWS\WinSxS\amd64_microsoft.windows.common-controls_6595b64144ccf1df_6.0.26100.9278_none_3e0d1ba8e3303201;c:\Users\user\.vscode\extensions\redhat.java-1.56.0-win32-x64\jre\21.0.12.1-win32-x86_64\bin\server;C:\Users\user\AppData\Roaming\Code\User\globalStorage\redhat.java\1.56.0\config_win\org.eclipse.equinox.launcher\org.eclipse.equinox.launcher.win32.win32.x86_64_1.3.100.v20260804-1928;C:\Users\user\AppData\Local\Temp\jna-3599307;C:\Users\user\.gradle\native\660c5614fbf4a5f2a75b1949f50a0caf5cd603558e7d8a26e50b933a0cfb79d1\windows-amd64

VM Arguments:
jvm_args: --add-modules=ALL-SYSTEM --add-opens=java.base/java.util=ALL-UNNAMED --add-opens=java.base/java.lang=ALL-UNNAMED --add-opens=java.base/sun.nio.fs=ALL-UNNAMED -Declipse.application=org.eclipse.jdt.ls.core.id1 -Dosgi.bundles.defaultStartLevel=4 -Declipse.product=org.eclipse.jdt.ls.core.product -Djava.import.generatesMetadataFilesAtProjectRoot=false -Dm2e.project.cache.size=50 -DDetectVMInstallationsJob.disabled=true -Dfile.encoding=utf8 -XX:+UseParallelGC -XX:GCTimeRatio=4 -XX:AdaptiveSizePolicyWeight=90 -Dsun.zip.disableMemoryMapping=true -Xmx2G -Xms100m -Xlog:disable -javaagent:c:\Users\user\.vscode\extensions\redhat.java-1.56.0-win32-x64\lombok\lombok-1.18.39-4050.jar -XX:+HeapDumpOnOutOfMemoryError -XX:HeapDumpPath=c:\Users\user\AppData\Roaming\Code\User\workspaceStorage\1ce6a6e17a27a5c59e90c4fca4451367\redhat.java -Daether.dependencyCollector.impl=bf 
java_command: c:\Users\user\.vscode\extensions\redhat.java-1.56.0-win32-x64\server\plugins\org.eclipse.equinox.launcher_1.8.0.v20260804-1928.jar -configuration c:\Users\user\AppData\Roaming\Code\User\globalStorage\redhat.java\1.56.0\config_win -data c:\Users\user\AppData\Roaming\Code\User\workspaceStorage\1ce6a6e17a27a5c59e90c4fca4451367\redhat.java\jdt_ws --stdio
java_class_path (initial): c:\Users\user\.vscode\extensions\redhat.java-1.56.0-win32-x64\server\plugins\org.eclipse.equinox.launcher_1.8.0.v20260804-1928.jar
Launcher Type: SUN_STANDARD

[Global flags]
    uintx AdaptiveSizePolicyWeight                 = 90                                        {product} {command line}
     intx CICompilerCount                          = 4                                         {product} {ergonomic}
    uintx GCTimeRatio                              = 4                                         {product} {command line}
     bool HeapDumpOnOutOfMemoryError               = true                                   {manageable} {command line}
    ccstr HeapDumpPath                             = c:\Users\user\AppData\Roaming\Code\User\workspaceStorage\1ce6a6e17a27a5c59e90c4fca4451367\redhat.java         {manageable} {command line}
   size_t InitialHeapSize                          = 104857600                                 {product} {command line}
   size_t MaxHeapSize                              = 2147483648                                {product} {command line}
   size_t MaxNewSize                               = 715653120                                 {product} {ergonomic}
   size_t MinHeapDeltaBytes                        = 524288                                    {product} {ergonomic}
   size_t MinHeapSize                              = 104857600                                 {product} {command line}
   size_t NewSize                                  = 34603008                                  {product} {ergonomic}
    uintx NonNMethodCodeHeapSize                   = 5839372                                {pd product} {ergonomic}
    uintx NonProfiledCodeHeapSize                  = 122909434                              {pd product} {ergonomic}
   size_t OldSize                                  = 70254592                                  {product} {ergonomic}
    uintx ProfiledCodeHeapSize                     = 122909434                              {pd product} {ergonomic}
    uintx ReservedCodeCacheSize                    = 251658240                              {pd product} {ergonomic}
     bool SegmentedCodeCache                       = true                                      {product} {ergonomic}
   size_t SoftMaxHeapSize                          = 2147483648                             {manageable} {ergonomic}
     bool UseCompressedOops                        = true                           {product lp64_product} {ergonomic}
     bool UseLargePagesIndividualAllocation        = false                                  {pd product} {ergonomic}
     bool UseParallelGC                            = true                                      {product} {command line}

Logging:
Log output configuration:
 #0: stdout all=off uptime,level,tags foldmultilines=false
 #1: stderr all=off uptime,level,tags foldmultilines=false

Release file:
JAVA_VERSION="21.0.12.1" 
MODULES="java.base java.compiler java.datatransfer java.xml java.prefs java.desktop java.instrument java.logging java.management java.security.sasl java.naming java.rmi java.management.rmi java.net.http java.scripting java.security.jgss java.transaction.xa java.sql java.sql.rowset java.xml.crypto java.se java.smartcardio jdk.accessibility jdk.internal.jvmstat jdk.attach jdk.charsets jdk.internal.opt jdk.zipfs jdk.compiler jdk.crypto.ec jdk.crypto.cryptoki jdk.crypto.mscapi jdk.dynalink jdk.internal.ed jdk.editpad jdk.hotspot.agent jdk.httpserver jdk.internal.le jdk.internal.vm.ci jdk.internal.vm.compiler jdk.internal.vm.compiler.management jdk.jartool jdk.javadoc jdk.jcmd jdk.management jdk.management.agent jdk.jconsole jdk.jdeps jdk.jdwp.agent jdk.jdi jdk.jfr jdk.jshell jdk.jsobject jdk.jstatd jdk.localedata jdk.management.jfr jdk.naming.dns jdk.naming.rmi jdk.net jdk.nio.mapmode jdk.random jdk.sctp jdk.security.auth jdk.security.jgss jdk.unsupported jdk.unsupported.desktop jdk.xml.dom" 

Environment Variables:
PATH=C:\Program Files\Common Files\Oracle\Java\javapath;C:\Program Files\Python313\Scripts\;C:\Program Files\Python313\;C:\WINDOWS\system32;C:\WINDOWS;C:\WINDOWS\System32\Wbem;C:\WINDOWS\System32\WindowsPowerShell\v1.0\;C:\WINDOWS\System32\OpenSSH\;C:\Program Files\Git\cmd;C:\Program Files (x86)\cloudflared\;C:\Program Files\nodejs\;C:\Users\user\Desktop\Scripts\;C:\Users\user\Desktop\;C:\Users\user\AppData\Local\Microsoft\WindowsApps;C:\Users\user\AppData\Local\Programs\Microsoft VS Code\bin;C:\Program Files\Multipass\bin;C:\intelFPGA_lite\18.1\modelsim_ase\win32aloem;C:\Users\user\Desktop\opencv\build\x64\vc15\bin;C:\Users\user\AppData\Roaming\npm
USERNAME=user
OS=Windows_NT
PROCESSOR_IDENTIFIER=Intel64 Family 6 Model 140 Stepping 1, GenuineIntel
TMP=C:\Users\user\AppData\Local\Temp
TEMP=C:\Users\user\AppData\Local\Temp




Periodic native trim disabled

---------------  S Y S T E M  ---------------

OS:
 Windows 11 , 64 bit Build 26100 (10.0.26100.9444)
OS uptime: 0 days 6:47 hours

CPU: total 8 (initial active 8) (4 cores per cpu, 2 threads per core) family 6 model 140 stepping 1 microcode 0x8a, cx8, cmov, fxsr, ht, mmx, 3dnowpref, sse, sse2, sse3, ssse3, sse4.1, sse4.2, popcnt, lzcnt, tsc, tscinvbit, avx, avx2, aes, erms, clmul, bmi1, bmi2, adx, avx512f, avx512dq, avx512cd, avx512bw, avx512vl, sha, fma, vzeroupper, avx512_vpopcntdq, avx512_vpclmulqdq, avx512_vaes, avx512_vnni, clflush, clflushopt, clwb, avx512_vbmi2, avx512_vbmi, rdtscp, rdpid, fsrm, gfni, avx512_bitalg, f16c, pku, cet_ibt, cet_ss, avx512_ifma
Processor Information for the first 8 processors :
  Max Mhz: 2419, Current Mhz: 2419, Mhz Limit: 2419

Memory: 4k page, system-wide physical 16107M (457M free)
TotalPageFile size 45213M (AvailPageFile size 7252M)
current process WorkingSet (physical memory assigned to process): 367M, peak: 672M
current process commit charge ("private bytes"): 1187M, peak: 1206M

vm_info: OpenJDK 64-Bit Server VM (21.0.12.1+1-LTS) for windows-amd64 JRE (21.0.12.1+1-LTS), built on 2026-08-18T00:00:00Z by "admin" with MS VC++ 17.12 (VS2022)

END.
