#
# There is insufficient memory for the Java Runtime Environment to continue.
# Native memory allocation (mmap) failed to map 65536 bytes. Error detail: Failed to commit metaspace.
# Possible reasons:
#   The system is out of physical RAM or swap space
#   This process is running with CompressedOops enabled, and the Java Heap may be blocking the growth of the native heap
# Possible solutions:
#   Reduce memory load on the system
#   Increase physical memory or swap space
#   Check if swap backing store is full
#   Decrease Java heap size (-Xmx/-Xms)
#   Decrease number of Java threads
#   Decrease Java thread stack sizes (-Xss)
#   Set larger code cache with -XX:ReservedCodeCacheSize=
#   JVM is running with Unscaled Compressed Oops mode in which the Java heap is
#     placed in the first 4GB address space. The Java Heap base address is the
#     maximum limit for the native heap growth. Please use -XX:HeapBaseMinAddress
#     to set the Java Heap base and to place the Java Heap above 4GB virtual address.
# This output file may be truncated or incomplete.
#
#  Out of Memory Error (virtualSpaceNode.cpp:113), pid=30856, tid=18344
#
# JRE version: OpenJDK Runtime Environment Temurin-21.0.12.1+1 (21.0.12.1+1) (build 21.0.12.1+1-LTS)
# Java VM: OpenJDK 64-Bit Server VM Temurin-21.0.12.1+1 (21.0.12.1+1-LTS, mixed mode, sharing, tiered, compressed oops, compressed class ptrs, g1 gc, windows-amd64)
# No core dump will be written. Minidumps are not enabled by default on client versions of Windows
#

---------------  S U M M A R Y ------------

Command Line: --add-opens=java.base/java.lang=ALL-UNNAMED --add-opens=java.base/java.lang.invoke=ALL-UNNAMED --add-opens=java.base/java.util=ALL-UNNAMED --add-opens=java.prefs/java.util.prefs=ALL-UNNAMED --add-exports=jdk.compiler/com.sun.tools.javac.api=ALL-UNNAMED --add-exports=jdk.compiler/com.sun.tools.javac.util=ALL-UNNAMED --add-opens=java.base/java.nio.charset=ALL-UNNAMED --add-opens=java.base/java.net=ALL-UNNAMED --add-opens=java.base/java.util.concurrent=ALL-UNNAMED --add-opens=java.base/java.util.concurrent.atomic=ALL-UNNAMED --add-opens=java.xml/javax.xml.namespace=ALL-UNNAMED --add-opens=java.base/java.time=ALL-UNNAMED -XX:MaxMetaspaceSize=384m -XX:+HeapDumpOnOutOfMemoryError -Xms256m -Xmx512m -Dfile.encoding=UTF-8 -Duser.country=KR -Duser.language=ko -Duser.variant -javaagent:C:\Users\user\.gradle\wrapper\dists\gradle-9.5.1-bin\iq79hdu3mqx29lgffhp8bfmx\gradle-9.5.1\lib\agents\gradle-instrumentation-agent-9.5.1.jar org.gradle.launcher.daemon.bootstrap.GradleDaemon 9.5.1

Host: 11th Gen Intel(R) Core(TM) i5-1135G7 @ 2.40GHz, 8 cores, 15G,  Windows 11 , 64 bit Build 26100 (10.0.26100.9444)
Time: Wed Sep 16 10:04:03 2026 elapsed time: 125.276299 seconds (0d 0h 2m 5s)

---------------  T H R E A D  ---------------

Current thread (0x000001841c1357c0):  JavaThread "Daemon worker"        [_thread_in_vm, id=18344, stack(0x0000005d9ba00000,0x0000005d9bb00000) (1024K)]

Stack: [0x0000005d9ba00000,0x0000005d9bb00000]
Native frames: (J=compiled Java code, j=interpreted, Vv=VM code, C=native code)
V  [jvm.dll+0x6d83e9]
V  [jvm.dll+0x8b5736]
V  [jvm.dll+0x8b7cee]
V  [jvm.dll+0x8b83d3]
V  [jvm.dll+0x284596]
V  [jvm.dll+0x8b147e]
V  [jvm.dll+0x679ad4]
V  [jvm.dll+0x1e849b]
V  [jvm.dll+0x1e825e]
V  [jvm.dll+0x67c3d2]
V  [jvm.dll+0x67c202]
V  [jvm.dll+0x67a4ae]
V  [jvm.dll+0x3c7a23]
V  [jvm.dll+0x2118db]
V  [jvm.dll+0x5b6aa9]
V  [jvm.dll+0x82f77d]
V  [jvm.dll+0x479a6e]
V  [jvm.dll+0x48cde6]
C  [java.dll+0x1657]

Java frames: (J=compiled Java code, j=interpreted, Vv=VM code)
J 1878  java.lang.ClassLoader.defineClass0(Ljava/lang/ClassLoader;Ljava/lang/Class;Ljava/lang/String;[BIILjava/security/ProtectionDomain;ZILjava/lang/Object;)Ljava/lang/Class; java.base@21.0.12.1 (0 bytes) @ 0x0000018475cc4b3c [0x0000018475cc4a40+0x00000000000000fc]
J 2944 c1 java.lang.System$2.defineClass(Ljava/lang/ClassLoader;Ljava/lang/Class;Ljava/lang/String;[BLjava/security/ProtectionDomain;ZILjava/lang/Object;)Ljava/lang/Class; java.base@21.0.12.1 (21 bytes) @ 0x000001846e6d8874 [0x000001846e6d87c0+0x00000000000000b4]
J 2943 c1 java.lang.invoke.MethodHandles$Lookup$ClassDefiner.defineClass(ZLjava/lang/Object;)Ljava/lang/Class; java.base@21.0.12.1 (213 bytes) @ 0x000001846e6d7b7c [0x000001846e6d7620+0x000000000000055c]
J 3080 c1 java.lang.invoke.InvokerBytecodeGenerator.loadMethod([B)Ljava/lang/invoke/MemberName; java.base@21.0.12.1 (39 bytes) @ 0x000001846e71f90c [0x000001846e71f780+0x000000000000018c]
J 2717 c1 java.lang.invoke.InvokerBytecodeGenerator.generateCustomizedCode(Ljava/lang/invoke/LambdaForm;Ljava/lang/invoke/MethodType;)Ljava/lang/invoke/MemberName; java.base@21.0.12.1 (34 bytes) @ 0x000001846e656cb4 [0x000001846e656b00+0x00000000000001b4]
J 2860 c1 java.lang.invoke.LambdaForm.compileToBytecode()V java.base@21.0.12.1 (164 bytes) @ 0x000001846e6a52f4 [0x000001846e6a5100+0x00000000000001f4]
J 3679 c2 java.lang.invoke.BoundMethodHandle.<init>(Ljava/lang/invoke/MethodType;Ljava/lang/invoke/LambdaForm;)V java.base@21.0.12.1 (32 bytes) @ 0x0000018475e0eb08 [0x0000018475e0e9c0+0x0000000000000148]
j  java.lang.invoke.BoundMethodHandle$Species_LLLLL.<init>(Ljava/lang/invoke/MethodType;Ljava/lang/invoke/LambdaForm;Ljava/lang/Object;Ljava/lang/Object;Ljava/lang/Object;Ljava/lang/Object;Ljava/lang/Object;)V+3 java.base@21.0.12.1
j  java.lang.invoke.BoundMethodHandle$Species_LLLLL.make(Ljava/lang/invoke/MethodType;Ljava/lang/invoke/LambdaForm;Ljava/lang/Object;Ljava/lang/Object;Ljava/lang/Object;Ljava/lang/Object;Ljava/lang/Object;)Ljava/lang/invoke/BoundMethodHandle;+14 java.base@21.0.12.1
j  java.lang.invoke.DirectMethodHandle$Holder.invokeStatic(Ljava/lang/Object;Ljava/lang/Object;Ljava/lang/Object;Ljava/lang/Object;Ljava/lang/Object;Ljava/lang/Object;Ljava/lang/Object;Ljava/lang/Object;)Ljava/lang/Object;+22 java.base@21.0.12.1
j  java.lang.invoke.BoundMethodHandle$Species_LLLL.copyWithExtendL(Ljava/lang/invoke/MethodType;Ljava/lang/invoke/LambdaForm;Ljava/lang/Object;)Ljava/lang/invoke/BoundMethodHandle;+26 java.base@21.0.12.1
J 3065 c1 java.lang.invoke.MethodHandleImpl.makePairwiseConvertByEditor(Ljava/lang/invoke/MethodHandle;Ljava/lang/invoke/MethodType;ZZ)Ljava/lang/invoke/MethodHandle; java.base@21.0.12.1 (617 bytes) @ 0x000001846e715c7c [0x000001846e7136a0+0x00000000000025dc]
J 2785 c1 java.lang.invoke.MethodHandleImpl.makePairwiseConvert(Ljava/lang/invoke/MethodHandle;Ljava/lang/invoke/MethodType;ZZ)Ljava/lang/invoke/MethodHandle; java.base@21.0.12.1 (22 bytes) @ 0x000001846e67c0fc [0x000001846e67bfc0+0x000000000000013c]
J 2230 c1 java.lang.invoke.MethodHandle.asTypeUncached(Ljava/lang/invoke/MethodType;)Ljava/lang/invoke/MethodHandle; java.base@21.0.12.1 (54 bytes) @ 0x000001846e577f0c [0x000001846e577960+0x00000000000005ac]
J 2314 c1 java.lang.invoke.MethodHandle.asType(Ljava/lang/invoke/MethodType;)Ljava/lang/invoke/MethodHandle; java.base@21.0.12.1 (32 bytes) @ 0x000001846e59cc84 [0x000001846e59cac0+0x00000000000001c4]
j  java.lang.invoke.MethodHandle.asSpreader(ILjava/lang/Class;I)Ljava/lang/invoke/MethodHandle;+12 java.base@21.0.12.1
J 3676 c1 jdk.internal.reflect.MethodHandleAccessorFactory.newConstructorAccessor(Ljava/lang/reflect/Constructor;)Ljdk/internal/reflect/ConstructorAccessorImpl; java.base@21.0.12.1 (84 bytes) @ 0x000001846e83f294 [0x000001846e83eb00+0x0000000000000794]
J 3675 c1 jdk.internal.reflect.ReflectionFactory.newConstructorAccessor(Ljava/lang/reflect/Constructor;)Ljdk/internal/reflect/ConstructorAccessor; java.base@21.0.12.1 (144 bytes) @ 0x000001846e83e23c [0x000001846e83dec0+0x000000000000037c]
J 3943 c1 java.lang.reflect.Constructor.acquireConstructorAccessor()Ljdk/internal/reflect/ConstructorAccessor; java.base@21.0.12.1 (75 bytes) @ 0x000001846e8d3d64 [0x000001846e8d3bc0+0x00000000000001a4]
J 1511 c1 java.lang.reflect.Constructor.newInstanceWithCaller([Ljava/lang/Object;ZLjava/lang/Class;)Ljava/lang/Object; java.base@21.0.12.1 (51 bytes) @ 0x000001846e40ec94 [0x000001846e40eb60+0x0000000000000134]
J 1512 c1 java.lang.reflect.Constructor.newInstance([Ljava/lang/Object;)Ljava/lang/Object; java.base@21.0.12.1 (34 bytes) @ 0x000001846e40f2c4 [0x000001846e40f160+0x0000000000000164]
j  org.gradle.internal.instantiation.generator.AsmBackedClassGenerator$InvokeConstructorStrategy.newInstance(Lorg/gradle/internal/service/ServiceLookup;Lorg/gradle/internal/instantiation/InstanceGenerator;Lorg/gradle/api/Describable;[Ljava/lang/Object;)Ljava/lang/Object;+37
j  org.gradle.internal.instantiation.generator.AbstractClassGenerator$GeneratedClassImpl$GeneratedConstructorImpl.newInstance(Lorg/gradle/internal/service/ServiceLookup;Lorg/gradle/internal/instantiation/InstanceGenerator;Lorg/gradle/api/Describable;[Ljava/lang/Object;)Ljava/lang/Object;+9
j  org.gradle.internal.instantiation.generator.DependencyInjectingInstantiator.doCreate(Ljava/lang/Class;Lorg/gradle/api/Describable;[Ljava/lang/Object;)Ljava/lang/Object;+37
j  org.gradle.internal.instantiation.generator.DependencyInjectingInstantiator.newInstance(Ljava/lang/Class;[Ljava/lang/Object;)Ljava/lang/Object;+4
j  org.gradle.internal.service.scopes.BuildScopeServices.createPluginManager(Lorg/gradle/internal/service/ServiceRegistry;Lorg/gradle/internal/reflect/Instantiator;Lorg/gradle/api/internal/GradleInternal;Lorg/gradle/api/internal/plugins/PluginRegistry;Lorg/gradle/internal/instantiation/InstantiatorFactory;Lorg/gradle/internal/operations/BuildOperationRunner;Lorg/gradle/internal/code/UserCodeApplicationContext;Lorg/gradle/api/internal/CollectionCallbackActionDecorator;Lorg/gradle/api/internal/collections/DomainObjectCollectionFactory;Lorg/gradle/api/problems/internal/InternalProblems;)Lorg/gradle/api/internal/plugins/PluginManagerInternal;+66
j  java.lang.invoke.LambdaForm$DMH+0x00000184031d4800.invokeVirtual(Ljava/lang/Object;Ljava/lang/Object;Ljava/lang/Object;Ljava/lang/Object;Ljava/lang/Object;Ljava/lang/Object;Ljava/lang/Object;Ljava/lang/Object;Ljava/lang/Object;Ljava/lang/Object;Ljava/lang/Object;Ljava/lang/Object;)Ljava/lang/Object;+30 java.base@21.0.12.1
j  java.lang.invoke.LambdaForm$MH+0x000001840353e800.invoke(Ljava/lang/Object;Ljava/lang/Object;Ljava/lang/Object;)Ljava/lang/Object;+280 java.base@21.0.12.1
j  java.lang.invoke.LambdaForm$MH+0x000001840303ac00.invoke(Ljava/lang/Object;Ljava/lang/Object;Ljava/lang/Object;)Ljava/lang/Object;+34 java.base@21.0.12.1
J 2117 c1 jdk.internal.reflect.DirectMethodHandleAccessor.invoke(Ljava/lang/Object;[Ljava/lang/Object;)Ljava/lang/Object; java.base@21.0.12.1 (92 bytes) @ 0x000001846e52ffa4 [0x000001846e52f740+0x0000000000000864]
J 2116 c1 java.lang.reflect.Method.invoke(Ljava/lang/Object;[Ljava/lang/Object;)Ljava/lang/Object; java.base@21.0.12.1 (108 bytes) @ 0x000001846e52eed4 [0x000001846e52e9c0+0x0000000000000514]
j  org.gradle.internal.reflect.JavaMethod.invoke(Ljava/lang/Object;[Ljava/lang/Object;)Ljava/lang/Object;+6
J 3559 c1 org.gradle.internal.service.ReflectionBasedServiceMethod.invoke(Ljava/lang/Object;[Ljava/lang/Object;)Ljava/lang/Object; (16 bytes) @ 0x000001846e806ad4 [0x000001846e806a40+0x0000000000000094]
j  org.gradle.internal.service.DefaultServiceRegistry$FactoryMethodService.invokeMethod([Ljava/lang/Object;)Ljava/lang/Object;+28
J 3608 c1 org.gradle.internal.service.DefaultServiceRegistry$FactoryMethodService.createServiceInstance()Ljava/lang/Object; (17 bytes) @ 0x000001846e819154 [0x000001846e819060+0x00000000000000f4]
J 3057 c1 org.gradle.internal.service.DefaultServiceRegistry$ManagedObjectServiceProvider.getInstance()Ljava/lang/Object; (44 bytes) @ 0x000001846e70fa8c [0x000001846e70f8e0+0x00000000000001ac]
J 2876 c1 org.gradle.internal.service.DefaultServiceRegistry$SingletonService.get()Ljava/lang/Object; (5 bytes) @ 0x000001846e6abe3c [0x000001846e6abdc0+0x000000000000007c]
j  org.gradle.internal.service.DefaultServiceRegistry.find(Ljava/lang/reflect/Type;)Ljava/lang/Object;+22
j  org.gradle.internal.service.DefaultServiceRegistry.get(Ljava/lang/reflect/Type;)Ljava/lang/Object;+2
j  org.gradle.invocation.DefaultGradle_Decorated.getPluginManager()Lorg/gradle/api/internal/plugins/PluginManagerInternal;+16
j  org.gradle.configuration.DefaultScriptTarget.getPluginManager()Lorg/gradle/api/internal/plugins/PluginManagerInternal;+17
j  org.gradle.configuration.DefaultScriptPluginFactory$ScriptPluginImpl.apply(Ljava/lang/Object;)V+116
j  org.gradle.configuration.BuildOperationScriptPlugin.apply(Ljava/lang/Object;)V+33
j  org.gradle.configuration.DefaultInitScriptProcessor.process(Lorg/gradle/groovy/scripts/ScriptSource;Lorg/gradle/api/internal/GradleInternal;)V+123
j  org.gradle.initialization.InitScriptHandler$1.run(Lorg/gradle/internal/operations/BuildOperationContext;)V+66
j  org.gradle.internal.operations.DefaultBuildOperationRunner$1.execute(Lorg/gradle/internal/operations/RunnableBuildOperation;Lorg/gradle/internal/operations/BuildOperationContext;)V+2
j  org.gradle.internal.operations.DefaultBuildOperationRunner$1.execute(Lorg/gradle/internal/operations/BuildOperation;Lorg/gradle/internal/operations/BuildOperationContext;)V+6
j  org.gradle.internal.operations.DefaultBuildOperationRunner$2.execute(Lorg/gradle/internal/operations/BuildOperationDescriptor;Lorg/gradle/internal/operations/BuildOperationState;Lorg/gradle/internal/operations/BuildOperationState;Lorg/gradle/internal/operations/DefaultBuildOperationRunner$ReadableBuildOperationContext;Lorg/gradle/internal/operations/DefaultBuildOperationRunner$BuildOperationExecutionListener;)Lorg/gradle/internal/operations/BuildOperation;+22
j  org.gradle.internal.operations.DefaultBuildOperationRunner$2.execute(Lorg/gradle/internal/operations/BuildOperationDescriptor;Lorg/gradle/internal/operations/BuildOperationState;Lorg/gradle/internal/operations/BuildOperationState;Lorg/gradle/internal/operations/DefaultBuildOperationRunner$ReadableBuildOperationContext;Lorg/gradle/internal/operations/DefaultBuildOperationRunner$BuildOperationExecutionListener;)Ljava/lang/Object;+8
j  org.gradle.internal.operations.DefaultBuildOperationRunner.execute(Lorg/gradle/internal/operations/BuildOperationDescriptor$Builder;Lorg/gradle/internal/operations/DefaultBuildOperationRunner$BuildOperationExecution;)Ljava/lang/Object;+141
j  org.gradle.internal.operations.DefaultBuildOperationRunner.execute(Lorg/gradle/internal/operations/BuildOperation;Lorg/gradle/internal/operations/BuildOperationWorker;)V+17
j  org.gradle.internal.operations.DefaultBuildOperationRunner.run(Lorg/gradle/internal/operations/RunnableBuildOperation;)V+5
j  org.gradle.initialization.InitScriptHandler.executeScripts(Lorg/gradle/api/internal/GradleInternal;)V+34
j  org.gradle.initialization.DefaultSettingsPreparer.loadBuild(Lorg/gradle/api/internal/GradleInternal;)V+38
j  org.gradle.initialization.DefaultSettingsPreparer.access$000(Lorg/gradle/initialization/DefaultSettingsPreparer;Lorg/gradle/api/internal/GradleInternal;)V+2
j  org.gradle.initialization.DefaultSettingsPreparer$2.run(Lorg/gradle/internal/operations/BuildOperationContext;)V+8
j  org.gradle.internal.operations.DefaultBuildOperationRunner$1.execute(Lorg/gradle/internal/operations/RunnableBuildOperation;Lorg/gradle/internal/operations/BuildOperationContext;)V+2
j  org.gradle.internal.operations.DefaultBuildOperationRunner$1.execute(Lorg/gradle/internal/operations/BuildOperation;Lorg/gradle/internal/operations/BuildOperationContext;)V+6
j  org.gradle.internal.operations.DefaultBuildOperationRunner$2.execute(Lorg/gradle/internal/operations/BuildOperationDescriptor;Lorg/gradle/internal/operations/BuildOperationState;Lorg/gradle/internal/operations/BuildOperationState;Lorg/gradle/internal/operations/DefaultBuildOperationRunner$ReadableBuildOperationContext;Lorg/gradle/internal/operations/DefaultBuildOperationRunner$BuildOperationExecutionListener;)Lorg/gradle/internal/operations/BuildOperation;+22
j  org.gradle.internal.operations.DefaultBuildOperationRunner$2.execute(Lorg/gradle/internal/operations/BuildOperationDescriptor;Lorg/gradle/internal/operations/BuildOperationState;Lorg/gradle/internal/operations/BuildOperationState;Lorg/gradle/internal/operations/DefaultBuildOperationRunner$ReadableBuildOperationContext;Lorg/gradle/internal/operations/DefaultBuildOperationRunner$BuildOperationExecutionListener;)Ljava/lang/Object;+8
j  org.gradle.internal.operations.DefaultBuildOperationRunner.execute(Lorg/gradle/internal/operations/BuildOperationDescriptor$Builder;Lorg/gradle/internal/operations/DefaultBuildOperationRunner$BuildOperationExecution;)Ljava/lang/Object;+141
j  org.gradle.internal.operations.DefaultBuildOperationRunner.execute(Lorg/gradle/internal/operations/BuildOperation;Lorg/gradle/internal/operations/BuildOperationWorker;)V+17
j  org.gradle.internal.operations.DefaultBuildOperationRunner.run(Lorg/gradle/internal/operations/RunnableBuildOperation;)V+5
j  org.gradle.initialization.DefaultSettingsPreparer.prepareSettings(Lorg/gradle/api/internal/GradleInternal;)V+31
j  org.gradle.initialization.VintageBuildModelController.lambda$prepareSettings$1()V+8
j  org.gradle.initialization.VintageBuildModelController$$Lambda+0x0000018403438678.run()V+4
j  org.gradle.internal.model.StateTransitionController.lambda$doTransition$15(Ljava/lang/Runnable;)Lorg/gradle/internal/build/ExecutionResult;+1
j  org.gradle.internal.model.StateTransitionController$$Lambda+0x0000018403438450.get()Ljava/lang/Object;+4
j  org.gradle.internal.model.StateTransitionController.doTransition(Lorg/gradle/internal/model/StateTransitionController$State;Lorg/gradle/internal/model/StateTransitionController$State;Ljava/util/function/Supplier;)Lorg/gradle/internal/build/ExecutionResult;+24
j  org.gradle.internal.model.StateTransitionController.doTransition(Lorg/gradle/internal/model/StateTransitionController$State;Lorg/gradle/internal/model/StateTransitionController$State;Ljava/lang/Runnable;)V+9
j  org.gradle.internal.model.StateTransitionController.lambda$transitionIfNotPreviously$12(Lorg/gradle/internal/model/StateTransitionController$State;Lorg/gradle/internal/model/StateTransitionController$State;Ljava/lang/Runnable;)V+16
j  org.gradle.internal.model.StateTransitionController$$Lambda+0x00000184034388a0.run()V+16
j  org.gradle.internal.work.DefaultSynchronizer.withLock(Ljava/lang/Runnable;)V+6
j  org.gradle.internal.model.StateTransitionController.transitionIfNotPreviously(Lorg/gradle/internal/model/StateTransitionController$State;Lorg/gradle/internal/model/StateTransitionController$State;Ljava/lang/Runnable;)V+13
j  org.gradle.initialization.VintageBuildModelController.prepareSettings()V+16
j  org.gradle.initialization.VintageBuildModelController.prepareToScheduleTasks()V+1
j  org.gradle.internal.build.DefaultBuildLifecycleController.lambda$prepareToScheduleTasks$7()V+9
j  org.gradle.internal.build.DefaultBuildLifecycleController$$Lambda+0x0000018403438000.run()V+4
j  org.gradle.internal.model.StateTransitionController.lambda$doTransition$15(Ljava/lang/Runnable;)Lorg/gradle/internal/build/ExecutionResult;+1
j  org.gradle.internal.model.StateTransitionController$$Lambda+0x0000018403438450.get()Ljava/lang/Object;+4
j  org.gradle.internal.model.StateTransitionController.doTransition(Lorg/gradle/internal/model/StateTransitionController$State;Lorg/gradle/internal/model/StateTransitionController$State;Ljava/util/function/Supplier;)Lorg/gradle/internal/build/ExecutionResult;+24
j  org.gradle.internal.model.StateTransitionController.doTransition(Lorg/gradle/internal/model/StateTransitionController$State;Lorg/gradle/internal/model/StateTransitionController$State;Ljava/lang/Runnable;)V+9
j  org.gradle.internal.model.StateTransitionController.lambda$maybeTransition$10(Lorg/gradle/internal/model/StateTransitionController$State;Lorg/gradle/internal/model/StateTransitionController$State;Ljava/lang/Runnable;)V+16
j  org.gradle.internal.model.StateTransitionController$$Lambda+0x0000018403438228.run()V+16
j  org.gradle.internal.work.DefaultSynchronizer.withLock(Ljava/lang/Runnable;)V+6
j  org.gradle.internal.model.StateTransitionController.maybeTransition(Lorg/gradle/internal/model/StateTransitionController$State;Lorg/gradle/internal/model/StateTransitionController$State;Ljava/lang/Runnable;)V+13
j  org.gradle.internal.build.DefaultBuildLifecycleController.prepareToScheduleTasks()V+16
j  org.gradle.internal.buildtree.DefaultBuildTreeWorkPreparer.scheduleRequestedTasks(Lorg/gradle/internal/buildtree/BuildTreeWorkGraph;Lorg/gradle/execution/EntryTaskSelector;)Lorg/gradle/internal/buildtree/BuildTreeWorkGraph$FinalizedGraph;+4
j  org.gradle.internal.cc.impl.barrier.BarrierAwareBuildTreeWorkPreparer.scheduleRequestedTasks$lambda$0(Lorg/gradle/internal/cc/impl/barrier/BarrierAwareBuildTreeWorkPreparer;Lorg/gradle/internal/buildtree/BuildTreeWorkGraph;Lorg/gradle/execution/EntryTaskSelector;)Lorg/gradle/internal/buildtree/BuildTreeWorkGraph$FinalizedGraph;+6
j  org.gradle.internal.cc.impl.barrier.BarrierAwareBuildTreeWorkPreparer$$Lambda+0x00000184034344c0.invoke()Ljava/lang/Object;+12
j  org.gradle.internal.cc.impl.barrier.VintageConfigurationTimeActionRunner.runConfigurationTimeAction(Lkotlin/jvm/functions/Function0;)Ljava/lang/Object;+25
j  org.gradle.internal.cc.impl.barrier.BarrierAwareBuildTreeWorkPreparer.scheduleRequestedTasks(Lorg/gradle/internal/buildtree/BuildTreeWorkGraph;Lorg/gradle/execution/EntryTaskSelector;)Lorg/gradle/internal/buildtree/BuildTreeWorkGraph$FinalizedGraph;+18
j  org.gradle.internal.cc.impl.VintageBuildTreeWorkController$scheduleAndRunRequestedTasks$1$finalizedGraph$1.call()Lorg/gradle/internal/buildtree/BuildTreeWorkGraph$FinalizedGraph;+15
j  org.gradle.internal.cc.impl.VintageBuildTreeWorkController$scheduleAndRunRequestedTasks$1$finalizedGraph$1.call()Ljava/lang/Object;+1
j  org.gradle.internal.Try.ofFailable(Ljava/util/concurrent/Callable;)Lorg/gradle/internal/Try;+1
j  org.gradle.internal.cc.impl.VintageBuildTreeWorkController$scheduleAndRunRequestedTasks$1.apply(Lorg/gradle/internal/buildtree/BuildTreeWorkGraph;)Lorg/gradle/internal/buildtree/BuildTreeWorkController$TaskRunResult;+25
j  org.gradle.internal.cc.impl.VintageBuildTreeWorkController$scheduleAndRunRequestedTasks$1.apply(Ljava/lang/Object;)Ljava/lang/Object;+5
j  org.gradle.composite.internal.DefaultIncludedBuildTaskGraph.withNewWorkGraph(Ljava/util/function/Function;)Ljava/lang/Object;+30
j  org.gradle.internal.cc.impl.VintageBuildTreeWorkController.scheduleAndRunRequestedTasks(Lorg/gradle/execution/EntryTaskSelector;)Lorg/gradle/internal/buildtree/BuildTreeWorkController$TaskRunResult;+16
j  org.gradle.internal.buildtree.DefaultBuildTreeLifecycleController.lambda$scheduleAndRunTasks$1(Lorg/gradle/execution/EntryTaskSelector;)Lorg/gradle/internal/build/ExecutionResult;+5
j  org.gradle.internal.buildtree.DefaultBuildTreeLifecycleController$$Lambda+0x0000018403432548.get()Ljava/lang/Object;+8
j  org.gradle.internal.buildtree.DefaultBuildTreeLifecycleController.lambda$runBuild$5(Ljava/util/function/Supplier;)Ljava/lang/Object;+1
j  org.gradle.internal.buildtree.DefaultBuildTreeLifecycleController$$Lambda+0x0000018403432770.get()Ljava/lang/Object;+8
j  org.gradle.internal.model.StateTransitionController.lambda$transition$7(Ljava/util/function/Supplier;)Lorg/gradle/internal/build/ExecutionResult;+1
j  org.gradle.internal.model.StateTransitionController$$Lambda+0x0000018403432bc0.get()Ljava/lang/Object;+4
j  org.gradle.internal.model.StateTransitionController.doTransition(Lorg/gradle/internal/model/StateTransitionController$State;Lorg/gradle/internal/model/StateTransitionController$State;Ljava/util/function/Supplier;)Lorg/gradle/internal/build/ExecutionResult;+24
j  org.gradle.internal.model.StateTransitionController.lambda$transition$8(Lorg/gradle/internal/model/StateTransitionController$State;Lorg/gradle/internal/model/StateTransitionController$State;Ljava/util/function/Supplier;)Ljava/lang/Object;+9
j  org.gradle.internal.model.StateTransitionController$$Lambda+0x0000018403432998.create()Ljava/lang/Object;+16
j  org.gradle.internal.work.DefaultSynchronizer.withLock(Lorg/gradle/internal/Factory;)Ljava/lang/Object;+6
j  org.gradle.internal.model.StateTransitionController.transition(Lorg/gradle/internal/model/StateTransitionController$State;Lorg/gradle/internal/model/StateTransitionController$State;Ljava/util/function/Supplier;)Ljava/lang/Object;+13
j  org.gradle.internal.buildtree.DefaultBuildTreeLifecycleController.runBuild(Ljava/util/function/Supplier;)Ljava/lang/Object;+17
j  org.gradle.internal.buildtree.DefaultBuildTreeLifecycleController.scheduleAndRunTasks(Lorg/gradle/execution/EntryTaskSelector;)V+8
j  org.gradle.internal.buildtree.DefaultBuildTreeLifecycleController.scheduleAndRunTasks()V+2
j  org.gradle.tooling.internal.provider.runner.BuildModelActionRunner.run(Lorg/gradle/internal/invocation/BuildAction;Lorg/gradle/internal/buildtree/BuildTreeLifecycleController;)Lorg/gradle/internal/buildtree/BuildActionRunner$Result;+71
j  org.gradle.launcher.exec.ChainingBuildActionRunner.run(Lorg/gradle/internal/invocation/BuildAction;Lorg/gradle/internal/buildtree/BuildTreeLifecycleController;)Lorg/gradle/internal/buildtree/BuildActionRunner$Result;+34
j  org.gradle.internal.buildtree.ProblemReportingBuildActionRunner.run(Lorg/gradle/internal/invocation/BuildAction;Lorg/gradle/internal/buildtree/BuildTreeLifecycleController;)Lorg/gradle/internal/buildtree/BuildActionRunner$Result;+12
j  org.gradle.launcher.exec.BuildOutcomeReportingBuildActionRunner.run(Lorg/gradle/internal/invocation/BuildAction;Lorg/gradle/internal/buildtree/BuildTreeLifecycleController;)Lorg/gradle/internal/buildtree/BuildActionRunner$Result;+69
j  org.gradle.tooling.internal.provider.FileSystemWatchingBuildActionRunner.run(Lorg/gradle/internal/invocation/BuildAction;Lorg/gradle/internal/buildtree/BuildTreeLifecycleController;)Lorg/gradle/internal/buildtree/BuildActionRunner$Result;+317
j  org.gradle.launcher.exec.BuildCompletionNotifyingBuildActionRunner.run(Lorg/gradle/internal/invocation/BuildAction;Lorg/gradle/internal/buildtree/BuildTreeLifecycleController;)Lorg/gradle/internal/buildtree/BuildActionRunner$Result;+6
j  org.gradle.launcher.exec.RootBuildLifecycleBuildActionExecutor.lambda$execute$0(Lorg/gradle/internal/invocation/BuildAction;Lorg/gradle/internal/buildtree/BuildTreeLifecycleController;)Lorg/gradle/internal/buildtree/BuildActionRunner$Result;+6
j  org.gradle.launcher.exec.RootBuildLifecycleBuildActionExecutor$$Lambda+0x000001840341e050.apply(Ljava/lang/Object;)Ljava/lang/Object;+12
j  org.gradle.composite.internal.DefaultRootBuildState.run(Ljava/util/function/Function;)Ljava/lang/Object;+92
j  org.gradle.launcher.exec.RootBuildLifecycleBuildActionExecutor.execute(Lorg/gradle/internal/invocation/BuildAction;)Lorg/gradle/internal/buildtree/BuildActionRunner$Result;+91
j  org.gradle.launcher.exec.BuildTreeLifecycleBuildActionExecutor.runRootBuildAction(Lorg/gradle/internal/invocation/BuildAction;Lorg/gradle/internal/service/ServiceRegistry;Lorg/gradle/internal/buildtree/BuildActionModelRequirements;Lorg/gradle/internal/buildtree/BuildModelParameters;)Lorg/gradle/internal/buildtree/BuildActionRunner$Result;+42
j  org.gradle.launcher.exec.BuildTreeLifecycleBuildActionExecutor.execute(Lorg/gradle/internal/invocation/BuildAction;Lorg/gradle/internal/session/BuildSessionContext;)Lorg/gradle/internal/buildtree/BuildActionRunner$Result;+50
j  org.gradle.launcher.exec.RunAsBuildOperationBuildActionExecutor$2.call(Lorg/gradle/internal/operations/BuildOperationContext;)Lorg/gradle/internal/buildtree/BuildActionRunner$Result;+25
j  org.gradle.launcher.exec.RunAsBuildOperationBuildActionExecutor$2.call(Lorg/gradle/internal/operations/BuildOperationContext;)Ljava/lang/Object;+2
j  org.gradle.internal.operations.DefaultBuildOperationRunner$CallableBuildOperationWorker.execute(Lorg/gradle/internal/operations/CallableBuildOperation;Lorg/gradle/internal/operations/BuildOperationContext;)V+3
j  org.gradle.internal.operations.DefaultBuildOperationRunner$CallableBuildOperationWorker.execute(Lorg/gradle/internal/operations/BuildOperation;Lorg/gradle/internal/operations/BuildOperationContext;)V+6
j  org.gradle.internal.operations.DefaultBuildOperationRunner$2.execute(Lorg/gradle/internal/operations/BuildOperationDescriptor;Lorg/gradle/internal/operations/BuildOperationState;Lorg/gradle/internal/operations/BuildOperationState;Lorg/gradle/internal/operations/DefaultBuildOperationRunner$ReadableBuildOperationContext;Lorg/gradle/internal/operations/DefaultBuildOperationRunner$BuildOperationExecutionListener;)Lorg/gradle/internal/operations/BuildOperation;+22
j  org.gradle.internal.operations.DefaultBuildOperationRunner$2.execute(Lorg/gradle/internal/operations/BuildOperationDescriptor;Lorg/gradle/internal/operations/BuildOperationState;Lorg/gradle/internal/operations/BuildOperationState;Lorg/gradle/internal/operations/DefaultBuildOperationRunner$ReadableBuildOperationContext;Lorg/gradle/internal/operations/DefaultBuildOperationRunner$BuildOperationExecutionListener;)Ljava/lang/Object;+8
j  org.gradle.internal.operations.DefaultBuildOperationRunner.execute(Lorg/gradle/internal/operations/BuildOperationDescriptor$Builder;Lorg/gradle/internal/operations/DefaultBuildOperationRunner$BuildOperationExecution;)Ljava/lang/Object;+141
j  org.gradle.internal.operations.DefaultBuildOperationRunner.execute(Lorg/gradle/internal/operations/BuildOperation;Lorg/gradle/internal/operations/BuildOperationWorker;)V+17
j  org.gradle.internal.operations.DefaultBuildOperationRunner.call(Lorg/gradle/internal/operations/CallableBuildOperation;)Ljava/lang/Object;+12
j  org.gradle.launcher.exec.RunAsBuildOperationBuildActionExecutor.execute(Lorg/gradle/internal/invocation/BuildAction;Lorg/gradle/internal/session/BuildSessionContext;)Lorg/gradle/internal/buildtree/BuildActionRunner$Result;+23
j  org.gradle.launcher.exec.RunAsWorkerThreadBuildActionExecutor.lambda$execute$0(Lorg/gradle/internal/invocation/BuildAction;Lorg/gradle/internal/session/BuildSessionContext;)Lorg/gradle/internal/buildtree/BuildActionRunner$Result;+6
j  org.gradle.launcher.exec.RunAsWorkerThreadBuildActionExecutor$$Lambda+0x00000184032ae6e0.create()Ljava/lang/Object;+12
j  org.gradle.internal.work.DefaultWorkerLeaseService.lambda$runAndReleaseLocks$0(Lorg/gradle/internal/Factory;Ljava/util/Collection;)Ljava/lang/Object;+1
j  org.gradle.internal.work.DefaultWorkerLeaseService$$Lambda+0x00000184032b7460.create()Ljava/lang/Object;+12
j  org.gradle.internal.work.ResourceLockStatistics$1.measure(Ljava/lang/String;Ljava/lang/Iterable;Lorg/gradle/internal/Factory;)Ljava/lang/Object;+1
j  org.gradle.internal.work.DefaultWorkerLeaseService.runAndReleaseLocks(Ljava/util/Collection;Lorg/gradle/internal/Factory;)Ljava/lang/Object;+16
j  org.gradle.internal.work.DefaultWorkerLeaseService.withLocksAcquired(Ljava/util/Collection;Lorg/gradle/internal/Factory;)Ljava/lang/Object;+8
j  org.gradle.internal.work.DefaultWorkerLeaseService.withLocks(Ljava/util/Collection;Lorg/gradle/internal/Factory;)Ljava/lang/Object;+25
j  org.gradle.internal.work.DefaultWorkerLeaseService.runAsWorkerThread(Lorg/gradle/internal/Factory;)Ljava/lang/Object;+33
j  org.gradle.launcher.exec.RunAsWorkerThreadBuildActionExecutor.execute(Lorg/gradle/internal/invocation/BuildAction;Lorg/gradle/internal/session/BuildSessionContext;)Lorg/gradle/internal/buildtree/BuildActionRunner$Result;+12
j  org.gradle.tooling.internal.provider.continuous.ContinuousBuildActionExecutor.execute(Lorg/gradle/internal/invocation/BuildAction;Lorg/gradle/internal/session/BuildSessionContext;)Lorg/gradle/internal/buildtree/BuildActionRunner$Result;+58
j  org.gradle.tooling.internal.provider.SubscribableBuildActionExecutor.execute(Lorg/gradle/internal/invocation/BuildAction;Lorg/gradle/internal/session/BuildSessionContext;)Lorg/gradle/internal/buildtree/BuildActionRunner$Result;+30
j  org.gradle.internal.session.DefaultBuildSessionContext.execute(Lorg/gradle/internal/invocation/BuildAction;)Lorg/gradle/internal/buildtree/BuildActionRunner$Result;+64
j  org.gradle.internal.buildprocess.execution.BuildSessionLifecycleBuildActionExecutor$ActionImpl.apply(Lorg/gradle/internal/session/BuildSessionContext;)Lorg/gradle/launcher/exec/BuildActionResult;+6
j  org.gradle.internal.buildprocess.execution.BuildSessionLifecycleBuildActionExecutor$ActionImpl.apply(Ljava/lang/Object;)Ljava/lang/Object;+5
j  org.gradle.internal.session.BuildSessionState.run(Ljava/util/function/Function;)Ljava/lang/Object;+5
j  org.gradle.internal.buildprocess.execution.BuildSessionLifecycleBuildActionExecutor.execute(Lorg/gradle/internal/invocation/BuildAction;Lorg/gradle/launcher/exec/BuildActionParameters;Lorg/gradle/initialization/BuildRequestContext;)Lorg/gradle/launcher/exec/BuildActionResult;+105
j  org.gradle.internal.buildprocess.execution.BuildSessionLifecycleBuildActionExecutor.execute(Lorg/gradle/internal/invocation/BuildAction;Ljava/lang/Object;Ljava/lang/Object;)Lorg/gradle/launcher/exec/BuildActionResult;+10
j  org.gradle.internal.buildprocess.execution.StartParamsValidatingActionExecutor.execute(Lorg/gradle/internal/invocation/BuildAction;Lorg/gradle/launcher/exec/BuildActionParameters;Lorg/gradle/initialization/BuildRequestContext;)Lorg/gradle/launcher/exec/BuildActionResult;+142
j  org.gradle.internal.buildprocess.execution.StartParamsValidatingActionExecutor.execute(Lorg/gradle/internal/invocation/BuildAction;Ljava/lang/Object;Ljava/lang/Object;)Lorg/gradle/launcher/exec/BuildActionResult;+10
j  org.gradle.internal.buildprocess.execution.SessionFailureReportingActionExecutor.execute(Lorg/gradle/internal/invocation/BuildAction;Lorg/gradle/launcher/exec/BuildActionParameters;Lorg/gradle/initialization/BuildRequestContext;)Lorg/gradle/launcher/exec/BuildActionResult;+7
j  org.gradle.internal.buildprocess.execution.SessionFailureReportingActionExecutor.execute(Lorg/gradle/internal/invocation/BuildAction;Ljava/lang/Object;Ljava/lang/Object;)Lorg/gradle/launcher/exec/BuildActionResult;+10
j  org.gradle.internal.buildprocess.execution.SetupLoggingActionExecutor.execute(Lorg/gradle/internal/invocation/BuildAction;Lorg/gradle/launcher/exec/BuildActionParameters;Lorg/gradle/initialization/BuildRequestContext;)Lorg/gradle/launcher/exec/BuildActionResult;+50
j  org.gradle.internal.buildprocess.execution.SetupLoggingActionExecutor.execute(Lorg/gradle/internal/invocation/BuildAction;Ljava/lang/Object;Ljava/lang/Object;)Lorg/gradle/launcher/exec/BuildActionResult;+10
j  org.gradle.launcher.daemon.server.exec.ExecuteBuild.doBuild(Lorg/gradle/launcher/daemon/server/api/DaemonCommandExecution;Lorg/gradle/launcher/daemon/protocol/Build;)V+147
j  org.gradle.launcher.daemon.server.exec.BuildCommandOnly.execute(Lorg/gradle/launcher/daemon/server/api/DaemonCommandExecution;)V+49
j  org.gradle.launcher.daemon.server.api.DaemonCommandExecution.proceed()Z+23
j  org.gradle.launcher.daemon.server.exec.WatchForDisconnection.execute(Lorg/gradle/launcher/daemon/server/api/DaemonCommandExecution;)V+19
j  org.gradle.launcher.daemon.server.api.DaemonCommandExecution.proceed()Z+23
j  org.gradle.launcher.daemon.server.exec.ResetDeprecationLogger.execute(Lorg/gradle/launcher/daemon/server/api/DaemonCommandExecution;)V+7
j  org.gradle.launcher.daemon.server.api.DaemonCommandExecution.proceed()Z+23
j  org.gradle.launcher.daemon.server.exec.RequestStopIfSingleUsedDaemon.execute(Lorg/gradle/launcher/daemon/server/api/DaemonCommandExecution;)V+33
j  org.gradle.launcher.daemon.server.api.DaemonCommandExecution.proceed()Z+23
j  org.gradle.launcher.daemon.server.exec.ForwardClientInput.lambda$execute$0(Lorg/gradle/launcher/daemon/server/api/DaemonCommandExecution;Lorg/gradle/internal/daemon/clientinput/StdinHandler;)Ljava/lang/Object;+11
j  org.gradle.launcher.daemon.server.exec.ForwardClientInput$$Lambda+0x0000018403197968.apply(Ljava/lang/Object;)Ljava/lang/Object;+8
j  org.gradle.internal.daemon.clientinput.ClientInputForwarder.forwardInput(Ljava/util/function/Function;)Ljava/lang/Object;+46
j  org.gradle.launcher.daemon.server.exec.ForwardClientInput.execute(Lorg/gradle/launcher/daemon/server/api/DaemonCommandExecution;)V+10
j  org.gradle.launcher.daemon.server.api.DaemonCommandExecution.proceed()Z+23
j  org.gradle.launcher.daemon.server.exec.LogAndCheckHealth.execute(Lorg/gradle/launcher/daemon/server/api/DaemonCommandExecution;)V+51
j  org.gradle.launcher.daemon.server.api.DaemonCommandExecution.proceed()Z+23
j  org.gradle.launcher.daemon.server.exec.LogToClient.doBuild(Lorg/gradle/launcher/daemon/server/api/DaemonCommandExecution;Lorg/gradle/launcher/daemon/protocol/Build;)V+87
j  org.gradle.launcher.daemon.server.exec.BuildCommandOnly.execute(Lorg/gradle/launcher/daemon/server/api/DaemonCommandExecution;)V+49
j  org.gradle.launcher.daemon.server.api.DaemonCommandExecution.proceed()Z+23
j  org.gradle.launcher.daemon.server.exec.EstablishBuildEnvironment.doBuild(Lorg/gradle/launcher/daemon/server/api/DaemonCommandExecution;Lorg/gradle/launcher/daemon/protocol/Build;)V+356
j  org.gradle.launcher.daemon.server.exec.BuildCommandOnly.execute(Lorg/gradle/launcher/daemon/server/api/DaemonCommandExecution;)V+49
j  org.gradle.launcher.daemon.server.api.DaemonCommandExecution.proceed()Z+23
j  org.gradle.launcher.daemon.server.exec.StartBuildOrRespondWithBusy$1.run()V+44
j  org.gradle.launcher.daemon.server.DaemonStateCoordinator.lambda$runCommand$0(Ljava/lang/Runnable;)V+1
j  org.gradle.launcher.daemon.server.DaemonStateCoordinator$$Lambda+0x0000018403196700.run()V+8
j  org.gradle.internal.concurrent.ExecutorPolicy$CatchAndRecordFailures.onExecute(Ljava/lang/Runnable;)V+1
j  org.gradle.internal.concurrent.AbstractManagedExecutor$1.run()V+25
j  java.util.concurrent.ThreadPoolExecutor.runWorker(Ljava/util/concurrent/ThreadPoolExecutor$Worker;)V+92 java.base@21.0.12.1
j  java.util.concurrent.ThreadPoolExecutor$Worker.run()V+5 java.base@21.0.12.1
j  java.lang.Thread.runWith(Ljava/lang/Object;Ljava/lang/Runnable;)V+5 java.base@21.0.12.1
j  java.lang.Thread.run()V+19 java.base@21.0.12.1
v  ~StubRoutines::call_stub 0x00000184756610e7

Compiled method (n/a) 127498 1878     n 0       java.lang.ClassLoader::defineClass0 (native)
 total in heap  [0x0000018475cc4890,0x0000018475cc4f58] = 1736
 relocation     [0x0000018475cc49f0,0x0000018475cc4a28] = 56
 main code      [0x0000018475cc4a40,0x0000018475cc4f52] = 1298
 stub code      [0x0000018475cc4f52,0x0000018475cc4f58] = 6

[Constant Pool (empty)]

[MachCode]
[Entry Point]
  # {method} {0x0000018402434610} 'defineClass0' '(Ljava/lang/ClassLoader;Ljava/lang/Class;Ljava/lang/String;[BIILjava/security/ProtectionDomain;ZILjava/lang/Object;)Ljava/lang/Class;' in 'java/lang/ClassLoader'
  # parm0:    rdx:rdx   = 'java/lang/ClassLoader'
  # parm1:    r8:r8     = 'java/lang/Class'
  # parm2:    r9:r9     = 'java/lang/String'
  # parm3:    rdi:rdi   = '[B'
  # parm4:    rsi       = int
  # parm5:    rcx       = int
  # parm6:    [sp+0xb0]   = 'java/security/ProtectionDomain'  (sp of caller)
  # parm7:    [sp+0xb8]   = boolean
  # parm8:    [sp+0xc0]   = int
  # parm9:    [sp+0xc8]   = 'java/lang/Object'
  0x0000018475cc4a40: 448b 5208 | 49bb 0000 | 0002 8401 | 0000 4d03 | d349 3bc2 | 0f84 0600 

  0x0000018475cc4a58: ;   {runtime_call ic_miss_stub}
  0x0000018475cc4a58: 0000 e921 | 9f9e ff90 
[Verified Entry Point]
  0x0000018475cc4a60: 8984 2400 | 80ff ff55 | 488b ec48 | 81ec a000 | 0000 6690 | 4181 7f20 | 0300 0000 

  0x0000018475cc4a7c: ;   {runtime_call StubRoutines (final stubs)}
  0x0000018475cc4a7c: 7405 e81d | 389d ff48 | 837d 2800 | 488d 4528 | 480f 4445 | 2848 8944 | 2458 4863 | 4520 4889 
  0x0000018475cc4a9c: 4424 5048 | 6345 1848 | 8944 2448 | 4883 7d10 | 0048 8d45 | 1048 0f44 | 4510 4889 | 4424 4048 
  0x0000018475cc4abc: 894c 2438 | 4889 7424 | 3048 897c | 2478 4883 | ff00 488d | 4424 7848 | 0f44 4424 | 7848 8944 
  0x0000018475cc4adc: 2428 4c89 | 4c24 7049 | 83f9 0048 | 8d44 2470 | 480f 4444 | 2470 4889 | 4424 204c | 8944 2468 
  0x0000018475cc4afc: 4983 f800 | 4c8d 4c24 | 684c 0f44 | 4c24 6848 | 8954 2460 | 4883 fa00 | 4c8d 4424 | 604c 0f44 
  0x0000018475cc4b1c: ;   {oop(a 'java/lang/Class'{0x00000000e0671420} = 'java/lang/ClassLoader')}
  0x0000018475cc4b1c: 4424 6049 | be20 1467 | e000 0000 | 004c 89b4 | 2490 0000 | 004c 8db4 | 2490 0000 | 0049 8bd6 
  0x0000018475cc4b3c: ;   {internal_word}
  0x0000018475cc4b3c: c5f8 7749 | ba3c 4bcc | 7584 0100 | 004d 8997 | a803 0000 | 4989 a7a0 

  0x0000018475cc4b54: ;   {external_word}
  0x0000018475cc4b54: 0300 0049 | ba06 6dbf | 0efc 7f00 | 0041 803a | 000f 844e | 0000 0052 | 4150 4151 

  0x0000018475cc4b70: ;   {metadata({method} {0x0000018402434610} 'defineClass0' '(Ljava/lang/ClassLoader;Ljava/lang/Class;Ljava/lang/String;[BIILjava/security/ProtectionDomain;ZILjava/lang/Object;)Ljava/lang/Class;' in 'java/lang/ClassLoader')}
  0x0000018475cc4b70: 48ba 0846 | 4302 8401 | 0000 498b | cf48 83ec | 2040 f6c4 | 0f0f 8419 | 0000 0048 

  0x0000018475cc4b8c: ;   {runtime_call}
  0x0000018475cc4b8c: 83ec 0848 | b8e0 ea68 | 0efc 7f00 | 00ff d048 | 83c4 08e9 | 0c00 0000 

  0x0000018475cc4ba4: ;   {runtime_call}
  0x0000018475cc4ba4: 48b8 e0ea | 680e fc7f | 0000 ffd0 | 4883 c420 | 4159 4158 | 5a49 8d8f | c003 0000 | 41c7 874c 
  0x0000018475cc4bc4: 0400 0004 

  0x0000018475cc4bc8: ;   {runtime_call}
  0x0000018475cc4bc8: 0000 0048 | b81c 1586 | 9efc 7f00 | 00ff d0c5 | f877 41c7 | 874c 0400 | 0005 0000 | 00f0 8344 
  0x0000018475cc4be8: 24c0 0049 | 3baf 5004 | 0000 0f87 | 0e00 0000 | 4183 bf48 | 0400 0000 | 0f84 2b00 | 0000 c5f8 
  0x0000018475cc4c08: 7748 8945 | f849 8bcf | 4c8b e448 | 83ec 2048 

  0x0000018475cc4c18: ;   {runtime_call}
  0x0000018475cc4c18: 83e4 f048 | b800 5834 | 0efc 7f00 | 00ff d049 | 8be4 4d33 | e448 8b45 | f841 c787 | 4c04 0000 
  0x0000018475cc4c38: 0800 0000 | 4183 bfc8 | 0400 0002 | 0f84 db02 

  0x0000018475cc4c48: ;   {external_word}
  0x0000018475cc4c48: 0000 49ba | 066d bf0e | fc7f 0000 | 4180 3a00 | 0f84 4c00 | 0000 4889 

  0x0000018475cc4c60: ;   {metadata({method} {0x0000018402434610} 'defineClass0' '(Ljava/lang/ClassLoader;Ljava/lang/Class;Ljava/lang/String;[BIILjava/security/ProtectionDomain;ZILjava/lang/Object;)Ljava/lang/Class;' in 'java/lang/ClassLoader')}
  0x0000018475cc4c60: 45f8 48ba | 0846 4302 | 8401 0000 | 498b cf48 | 83ec 2040 | f6c4 0f0f | 8419 0000 | 0048 83ec 
  0x0000018475cc4c80: ;   {runtime_call}
  0x0000018475cc4c80: 0848 b8e0 | ea68 0efc | 7f00 00ff | d048 83c4 | 08e9 0c00 

  0x0000018475cc4c94: ;   {runtime_call}
  0x0000018475cc4c94: 0000 48b8 | e0ea 680e | fc7f 0000 | ffd0 4883 | c420 488b | 45f8 49c7 | 87a0 0300 | 0000 0000 
  0x0000018475cc4cb4: 0049 c787 | a803 0000 | 0000 0000 | c5f8 7748 | 85c0 0f84 | 3602 0000 | a803 0f85 | 0800 0000 
  0x0000018475cc4cd4: 488b 00e9 | 2602 0000 | a801 0f85 | 0900 0000 | 488b 40fe | e915 0200 | 0048 8b40 | ff41 807f 
  0x0000018475cc4cf4: 4000 0f84 | 0602 0000 | 4883 f800 | 0f84 fc01 | 0000 498b | 4f28 4883 | f900 0f84 | 1400 0000 
  0x0000018475cc4d14: 4883 e908 | 4989 4f28 | 4903 4f38 | 4889 01e9 | da01 0000 | 4881 ecf0 | 0000 0048 | 8904 2448 
  0x0000018475cc4d34: 894c 2408 | 4889 5424 | 104c 8944 | 2418 4c89 | 4c24 204c | 8954 2428 | 4c89 5c24 | 30c5 fb11 
  0x0000018475cc4d54: 4424 40c5 | fb11 4c24 | 48c5 fb11 | 5424 50c5 | fb11 5c24 | 58c5 fb11 | 6424 60c5 | fb11 6c24 
  0x0000018475cc4d74: 6862 e1ff | 0811 4424 | 0e62 e1ff | 0811 4c24 | 0f62 e1ff | 0811 5424 | 1062 e1ff | 0811 5c24 
  0x0000018475cc4d94: ;   {no_reloc}
  0x0000018475cc4d94: 1162 e1ff | 0811 6424 | 1262 e1ff | 0811 6c24 | 1362 e1ff | 0811 7424 | 1462 e1ff | 0811 7c24 
  0x0000018475cc4db4: 1562 61ff | 0811 4424 | 1662 61ff | 0811 4c24 | 1762 61ff | 0811 5424 | 1862 61ff | 0811 5c24 
  0x0000018475cc4dd4: 1962 61ff | 0811 6424 | 1a62 61ff | 0811 6c24 | 1b62 61ff | 0811 7424 | 1c62 61ff | 0811 7c24 
  0x0000018475cc4df4: 1d49 8bd7 | 488b c848 | 83ec 2040 | f6c4 0f0f | 8419 0000 | 0048 83ec 

  0x0000018475cc4e0c: ;   {runtime_call}
  0x0000018475cc4e0c: 0848 b820 | a427 0efc | 7f00 00ff | d048 83c4 | 08e9 0c00 

  0x0000018475cc4e20: ;   {runtime_call}
  0x0000018475cc4e20: 0000 48b8 | 20a4 270e | fc7f 0000 | ffd0 4883 | c420 6261 | ff08 107c | 241d 6261 | ff08 1074 
  0x0000018475cc4e40: 241c 6261 | ff08 106c | 241b 6261 | ff08 1064 | 241a 6261 | ff08 105c | 2419 6261 | ff08 1054 
  0x0000018475cc4e60: 2418 6261 | ff08 104c | 2417 6261 | ff08 1044 | 2416 62e1 | ff08 107c | 2415 62e1 | ff08 1074 
  0x0000018475cc4e80: 2414 62e1 | ff08 106c | 2413 62e1 | ff08 1064 | 2412 62e1 | ff08 105c | 2411 62e1 | ff08 1054 
  0x0000018475cc4ea0: 2410 62e1 | ff08 104c | 240f 62e1 | ff08 1044 | 240e c5fb | 106c 2468 | c5fb 1064 | 2460 c5fb 
  0x0000018475cc4ec0: 105c 2458 | c5fb 1054 | 2450 c5fb | 104c 2448 | c5fb 1044 | 2440 4c8b | 5c24 304c | 8b54 2428 
  0x0000018475cc4ee0: 4c8b 4c24 | 204c 8b44 | 2418 488b | 5424 1048 | 8b4c 2408 | 488b 0424 | 4881 c4f0 | 0000 00c5 
  0x0000018475cc4f00: f877 498b | 8f30 0400 | 00c7 8100 | 0100 0000 | 0000 00c9 | 4983 7f08 | 000f 8501 | 0000 00c3 
  0x0000018475cc4f20: ;   {runtime_call StubRoutines (initial stubs)}
  0x0000018475cc4f20: e9db bf99 | ffc5 f877 | 4889 45f8 | 4c8b e448 | 83ec 2048 

  0x0000018475cc4f34: ;   {runtime_call}
  0x0000018475cc4f34: 83e4 f048 | b830 2269 | 0efc 7f00 | 00ff d049 | 8be4 4d33 | e448 8b45 | f8e9 f8fc | ffff f4f4 
  0x0000018475cc4f54: f4f4 f4f4 
[/MachCode]


Compiled method (c1) 128886 2944       3       java.lang.System$2::defineClass (21 bytes)
 total in heap  [0x000001846e6d8610,0x000001846e6d89f0] = 992
 relocation     [0x000001846e6d8770,0x000001846e6d87b0] = 64
 main code      [0x000001846e6d87c0,0x000001846e6d88f8] = 312
 stub code      [0x000001846e6d88f8,0x000001846e6d8938] = 64
 metadata       [0x000001846e6d8938,0x000001846e6d8940] = 8
 scopes data    [0x000001846e6d8940,0x000001846e6d8988] = 72
 scopes pcs     [0x000001846e6d8988,0x000001846e6d89d8] = 80
 dependencies   [0x000001846e6d89d8,0x000001846e6d89e0] = 8
 nul chk table  [0x000001846e6d89e0,0x000001846e6d89f0] = 16

[Constant Pool (empty)]

[MachCode]
[Entry Point]
  # {method} {0x0000018402019588} 'defineClass' '(Ljava/lang/ClassLoader;Ljava/lang/Class;Ljava/lang/String;[BLjava/security/ProtectionDomain;ZILjava/lang/Object;)Ljava/lang/Class;' in 'java/lang/System$2'
  # this:     rdx:rdx   = 'java/lang/System$2'
  # parm0:    r8:r8     = 'java/lang/ClassLoader'
  # parm1:    r9:r9     = 'java/lang/Class'
  # parm2:    rdi:rdi   = 'java/lang/String'
  # parm3:    rsi:rsi   = '[B'
  # parm4:    rcx:rcx   = 'java/security/ProtectionDomain'
  # parm5:    [sp+0x70]   = boolean  (sp of caller)
  # parm6:    [sp+0x78]   = int
  # parm7:    [sp+0x80]   = 'java/lang/Object'
  0x000001846e6d87c0: 448b 5208 | 49bb 0000 | 0002 8401 | 0000 4d03 | d34c 3bd0 

  0x000001846e6d87d4: ;   {runtime_call ic_miss_stub}
  0x000001846e6d87d4: 0f85 a661 | fd06 660f | 1f44 0000 
[Verified Entry Point]
  0x000001846e6d87e0: 8984 2400 | 80ff ff55 | 4883 ec60 | 4181 7f20 | 0300 0000 

  0x000001846e6d87f4: ;   {runtime_call StubRoutines (final stubs)}
  0x000001846e6d87f4: 7405 e8a5 | fafb 0648 

  0x000001846e6d87fc: ;   {metadata(method data for {method} {0x0000018402019588} 'defineClass' '(Ljava/lang/ClassLoader;Ljava/lang/Class;Ljava/lang/String;[BLjava/security/ProtectionDomain;ZILjava/lang/Object;)Ljava/lang/Class;' in 'java/lang/System$2')}
  0x000001846e6d87fc: 8bd9 48b9 | a801 d817 | 8401 0000 | 8b81 cc00 | 0000 83c0 | 0289 81cc | 0000 0025 | fe07 0000 
  0x000001846e6d881c: 85c0 0f84 | 6b00 0000 | 4c8b ac24 | 8000 0000 | 448b 5c24 | 788b 4424 | 708b 4e0c 

  0x000001846e6d8838: ;   {metadata(method data for {method} {0x0000018402019588} 'defineClass' '(Ljava/lang/ClassLoader;Ljava/lang/Class;Ljava/lang/String;[BLjava/security/ProtectionDomain;ZILjava/lang/Object;)Ljava/lang/Class;' in 'java/lang/System$2')}
  0x000001846e6d8838: 48ba a801 | d817 8401 | 0000 4883 | 8210 0100 | 0001 498b | d04d 8bc1 | 4c8b cf48 | 8bfe be00 
  0x000001846e6d8858: 0000 0048 | 891c 2489 | 4424 0844 | 895c 2410 | 4c89 6c24 

  0x000001846e6d886c: ;   {static_call}
  0x000001846e6d886c: 1866 90e8 

  0x000001846e6d8870: ; ImmutableOopMap {}
                      ;*invokestatic defineClass0 {reexecute=0 rethrow=0 return_oop=0}
                      ; - java.lang.System$2::defineClass@17
  0x000001846e6d8870: ecc1 5e07 

  0x000001846e6d8874: ;   {other}
  0x000001846e6d8874: 0f1f 8400 | 6402 0000 | 4883 c460 

  0x000001846e6d8880: ;   {poll_return}
  0x000001846e6d8880: 5d49 3ba7 | 5004 0000 | 0f87 2700 

  0x000001846e6d888c: ;   {metadata({method} {0x0000018402019588} 'defineClass' '(Ljava/lang/ClassLoader;Ljava/lang/Class;Ljava/lang/String;[BLjava/security/ProtectionDomain;ZILjava/lang/Object;)Ljava/lang/Class;' in 'java/lang/System$2')}
  0x000001846e6d888c: 0000 c349 | ba80 9501 | 0284 0100 | 004c 8954 | 2408 48c7 | 0424 ffff 

  0x000001846e6d88a4: ;   {runtime_call counter_overflow Runtime1 stub}
  0x000001846e6d88a4: ffff e855 

  0x000001846e6d88a8: ; ImmutableOopMap {rdx=Oop r8=Oop r9=Oop rdi=Oop rsi=Oop rbx=Oop [128]=Oop }
                      ;*synchronization entry
                      ; - java.lang.System$2::defineClass@-1
  0x000001846e6d88a8: 9a0a 07e9 | 74ff ffff 

  0x000001846e6d88b0: ;   {runtime_call throw_null_pointer_exception Runtime1 stub}
  0x000001846e6d88b0: e8eb 4901 

  0x000001846e6d88b4: ; ImmutableOopMap {r8=Oop r9=Oop rdi=Oop rsi=Oop rbx=Oop r13=Oop [128]=Oop }
                      ;*arraylength {reexecute=0 rethrow=0 return_oop=0}
                      ; - java.lang.System$2::defineClass@8
                      ;   {internal_word}
  0x000001846e6d88b4: 0749 ba81 | 886d 6e84 | 0100 004d | 8997 6804 

  0x000001846e6d88c4: ;   {runtime_call SafepointBlob}
  0x000001846e6d88c4: 0000 e9b5 | e0fd 0649 | 8b87 0005 | 0000 49c7 | 8700 0500 | 0000 0000 | 0049 c787 | 0805 0000 
  0x000001846e6d88e4: 0000 0000 | 4883 c460 

  0x000001846e6d88ec: ;   {runtime_call unwind_exception Runtime1 stub}
  0x000001846e6d88ec: 5de9 8e58 | 0107 f4f4 | f4f4 f4f4 
[Stub Code]
  0x000001846e6d88f8: ;   {no_reloc}
  0x000001846e6d88f8: 48bb 0000 | 0000 0000 

  0x000001846e6d8900: ;   {runtime_call nmethod}
  0x000001846e6d8900: 0000 e9fb 

  0x000001846e6d8904: ;   {runtime_call handle_exception_from_callee Runtime1 stub}
  0x000001846e6d8904: ffff ffe8 | 745d 0a07 

  0x000001846e6d890c: ;   {external_word}
  0x000001846e6d890c: 48b9 5063 | 950e fc7f | 0000 4883 

  0x000001846e6d8918: ;   {runtime_call}
  0x000001846e6d8918: e4f0 48b8 | c0c9 570e | fc7f 0000 

  0x000001846e6d8924: ;   {section_word}
  0x000001846e6d8924: ffd0 f449 | ba27 896d | 6e84 0100 

  0x000001846e6d8930: ;   {runtime_call DeoptimizationBlob}
  0x000001846e6d8930: 0041 52e9 | e8f4 fd06 
[/MachCode]


Compiled method (c1) 129553 2943   !   3       java.lang.invoke.MethodHandles$Lookup$ClassDefiner::defineClass (213 bytes)
 total in heap  [0x000001846e6d7390,0x000001846e6d85f0] = 4704
 relocation     [0x000001846e6d74f0,0x000001846e6d7610] = 288
 main code      [0x000001846e6d7620,0x000001846e6d8088] = 2664
 stub code      [0x000001846e6d8088,0x000001846e6d8100] = 120
 metadata       [0x000001846e6d8100,0x000001846e6d8170] = 112
 scopes data    [0x000001846e6d8170,0x000001846e6d8388] = 536
 scopes pcs     [0x000001846e6d8388,0x000001846e6d8548] = 448
 dependencies   [0x000001846e6d8548,0x000001846e6d8560] = 24
 handler table  [0x000001846e6d8560,0x000001846e6d85a8] = 72
 nul chk table  [0x000001846e6d85a8,0x000001846e6d85f0] = 72

[Constant Pool (empty)]

[MachCode]
[Entry Point]
  # {method} {0x00000184021eae68} 'defineClass' '(ZLjava/lang/Object;)Ljava/lang/Class;' in 'java/lang/invoke/MethodHandles$Lookup$ClassDefiner'
  # this:     rdx:rdx   = 'java/lang/invoke/MethodHandles$Lookup$ClassDefiner'
  # parm0:    r8        = boolean
  # parm1:    r9:r9     = 'java/lang/Object'
  #           [sp+0xf0]  (sp of caller)
  0x000001846e6d7620: 448b 5208 | 49bb 0000 | 0002 8401 | 0000 4d03 | d34c 3bd0 

  0x000001846e6d7634: ;   {runtime_call ic_miss_stub}
  0x000001846e6d7634: 0f85 4673 | fd06 660f | 1f44 0000 
[Verified Entry Point]
  0x000001846e6d7640: 8984 2400 | 80ff ff55 | 4881 ece0 | 0000 0090 | 4181 7f20 | 0300 0000 

  0x000001846e6d7658: ;   {runtime_call StubRoutines (final stubs)}
  0x000001846e6d7658: 7405 e841 | 0cfc 0648 | 8994 2498 | 0000 0044 | 8984 24b0 | 0000 004c | 898c 24b8 

  0x000001846e6d7674: ;   {metadata(method data for {method} {0x00000184021eae68} 'defineClass' '(ZLjava/lang/Object;)Ljava/lang/Class;' in 'java/lang/invoke/MethodHandles$Lookup$ClassDefiner')}
  0x000001846e6d7674: 0000 0048 | be40 f69f | 1784 0100 | 008b becc | 0000 0083 | c702 89be | cc00 0000 | 81e7 fe07 
  0x000001846e6d7694: 0000 85ff | 0f84 6b07 | 0000 8b72 | 1048 89b4 | 2490 0000 | 0048 3b06 

  0x000001846e6d76ac: ;   {metadata(method data for {method} {0x00000184021eae68} 'defineClass' '(ZLjava/lang/Object;)Ljava/lang/Class;' in 'java/lang/invoke/MethodHandles$Lookup$ClassDefiner')}
  0x000001846e6d76ac: 488b fe48 | bb40 f69f | 1784 0100 | 0048 8383 | 1001 0000 | 018b 7e10 | 4889 bc24 | a800 0000 
  0x000001846e6d76cc: ; implicit exception: dispatches to 0x000001846e6d7e2f
  0x000001846e6d76cc: 483b 0748 

  0x000001846e6d76d0: ;   {metadata(method data for {method} {0x00000184021eae68} 'defineClass' '(ZLjava/lang/Object;)Ljava/lang/Class;' in 'java/lang/invoke/MethodHandles$Lookup$ClassDefiner')}
  0x000001846e6d76d0: 8bdf 48b8 | 40f6 9f17 | 8401 0000 | 4883 8048 | 0100 0001 

  0x000001846e6d76e4: ;   {metadata(method data for {method} {0x0000018402468e60} 'getClassLoader' '()Ljava/lang/ClassLoader;' in 'java/lang/Class')}
  0x000001846e6d76e4: 48bb 28d8 | 0217 8401 | 0000 8b83 | cc00 0000 | 83c0 0289 | 83cc 0000 | 0025 feff | 1f00 85c0 
  0x000001846e6d7704: 0f84 2a07 | 0000 8b5f | 3448 85db 

  0x000001846e6d7710: ;   {metadata(method data for {method} {0x0000018402468e60} 'getClassLoader' '()Ljava/lang/ClassLoader;' in 'java/lang/Class')}
  0x000001846e6d7710: 48b8 28d8 | 0217 8401 | 0000 48c7 | c110 0100 | 0075 0748 | c7c1 2001 | 0000 4c8b | 1c08 4d8d 
  0x000001846e6d7730: 5b01 4c89 | 1c08 0f85 | 0f00 0000 

  0x000001846e6d773c: ;   {oop(nullptr)}
  0x000001846e6d773c: 48bb 0000 | 0000 0000 | 0000 e9a2 

  0x000001846e6d7748: ;   {metadata(method data for {method} {0x0000018402468e60} 'getClassLoader' '()Ljava/lang/ClassLoader;' in 'java/lang/Class')}
  0x000001846e6d7748: 0000 0048 | b828 d802 | 1784 0100 | 0048 8380 | 3001 0000 

  0x000001846e6d775c: ;   {metadata(method data for {method} {0x000001840201b1d0} 'getSecurityManager' '()Ljava/lang/SecurityManager;' in 'java/lang/System')}
  0x000001846e6d775c: 0148 b8e8 | d902 1784 | 0100 008b | 88cc 0000 | 0083 c102 | 8988 cc00 | 0000 81e1 | feff 1f00 
  0x000001846e6d777c: 85c9 0f84 | d106 0000 

  0x000001846e6d7784: ;   {metadata(method data for {method} {0x000001840201b1d0} 'getSecurityManager' '()Ljava/lang/SecurityManager;' in 'java/lang/System')}
  0x000001846e6d7784: 48b8 e8d9 | 0217 8401 | 0000 4883 | 8010 0100 

  0x000001846e6d7794: ;   {metadata(method data for {method} {0x000001840201b2e8} 'allowSecurityManager' '()Z' in 'java/lang/System')}
  0x000001846e6d7794: 0001 48b8 | 60db 0217 | 8401 0000 | 8b88 cc00 | 0000 83c1 | 0289 88cc | 0000 0081 | e1fe ff1f 
  0x000001846e6d77b4: 0085 c90f | 84b9 0600 

  0x000001846e6d77bc: ;   {metadata(method data for {method} {0x000001840201b2e8} 'allowSecurityManager' '()Z' in 'java/lang/System')}
  0x000001846e6d77bc: 0048 b860 | db02 1784 | 0100 00ff | 8010 0100 

  0x000001846e6d77cc: ;   {metadata(method data for {method} {0x000001840201b1d0} 'getSecurityManager' '()Ljava/lang/SecurityManager;' in 'java/lang/System')}
  0x000001846e6d77cc: 0048 b8e8 | d902 1784 | 0100 00ff | 8020 0100 

  0x000001846e6d77dc: ;   {metadata(method data for {method} {0x0000018402468e60} 'getClassLoader' '()Ljava/lang/ClassLoader;' in 'java/lang/Class')}
  0x000001846e6d77dc: 0048 b828 | d802 1784 | 0100 00ff | 8040 0100 | 0048 85db 

  0x000001846e6d77f0: ;   {metadata(method data for {method} {0x00000184021eae68} 'defineClass' '(ZLjava/lang/Object;)Ljava/lang/Class;' in 'java/lang/invoke/MethodHandles$Lookup$ClassDefiner')}
  0x000001846e6d77f0: 48b8 40f6 | 9f17 8401 | 0000 48c7 | c180 0100 | 0074 0748 | c7c1 9001 | 0000 4c8b | 1c08 4d8d 
  0x000001846e6d7810: 5b01 4c89 | 1c08 0f84 | 4b02 0000 

  0x000001846e6d781c: ;   {metadata(method data for {method} {0x00000184021eae68} 'defineClass' '(ZLjava/lang/Object;)Ljava/lang/Class;' in 'java/lang/invoke/MethodHandles$Lookup$ClassDefiner')}
  0x000001846e6d781c: 488b c648 | b940 f69f | 1784 0100 | 0048 8381 | a001 0000 

  0x000001846e6d7830: ;   {metadata(method data for {method} {0x00000184023e0578} 'lookupClassProtectionDomain' '()Ljava/security/ProtectionDomain;' in 'java/lang/invoke/MethodHandles$Lookup')}
  0x000001846e6d7830: 0148 b878 | fc9f 1784 | 0100 008b | 88cc 0000 | 0083 c102 | 8988 cc00 | 0000 81e1 | feff 1f00 
  0x000001846e6d7850: 85c9 0f84 | 3f06 0000 | 8b46 1848 

  0x000001846e6d785c: ;   {metadata(method data for {method} {0x00000184023e0578} 'lookupClassProtectionDomain' '()Ljava/security/ProtectionDomain;' in 'java/lang/invoke/MethodHandles$Lookup')}
  0x000001846e6d785c: 85c0 48b9 | 78fc 9f17 | 8401 0000 | 49c7 c310 | 0100 0075 | 0749 c7c3 | 2001 0000 | 4e8b 2c19 
  0x000001846e6d787c: 4d8d 6d01 | 4e89 2c19 | 4889 9c24 | a000 0000 | 0f85 bf01 

  0x000001846e6d7890: ;   {metadata(method data for {method} {0x00000184023e0578} 'lookupClassProtectionDomain' '()Ljava/security/ProtectionDomain;' in 'java/lang/invoke/MethodHandles$Lookup')}
  0x000001846e6d7890: 0000 48b8 | 78fc 9f17 | 8401 0000 | 4883 8030 | 0100 0001 

  0x000001846e6d78a4: ;   {metadata(method data for {method} {0x0000018402473b88} 'getJavaLangAccess' '()Ljdk/internal/access/JavaLangAccess;' in 'jdk/internal/access/SharedSecrets')}
  0x000001846e6d78a4: 48b8 d873 | 1817 8401 | 0000 8b88 | cc00 0000 | 83c1 0289 | 88cc 0000 | 0081 e1fe | ff1f 0085 
  0x000001846e6d78c4: c90f 84ed 

  0x000001846e6d78c8: ;   {oop(a 'java/lang/Class'{0x00000000e074d020} = 'jdk/internal/access/SharedSecrets')}
  0x000001846e6d78c8: 0500 0048 | b820 d074 | e000 0000 | 008b 407c | 8b4e 1048 | 85c0 0f84 | 2a00 0000 

  0x000001846e6d78e4: ;   {metadata('java/lang/System$2')}
  0x000001846e6d78e4: 48be 6082 | 0102 8401 | 0000 448b | 7008 49ba | 0000 0002 | 8401 0000 | 4d03 f249 | 3b76 380f 
  0x000001846e6d7904: 85d0 0500 | 00e9 0000 | 0000 4c8b | d848 3b00 

  0x000001846e6d7914: ;   {metadata(method data for {method} {0x00000184023e0578} 'lookupClassProtectionDomain' '()Ljava/security/ProtectionDomain;' in 'java/lang/invoke/MethodHandles$Lookup')}
  0x000001846e6d7914: 48be 78fc | 9f17 8401 

  0x000001846e6d791c: ;   {metadata('java/lang/System$2')}
  0x000001846e6d791c: 0000 49ba | 6082 0102 | 8401 0000 | 4c89 9650 | 0100 0048 | 8386 5801 

  0x000001846e6d7934: ;   {metadata(method data for {method} {0x00000184020192c8} 'protectionDomain' '(Ljava/lang/Class;)Ljava/security/ProtectionDomain;' in 'java/lang/System$2')}
  0x000001846e6d7934: 0000 0148 | be30 fe9f | 1784 0100 | 008b 86cc | 0000 0083 | c002 8986 | cc00 0000 | 25fe ff1f 
  0x000001846e6d7954: 0085 c00f | 8486 0500 | 0048 3b01 

  0x000001846e6d7960: ;   {metadata(method data for {method} {0x00000184020192c8} 'protectionDomain' '(Ljava/lang/Class;)Ljava/security/ProtectionDomain;' in 'java/lang/System$2')}
  0x000001846e6d7960: 488b f148 | b830 fe9f | 1784 0100 | 0048 8380 | 1001 0000 

  0x000001846e6d7974: ;   {metadata(method data for {method} {0x0000018402467bb8} 'protectionDomain' '()Ljava/security/ProtectionDomain;' in 'java/lang/Class')}
  0x000001846e6d7974: 0148 be00 | 00d8 1784 | 0100 008b | 86cc 0000 | 0083 c002 | 8986 cc00 | 0000 25fe | ff1f 0085 
  0x000001846e6d7994: c00f 846e | 0500 0048 

  0x000001846e6d799c: ;   {metadata(method data for {method} {0x0000018402467bb8} 'protectionDomain' '()Ljava/security/ProtectionDomain;' in 'java/lang/Class')}
  0x000001846e6d799c: 8bf1 48b8 | 0000 d817 | 8401 0000 | 4883 8010 | 0100 0001 | 488b d10f 

  0x000001846e6d79b4: ;   {optimized virtual_call}
  0x000001846e6d79b4: 1f40 00e8 

  0x000001846e6d79b8: ; ImmutableOopMap {[144]=Oop [152]=Oop [160]=Oop [168]=Oop [184]=Oop }
                      ;*invokevirtual getProtectionDomain0 {reexecute=0 rethrow=0 return_oop=0}
                      ; - java.lang.Class::protectionDomain@1
                      ; - java.lang.System$2::protectionDomain@1
                      ; - java.lang.invoke.MethodHandles$Lookup::lookupClassProtectionDomain@17
                      ; - java.lang.invoke.MethodHandles$Lookup$ClassDefiner::defineClass@23
  0x000001846e6d79b8: a490 6807 

  0x000001846e6d79bc: ;   {other}
  0x000001846e6d79bc: 0f1f 8400 | 2c06 0000 

  0x000001846e6d79c4: ;   {metadata(method data for {method} {0x0000018402467bb8} 'protectionDomain' '()Ljava/security/ProtectionDomain;' in 'java/lang/Class')}
  0x000001846e6d79c4: 4885 c049 | b800 00d8 | 1784 0100 | 0049 c7c1 | 4801 0000 | 7507 49c7 | c158 0100 | 004b 8b3c 
  0x000001846e6d79e4: 0848 8d7f | 014b 893c | 080f 8521 | 0000 000f | 1f44 0000 

  0x000001846e6d79f8: ;   {no_reloc}
  0x000001846e6d79f8: e9a5 0500 | 0000 0000 | 0000 660f | 1f44 0000 

  0x000001846e6d7a08: ; implicit exception: dispatches to 0x000001846e6d7fac
  0x000001846e6d7a08: e9b0 0500 | 0090 90e9 | 0300 0000 | 4c8b c048 | 8bb4 2490 | 0000 0045 | 0fbe 4f40 | 4585 c90f 
  0x000001846e6d7a28: 859a 0500 | 004d 8bd0 | 4489 5618 | f083 4424 | c000 4c8b | ce4d 33c8 | 49c1 e914 | 4983 f900 
  0x000001846e6d7a48: 0f85 9505 | 0000 498b 

  0x000001846e6d7a50: ;   {metadata(method data for {method} {0x00000184021eae68} 'defineClass' '(ZLjava/lang/Object;)Ljava/lang/Class;' in 'java/lang/invoke/MethodHandles$Lookup$ClassDefiner')}
  0x000001846e6d7a50: c049 b840 | f69f 1784 | 0100 0041 | ff80 d801 | 0000 e912 | 0000 0048 | 899c 24a0 

  0x000001846e6d7a6c: ;   {oop(nullptr)}
  0x000001846e6d7a6c: 0000 0048 | b800 0000 | 0000 0000 | 0048 8b9c | 24a0 0000 | 0048 8bbc | 24a8 0000 | 0048 8b94 
  0x000001846e6d7a8c: 2498 0000 

  0x000001846e6d7a90: ;   {metadata(method data for {method} {0x00000184021eae68} 'defineClass' '(ZLjava/lang/Object;)Ljava/lang/Class;' in 'java/lang/invoke/MethodHandles$Lookup$ClassDefiner')}
  0x000001846e6d7a90: 0049 b840 | f69f 1784 | 0100 0049 | 8380 f001 

  0x000001846e6d7aa0: ;   {metadata(method data for {method} {0x0000018402473b88} 'getJavaLangAccess' '()Ljdk/internal/access/JavaLangAccess;' in 'jdk/internal/access/SharedSecrets')}
  0x000001846e6d7aa0: 0000 0149 | b8d8 7318 | 1784 0100 | 0045 8b88 | cc00 0000 | 4183 c102 | 4589 88cc | 0000 0041 
  0x000001846e6d7ac0: 81e1 feff | 1f00 4585 | c90f 842c 

  0x000001846e6d7acc: ;   {oop(a 'java/lang/Class'{0x00000000e074d020} = 'jdk/internal/access/SharedSecrets')}
  0x000001846e6d7acc: 0500 0049 | b820 d074 | e000 0000 | 0045 8b70 | 7c8b 7214 | 8b4a 1844 | 8b4a 0c4d | 85f6 0f84 
  0x000001846e6d7aec: 2a00 0000 

  0x000001846e6d7af0: ;   {metadata('java/lang/System$2')}
  0x000001846e6d7af0: 49bb 6082 | 0102 8401 | 0000 458b | 6e08 49ba | 0000 0002 | 8401 0000 | 4d03 ea4d | 3b5d 380f 
  0x000001846e6d7b10: 8507 0500 | 00e9 0000 | 0000 4d8b | c649 3b06 

  0x000001846e6d7b20: ;   {metadata(method data for {method} {0x00000184021eae68} 'defineClass' '(ZLjava/lang/Object;)Ljava/lang/Class;' in 'java/lang/invoke/MethodHandles$Lookup$ClassDefiner')}
  0x000001846e6d7b20: 4d8b c648 | ba40 f69f | 1784 0100 

  0x000001846e6d7b2c: ;   {metadata('java/lang/System$2')}
  0x000001846e6d7b2c: 0049 ba60 | 8201 0284 | 0100 004c | 8992 1002 | 0000 4883 | 8218 0200 | 0001 4c8b | c349 8bd1 
  0x000001846e6d7b4c: 4c8b cf48 | 8bfe 488b | f148 8bc8 | 8b84 24b0 | 0000 0089 | 0424 8954 | 2408 488b | 9424 b800 
  0x000001846e6d7b6c: 0000 4889 | 5424 1049 

  0x000001846e6d7b74: ;   {optimized virtual_call}
  0x000001846e6d7b74: 8bd6 90e8 

  0x000001846e6d7b78: ; ImmutableOopMap {[152]=Oop [168]=Oop }
                      ;*invokeinterface defineClass {reexecute=0 rethrow=0 return_oop=0}
                      ; - java.lang.invoke.MethodHandles$Lookup$ClassDefiner::defineClass@57
  0x000001846e6d7b78: 640c 0000 

  0x000001846e6d7b7c: ;   {other}
  0x000001846e6d7b7c: 0f1f 8400 | ec07 0001 

  0x000001846e6d7b84: ;   {metadata(method data for {method} {0x00000184021eae68} 'defineClass' '(ZLjava/lang/Object;)Ljava/lang/Class;' in 'java/lang/invoke/MethodHandles$Lookup$ClassDefiner')}
  0x000001846e6d7b84: 49b8 40f6 | 9f17 8401 | 0000 41ff | 8038 0200 | 0048 8b94 | 2498 0000 | 008b 721c 

  0x000001846e6d7ba0: ; implicit exception: dispatches to 0x000001846e6d8026
  0x000001846e6d7ba0: 483b 064c 

  0x000001846e6d7ba4: ;   {metadata(method data for {method} {0x00000184021eae68} 'defineClass' '(ZLjava/lang/Object;)Ljava/lang/Class;' in 'java/lang/invoke/MethodHandles$Lookup$ClassDefiner')}
  0x000001846e6d7ba4: 8bc6 49b9 | 40f6 9f17 | 8401 0000 | 4983 8150 | 0300 0001 | 440f be46 | 0c41 83e0 | 0145 85c0 
  0x000001846e6d7bc4: ;   {metadata(method data for {method} {0x00000184021eae68} 'defineClass' '(ZLjava/lang/Object;)Ljava/lang/Class;' in 'java/lang/invoke/MethodHandles$Lookup$ClassDefiner')}
  0x000001846e6d7bc4: 49b8 40f6 | 9f17 8401 | 0000 49c7 | c188 0300 | 0074 0749 | c7c1 9803 | 0000 4b8b | 3c08 488d 
  0x000001846e6d7be4: 7f01 4b89 | 3c08 0f84 | c401 0000 

  0x000001846e6d7bf0: ;   {metadata(method data for {method} {0x00000184021eae68} 'defineClass' '(ZLjava/lang/Object;)Ljava/lang/Class;' in 'java/lang/invoke/MethodHandles$Lookup$ClassDefiner')}
  0x000001846e6d7bf0: 4c8b c249 | b940 f69f | 1784 0100 

  0x000001846e6d7bfc: ;   {metadata('java/lang/invoke/MethodHandles$Lookup$ClassDefiner')}
  0x000001846e6d7bfc: 0049 ba28 | ac1e 0284 | 0100 004d | 8991 b803 | 0000 4983 | 81c0 0300 | 0001 8b7a | 1448 85c0 
  0x000001846e6d7c1c: ;   {metadata(method data for {method} {0x00000184021eae68} 'defineClass' '(ZLjava/lang/Object;)Ljava/lang/Class;' in 'java/lang/invoke/MethodHandles$Lookup$ClassDefiner')}
  0x000001846e6d7c1c: 49b8 40f6 | 9f17 8401 | 0000 49c7 | c1e0 0300 | 0074 0749 | c7c1 f003 | 0000 4b8b | 1c08 488d 
  0x000001846e6d7c3c: 5b01 4b89 | 1c08 0f84 | 2b01 0000 | e9bd 0000 | 0048 8b94 | 2498 0000 | 0049 8b87 | 0005 0000 
  0x000001846e6d7c5c: 4d33 d24d | 8997 0005 | 0000 4d33 | d24d 8997 | 0805 0000 | 8b72 1c48 | 3b06 4c8b 

  0x000001846e6d7c78: ;   {metadata(method data for {method} {0x00000184021eae68} 'defineClass' '(ZLjava/lang/Object;)Ljava/lang/Class;' in 'java/lang/invoke/MethodHandles$Lookup$ClassDefiner')}
  0x000001846e6d7c78: c649 b940 | f69f 1784 | 0100 0049 | 8381 8804 | 0000 0144 | 0fbe 460c | 4183 e001 

  0x000001846e6d7c94: ;   {metadata(method data for {method} {0x00000184021eae68} 'defineClass' '(ZLjava/lang/Object;)Ljava/lang/Class;' in 'java/lang/invoke/MethodHandles$Lookup$ClassDefiner')}
  0x000001846e6d7c94: 4585 c049 | b840 f69f | 1784 0100 | 0049 c7c1 | c004 0000 | 7407 49c7 | c1d0 0400 | 004b 8b3c 
  0x000001846e6d7cb4: 0848 8d7f | 014b 893c | 080f 8441 | 0100 004c 

  0x000001846e6d7cc4: ;   {metadata(method data for {method} {0x00000184021eae68} 'defineClass' '(ZLjava/lang/Object;)Ljava/lang/Class;' in 'java/lang/invoke/MethodHandles$Lookup$ClassDefiner')}
  0x000001846e6d7cc4: 8bc2 49b9 | 40f6 9f17 | 8401 0000 

  0x000001846e6d7cd0: ;   {metadata('java/lang/invoke/MethodHandles$Lookup$ClassDefiner')}
  0x000001846e6d7cd0: 49ba 28ac | 1e02 8401 | 0000 4d89 | 91f0 0400 | 0049 8381 | f804 0000 | 018b 7a14 

  0x000001846e6d7cec: ;   {metadata(method data for {method} {0x00000184021eae68} 'defineClass' '(ZLjava/lang/Object;)Ljava/lang/Class;' in 'java/lang/invoke/MethodHandles$Lookup$ClassDefiner')}
  0x000001846e6d7cec: 49b8 40f6 | 9f17 8401 | 0000 41ff | 8018 0500 | 0048 8984 | 24c8 0000 | 00e9 c000 | 0000 8b52 
  0x000001846e6d7d0c: 184c 8bc6 

  0x000001846e6d7d10: ;   {metadata(method data for {method} {0x00000184021eae68} 'defineClass' '(ZLjava/lang/Object;)Ljava/lang/Class;' in 'java/lang/invoke/MethodHandles$Lookup$ClassDefiner')}
  0x000001846e6d7d10: 49b9 40f6 | 9f17 8401 | 0000 4983 | 8100 0400 | 0001 4c8b | c74c 8bc8 | 488b fa48 | 8bd6 4889 
  0x000001846e6d7d30: 8424 c000 

  0x000001846e6d7d34: ;   {optimized virtual_call}
  0x000001846e6d7d34: 0000 90e8 

  0x000001846e6d7d38: ; ImmutableOopMap {[192]=Oop }
                      ;*invokevirtual dumpClass {reexecute=0 rethrow=0 return_oop=0}
                      ; - java.lang.invoke.MethodHandles$Lookup$ClassDefiner::defineClass@134
  0x000001846e6d7d38: 4471 fd06 

  0x000001846e6d7d3c: ;   {other}
  0x000001846e6d7d3c: 0f1f 8400 | ac09 0002 

  0x000001846e6d7d44: ;   {metadata(method data for {method} {0x00000184021eae68} 'defineClass' '(ZLjava/lang/Object;)Ljava/lang/Class;' in 'java/lang/invoke/MethodHandles$Lookup$ClassDefiner')}
  0x000001846e6d7d44: 49b8 40f6 | 9f17 8401 | 0000 41ff | 8038 0400 | 0048 8b84 | 24c0 0000 | 0048 81c4 | e000 0000 
  0x000001846e6d7d64: ;   {poll_return}
  0x000001846e6d7d64: 5d49 3ba7 | 5004 0000 | 0f87 be02 | 0000 c348 | 8984 24c0 | 0000 0044 | 8b4a 184c 

  0x000001846e6d7d80: ;   {metadata(method data for {method} {0x00000184021eae68} 'defineClass' '(ZLjava/lang/Object;)Ljava/lang/Class;' in 'java/lang/invoke/MethodHandles$Lookup$ClassDefiner')}
  0x000001846e6d7d80: 8bc6 48ba | 40f6 9f17 | 8401 0000 | 4883 8250 | 0400 0001 | 4c8b c748 | 8bd6 0f1f 

  0x000001846e6d7d9c: ;   {optimized virtual_call}
  0x000001846e6d7d9c: 4400 00e8 

  0x000001846e6d7da0: ; ImmutableOopMap {[192]=Oop }
                      ;*invokevirtual dumpFailedClass {reexecute=0 rethrow=0 return_oop=0}
                      ; - java.lang.invoke.MethodHandles$Lookup$ClassDefiner::defineClass@150
  0x000001846e6d7da0: dc70 fd06 

  0x000001846e6d7da4: ;   {other}
  0x000001846e6d7da4: 0f1f 8400 | 140a 0003 | 488b 8424 | c000 0000 | 4881 c4e0 | 0000 005d 

  0x000001846e6d7dbc: ;   {poll_return}
  0x000001846e6d7dbc: 493b a750 | 0400 000f | 877d 0200 | 00c3 448b | 4a18 4c8b 

  0x000001846e6d7dd0: ;   {metadata(method data for {method} {0x00000184021eae68} 'defineClass' '(ZLjava/lang/Object;)Ljava/lang/Class;' in 'java/lang/invoke/MethodHandles$Lookup$ClassDefiner')}
  0x000001846e6d7dd0: c648 ba40 | f69f 1784 | 0100 0048 | 8382 8805 | 0000 014c | 8bc7 488b | d666 0f1f 

  0x000001846e6d7dec: ;   {optimized virtual_call}
  0x000001846e6d7dec: 4400 00e8 

  0x000001846e6d7df0: ; ImmutableOopMap {[200]=Oop }
                      ;*invokevirtual dumpFailedClass {reexecute=0 rethrow=0 return_oop=0}
                      ; - java.lang.invoke.MethodHandles$Lookup$ClassDefiner::defineClass@207
  0x000001846e6d7df0: 8c70 fd06 

  0x000001846e6d7df4: ;   {other}
  0x000001846e6d7df4: 0f1f 8400 | 640a 0004 | 488b 8424 | c800 0000 | e970 0200 

  0x000001846e6d7e08: ;   {metadata({method} {0x00000184021eae68} 'defineClass' '(ZLjava/lang/Object;)Ljava/lang/Class;' in 'java/lang/invoke/MethodHandles$Lookup$ClassDefiner')}
  0x000001846e6d7e08: 0049 ba60 | ae1e 0284 | 0100 004c | 8954 2408 | 48c7 0424 | ffff ffff 

  0x000001846e6d7e20: ;   {runtime_call counter_overflow Runtime1 stub}
  0x000001846e6d7e20: e8db a40a 

  0x000001846e6d7e24: ; ImmutableOopMap {rdx=Oop r9=Oop [152]=Oop [184]=Oop }
                      ;*synchronization entry
                      ; - java.lang.invoke.MethodHandles$Lookup$ClassDefiner::defineClass@-1
  0x000001846e6d7e24: 07e9 74f8 

  0x000001846e6d7e28: ;   {runtime_call throw_null_pointer_exception Runtime1 stub}
  0x000001846e6d7e28: ffff e871 

  0x000001846e6d7e2c: ; ImmutableOopMap {rdx=Oop r9=Oop rsi=Oop [144]=Oop [152]=Oop [184]=Oop }
                      ;*invokevirtual lookupClass {reexecute=0 rethrow=0 return_oop=0}
                      ; - java.lang.invoke.MethodHandles$Lookup$ClassDefiner::defineClass@4
                      ;   {runtime_call throw_null_pointer_exception Runtime1 stub}
  0x000001846e6d7e2c: 5401 07e8 

  0x000001846e6d7e30: ; ImmutableOopMap {rdx=Oop r9=Oop rsi=Oop rdi=Oop [144]=Oop [152]=Oop [168]=Oop [184]=Oop }
                      ;*invokevirtual getClassLoader {reexecute=0 rethrow=0 return_oop=0}
                      ; - java.lang.invoke.MethodHandles$Lookup$ClassDefiner::defineClass@9
  0x000001846e6d7e30: 6c54 0107 

  0x000001846e6d7e34: ;   {metadata({method} {0x0000018402468e60} 'getClassLoader' '()Ljava/lang/ClassLoader;' in 'java/lang/Class')}
  0x000001846e6d7e34: 49ba 588e | 4602 8401 | 0000 4c89 | 5424 0848 | c704 24ff 

  0x000001846e6d7e48: ;   {runtime_call counter_overflow Runtime1 stub}
  0x000001846e6d7e48: ffff ffe8 

  0x000001846e6d7e4c: ; ImmutableOopMap {rdx=Oop r9=Oop rsi=Oop rdi=Oop [144]=Oop [152]=Oop [168]=Oop [184]=Oop }
                      ;*synchronization entry
                      ; - java.lang.Class::getClassLoader@-1
                      ; - java.lang.invoke.MethodHandles$Lookup$ClassDefiner::defineClass@9
  0x000001846e6d7e4c: b0a4 0a07 | e9b5 f8ff 

  0x000001846e6d7e54: ;   {metadata({method} {0x000001840201b1d0} 'getSecurityManager' '()Ljava/lang/SecurityManager;' in 'java/lang/System')}
  0x000001846e6d7e54: ff49 bac8 | b101 0284 | 0100 004c | 8954 2408 | 48c7 0424 | ffff ffff 

  0x000001846e6d7e6c: ;   {runtime_call counter_overflow Runtime1 stub}
  0x000001846e6d7e6c: e88f a40a 

  0x000001846e6d7e70: ; ImmutableOopMap {rdx=Oop r9=Oop rsi=Oop rdi=Oop rbx=Oop [144]=Oop [152]=Oop [168]=Oop [184]=Oop }
                      ;*synchronization entry
                      ; - java.lang.System::getSecurityManager@-1
                      ; - java.lang.Class::getClassLoader@11
                      ; - java.lang.invoke.MethodHandles$Lookup$ClassDefiner::defineClass@9
  0x000001846e6d7e70: 07e9 0ef9 

  0x000001846e6d7e74: ;   {metadata({method} {0x000001840201b2e8} 'allowSecurityManager' '()Z' in 'java/lang/System')}
  0x000001846e6d7e74: ffff 49ba | e0b2 0102 | 8401 0000 | 4c89 5424 | 0848 c704 | 24ff ffff 

  0x000001846e6d7e8c: ;   {runtime_call counter_overflow Runtime1 stub}
  0x000001846e6d7e8c: ffe8 6ea4 

  0x000001846e6d7e90: ; ImmutableOopMap {rdx=Oop r9=Oop rsi=Oop rdi=Oop rbx=Oop [144]=Oop [152]=Oop [168]=Oop [184]=Oop }
                      ;*synchronization entry
                      ; - java.lang.System::allowSecurityManager@-1
                      ; - java.lang.System::getSecurityManager@0
                      ; - java.lang.Class::getClassLoader@11
                      ; - java.lang.invoke.MethodHandles$Lookup$ClassDefiner::defineClass@9
  0x000001846e6d7e90: 0a07 e926 

  0x000001846e6d7e94: ;   {metadata({method} {0x00000184023e0578} 'lookupClassProtectionDomain' '()Ljava/security/ProtectionDomain;' in 'java/lang/invoke/MethodHandles$Lookup')}
  0x000001846e6d7e94: f9ff ff49 | ba70 053e | 0284 0100 | 004c 8954 | 2408 48c7 | 0424 ffff 

  0x000001846e6d7eac: ;   {runtime_call counter_overflow Runtime1 stub}
  0x000001846e6d7eac: ffff e84d 

  0x000001846e6d7eb0: ; ImmutableOopMap {rdx=Oop r9=Oop rsi=Oop rdi=Oop rbx=Oop [144]=Oop [152]=Oop [168]=Oop [184]=Oop }
                      ;*synchronization entry
                      ; - java.lang.invoke.MethodHandles$Lookup::lookupClassProtectionDomain@-1
                      ; - java.lang.invoke.MethodHandles$Lookup$ClassDefiner::defineClass@23
  0x000001846e6d7eb0: a40a 07e9 | a0f9 ffff 

  0x000001846e6d7eb8: ;   {metadata({method} {0x0000018402473b88} 'getJavaLangAccess' '()Ljdk/internal/access/JavaLangAccess;' in 'jdk/internal/access/SharedSecrets')}
  0x000001846e6d7eb8: 49ba 803b | 4702 8401 | 0000 4c89 | 5424 0848 | c704 24ff 

  0x000001846e6d7ecc: ;   {runtime_call counter_overflow Runtime1 stub}
  0x000001846e6d7ecc: ffff ffe8 

  0x000001846e6d7ed0: ; ImmutableOopMap {rsi=Oop [144]=Oop [152]=Oop [160]=Oop [168]=Oop [184]=Oop }
                      ;*synchronization entry
                      ; - jdk.internal.access.SharedSecrets::getJavaLangAccess@-1
                      ; - java.lang.invoke.MethodHandles$Lookup::lookupClassProtectionDomain@10
                      ; - java.lang.invoke.MethodHandles$Lookup$ClassDefiner::defineClass@23
  0x000001846e6d7ed0: 2ca4 0a07 | e9f2 f9ff 

  0x000001846e6d7ed8: ;   {runtime_call throw_incompatible_class_change_error Runtime1 stub}
  0x000001846e6d7ed8: ffe8 c270 

  0x000001846e6d7edc: ; ImmutableOopMap {rax=Oop rcx=Oop [144]=Oop [152]=Oop [160]=Oop [168]=Oop [184]=Oop }
                      ;*invokeinterface protectionDomain {reexecute=0 rethrow=0 return_oop=0}
                      ; - java.lang.invoke.MethodHandles$Lookup::lookupClassProtectionDomain@17
                      ; - java.lang.invoke.MethodHandles$Lookup$ClassDefiner::defineClass@23
                      ;   {runtime_call throw_null_pointer_exception Runtime1 stub}
  0x000001846e6d7edc: 0a07 e8bd 

  0x000001846e6d7ee0: ; ImmutableOopMap {rax=Oop rcx=Oop [144]=Oop [152]=Oop [160]=Oop [168]=Oop [184]=Oop }
                      ;*invokeinterface protectionDomain {reexecute=0 rethrow=0 return_oop=0}
                      ; - java.lang.invoke.MethodHandles$Lookup::lookupClassProtectionDomain@17
                      ; - java.lang.invoke.MethodHandles$Lookup$ClassDefiner::defineClass@23
                      ;   {metadata({method} {0x00000184020192c8} 'protectionDomain' '(Ljava/lang/Class;)Ljava/security/ProtectionDomain;' in 'java/lang/System$2')}
  0x000001846e6d7ee0: 5301 0749 | bac0 9201 | 0284 0100 | 004c 8954 | 2408 48c7 | 0424 ffff 

  0x000001846e6d7ef8: ;   {runtime_call counter_overflow Runtime1 stub}
  0x000001846e6d7ef8: ffff e801 

  0x000001846e6d7efc: ; ImmutableOopMap {rcx=Oop [144]=Oop [152]=Oop [160]=Oop [168]=Oop [184]=Oop }
                      ;*synchronization entry
                      ; - java.lang.System$2::protectionDomain@-1
                      ; - java.lang.invoke.MethodHandles$Lookup::lookupClassProtectionDomain@17
                      ; - java.lang.invoke.MethodHandles$Lookup$ClassDefiner::defineClass@23
  0x000001846e6d7efc: a40a 07e9 | 59fa ffff 

  0x000001846e6d7f04: ;   {runtime_call throw_null_pointer_exception Runtime1 stub}
  0x000001846e6d7f04: e897 5301 

  0x000001846e6d7f08: ; ImmutableOopMap {rcx=Oop [144]=Oop [152]=Oop [160]=Oop [168]=Oop [184]=Oop }
                      ;*invokevirtual protectionDomain {reexecute=0 rethrow=0 return_oop=0}
                      ; - java.lang.System$2::protectionDomain@1
                      ; - java.lang.invoke.MethodHandles$Lookup::lookupClassProtectionDomain@17
                      ; - java.lang.invoke.MethodHandles$Lookup$ClassDefiner::defineClass@23
                      ;   {metadata({method} {0x0000018402467bb8} 'protectionDomain' '()Ljava/security/ProtectionDomain;' in 'java/lang/Class')}
  0x000001846e6d7f08: 0749 bab0 | 7b46 0284 | 0100 004c | 8954 2408 | 48c7 0424 | ffff ffff 

  0x000001846e6d7f20: ;   {runtime_call counter_overflow Runtime1 stub}
  0x000001846e6d7f20: e8db a30a 

  0x000001846e6d7f24: ; ImmutableOopMap {rcx=Oop [144]=Oop [152]=Oop [160]=Oop [168]=Oop [184]=Oop }
                      ;*synchronization entry
                      ; - java.lang.Class::protectionDomain@-1
                      ; - java.lang.System$2::protectionDomain@1
                      ; - java.lang.invoke.MethodHandles$Lookup::lookupClassProtectionDomain@17
                      ; - java.lang.invoke.MethodHandles$Lookup$ClassDefiner::defineClass@23
  0x000001846e6d7f24: 07e9 71fa 

  0x000001846e6d7f28: ;   {oop(nullptr)}
  0x000001846e6d7f28: ffff 49b8 | 0000 0000 | 0000 0000 | 5053 498b | 5810 5756 | 5251 4150 | 4151 4152 | 4153 4883 
  0x000001846e6d7f48: ec20 40f6 | c40f 0f84 | 1900 0000 | 4883 ec08 

  0x000001846e6d7f58: ;   {runtime_call}
  0x000001846e6d7f58: 48b8 a0a0 | f50d fc7f | 0000 ffd0 | 4883 c408 | e90c 0000 

  0x000001846e6d7f6c: ;   {runtime_call}
  0x000001846e6d7f6c: 0048 b8a0 | a0f5 0dfc | 7f00 00ff | d048 83c4 | 2041 5b41 | 5a41 5941 | 5859 5a5e | 5f48 3b83 
  0x000001846e6d7f8c: 3801 0000 | 5b58 0f85 | 0a00 0000 | e965 faff | ffb8 0078 

  0x000001846e6d7fa0: ;   {runtime_call load_mirror_patching Runtime1 stub}
  0x000001846e6d7fa0: 6e0a e859 

  0x000001846e6d7fa4: ; ImmutableOopMap {[144]=Oop [152]=Oop [160]=Oop [168]=Oop [184]=Oop }
                      ;*getstatic allPermDomain {reexecute=1 rethrow=0 return_oop=0}
                      ; - (reexecute) java.lang.Class::protectionDomain@9
                      ; - java.lang.System$2::protectionDomain@1
                      ; - java.lang.invoke.MethodHandles$Lookup::lookupClassProtectionDomain@17
                      ; - java.lang.invoke.MethodHandles$Lookup$ClassDefiner::defineClass@23
  0x000001846e6d7fa4: 930a 07e9 | 4cfa ffff 

  0x000001846e6d7fac: ;   {runtime_call throw_null_pointer_exception Runtime1 stub}
  0x000001846e6d7fac: e8ef 5201 

  0x000001846e6d7fb0: ; ImmutableOopMap {r8=Oop [144]=Oop [152]=Oop [160]=Oop [168]=Oop [184]=Oop }
                      ;*getstatic allPermDomain {reexecute=1 rethrow=0 return_oop=0}
                      ; - (reexecute) java.lang.Class::protectionDomain@9
                      ; - java.lang.System$2::protectionDomain@1
                      ; - java.lang.invoke.MethodHandles$Lookup::lookupClassProtectionDomain@17
                      ; - java.lang.invoke.MethodHandles$Lookup$ClassDefiner::defineClass@23
  0x000001846e6d7fb0: 0745 8b80 | 0000 0000 | b800 0c05 

  0x000001846e6d7fbc: ;   {runtime_call access_field_patching Runtime1 stub}
  0x000001846e6d7fbc: 07e8 3e86 

  0x000001846e6d7fc0: ; ImmutableOopMap {r8=Oop [144]=Oop [152]=Oop [160]=Oop [168]=Oop [184]=Oop }
                      ;*getstatic allPermDomain {reexecute=1 rethrow=0 return_oop=0}
                      ; - (reexecute) java.lang.Class::protectionDomain@9
                      ; - java.lang.System$2::protectionDomain@1
                      ; - java.lang.invoke.MethodHandles$Lookup::lookupClassProtectionDomain@17
                      ; - java.lang.invoke.MethodHandles$Lookup$ClassDefiner::defineClass@23
  0x000001846e6d7fc0: 0a07 e941 | faff ff44 | 8b4e 1849 | 83f9 000f | 8458 faff | ff4c 890c 

  0x000001846e6d7fd8: ;   {runtime_call g1_pre_barrier_slow}
  0x000001846e6d7fd8: 24e8 22aa | 0a07 e94a | faff ff49 | 83f8 000f | 8461 faff | ff48 8934 

  0x000001846e6d7ff0: ;   {runtime_call g1_post_barrier_slow}
  0x000001846e6d7ff0: 24e8 0aad | 0a07 e953 

  0x000001846e6d7ff8: ;   {metadata({method} {0x0000018402473b88} 'getJavaLangAccess' '()Ljdk/internal/access/JavaLangAccess;' in 'jdk/internal/access/SharedSecrets')}
  0x000001846e6d7ff8: faff ff49 | ba80 3b47 | 0284 0100 | 004c 8954 | 2408 48c7 | 0424 ffff 

  0x000001846e6d8010: ;   {runtime_call counter_overflow Runtime1 stub}
  0x000001846e6d8010: ffff e8e9 

  0x000001846e6d8014: ; ImmutableOopMap {rax=Oop rdi=Oop rbx=Oop rdx=Oop [152]=Oop [168]=Oop [184]=Oop }
                      ;*synchronization entry
                      ; - jdk.internal.access.SharedSecrets::getJavaLangAccess@-1
                      ; - java.lang.invoke.MethodHandles$Lookup$ClassDefiner::defineClass@35
  0x000001846e6d8014: a20a 07e9 | b3fa ffff 

  0x000001846e6d801c: ;   {runtime_call throw_incompatible_class_change_error Runtime1 stub}
  0x000001846e6d801c: e87f 6f0a 

  0x000001846e6d8020: ; ImmutableOopMap {rax=Oop rdi=Oop rbx=Oop r14=Oop rsi=Oop rcx=Oop [152]=Oop [168]=Oop [184]=Oop }
                      ;*invokeinterface defineClass {reexecute=0 rethrow=0 return_oop=0}
                      ; - java.lang.invoke.MethodHandles$Lookup$ClassDefiner::defineClass@57
                      ;   {runtime_call throw_null_pointer_exception Runtime1 stub}
  0x000001846e6d8020: 07e8 7a52 

  0x000001846e6d8024: ; ImmutableOopMap {rax=Oop rdi=Oop rbx=Oop r14=Oop rsi=Oop rcx=Oop [152]=Oop [168]=Oop [184]=Oop }
                      ;*invokeinterface defineClass {reexecute=0 rethrow=0 return_oop=0}
                      ; - java.lang.invoke.MethodHandles$Lookup$ClassDefiner::defineClass@57
                      ;   {runtime_call throw_null_pointer_exception Runtime1 stub}
  0x000001846e6d8024: 0107 e875 

  0x000001846e6d8028: ; ImmutableOopMap {rax=Oop rdx=Oop rsi=Oop [152]=Oop }
                      ;*invokevirtual isEnabled {reexecute=0 rethrow=0 return_oop=0}
                      ; - java.lang.invoke.MethodHandles$Lookup$ClassDefiner::defineClass@105
                      ;   {runtime_call throw_null_pointer_exception Runtime1 stub}
  0x000001846e6d8028: 5201 07e8 

  0x000001846e6d802c: ; ImmutableOopMap {rdx=Oop rax=Oop rsi=Oop [152]=Oop }
                      ;*invokevirtual isEnabled {reexecute=0 rethrow=0 return_oop=0}
                      ; - java.lang.invoke.MethodHandles$Lookup$ClassDefiner::defineClass@162
  0x000001846e6d802c: 7052 0107 

  0x000001846e6d8030: ;   {internal_word}
  0x000001846e6d8030: 49ba 657d | 6d6e 8401 | 0000 4d89 | 9768 0400 

  0x000001846e6d8040: ;   {runtime_call SafepointBlob}
  0x000001846e6d8040: 00e9 3ae9 

  0x000001846e6d8044: ;   {internal_word}
  0x000001846e6d8044: fd06 49ba | bc7d 6d6e | 8401 0000 | 4d89 9768 

  0x000001846e6d8054: ;   {runtime_call SafepointBlob}
  0x000001846e6d8054: 0400 00e9 | 24e9 fd06 | 498b 8700 | 0500 0049 | c787 0005 | 0000 0000 | 0000 49c7 | 8708 0500 
  0x000001846e6d8074: 0000 0000 | 0048 81c4 | e000 0000 

  0x000001846e6d8080: ;   {runtime_call unwind_exception Runtime1 stub}
  0x000001846e6d8080: 5de9 fa60 | 0107 f4f4 
[Stub Code]
  0x000001846e6d8088: ;   {no_reloc}
  0x000001846e6d8088: 0f1f 4400 

  0x000001846e6d808c: ;   {static_stub}
  0x000001846e6d808c: 0048 bb00 | 0000 0000 

  0x000001846e6d8094: ;   {runtime_call nmethod}
  0x000001846e6d8094: 0000 00e9 | fbff ffff 

  0x000001846e6d809c: ;   {static_stub}
  0x000001846e6d809c: 48bb 487b | 4602 8401 

  0x000001846e6d80a4: ;   {runtime_call I2C/C2I adapters}
  0x000001846e6d80a4: 0000 e9b8 

  0x000001846e6d80a8: ;   {static_stub}
  0x000001846e6d80a8: bdfd 0648 | bb00 0000 | 0000 0000 

  0x000001846e6d80b4: ;   {runtime_call nmethod}
  0x000001846e6d80b4: 00e9 fbff 

  0x000001846e6d80b8: ;   {static_stub}
  0x000001846e6d80b8: ffff 48bb | 0000 0000 | 0000 0000 

  0x000001846e6d80c4: ;   {runtime_call nmethod}
  0x000001846e6d80c4: e9fb ffff 

  0x000001846e6d80c8: ;   {runtime_call handle_exception_from_callee Runtime1 stub}
  0x000001846e6d80c8: ffe8 b265 

  0x000001846e6d80cc: ;   {external_word}
  0x000001846e6d80cc: 0a07 48b9 | 5063 950e | fc7f 0000 | 4883 e4f0 

  0x000001846e6d80dc: ;   {runtime_call}
  0x000001846e6d80dc: 48b8 c0c9 | 570e fc7f | 0000 ffd0 

  0x000001846e6d80e8: ;   {section_word}
  0x000001846e6d80e8: f449 bae9 | 806d 6e84 | 0100 0041 

  0x000001846e6d80f4: ;   {runtime_call DeoptimizationBlob}
  0x000001846e6d80f4: 52e9 26fd | fd06 f4f4 | f4f4 f4f4 
[/MachCode]


---------------  P R O C E S S  ---------------

Threads class SMR info:
_java_thread_list=0x000001841df23f50, length=33, elements={
0x000001846994fb70, 0x000001847f013310, 0x000001847f014a90, 0x000001847f033010,
0x000001847f035a80, 0x000001847f0384f0, 0x000001847f038f50, 0x000001847f03a5b0,
0x000001847f01c6d0, 0x000001847f2d3840, 0x000001847f308cc0, 0x000001841c03a120,
0x000001841c5b2010, 0x000001847f3f8570, 0x000001841bfaf160, 0x000001847f181c80,
0x000001847f346240, 0x000001841c1357c0, 0x000001841c136b70, 0x000001841c135e50,
0x000001841c1364e0, 0x000001841c137f20, 0x000001841c137200, 0x000001841c137890,
0x000001841c134aa0, 0x000001841ef498a0, 0x000001841ef49f30, 0x000001841ef4a5c0,
0x000001841ef47140, 0x000001841ef4ac50, 0x000001841ef477d0, 0x000001841ef4b2e0,
0x000001841ef47e60
}

Java Threads: ( => current thread )
  0x000001846994fb70 JavaThread "main"                              [_thread_blocked, id=30900, stack(0x0000005d99d00000,0x0000005d99e00000) (1024K)]
  0x000001847f013310 JavaThread "Reference Handler"          daemon [_thread_blocked, id=36180, stack(0x0000005d9a500000,0x0000005d9a600000) (1024K)]
  0x000001847f014a90 JavaThread "Finalizer"                  daemon [_thread_blocked, id=36184, stack(0x0000005d9a600000,0x0000005d9a700000) (1024K)]
  0x000001847f033010 JavaThread "Signal Dispatcher"          daemon [_thread_blocked, id=36204, stack(0x0000005d9a700000,0x0000005d9a800000) (1024K)]
  0x000001847f035a80 JavaThread "Attach Listener"            daemon [_thread_blocked, id=36208, stack(0x0000005d9a800000,0x0000005d9a900000) (1024K)]
  0x000001847f0384f0 JavaThread "Service Thread"             daemon [_thread_blocked, id=36212, stack(0x0000005d9a900000,0x0000005d9aa00000) (1024K)]
  0x000001847f038f50 JavaThread "Monitor Deflation Thread"   daemon [_thread_blocked, id=36220, stack(0x0000005d9aa00000,0x0000005d9ab00000) (1024K)]
  0x000001847f03a5b0 JavaThread "C2 CompilerThread0"         daemon [_thread_blocked, id=36224, stack(0x0000005d9ab00000,0x0000005d9ac00000) (1024K)]
  0x000001847f01c6d0 JavaThread "C1 CompilerThread0"         daemon [_thread_blocked, id=25796, stack(0x0000005d9ac00000,0x0000005d9ad00000) (1024K)]
  0x000001847f2d3840 JavaThread "Common-Cleaner"             daemon [_thread_blocked, id=37136, stack(0x0000005d9ad00000,0x0000005d9ae00000) (1024K)]
  0x000001847f308cc0 JavaThread "Notification Thread"        daemon [_thread_blocked, id=25840, stack(0x0000005d9ae00000,0x0000005d9af00000) (1024K)]
  0x000001841c03a120 JavaThread "Daemon health stats"               [_thread_blocked, id=29168, stack(0x0000005d9b400000,0x0000005d9b500000) (1024K)]
  0x000001841c5b2010 JavaThread "Incoming local TCP Connector on port 56433"        [_thread_in_native, id=8488, stack(0x0000005d9b500000,0x0000005d9b600000) (1024K)]
  0x000001847f3f8570 JavaThread "Daemon periodic checks"            [_thread_blocked, id=36616, stack(0x0000005d9b600000,0x0000005d9b700000) (1024K)]
  0x000001841bfaf160 JavaThread "Daemon"                            [_thread_blocked, id=26728, stack(0x0000005d9b700000,0x0000005d9b800000) (1024K)]
  0x000001847f181c80 JavaThread "Handler for socket connection from /127.0.0.1:56433 to /127.0.0.1:58691"        [_thread_in_native, id=28588, stack(0x0000005d9b800000,0x0000005d9b900000) (1024K)]
  0x000001847f346240 JavaThread "Cancel handler"                    [_thread_blocked, id=24836, stack(0x0000005d9b900000,0x0000005d9ba00000) (1024K)]
=>0x000001841c1357c0 JavaThread "Daemon worker"                     [_thread_in_vm, id=18344, stack(0x0000005d9ba00000,0x0000005d9bb00000) (1024K)]
  0x000001841c136b70 JavaThread "Asynchronous log dispatcher for DefaultDaemonConnection: socket connection from /127.0.0.1:56433 to /127.0.0.1:58691"        [_thread_blocked, id=25208, stack(0x0000005d9bb00000,0x0000005d9bc00000) (1024K)]
  0x000001841c135e50 JavaThread "Stdin handler"                     [_thread_blocked, id=32496, stack(0x0000005d9bc00000,0x0000005d9bd00000) (1024K)]
  0x000001841c1364e0 JavaThread "Daemon client event forwarder"        [_thread_blocked, id=28848, stack(0x0000005d9bd00000,0x0000005d9be00000) (1024K)]
  0x000001841c137f20 JavaThread "Cache worker for journal cache (C:\Users\user\.gradle\caches\journal-1)"        [_thread_blocked, id=18896, stack(0x0000005d9be00000,0x0000005d9bf00000) (1024K)]
  0x000001841c137200 JavaThread "File lock request listener"        [_thread_blocked, id=37480, stack(0x0000005d9bf00000,0x0000005d9c000000) (1024K)]
  0x000001841c137890 JavaThread "File lock release action executor"        [_thread_blocked, id=36572, stack(0x0000005d9c000000,0x0000005d9c100000) (1024K)]
  0x000001841c134aa0 JavaThread "Cache worker for file hash cache (C:\Users\user\.gradle\caches\9.5.1\fileHashes)"        [_thread_blocked, id=38084, stack(0x0000005d9c200000,0x0000005d9c300000) (1024K)]
  0x000001841ef498a0 JavaThread "Cache worker for file hash cache (C:\2026_spring\.gradle\9.5.1\fileHashes)"        [_thread_blocked, id=34284, stack(0x0000005d9c600000,0x0000005d9c700000) (1024K)]
  0x000001841ef49f30 JavaThread "Cache worker for Build Output Cleanup Cache (C:\2026_spring\.gradle\buildOutputCleanup)"        [_thread_blocked, id=16852, stack(0x0000005d9c700000,0x0000005d9c800000) (1024K)]
  0x000001841ef4a5c0 JavaThread "File watcher server"        daemon [_thread_in_native, id=27192, stack(0x0000005d9c500000,0x0000005d9c600000) (1024K)]
  0x000001841ef47140 JavaThread "File watcher consumer"      daemon [_thread_blocked, id=27276, stack(0x0000005d9c800000,0x0000005d9c900000) (1024K)]
  0x000001841ef4ac50 JavaThread "Cache worker for file content cache (C:\Users\user\.gradle\caches\9.5.1\fileContent)"        [_thread_blocked, id=27440, stack(0x0000005d9c900000,0x0000005d9ca00000) (1024K)]
  0x000001841ef477d0 JavaThread "Cache worker for checksums cache (C:\2026_spring\.gradle\9.5.1\checksums)"        [_thread_blocked, id=33628, stack(0x0000005d9ca00000,0x0000005d9cb00000) (1024K)]
  0x000001841ef4b2e0 JavaThread "Cache worker for cache directory md-supplier (C:\Users\user\.gradle\caches\9.5.1\md-supplier)"        [_thread_blocked, id=2012, stack(0x0000005d9cb00000,0x0000005d9cc00000) (1024K)]
  0x000001841ef47e60 JavaThread "Cache worker for cache directory md-rule (C:\Users\user\.gradle\caches\9.5.1\md-rule)"        [_thread_blocked, id=3108, stack(0x0000005d9cc00000,0x0000005d9cd00000) (1024K)]
Total: 33

Other Threads:
  0x000001847eff1220 VMThread "VM Thread"                           [id=22240, stack(0x0000005d9a400000,0x0000005d9a500000) (1024K)] _threads_hazard_ptr=0x000001841df23f50
  0x000001847efe0370 WatcherThread "VM Periodic Task Thread"        [id=23728, stack(0x0000005d9a300000,0x0000005d9a400000) (1024K)]
  0x000001846997ac10 WorkerThread "GC Thread#0"                     [id=35544, stack(0x0000005d99e00000,0x0000005d99f00000) (1024K)]
  0x000001847f52ebf0 WorkerThread "GC Thread#1"                     [id=29564, stack(0x0000005d9af00000,0x0000005d9b000000) (1024K)]
  0x000001847f52efa0 WorkerThread "GC Thread#2"                     [id=15596, stack(0x0000005d9b000000,0x0000005d9b100000) (1024K)]
  0x000001847f52f350 WorkerThread "GC Thread#3"                     [id=36520, stack(0x0000005d9b100000,0x0000005d9b200000) (1024K)]
  0x000001847f52f700 WorkerThread "GC Thread#4"                     [id=31468, stack(0x0000005d9b200000,0x0000005d9b300000) (1024K)]
  0x000001847f52fab0 WorkerThread "GC Thread#5"                     [id=23472, stack(0x0000005d9b300000,0x0000005d9b400000) (1024K)]
  0x000001841c22db10 WorkerThread "GC Thread#6"                     [id=37912, stack(0x0000005d9c100000,0x0000005d9c200000) (1024K)]
  0x000001841c22dec0 WorkerThread "GC Thread#7"                     [id=4888, stack(0x0000005d9c300000,0x0000005d9c400000) (1024K)]
  0x0000018469980320 ConcurrentGCThread "G1 Main Marker"            [id=29320, stack(0x0000005d99f00000,0x0000005d9a000000) (1024K)]
  0x0000018469980d40 WorkerThread "G1 Conc#0"                       [id=28784, stack(0x0000005d9a000000,0x0000005d9a100000) (1024K)]
  0x000001841e592200 WorkerThread "G1 Conc#1"                       [id=29504, stack(0x0000005d9c400000,0x0000005d9c500000) (1024K)]
  0x000001847eeb35d0 ConcurrentGCThread "G1 Refine#0"               [id=36788, stack(0x0000005d9a100000,0x0000005d9a200000) (1024K)]
  0x000001847eeb3f60 ConcurrentGCThread "G1 Service"                [id=17480, stack(0x0000005d9a200000,0x0000005d9a300000) (1024K)]
Total: 15

Threads with active compile tasks:
Total: 0

VM state: synchronizing (normal execution)

VM Mutex/Monitor currently owned by a thread:  ([mutex/lock_event])
[0x00007ffc0ec0d530] Metaspace_lock - owner thread: 0x000001841c1357c0
[0x00007ffc0ec0f5b0] Threads_lock - owner thread: 0x000001847eff1220

Heap address: 0x00000000e0000000, size: 512 MB, Compressed Oops mode: 32-bit

CDS archive(s) mapped at: [0x0000018402000000-0x0000018402ba0000-0x0000018402ba0000), size 12189696, SharedBaseAddress: 0x0000018402000000, ArchiveRelocationMode: 1.
Compressed class space mapped at: 0x0000018403000000-0x0000018417000000, reserved size: 335544320
Narrow klass base: 0x0000018402000000, Narrow klass shift: 0, Narrow klass range: 0x100000000

GC Precious Log:
 CardTable entry size: 512
 Card Set container configuration: InlinePtr #cards 5 size 8 Array Of Cards #cards 12 size 40 Howl #buckets 4 coarsen threshold 1843 Howl Bitmap #cards 512 size 80 coarsen threshold 460 Card regions per heap region 1 cards per card region 2048
 CPUs: 8 total, 8 available
 Memory: 16107M
 Large Page Support: Disabled
 NUMA Support: Disabled
 Compressed Oops: Enabled (32-bit)
 Heap Region Size: 1M
 Heap Min Capacity: 256M
 Heap Initial Capacity: 256M
 Heap Max Capacity: 512M
 Pre-touch: Disabled
 Parallel Workers: 8
 Concurrent Workers: 2
 Concurrent Refinement Workers: 8
 Periodic GC: Disabled

Heap:
 garbage-first heap   total 262144K, used 106862K [0x00000000e0000000, 0x0000000100000000)
  region size 1024K, 84 young (86016K), 3 survivors (3072K)
 Metaspace       used 31193K, committed 32512K, reserved 393216K
  class space    used 4695K, committed 5312K, reserved 327680K

Heap Regions: E=young(eden), S=young(survivor), O=old, HS=humongous(starts), HC=humongous(continues), CS=collection set, F=free, TAMS=top-at-mark-start, PB=parsable bottom
|   0|0x00000000e0000000, 0x00000000e0100000, 0x00000000e0100000|100%|HS|  |TAMS 0x00000000e0000000| PB 0x00000000e0000000| Complete 
|   1|0x00000000e0100000, 0x00000000e0200000, 0x00000000e0200000|100%|HC|  |TAMS 0x00000000e0100000| PB 0x00000000e0100000| Complete 
|   2|0x00000000e0200000, 0x00000000e0300000, 0x00000000e0300000|100%|HC|  |TAMS 0x00000000e0200000| PB 0x00000000e0200000| Complete 
|   3|0x00000000e0300000, 0x00000000e0400000, 0x00000000e0400000|100%|HC|  |TAMS 0x00000000e0300000| PB 0x00000000e0300000| Complete 
|   4|0x00000000e0400000, 0x00000000e0500000, 0x00000000e0500000|100%| O|  |TAMS 0x00000000e0400000| PB 0x00000000e0400000| Untracked 
|   5|0x00000000e0500000, 0x00000000e0600000, 0x00000000e0600000|100%| O|  |TAMS 0x00000000e0500000| PB 0x00000000e0500000| Untracked 
|   6|0x00000000e0600000, 0x00000000e0700000, 0x00000000e0700000|100%| O|  |TAMS 0x00000000e0600000| PB 0x00000000e0600000| Untracked 
|   7|0x00000000e0700000, 0x00000000e0800000, 0x00000000e0800000|100%| O|  |TAMS 0x00000000e0700000| PB 0x00000000e0700000| Untracked 
|   8|0x00000000e0800000, 0x00000000e0900000, 0x00000000e0900000|100%|HS|  |TAMS 0x00000000e0800000| PB 0x00000000e0800000| Complete 
|   9|0x00000000e0900000, 0x00000000e0a00000, 0x00000000e0a00000|100%| O|  |TAMS 0x00000000e0900000| PB 0x00000000e0900000| Untracked 
|  10|0x00000000e0a00000, 0x00000000e0b00000, 0x00000000e0b00000|100%| O|  |TAMS 0x00000000e0a00000| PB 0x00000000e0a00000| Untracked 
|  11|0x00000000e0b00000, 0x00000000e0c00000, 0x00000000e0c00000|100%| O|  |TAMS 0x00000000e0b00000| PB 0x00000000e0b00000| Untracked 
|  12|0x00000000e0c00000, 0x00000000e0d00000, 0x00000000e0d00000|100%| O|Cm|TAMS 0x00000000e0c00000| PB 0x00000000e0c00000| Complete 
|  13|0x00000000e0d00000, 0x00000000e0e00000, 0x00000000e0e00000|100%| O|  |TAMS 0x00000000e0d00000| PB 0x00000000e0d00000| Untracked 
|  14|0x00000000e0e00000, 0x00000000e0f00000, 0x00000000e0f00000|100%| O|  |TAMS 0x00000000e0e00000| PB 0x00000000e0e00000| Untracked 
|  15|0x00000000e0f00000, 0x00000000e1000000, 0x00000000e1000000|100%| O|  |TAMS 0x00000000e0f00000| PB 0x00000000e0f00000| Untracked 
|  16|0x00000000e1000000, 0x00000000e1100000, 0x00000000e1100000|100%| O|  |TAMS 0x00000000e1000000| PB 0x00000000e1000000| Untracked 
|  17|0x00000000e1100000, 0x00000000e1200000, 0x00000000e1200000|100%| O|  |TAMS 0x00000000e1100000| PB 0x00000000e1100000| Untracked 
|  18|0x00000000e1200000, 0x00000000e1300000, 0x00000000e1300000|100%| O|  |TAMS 0x00000000e1200000| PB 0x00000000e1200000| Untracked 
|  19|0x00000000e1300000, 0x00000000e1400000, 0x00000000e1400000|100%| O|  |TAMS 0x00000000e1300000| PB 0x00000000e1300000| Untracked 
|  20|0x00000000e1400000, 0x00000000e1500000, 0x00000000e1500000|100%| O|  |TAMS 0x00000000e1400000| PB 0x00000000e1400000| Untracked 
|  21|0x00000000e1500000, 0x00000000e1600000, 0x00000000e1600000|100%| O|  |TAMS 0x00000000e1500000| PB 0x00000000e1500000| Untracked 
|  22|0x00000000e1600000, 0x00000000e1600000, 0x00000000e1700000|  0%| F|  |TAMS 0x00000000e1600000| PB 0x00000000e1600000| Untracked 
|  23|0x00000000e1700000, 0x00000000e1700000, 0x00000000e1800000|  0%| F|  |TAMS 0x00000000e1700000| PB 0x00000000e1700000| Untracked 
|  24|0x00000000e1800000, 0x00000000e1800000, 0x00000000e1900000|  0%| F|  |TAMS 0x00000000e1800000| PB 0x00000000e1800000| Untracked 
|  25|0x00000000e1900000, 0x00000000e1900000, 0x00000000e1a00000|  0%| F|  |TAMS 0x00000000e1900000| PB 0x00000000e1900000| Untracked 
|  26|0x00000000e1a00000, 0x00000000e1a00000, 0x00000000e1b00000|  0%| F|  |TAMS 0x00000000e1a00000| PB 0x00000000e1a00000| Untracked 
|  27|0x00000000e1b00000, 0x00000000e1b00000, 0x00000000e1c00000|  0%| F|  |TAMS 0x00000000e1b00000| PB 0x00000000e1b00000| Untracked 
|  28|0x00000000e1c00000, 0x00000000e1c00000, 0x00000000e1d00000|  0%| F|  |TAMS 0x00000000e1c00000| PB 0x00000000e1c00000| Untracked 
|  29|0x00000000e1d00000, 0x00000000e1d00000, 0x00000000e1e00000|  0%| F|  |TAMS 0x00000000e1d00000| PB 0x00000000e1d00000| Untracked 
|  30|0x00000000e1e00000, 0x00000000e1e00000, 0x00000000e1f00000|  0%| F|  |TAMS 0x00000000e1e00000| PB 0x00000000e1e00000| Untracked 
|  31|0x00000000e1f00000, 0x00000000e1f00000, 0x00000000e2000000|  0%| F|  |TAMS 0x00000000e1f00000| PB 0x00000000e1f00000| Untracked 
|  32|0x00000000e2000000, 0x00000000e2000000, 0x00000000e2100000|  0%| F|  |TAMS 0x00000000e2000000| PB 0x00000000e2000000| Untracked 
|  33|0x00000000e2100000, 0x00000000e2100000, 0x00000000e2200000|  0%| F|  |TAMS 0x00000000e2100000| PB 0x00000000e2100000| Untracked 
|  34|0x00000000e2200000, 0x00000000e2200000, 0x00000000e2300000|  0%| F|  |TAMS 0x00000000e2200000| PB 0x00000000e2200000| Untracked 
|  35|0x00000000e2300000, 0x00000000e2300000, 0x00000000e2400000|  0%| F|  |TAMS 0x00000000e2300000| PB 0x00000000e2300000| Untracked 
|  36|0x00000000e2400000, 0x00000000e2400000, 0x00000000e2500000|  0%| F|  |TAMS 0x00000000e2400000| PB 0x00000000e2400000| Untracked 
|  37|0x00000000e2500000, 0x00000000e2500000, 0x00000000e2600000|  0%| F|  |TAMS 0x00000000e2500000| PB 0x00000000e2500000| Untracked 
|  38|0x00000000e2600000, 0x00000000e2600000, 0x00000000e2700000|  0%| F|  |TAMS 0x00000000e2600000| PB 0x00000000e2600000| Untracked 
|  39|0x00000000e2700000, 0x00000000e2700000, 0x00000000e2800000|  0%| F|  |TAMS 0x00000000e2700000| PB 0x00000000e2700000| Untracked 
|  40|0x00000000e2800000, 0x00000000e2800000, 0x00000000e2900000|  0%| F|  |TAMS 0x00000000e2800000| PB 0x00000000e2800000| Untracked 
|  41|0x00000000e2900000, 0x00000000e2900000, 0x00000000e2a00000|  0%| F|  |TAMS 0x00000000e2900000| PB 0x00000000e2900000| Untracked 
|  42|0x00000000e2a00000, 0x00000000e2a00000, 0x00000000e2b00000|  0%| F|  |TAMS 0x00000000e2a00000| PB 0x00000000e2a00000| Untracked 
|  43|0x00000000e2b00000, 0x00000000e2b00000, 0x00000000e2c00000|  0%| F|  |TAMS 0x00000000e2b00000| PB 0x00000000e2b00000| Untracked 
|  44|0x00000000e2c00000, 0x00000000e2c00000, 0x00000000e2d00000|  0%| F|  |TAMS 0x00000000e2c00000| PB 0x00000000e2c00000| Untracked 
|  45|0x00000000e2d00000, 0x00000000e2d00000, 0x00000000e2e00000|  0%| F|  |TAMS 0x00000000e2d00000| PB 0x00000000e2d00000| Untracked 
|  46|0x00000000e2e00000, 0x00000000e2e00000, 0x00000000e2f00000|  0%| F|  |TAMS 0x00000000e2e00000| PB 0x00000000e2e00000| Untracked 
|  47|0x00000000e2f00000, 0x00000000e2f00000, 0x00000000e3000000|  0%| F|  |TAMS 0x00000000e2f00000| PB 0x00000000e2f00000| Untracked 
|  48|0x00000000e3000000, 0x00000000e3000000, 0x00000000e3100000|  0%| F|  |TAMS 0x00000000e3000000| PB 0x00000000e3000000| Untracked 
|  49|0x00000000e3100000, 0x00000000e3100000, 0x00000000e3200000|  0%| F|  |TAMS 0x00000000e3100000| PB 0x00000000e3100000| Untracked 
|  50|0x00000000e3200000, 0x00000000e3200000, 0x00000000e3300000|  0%| F|  |TAMS 0x00000000e3200000| PB 0x00000000e3200000| Untracked 
|  51|0x00000000e3300000, 0x00000000e3300000, 0x00000000e3400000|  0%| F|  |TAMS 0x00000000e3300000| PB 0x00000000e3300000| Untracked 
|  52|0x00000000e3400000, 0x00000000e3400000, 0x00000000e3500000|  0%| F|  |TAMS 0x00000000e3400000| PB 0x00000000e3400000| Untracked 
|  53|0x00000000e3500000, 0x00000000e3500000, 0x00000000e3600000|  0%| F|  |TAMS 0x00000000e3500000| PB 0x00000000e3500000| Untracked 
|  54|0x00000000e3600000, 0x00000000e3600000, 0x00000000e3700000|  0%| F|  |TAMS 0x00000000e3600000| PB 0x00000000e3600000| Untracked 
|  55|0x00000000e3700000, 0x00000000e3700000, 0x00000000e3800000|  0%| F|  |TAMS 0x00000000e3700000| PB 0x00000000e3700000| Untracked 
|  56|0x00000000e3800000, 0x00000000e3800000, 0x00000000e3900000|  0%| F|  |TAMS 0x00000000e3800000| PB 0x00000000e3800000| Untracked 
|  57|0x00000000e3900000, 0x00000000e3900000, 0x00000000e3a00000|  0%| F|  |TAMS 0x00000000e3900000| PB 0x00000000e3900000| Untracked 
|  58|0x00000000e3a00000, 0x00000000e3a00000, 0x00000000e3b00000|  0%| F|  |TAMS 0x00000000e3a00000| PB 0x00000000e3a00000| Untracked 
|  59|0x00000000e3b00000, 0x00000000e3b00000, 0x00000000e3c00000|  0%| F|  |TAMS 0x00000000e3b00000| PB 0x00000000e3b00000| Untracked 
|  60|0x00000000e3c00000, 0x00000000e3c00000, 0x00000000e3d00000|  0%| F|  |TAMS 0x00000000e3c00000| PB 0x00000000e3c00000| Untracked 
|  61|0x00000000e3d00000, 0x00000000e3d00000, 0x00000000e3e00000|  0%| F|  |TAMS 0x00000000e3d00000| PB 0x00000000e3d00000| Untracked 
|  62|0x00000000e3e00000, 0x00000000e3e00000, 0x00000000e3f00000|  0%| F|  |TAMS 0x00000000e3e00000| PB 0x00000000e3e00000| Untracked 
|  63|0x00000000e3f00000, 0x00000000e3f00000, 0x00000000e4000000|  0%| F|  |TAMS 0x00000000e3f00000| PB 0x00000000e3f00000| Untracked 
|  64|0x00000000e4000000, 0x00000000e4000000, 0x00000000e4100000|  0%| F|  |TAMS 0x00000000e4000000| PB 0x00000000e4000000| Untracked 
|  65|0x00000000e4100000, 0x00000000e4100000, 0x00000000e4200000|  0%| F|  |TAMS 0x00000000e4100000| PB 0x00000000e4100000| Untracked 
|  66|0x00000000e4200000, 0x00000000e4200000, 0x00000000e4300000|  0%| F|  |TAMS 0x00000000e4200000| PB 0x00000000e4200000| Untracked 
|  67|0x00000000e4300000, 0x00000000e4300000, 0x00000000e4400000|  0%| F|  |TAMS 0x00000000e4300000| PB 0x00000000e4300000| Untracked 
|  68|0x00000000e4400000, 0x00000000e4400000, 0x00000000e4500000|  0%| F|  |TAMS 0x00000000e4400000| PB 0x00000000e4400000| Untracked 
|  69|0x00000000e4500000, 0x00000000e4500000, 0x00000000e4600000|  0%| F|  |TAMS 0x00000000e4500000| PB 0x00000000e4500000| Untracked 
|  70|0x00000000e4600000, 0x00000000e4600000, 0x00000000e4700000|  0%| F|  |TAMS 0x00000000e4600000| PB 0x00000000e4600000| Untracked 
|  71|0x00000000e4700000, 0x00000000e4700000, 0x00000000e4800000|  0%| F|  |TAMS 0x00000000e4700000| PB 0x00000000e4700000| Untracked 
|  72|0x00000000e4800000, 0x00000000e4800000, 0x00000000e4900000|  0%| F|  |TAMS 0x00000000e4800000| PB 0x00000000e4800000| Untracked 
|  73|0x00000000e4900000, 0x00000000e4900000, 0x00000000e4a00000|  0%| F|  |TAMS 0x00000000e4900000| PB 0x00000000e4900000| Untracked 
|  74|0x00000000e4a00000, 0x00000000e4a00000, 0x00000000e4b00000|  0%| F|  |TAMS 0x00000000e4a00000| PB 0x00000000e4a00000| Untracked 
|  75|0x00000000e4b00000, 0x00000000e4b00000, 0x00000000e4c00000|  0%| F|  |TAMS 0x00000000e4b00000| PB 0x00000000e4b00000| Untracked 
|  76|0x00000000e4c00000, 0x00000000e4c00000, 0x00000000e4d00000|  0%| F|  |TAMS 0x00000000e4c00000| PB 0x00000000e4c00000| Untracked 
|  77|0x00000000e4d00000, 0x00000000e4d00000, 0x00000000e4e00000|  0%| F|  |TAMS 0x00000000e4d00000| PB 0x00000000e4d00000| Untracked 
|  78|0x00000000e4e00000, 0x00000000e4e00000, 0x00000000e4f00000|  0%| F|  |TAMS 0x00000000e4e00000| PB 0x00000000e4e00000| Untracked 
|  79|0x00000000e4f00000, 0x00000000e4f00000, 0x00000000e5000000|  0%| F|  |TAMS 0x00000000e4f00000| PB 0x00000000e4f00000| Untracked 
|  80|0x00000000e5000000, 0x00000000e5000000, 0x00000000e5100000|  0%| F|  |TAMS 0x00000000e5000000| PB 0x00000000e5000000| Untracked 
|  81|0x00000000e5100000, 0x00000000e5100000, 0x00000000e5200000|  0%| F|  |TAMS 0x00000000e5100000| PB 0x00000000e5100000| Untracked 
|  82|0x00000000e5200000, 0x00000000e5200000, 0x00000000e5300000|  0%| F|  |TAMS 0x00000000e5200000| PB 0x00000000e5200000| Untracked 
|  83|0x00000000e5300000, 0x00000000e5300000, 0x00000000e5400000|  0%| F|  |TAMS 0x00000000e5300000| PB 0x00000000e5300000| Untracked 
|  84|0x00000000e5400000, 0x00000000e5400000, 0x00000000e5500000|  0%| F|  |TAMS 0x00000000e5400000| PB 0x00000000e5400000| Untracked 
|  85|0x00000000e5500000, 0x00000000e5500000, 0x00000000e5600000|  0%| F|  |TAMS 0x00000000e5500000| PB 0x00000000e5500000| Untracked 
|  86|0x00000000e5600000, 0x00000000e5600000, 0x00000000e5700000|  0%| F|  |TAMS 0x00000000e5600000| PB 0x00000000e5600000| Untracked 
|  87|0x00000000e5700000, 0x00000000e5700000, 0x00000000e5800000|  0%| F|  |TAMS 0x00000000e5700000| PB 0x00000000e5700000| Untracked 
|  88|0x00000000e5800000, 0x00000000e5800000, 0x00000000e5900000|  0%| F|  |TAMS 0x00000000e5800000| PB 0x00000000e5800000| Untracked 
|  89|0x00000000e5900000, 0x00000000e5900000, 0x00000000e5a00000|  0%| F|  |TAMS 0x00000000e5900000| PB 0x00000000e5900000| Untracked 
|  90|0x00000000e5a00000, 0x00000000e5a00000, 0x00000000e5b00000|  0%| F|  |TAMS 0x00000000e5a00000| PB 0x00000000e5a00000| Untracked 
|  91|0x00000000e5b00000, 0x00000000e5b00000, 0x00000000e5c00000|  0%| F|  |TAMS 0x00000000e5b00000| PB 0x00000000e5b00000| Untracked 
|  92|0x00000000e5c00000, 0x00000000e5c00000, 0x00000000e5d00000|  0%| F|  |TAMS 0x00000000e5c00000| PB 0x00000000e5c00000| Untracked 
|  93|0x00000000e5d00000, 0x00000000e5d00000, 0x00000000e5e00000|  0%| F|  |TAMS 0x00000000e5d00000| PB 0x00000000e5d00000| Untracked 
|  94|0x00000000e5e00000, 0x00000000e5e00000, 0x00000000e5f00000|  0%| F|  |TAMS 0x00000000e5e00000| PB 0x00000000e5e00000| Untracked 
|  95|0x00000000e5f00000, 0x00000000e5f00000, 0x00000000e6000000|  0%| F|  |TAMS 0x00000000e5f00000| PB 0x00000000e5f00000| Untracked 
|  96|0x00000000e6000000, 0x00000000e6000000, 0x00000000e6100000|  0%| F|  |TAMS 0x00000000e6000000| PB 0x00000000e6000000| Untracked 
|  97|0x00000000e6100000, 0x00000000e6100000, 0x00000000e6200000|  0%| F|  |TAMS 0x00000000e6100000| PB 0x00000000e6100000| Untracked 
|  98|0x00000000e6200000, 0x00000000e6200000, 0x00000000e6300000|  0%| F|  |TAMS 0x00000000e6200000| PB 0x00000000e6200000| Untracked 
|  99|0x00000000e6300000, 0x00000000e6300000, 0x00000000e6400000|  0%| F|  |TAMS 0x00000000e6300000| PB 0x00000000e6300000| Untracked 
| 100|0x00000000e6400000, 0x00000000e6400000, 0x00000000e6500000|  0%| F|  |TAMS 0x00000000e6400000| PB 0x00000000e6400000| Untracked 
| 101|0x00000000e6500000, 0x00000000e6500000, 0x00000000e6600000|  0%| F|  |TAMS 0x00000000e6500000| PB 0x00000000e6500000| Untracked 
| 102|0x00000000e6600000, 0x00000000e6600000, 0x00000000e6700000|  0%| F|  |TAMS 0x00000000e6600000| PB 0x00000000e6600000| Untracked 
| 103|0x00000000e6700000, 0x00000000e6700000, 0x00000000e6800000|  0%| F|  |TAMS 0x00000000e6700000| PB 0x00000000e6700000| Untracked 
| 104|0x00000000e6800000, 0x00000000e6800000, 0x00000000e6900000|  0%| F|  |TAMS 0x00000000e6800000| PB 0x00000000e6800000| Untracked 
| 105|0x00000000e6900000, 0x00000000e6900000, 0x00000000e6a00000|  0%| F|  |TAMS 0x00000000e6900000| PB 0x00000000e6900000| Untracked 
| 106|0x00000000e6a00000, 0x00000000e6a00000, 0x00000000e6b00000|  0%| F|  |TAMS 0x00000000e6a00000| PB 0x00000000e6a00000| Untracked 
| 107|0x00000000e6b00000, 0x00000000e6b00000, 0x00000000e6c00000|  0%| F|  |TAMS 0x00000000e6b00000| PB 0x00000000e6b00000| Untracked 
| 108|0x00000000e6c00000, 0x00000000e6c00000, 0x00000000e6d00000|  0%| F|  |TAMS 0x00000000e6c00000| PB 0x00000000e6c00000| Untracked 
| 109|0x00000000e6d00000, 0x00000000e6d00000, 0x00000000e6e00000|  0%| F|  |TAMS 0x00000000e6d00000| PB 0x00000000e6d00000| Untracked 
| 110|0x00000000e6e00000, 0x00000000e6e00000, 0x00000000e6f00000|  0%| F|  |TAMS 0x00000000e6e00000| PB 0x00000000e6e00000| Untracked 
| 111|0x00000000e6f00000, 0x00000000e6f00000, 0x00000000e7000000|  0%| F|  |TAMS 0x00000000e6f00000| PB 0x00000000e6f00000| Untracked 
| 112|0x00000000e7000000, 0x00000000e7000000, 0x00000000e7100000|  0%| F|  |TAMS 0x00000000e7000000| PB 0x00000000e7000000| Untracked 
| 113|0x00000000e7100000, 0x00000000e7100000, 0x00000000e7200000|  0%| F|  |TAMS 0x00000000e7100000| PB 0x00000000e7100000| Untracked 
| 114|0x00000000e7200000, 0x00000000e7200000, 0x00000000e7300000|  0%| F|  |TAMS 0x00000000e7200000| PB 0x00000000e7200000| Untracked 
| 115|0x00000000e7300000, 0x00000000e7300000, 0x00000000e7400000|  0%| F|  |TAMS 0x00000000e7300000| PB 0x00000000e7300000| Untracked 
| 116|0x00000000e7400000, 0x00000000e7400000, 0x00000000e7500000|  0%| F|  |TAMS 0x00000000e7400000| PB 0x00000000e7400000| Untracked 
| 117|0x00000000e7500000, 0x00000000e7500000, 0x00000000e7600000|  0%| F|  |TAMS 0x00000000e7500000| PB 0x00000000e7500000| Untracked 
| 118|0x00000000e7600000, 0x00000000e7600000, 0x00000000e7700000|  0%| F|  |TAMS 0x00000000e7600000| PB 0x00000000e7600000| Untracked 
| 119|0x00000000e7700000, 0x00000000e7700000, 0x00000000e7800000|  0%| F|  |TAMS 0x00000000e7700000| PB 0x00000000e7700000| Untracked 
| 120|0x00000000e7800000, 0x00000000e7800000, 0x00000000e7900000|  0%| F|  |TAMS 0x00000000e7800000| PB 0x00000000e7800000| Untracked 
| 121|0x00000000e7900000, 0x00000000e7900000, 0x00000000e7a00000|  0%| F|  |TAMS 0x00000000e7900000| PB 0x00000000e7900000| Untracked 
| 122|0x00000000e7a00000, 0x00000000e7a00000, 0x00000000e7b00000|  0%| F|  |TAMS 0x00000000e7a00000| PB 0x00000000e7a00000| Untracked 
| 123|0x00000000e7b00000, 0x00000000e7b00000, 0x00000000e7c00000|  0%| F|  |TAMS 0x00000000e7b00000| PB 0x00000000e7b00000| Untracked 
| 124|0x00000000e7c00000, 0x00000000e7c00000, 0x00000000e7d00000|  0%| F|  |TAMS 0x00000000e7c00000| PB 0x00000000e7c00000| Untracked 
| 125|0x00000000e7d00000, 0x00000000e7d00000, 0x00000000e7e00000|  0%| F|  |TAMS 0x00000000e7d00000| PB 0x00000000e7d00000| Untracked 
| 126|0x00000000e7e00000, 0x00000000e7e00000, 0x00000000e7f00000|  0%| F|  |TAMS 0x00000000e7e00000| PB 0x00000000e7e00000| Untracked 
| 127|0x00000000e7f00000, 0x00000000e7f00000, 0x00000000e8000000|  0%| F|  |TAMS 0x00000000e7f00000| PB 0x00000000e7f00000| Untracked 
| 128|0x00000000e8000000, 0x00000000e8000000, 0x00000000e8100000|  0%| F|  |TAMS 0x00000000e8000000| PB 0x00000000e8000000| Untracked 
| 129|0x00000000e8100000, 0x00000000e8100000, 0x00000000e8200000|  0%| F|  |TAMS 0x00000000e8100000| PB 0x00000000e8100000| Untracked 
| 130|0x00000000e8200000, 0x00000000e8200000, 0x00000000e8300000|  0%| F|  |TAMS 0x00000000e8200000| PB 0x00000000e8200000| Untracked 
| 131|0x00000000e8300000, 0x00000000e8300000, 0x00000000e8400000|  0%| F|  |TAMS 0x00000000e8300000| PB 0x00000000e8300000| Untracked 
| 132|0x00000000e8400000, 0x00000000e8400000, 0x00000000e8500000|  0%| F|  |TAMS 0x00000000e8400000| PB 0x00000000e8400000| Untracked 
| 133|0x00000000e8500000, 0x00000000e8500000, 0x00000000e8600000|  0%| F|  |TAMS 0x00000000e8500000| PB 0x00000000e8500000| Untracked 
| 134|0x00000000e8600000, 0x00000000e8600000, 0x00000000e8700000|  0%| F|  |TAMS 0x00000000e8600000| PB 0x00000000e8600000| Untracked 
| 135|0x00000000e8700000, 0x00000000e8700000, 0x00000000e8800000|  0%| F|  |TAMS 0x00000000e8700000| PB 0x00000000e8700000| Untracked 
| 136|0x00000000e8800000, 0x00000000e8800000, 0x00000000e8900000|  0%| F|  |TAMS 0x00000000e8800000| PB 0x00000000e8800000| Untracked 
| 137|0x00000000e8900000, 0x00000000e8900000, 0x00000000e8a00000|  0%| F|  |TAMS 0x00000000e8900000| PB 0x00000000e8900000| Untracked 
| 138|0x00000000e8a00000, 0x00000000e8a00000, 0x00000000e8b00000|  0%| F|  |TAMS 0x00000000e8a00000| PB 0x00000000e8a00000| Untracked 
| 139|0x00000000e8b00000, 0x00000000e8b00000, 0x00000000e8c00000|  0%| F|  |TAMS 0x00000000e8b00000| PB 0x00000000e8b00000| Untracked 
| 140|0x00000000e8c00000, 0x00000000e8c00000, 0x00000000e8d00000|  0%| F|  |TAMS 0x00000000e8c00000| PB 0x00000000e8c00000| Untracked 
| 141|0x00000000e8d00000, 0x00000000e8d00000, 0x00000000e8e00000|  0%| F|  |TAMS 0x00000000e8d00000| PB 0x00000000e8d00000| Untracked 
| 142|0x00000000e8e00000, 0x00000000e8e00000, 0x00000000e8f00000|  0%| F|  |TAMS 0x00000000e8e00000| PB 0x00000000e8e00000| Untracked 
| 143|0x00000000e8f00000, 0x00000000e8f00000, 0x00000000e9000000|  0%| F|  |TAMS 0x00000000e8f00000| PB 0x00000000e8f00000| Untracked 
| 144|0x00000000e9000000, 0x00000000e9000000, 0x00000000e9100000|  0%| F|  |TAMS 0x00000000e9000000| PB 0x00000000e9000000| Untracked 
| 145|0x00000000e9100000, 0x00000000e9100000, 0x00000000e9200000|  0%| F|  |TAMS 0x00000000e9100000| PB 0x00000000e9100000| Untracked 
| 146|0x00000000e9200000, 0x00000000e9200000, 0x00000000e9300000|  0%| F|  |TAMS 0x00000000e9200000| PB 0x00000000e9200000| Untracked 
| 147|0x00000000e9300000, 0x00000000e9300000, 0x00000000e9400000|  0%| F|  |TAMS 0x00000000e9300000| PB 0x00000000e9300000| Untracked 
| 148|0x00000000e9400000, 0x00000000e9400000, 0x00000000e9500000|  0%| F|  |TAMS 0x00000000e9400000| PB 0x00000000e9400000| Untracked 
| 149|0x00000000e9500000, 0x00000000e9500000, 0x00000000e9600000|  0%| F|  |TAMS 0x00000000e9500000| PB 0x00000000e9500000| Untracked 
| 150|0x00000000e9600000, 0x00000000e9600000, 0x00000000e9700000|  0%| F|  |TAMS 0x00000000e9600000| PB 0x00000000e9600000| Untracked 
| 151|0x00000000e9700000, 0x00000000e9700000, 0x00000000e9800000|  0%| F|  |TAMS 0x00000000e9700000| PB 0x00000000e9700000| Untracked 
| 152|0x00000000e9800000, 0x00000000e9800000, 0x00000000e9900000|  0%| F|  |TAMS 0x00000000e9800000| PB 0x00000000e9800000| Untracked 
| 153|0x00000000e9900000, 0x00000000e9900000, 0x00000000e9a00000|  0%| F|  |TAMS 0x00000000e9900000| PB 0x00000000e9900000| Untracked 
| 154|0x00000000e9a00000, 0x00000000e9a00000, 0x00000000e9b00000|  0%| F|  |TAMS 0x00000000e9a00000| PB 0x00000000e9a00000| Untracked 
| 155|0x00000000e9b00000, 0x00000000e9b00000, 0x00000000e9c00000|  0%| F|  |TAMS 0x00000000e9b00000| PB 0x00000000e9b00000| Untracked 
| 156|0x00000000e9c00000, 0x00000000e9c00000, 0x00000000e9d00000|  0%| F|  |TAMS 0x00000000e9c00000| PB 0x00000000e9c00000| Untracked 
| 157|0x00000000e9d00000, 0x00000000e9d00000, 0x00000000e9e00000|  0%| F|  |TAMS 0x00000000e9d00000| PB 0x00000000e9d00000| Untracked 
| 158|0x00000000e9e00000, 0x00000000e9e00000, 0x00000000e9f00000|  0%| F|  |TAMS 0x00000000e9e00000| PB 0x00000000e9e00000| Untracked 
| 159|0x00000000e9f00000, 0x00000000e9f00000, 0x00000000ea000000|  0%| F|  |TAMS 0x00000000e9f00000| PB 0x00000000e9f00000| Untracked 
| 160|0x00000000ea000000, 0x00000000ea000000, 0x00000000ea100000|  0%| F|  |TAMS 0x00000000ea000000| PB 0x00000000ea000000| Untracked 
| 161|0x00000000ea100000, 0x00000000ea100000, 0x00000000ea200000|  0%| F|  |TAMS 0x00000000ea100000| PB 0x00000000ea100000| Untracked 
| 162|0x00000000ea200000, 0x00000000ea200000, 0x00000000ea300000|  0%| F|  |TAMS 0x00000000ea200000| PB 0x00000000ea200000| Untracked 
| 163|0x00000000ea300000, 0x00000000ea300000, 0x00000000ea400000|  0%| F|  |TAMS 0x00000000ea300000| PB 0x00000000ea300000| Untracked 
| 164|0x00000000ea400000, 0x00000000ea400000, 0x00000000ea500000|  0%| F|  |TAMS 0x00000000ea400000| PB 0x00000000ea400000| Untracked 
| 165|0x00000000ea500000, 0x00000000ea500000, 0x00000000ea600000|  0%| F|  |TAMS 0x00000000ea500000| PB 0x00000000ea500000| Untracked 
| 166|0x00000000ea600000, 0x00000000ea600000, 0x00000000ea700000|  0%| F|  |TAMS 0x00000000ea600000| PB 0x00000000ea600000| Untracked 
| 167|0x00000000ea700000, 0x00000000ea700000, 0x00000000ea800000|  0%| F|  |TAMS 0x00000000ea700000| PB 0x00000000ea700000| Untracked 
| 168|0x00000000ea800000, 0x00000000ea800000, 0x00000000ea900000|  0%| F|  |TAMS 0x00000000ea800000| PB 0x00000000ea800000| Untracked 
| 169|0x00000000ea900000, 0x00000000ea900000, 0x00000000eaa00000|  0%| F|  |TAMS 0x00000000ea900000| PB 0x00000000ea900000| Untracked 
| 170|0x00000000eaa00000, 0x00000000eaa00000, 0x00000000eab00000|  0%| F|  |TAMS 0x00000000eaa00000| PB 0x00000000eaa00000| Untracked 
| 171|0x00000000eab00000, 0x00000000eab00000, 0x00000000eac00000|  0%| F|  |TAMS 0x00000000eab00000| PB 0x00000000eab00000| Untracked 
| 172|0x00000000eac00000, 0x00000000ead00000, 0x00000000ead00000|100%| E|  |TAMS 0x00000000eac00000| PB 0x00000000eac00000| Complete 
| 173|0x00000000ead00000, 0x00000000eae00000, 0x00000000eae00000|100%| E|CS|TAMS 0x00000000ead00000| PB 0x00000000ead00000| Complete 
| 174|0x00000000eae00000, 0x00000000eaf00000, 0x00000000eaf00000|100%| E|CS|TAMS 0x00000000eae00000| PB 0x00000000eae00000| Complete 
| 175|0x00000000eaf00000, 0x00000000eb000000, 0x00000000eb000000|100%| E|CS|TAMS 0x00000000eaf00000| PB 0x00000000eaf00000| Complete 
| 176|0x00000000eb000000, 0x00000000eb100000, 0x00000000eb100000|100%| E|CS|TAMS 0x00000000eb000000| PB 0x00000000eb000000| Complete 
| 177|0x00000000eb100000, 0x00000000eb200000, 0x00000000eb200000|100%| E|CS|TAMS 0x00000000eb100000| PB 0x00000000eb100000| Complete 
| 178|0x00000000eb200000, 0x00000000eb300000, 0x00000000eb300000|100%| E|CS|TAMS 0x00000000eb200000| PB 0x00000000eb200000| Complete 
| 179|0x00000000eb300000, 0x00000000eb400000, 0x00000000eb400000|100%| E|CS|TAMS 0x00000000eb300000| PB 0x00000000eb300000| Complete 
| 180|0x00000000eb400000, 0x00000000eb500000, 0x00000000eb500000|100%| E|CS|TAMS 0x00000000eb400000| PB 0x00000000eb400000| Complete 
| 181|0x00000000eb500000, 0x00000000eb600000, 0x00000000eb600000|100%| E|CS|TAMS 0x00000000eb500000| PB 0x00000000eb500000| Complete 
| 182|0x00000000eb600000, 0x00000000eb700000, 0x00000000eb700000|100%| E|CS|TAMS 0x00000000eb600000| PB 0x00000000eb600000| Complete 
| 183|0x00000000eb700000, 0x00000000eb800000, 0x00000000eb800000|100%| E|CS|TAMS 0x00000000eb700000| PB 0x00000000eb700000| Complete 
| 184|0x00000000eb800000, 0x00000000eb900000, 0x00000000eb900000|100%| E|CS|TAMS 0x00000000eb800000| PB 0x00000000eb800000| Complete 
| 185|0x00000000eb900000, 0x00000000eba00000, 0x00000000eba00000|100%| E|CS|TAMS 0x00000000eb900000| PB 0x00000000eb900000| Complete 
| 186|0x00000000eba00000, 0x00000000ebb00000, 0x00000000ebb00000|100%| E|CS|TAMS 0x00000000eba00000| PB 0x00000000eba00000| Complete 
| 187|0x00000000ebb00000, 0x00000000ebc00000, 0x00000000ebc00000|100%| E|CS|TAMS 0x00000000ebb00000| PB 0x00000000ebb00000| Complete 
| 188|0x00000000ebc00000, 0x00000000ebd00000, 0x00000000ebd00000|100%| E|CS|TAMS 0x00000000ebc00000| PB 0x00000000ebc00000| Complete 
| 189|0x00000000ebd00000, 0x00000000ebe00000, 0x00000000ebe00000|100%| E|CS|TAMS 0x00000000ebd00000| PB 0x00000000ebd00000| Complete 
| 190|0x00000000ebe00000, 0x00000000ebf00000, 0x00000000ebf00000|100%| E|CS|TAMS 0x00000000ebe00000| PB 0x00000000ebe00000| Complete 
| 191|0x00000000ebf00000, 0x00000000ec000000, 0x00000000ec000000|100%| E|CS|TAMS 0x00000000ebf00000| PB 0x00000000ebf00000| Complete 
| 192|0x00000000ec000000, 0x00000000ec100000, 0x00000000ec100000|100%| E|CS|TAMS 0x00000000ec000000| PB 0x00000000ec000000| Complete 
| 193|0x00000000ec100000, 0x00000000ec200000, 0x00000000ec200000|100%| E|CS|TAMS 0x00000000ec100000| PB 0x00000000ec100000| Complete 
| 194|0x00000000ec200000, 0x00000000ec300000, 0x00000000ec300000|100%| E|CS|TAMS 0x00000000ec200000| PB 0x00000000ec200000| Complete 
| 195|0x00000000ec300000, 0x00000000ec400000, 0x00000000ec400000|100%| E|CS|TAMS 0x00000000ec300000| PB 0x00000000ec300000| Complete 
| 196|0x00000000ec400000, 0x00000000ec500000, 0x00000000ec500000|100%| E|CS|TAMS 0x00000000ec400000| PB 0x00000000ec400000| Complete 
| 197|0x00000000ec500000, 0x00000000ec600000, 0x00000000ec600000|100%| E|CS|TAMS 0x00000000ec500000| PB 0x00000000ec500000| Complete 
| 198|0x00000000ec600000, 0x00000000ec700000, 0x00000000ec700000|100%| E|CS|TAMS 0x00000000ec600000| PB 0x00000000ec600000| Complete 
| 199|0x00000000ec700000, 0x00000000ec800000, 0x00000000ec800000|100%| E|CS|TAMS 0x00000000ec700000| PB 0x00000000ec700000| Complete 
| 200|0x00000000ec800000, 0x00000000ec900000, 0x00000000ec900000|100%| E|CS|TAMS 0x00000000ec800000| PB 0x00000000ec800000| Complete 
| 201|0x00000000ec900000, 0x00000000eca00000, 0x00000000eca00000|100%| E|CS|TAMS 0x00000000ec900000| PB 0x00000000ec900000| Complete 
| 202|0x00000000eca00000, 0x00000000ecb00000, 0x00000000ecb00000|100%| E|CS|TAMS 0x00000000eca00000| PB 0x00000000eca00000| Complete 
| 203|0x00000000ecb00000, 0x00000000ecc00000, 0x00000000ecc00000|100%| E|CS|TAMS 0x00000000ecb00000| PB 0x00000000ecb00000| Complete 
| 204|0x00000000ecc00000, 0x00000000ecd00000, 0x00000000ecd00000|100%| E|CS|TAMS 0x00000000ecc00000| PB 0x00000000ecc00000| Complete 
| 205|0x00000000ecd00000, 0x00000000ece00000, 0x00000000ece00000|100%| E|CS|TAMS 0x00000000ecd00000| PB 0x00000000ecd00000| Complete 
| 206|0x00000000ece00000, 0x00000000ecf00000, 0x00000000ecf00000|100%| E|CS|TAMS 0x00000000ece00000| PB 0x00000000ece00000| Complete 
| 207|0x00000000ecf00000, 0x00000000ed000000, 0x00000000ed000000|100%| E|CS|TAMS 0x00000000ecf00000| PB 0x00000000ecf00000| Complete 
| 208|0x00000000ed000000, 0x00000000ed100000, 0x00000000ed100000|100%| E|CS|TAMS 0x00000000ed000000| PB 0x00000000ed000000| Complete 
| 209|0x00000000ed100000, 0x00000000ed200000, 0x00000000ed200000|100%| E|CS|TAMS 0x00000000ed100000| PB 0x00000000ed100000| Complete 
| 210|0x00000000ed200000, 0x00000000ed300000, 0x00000000ed300000|100%| E|CS|TAMS 0x00000000ed200000| PB 0x00000000ed200000| Complete 
| 211|0x00000000ed300000, 0x00000000ed400000, 0x00000000ed400000|100%| E|CS|TAMS 0x00000000ed300000| PB 0x00000000ed300000| Complete 
| 212|0x00000000ed400000, 0x00000000ed500000, 0x00000000ed500000|100%| E|CS|TAMS 0x00000000ed400000| PB 0x00000000ed400000| Complete 
| 213|0x00000000ed500000, 0x00000000ed600000, 0x00000000ed600000|100%| E|CS|TAMS 0x00000000ed500000| PB 0x00000000ed500000| Complete 
| 214|0x00000000ed600000, 0x00000000ed700000, 0x00000000ed700000|100%| E|CS|TAMS 0x00000000ed600000| PB 0x00000000ed600000| Complete 
| 215|0x00000000ed700000, 0x00000000ed800000, 0x00000000ed800000|100%| E|CS|TAMS 0x00000000ed700000| PB 0x00000000ed700000| Complete 
| 216|0x00000000ed800000, 0x00000000ed900000, 0x00000000ed900000|100%| E|CS|TAMS 0x00000000ed800000| PB 0x00000000ed800000| Complete 
| 217|0x00000000ed900000, 0x00000000eda00000, 0x00000000eda00000|100%| E|CS|TAMS 0x00000000ed900000| PB 0x00000000ed900000| Complete 
| 218|0x00000000eda00000, 0x00000000edb00000, 0x00000000edb00000|100%| E|CS|TAMS 0x00000000eda00000| PB 0x00000000eda00000| Complete 
| 219|0x00000000edb00000, 0x00000000edc00000, 0x00000000edc00000|100%| E|CS|TAMS 0x00000000edb00000| PB 0x00000000edb00000| Complete 
| 220|0x00000000edc00000, 0x00000000edd00000, 0x00000000edd00000|100%| E|CS|TAMS 0x00000000edc00000| PB 0x00000000edc00000| Complete 
| 221|0x00000000edd00000, 0x00000000ede00000, 0x00000000ede00000|100%| E|CS|TAMS 0x00000000edd00000| PB 0x00000000edd00000| Complete 
| 222|0x00000000ede00000, 0x00000000edf00000, 0x00000000edf00000|100%| E|CS|TAMS 0x00000000ede00000| PB 0x00000000ede00000| Complete 
| 223|0x00000000edf00000, 0x00000000ee000000, 0x00000000ee000000|100%| E|CS|TAMS 0x00000000edf00000| PB 0x00000000edf00000| Complete 
| 224|0x00000000ee000000, 0x00000000ee100000, 0x00000000ee100000|100%| E|CS|TAMS 0x00000000ee000000| PB 0x00000000ee000000| Complete 
| 225|0x00000000ee100000, 0x00000000ee200000, 0x00000000ee200000|100%| E|CS|TAMS 0x00000000ee100000| PB 0x00000000ee100000| Complete 
| 226|0x00000000ee200000, 0x00000000ee300000, 0x00000000ee300000|100%| E|CS|TAMS 0x00000000ee200000| PB 0x00000000ee200000| Complete 
| 227|0x00000000ee300000, 0x00000000ee35b8e0, 0x00000000ee400000| 35%| S|CS|TAMS 0x00000000ee300000| PB 0x00000000ee300000| Complete 
| 228|0x00000000ee400000, 0x00000000ee500000, 0x00000000ee500000|100%| S|CS|TAMS 0x00000000ee400000| PB 0x00000000ee400000| Complete 
| 229|0x00000000ee500000, 0x00000000ee600000, 0x00000000ee600000|100%| S|CS|TAMS 0x00000000ee500000| PB 0x00000000ee500000| Complete 
| 230|0x00000000ee600000, 0x00000000ee700000, 0x00000000ee700000|100%| E|CS|TAMS 0x00000000ee600000| PB 0x00000000ee600000| Complete 
| 231|0x00000000ee700000, 0x00000000ee800000, 0x00000000ee800000|100%| E|CS|TAMS 0x00000000ee700000| PB 0x00000000ee700000| Complete 
| 232|0x00000000ee800000, 0x00000000ee900000, 0x00000000ee900000|100%| E|CS|TAMS 0x00000000ee800000| PB 0x00000000ee800000| Complete 
| 233|0x00000000ee900000, 0x00000000eea00000, 0x00000000eea00000|100%| E|CS|TAMS 0x00000000ee900000| PB 0x00000000ee900000| Complete 
| 234|0x00000000eea00000, 0x00000000eeb00000, 0x00000000eeb00000|100%| E|CS|TAMS 0x00000000eea00000| PB 0x00000000eea00000| Complete 
| 235|0x00000000eeb00000, 0x00000000eec00000, 0x00000000eec00000|100%| E|CS|TAMS 0x00000000eeb00000| PB 0x00000000eeb00000| Complete 
| 236|0x00000000eec00000, 0x00000000eed00000, 0x00000000eed00000|100%| E|CS|TAMS 0x00000000eec00000| PB 0x00000000eec00000| Complete 
| 237|0x00000000eed00000, 0x00000000eee00000, 0x00000000eee00000|100%| E|CS|TAMS 0x00000000eed00000| PB 0x00000000eed00000| Complete 
| 238|0x00000000eee00000, 0x00000000eef00000, 0x00000000eef00000|100%| E|CS|TAMS 0x00000000eee00000| PB 0x00000000eee00000| Complete 
| 239|0x00000000eef00000, 0x00000000ef000000, 0x00000000ef000000|100%| E|CS|TAMS 0x00000000eef00000| PB 0x00000000eef00000| Complete 
| 240|0x00000000ef000000, 0x00000000ef100000, 0x00000000ef100000|100%| E|CS|TAMS 0x00000000ef000000| PB 0x00000000ef000000| Complete 
| 241|0x00000000ef100000, 0x00000000ef200000, 0x00000000ef200000|100%| E|CS|TAMS 0x00000000ef100000| PB 0x00000000ef100000| Complete 
| 242|0x00000000ef200000, 0x00000000ef300000, 0x00000000ef300000|100%| E|CS|TAMS 0x00000000ef200000| PB 0x00000000ef200000| Complete 
| 243|0x00000000ef300000, 0x00000000ef400000, 0x00000000ef400000|100%| E|CS|TAMS 0x00000000ef300000| PB 0x00000000ef300000| Complete 
| 244|0x00000000ef400000, 0x00000000ef500000, 0x00000000ef500000|100%| E|CS|TAMS 0x00000000ef400000| PB 0x00000000ef400000| Complete 
| 245|0x00000000ef500000, 0x00000000ef600000, 0x00000000ef600000|100%| E|CS|TAMS 0x00000000ef500000| PB 0x00000000ef500000| Complete 
| 246|0x00000000ef600000, 0x00000000ef700000, 0x00000000ef700000|100%| E|CS|TAMS 0x00000000ef600000| PB 0x00000000ef600000| Complete 
| 247|0x00000000ef700000, 0x00000000ef800000, 0x00000000ef800000|100%| E|CS|TAMS 0x00000000ef700000| PB 0x00000000ef700000| Complete 
| 248|0x00000000ef800000, 0x00000000ef900000, 0x00000000ef900000|100%| E|CS|TAMS 0x00000000ef800000| PB 0x00000000ef800000| Complete 
| 249|0x00000000ef900000, 0x00000000efa00000, 0x00000000efa00000|100%| E|CS|TAMS 0x00000000ef900000| PB 0x00000000ef900000| Complete 
| 250|0x00000000efa00000, 0x00000000efb00000, 0x00000000efb00000|100%| E|CS|TAMS 0x00000000efa00000| PB 0x00000000efa00000| Complete 
| 251|0x00000000efb00000, 0x00000000efc00000, 0x00000000efc00000|100%| E|CS|TAMS 0x00000000efb00000| PB 0x00000000efb00000| Complete 
| 252|0x00000000efc00000, 0x00000000efd00000, 0x00000000efd00000|100%| E|CS|TAMS 0x00000000efc00000| PB 0x00000000efc00000| Complete 
| 253|0x00000000efd00000, 0x00000000efe00000, 0x00000000efe00000|100%| E|CS|TAMS 0x00000000efd00000| PB 0x00000000efd00000| Complete 
| 254|0x00000000efe00000, 0x00000000eff00000, 0x00000000eff00000|100%| E|CS|TAMS 0x00000000efe00000| PB 0x00000000efe00000| Complete 
| 255|0x00000000eff00000, 0x00000000f0000000, 0x00000000f0000000|100%| E|CS|TAMS 0x00000000eff00000| PB 0x00000000eff00000| Complete 

Card table byte_map: [0x000001847dc90000,0x000001847dd90000] _byte_map_base: 0x000001847d590000

Marking Bits: (CMBitMap*) 0x000001846997ba40
 Bits: [0x000001847dd90000, 0x000001847e590000)

Polling page: 0x00000184696d0000

Metaspace:

Usage:
  Non-class:     25.88 MB used.
      Class:      4.59 MB used.
       Both:     30.46 MB used.

Virtual space:
  Non-class space:       64.00 MB reserved,      26.56 MB ( 42%) committed,  1 nodes.
      Class space:      320.00 MB reserved,       5.19 MB (  2%) committed,  1 nodes.
             Both:      384.00 MB reserved,      31.75 MB (  8%) committed. 

Chunk freelists:
   Non-Class:  5.31 MB
       Class:  10.75 MB
        Both:  16.06 MB

MaxMetaspaceSize: 384.00 MB
CompressedClassSpaceSize: 320.00 MB
Initial GC threshold: 21.00 MB
Current GC threshold: 35.12 MB
CDS: on
 - commit_granule_bytes: 65536.
 - commit_granule_words: 8192.
 - virtual_space_node_default_size: 8388608.
 - enlarge_chunks_in_place: 1.
 - use_allocation_guard: 0.


Internal statistics:

num_allocs_failed_limit: 3.
num_arena_births: 2322.
num_arena_deaths: 0.
num_vsnodes_births: 2.
num_vsnodes_deaths: 0.
num_space_committed: 508.
num_space_uncommitted: 0.
num_chunks_returned_to_freelist: 3.
num_chunks_taken_from_freelist: 3864.
num_chunk_merges: 3.
num_chunk_splits: 2492.
num_chunks_enlarged: 1500.
num_inconsistent_stats: 0.

CodeHeap 'non-profiled nmethods': size=120000Kb used=2278Kb max_used=2278Kb free=117722Kb
 bounds [0x0000018475c00000, 0x0000018475e70000, 0x000001847d130000]
CodeHeap 'profiled nmethods': size=120000Kb used=7962Kb max_used=7962Kb free=112037Kb
 bounds [0x000001846e130000, 0x000001846e900000, 0x0000018475660000]
CodeHeap 'non-nmethods': size=5760Kb used=1595Kb max_used=1662Kb free=4165Kb
 bounds [0x0000018475660000, 0x00000184758d0000, 0x0000018475c00000]
CodeCache: size=245760Kb, used=11835Kb, max_used=11902Kb, free=233924Kb
 total_blobs=4622, nmethods=4019, adapters=507, full_count=0
Compilation: enabled, stopped_count=0, restarted_count=0

Compilation events (20 events):
Event: 124.944 Thread 0x000001847f01c6d0 4010       1       org.gradle.internal.instantiation.generator.AbstractClassGenerator$PropertyMetadata::getOverridableSetters (5 bytes)
Event: 124.944 Thread 0x000001847f01c6d0 nmethod 4010 0x0000018475e38e90 code [0x0000018475e39020, 0x0000018475e390e8]
Event: 124.961 Thread 0x000001847f01c6d0 4011       3       java.util.Collections::addAll (43 bytes)
Event: 124.961 Thread 0x000001847f01c6d0 nmethod 4011 0x000001846e8f3910 code [0x000001846e8f3ac0, 0x000001846e8f3d68]
Event: 124.961 Thread 0x000001847f01c6d0 4012       1       com.google.common.collect.LinkedHashMultimap::access$300 (5 bytes)
Event: 124.961 Thread 0x000001847f01c6d0 nmethod 4012 0x0000018475e39190 code [0x0000018475e39320, 0x0000018475e393d0]
Event: 124.962 Thread 0x000001847f01c6d0 4013       3       java.lang.StringBuilder::append (6 bytes)
Event: 124.962 Thread 0x000001847f01c6d0 nmethod 4013 0x000001846e8f3e90 code [0x000001846e8f4040, 0x000001846e8f41f0]
Event: 124.974 Thread 0x000001847f01c6d0 4014       3       org.gradle.internal.Cast::uncheckedCast (2 bytes)
Event: 124.974 Thread 0x000001847f01c6d0 nmethod 4014 0x000001846e8f4310 code [0x000001846e8f44a0, 0x000001846e8f4590]
Event: 124.974 Thread 0x000001847f01c6d0 4015       3       java.lang.ThreadLocal::set (26 bytes)
Event: 124.975 Thread 0x000001847f01c6d0 nmethod 4015 0x000001846e8f4610 code [0x000001846e8f47e0, 0x000001846e8f4b48]
Event: 124.978 Thread 0x000001847f01c6d0 4016       3       java.lang.ThreadLocal::set (18 bytes)
Event: 124.979 Thread 0x000001847f01c6d0 nmethod 4016 0x000001846e8f4c90 code [0x000001846e8f4e80, 0x000001846e8f5250]
Event: 125.042 Thread 0x000001847f01c6d0 4017       3       sun.invoke.util.VerifyAccess::isModuleAccessible (97 bytes)
Event: 125.044 Thread 0x000001847f01c6d0 nmethod 4017 0x000001846e8f5390 code [0x000001846e8f5660, 0x000001846e8f62d0]
Event: 125.146 Thread 0x000001847f01c6d0 4018       3       com.google.common.cache.LocalCache::discardingQueue (4 bytes)
Event: 125.146 Thread 0x000001847f01c6d0 nmethod 4018 0x000001846e8f6790 code [0x000001846e8f6920, 0x000001846e8f6a18]
Event: 125.156 Thread 0x000001847f03a5b0 4019       4       java.util.zip.ZipUtils::CENLEN (9 bytes)
Event: 125.157 Thread 0x000001847f03a5b0 nmethod 4019 0x0000018475e39490 code [0x0000018475e39620, 0x0000018475e39730]

GC Heap History (8 events):
Event: 10.227 GC heap before
{Heap before GC invocations=0 (full 0):
 garbage-first heap   total 262144K, used 27648K [0x00000000e0000000, 0x0000000100000000)
  region size 1024K, 23 young (23552K), 0 survivors (0K)
 Metaspace       used 2928K, committed 3072K, reserved 393216K
  class space    used 346K, committed 384K, reserved 327680K
}
Event: 10.511 GC heap after
{Heap after GC invocations=1 (full 0):
 garbage-first heap   total 262144K, used 11007K [0x00000000e0000000, 0x0000000100000000)
  region size 1024K, 3 young (3072K), 3 survivors (3072K)
 Metaspace       used 2928K, committed 3072K, reserved 393216K
  class space    used 346K, committed 384K, reserved 327680K
}
Event: 21.149 GC heap before
{Heap before GC invocations=1 (full 0):
 garbage-first heap   total 262144K, used 40703K [0x00000000e0000000, 0x0000000100000000)
  region size 1024K, 31 young (31744K), 3 survivors (3072K)
 Metaspace       used 4671K, committed 4864K, reserved 393216K
  class space    used 596K, committed 704K, reserved 327680K
}
Event: 21.152 GC heap after
{Heap after GC invocations=2 (full 0):
 garbage-first heap   total 262144K, used 15047K [0x00000000e0000000, 0x0000000100000000)
  region size 1024K, 3 young (3072K), 3 survivors (3072K)
 Metaspace       used 4671K, committed 4864K, reserved 393216K
  class space    used 596K, committed 704K, reserved 327680K
}
Event: 111.189 GC heap before
{Heap before GC invocations=2 (full 0):
 garbage-first heap   total 262144K, used 101063K [0x00000000e0000000, 0x0000000100000000)
  region size 1024K, 87 young (89088K), 3 survivors (3072K)
 Metaspace       used 17427K, committed 17984K, reserved 393216K
  class space    used 2399K, committed 2688K, reserved 327680K
}
Event: 111.275 GC heap after
{Heap after GC invocations=3 (full 0):
 garbage-first heap   total 262144K, used 22618K [0x00000000e0000000, 0x0000000100000000)
  region size 1024K, 11 young (11264K), 11 survivors (11264K)
 Metaspace       used 17427K, committed 17984K, reserved 393216K
  class space    used 2399K, committed 2688K, reserved 327680K
}
Event: 115.788 GC heap before
{Heap before GC invocations=3 (full 0):
 garbage-first heap   total 262144K, used 48218K [0x00000000e0000000, 0x0000000100000000)
  region size 1024K, 37 young (37888K), 11 survivors (11264K)
 Metaspace       used 20826K, committed 21504K, reserved 393216K
  class space    used 2960K, committed 3264K, reserved 327680K
}
Event: 115.905 GC heap after
{Heap after GC invocations=4 (full 0):
 garbage-first heap   total 262144K, used 24942K [0x00000000e0000000, 0x0000000100000000)
  region size 1024K, 3 young (3072K), 3 survivors (3072K)
 Metaspace       used 20826K, committed 21504K, reserved 393216K
  class space    used 2960K, committed 3264K, reserved 327680K
}

Dll operation events (20 events):
Event: 1.786 Attempting to load shared library C:\Users\user\.vscode\extensions\redhat.java-1.56.0-win32-x64\jre\21.0.12.1-win32-x86_64\bin\nio.dll
Event: 1.794 Loaded shared library C:\Users\user\.vscode\extensions\redhat.java-1.56.0-win32-x64\jre\21.0.12.1-win32-x86_64\bin\nio.dll
Event: 1.929 Attempting to load shared library C:\Users\user\.vscode\extensions\redhat.java-1.56.0-win32-x64\jre\21.0.12.1-win32-x86_64\bin\zip.dll
Event: 1.929 Loaded shared library C:\Users\user\.vscode\extensions\redhat.java-1.56.0-win32-x64\jre\21.0.12.1-win32-x86_64\bin\zip.dll
Event: 5.389 Attempting to load shared library C:\Users\user\.vscode\extensions\redhat.java-1.56.0-win32-x64\jre\21.0.12.1-win32-x86_64\bin\jimage.dll
Event: 5.389 Loaded shared library C:\Users\user\.vscode\extensions\redhat.java-1.56.0-win32-x64\jre\21.0.12.1-win32-x86_64\bin\jimage.dll
Event: 9.568 Attempting to load shared library C:\Users\user\.vscode\extensions\redhat.java-1.56.0-win32-x64\jre\21.0.12.1-win32-x86_64\bin\verify.dll
Event: 9.635 Loaded shared library C:\Users\user\.vscode\extensions\redhat.java-1.56.0-win32-x64\jre\21.0.12.1-win32-x86_64\bin\verify.dll
Event: 9.859 Attempting to load shared library C:\Users\user\.gradle\native\660c5614fbf4a5f2a75b1949f50a0caf5cd603558e7d8a26e50b933a0cfb79d1\windows-amd64\native-platform.dll
Event: 9.882 Loaded shared library C:\Users\user\.gradle\native\660c5614fbf4a5f2a75b1949f50a0caf5cd603558e7d8a26e50b933a0cfb79d1\windows-amd64\native-platform.dll
Event: 10.019 Attempting to load shared library C:\Users\user\.gradle\native\0.2.8\x86_64-windows-gnu\gradle-fileevents.dll
Event: 10.024 Loaded shared library C:\Users\user\.gradle\native\0.2.8\x86_64-windows-gnu\gradle-fileevents.dll
Event: 28.464 Attempting to load shared library C:\Users\user\.vscode\extensions\redhat.java-1.56.0-win32-x64\jre\21.0.12.1-win32-x86_64\bin\management.dll
Event: 28.547 Loaded shared library C:\Users\user\.vscode\extensions\redhat.java-1.56.0-win32-x64\jre\21.0.12.1-win32-x86_64\bin\management.dll
Event: 28.793 Attempting to load shared library C:\Users\user\.vscode\extensions\redhat.java-1.56.0-win32-x64\jre\21.0.12.1-win32-x86_64\bin\management_ext.dll
Event: 28.937 Loaded shared library C:\Users\user\.vscode\extensions\redhat.java-1.56.0-win32-x64\jre\21.0.12.1-win32-x86_64\bin\management_ext.dll
Event: 31.336 Attempting to load shared library C:\Users\user\.vscode\extensions\redhat.java-1.56.0-win32-x64\jre\21.0.12.1-win32-x86_64\bin\extnet.dll
Event: 31.417 Loaded shared library C:\Users\user\.vscode\extensions\redhat.java-1.56.0-win32-x64\jre\21.0.12.1-win32-x86_64\bin\extnet.dll
Event: 102.614 Attempting to load shared library C:\Users\user\.vscode\extensions\redhat.java-1.56.0-win32-x64\jre\21.0.12.1-win32-x86_64\bin\sunmscapi.dll
Event: 102.722 Loaded shared library C:\Users\user\.vscode\extensions\redhat.java-1.56.0-win32-x64\jre\21.0.12.1-win32-x86_64\bin\sunmscapi.dll

Deoptimization events (20 events):
Event: 122.800 Thread 0x000001841c1357c0 DEOPT PACKING pc=0x0000018475e0bce8 sp=0x0000005d9baf9fc0
Event: 122.801 Thread 0x000001841c1357c0 DEOPT UNPACKING pc=0x00000184756b7ba2 sp=0x0000005d9baf9f70 mode 2
Event: 122.801 Thread 0x000001841c1357c0 Uncommon trap: trap_request=0xffffffbe fr.pc=0x0000018475e0bce8 relative=0x0000000000001108
Event: 122.801 Thread 0x000001841c1357c0 Uncommon trap: reason=profile_predicate action=maybe_recompile pc=0x0000018475e0bce8 method=java.lang.invoke.InvokerBytecodeGenerator.<init>(Ljava/lang/String;Ljava/lang/String;Ljava/lang/invoke/LambdaForm;Ljava/lang/invoke/MethodType;)V @ 33 c2
Event: 122.801 Thread 0x000001841c1357c0 DEOPT PACKING pc=0x0000018475e0bce8 sp=0x0000005d9baf9fe0
Event: 122.801 Thread 0x000001841c1357c0 DEOPT UNPACKING pc=0x00000184756b7ba2 sp=0x0000005d9baf9f90 mode 2
Event: 122.802 Thread 0x000001841c1357c0 Uncommon trap: trap_request=0xffffffbe fr.pc=0x0000018475e0bce8 relative=0x0000000000001108
Event: 122.802 Thread 0x000001841c1357c0 Uncommon trap: reason=profile_predicate action=maybe_recompile pc=0x0000018475e0bce8 method=java.lang.invoke.InvokerBytecodeGenerator.<init>(Ljava/lang/String;Ljava/lang/String;Ljava/lang/invoke/LambdaForm;Ljava/lang/invoke/MethodType;)V @ 33 c2
Event: 122.802 Thread 0x000001841c1357c0 DEOPT PACKING pc=0x0000018475e0bce8 sp=0x0000005d9baf9ee0
Event: 122.802 Thread 0x000001841c1357c0 DEOPT UNPACKING pc=0x00000184756b7ba2 sp=0x0000005d9baf9e90 mode 2
Event: 123.322 Thread 0x000001841c1357c0 Uncommon trap: trap_request=0xffffff45 fr.pc=0x0000018475cdf7b8 relative=0x00000000000002d8
Event: 123.322 Thread 0x000001841c1357c0 Uncommon trap: reason=unstable_if action=reinterpret pc=0x0000018475cdf7b8 method=java.util.HashMap.hash(Ljava/lang/Object;)I @ 1 c2
Event: 123.322 Thread 0x000001841c1357c0 DEOPT PACKING pc=0x0000018475cdf7b8 sp=0x0000005d9baf9120
Event: 123.322 Thread 0x000001841c1357c0 DEOPT UNPACKING pc=0x00000184756b7ba2 sp=0x0000005d9baf8fb8 mode 2
Event: 123.981 Thread 0x000001841c1357c0 DEOPT PACKING pc=0x000001846e737346 sp=0x0000005d9baf9480
Event: 123.981 Thread 0x000001841c1357c0 DEOPT UNPACKING pc=0x00000184756b86e2 sp=0x0000005d9baf88f0 mode 0
Event: 125.138 Thread 0x000001841c1357c0 Uncommon trap: trap_request=0xffffff45 fr.pc=0x0000018475d9b2f8 relative=0x0000000000000ff8
Event: 125.138 Thread 0x000001841c1357c0 Uncommon trap: reason=unstable_if action=reinterpret pc=0x0000018475d9b2f8 method=java.util.concurrent.ConcurrentHashMap.computeIfAbsent(Ljava/lang/Object;Ljava/util/function/Function;)Ljava/lang/Object; @ 123 c2
Event: 125.138 Thread 0x000001841c1357c0 DEOPT PACKING pc=0x0000018475d9b2f8 sp=0x0000005d9bafae60
Event: 125.138 Thread 0x000001841c1357c0 DEOPT UNPACKING pc=0x00000184756b7ba2 sp=0x0000005d9bafade0 mode 2

Classes loaded (20 events):
Event: 123.322 Loading class sun/reflect/misc/ReflectUtil
Event: 123.322 Loading class sun/reflect/misc/ReflectUtil done
Event: 123.330 Loading class sun/reflect/generics/tree/IntSignature
Event: 123.330 Loading class sun/reflect/generics/tree/IntSignature done
Event: 123.330 Loading class sun/reflect/generics/tree/ArrayTypeSignature
Event: 123.330 Loading class sun/reflect/generics/tree/ArrayTypeSignature done
Event: 123.342 Loading class java/lang/SafeVarargs
Event: 123.342 Loading class java/lang/SafeVarargs done
Event: 123.787 Loading class jdk/internal/reflect/MethodHandleIntegerFieldAccessorImpl
Event: 123.787 Loading class jdk/internal/reflect/MethodHandleIntegerFieldAccessorImpl done
Event: 124.842 Loading class java/lang/invoke/BoundMethodHandle$Species_LLLLLLLLLLLLLLLLLLLLLLLLLLL
Event: 124.842 Loading class java/lang/invoke/BoundMethodHandle$Species_LLLLLLLLLLLLLLLLLLLLLLLLLLL done
Event: 124.851 Loading class java/lang/invoke/BoundMethodHandle$Species_LLLLLLLLLLLLLLLLLLLLLLLLLLLL
Event: 124.851 Loading class java/lang/invoke/BoundMethodHandle$Species_LLLLLLLLLLLLLLLLLLLLLLLLLLLL done
Event: 124.853 Loading class java/lang/invoke/BoundMethodHandle$Species_LLLLLLLLLLLLLLLLLLLLLLLLLLLLL
Event: 124.853 Loading class java/lang/invoke/BoundMethodHandle$Species_LLLLLLLLLLLLLLLLLLLLLLLLLLLLL done
Event: 124.855 Loading class java/lang/invoke/BoundMethodHandle$Species_LLLLLLLLLLLLLLLLLLLLLLLLLLLLLL
Event: 124.855 Loading class java/lang/invoke/BoundMethodHandle$Species_LLLLLLLLLLLLLLLLLLLLLLLLLLLLLL done
Event: 125.137 Loading class java/math/MutableBigInteger
Event: 125.137 Loading class java/math/MutableBigInteger done

Classes unloaded (0 events):
No events

Classes redefined (0 events):
No events

Internal exceptions (20 events):
Event: 120.201 Thread 0x000001841c1357c0 Exception <a 'java/lang/NoSuchMethodError'{0x00000000edee3a30}: 'java.lang.Object java.lang.invoke.DirectMethodHandle$Holder.invokeSpecial(java.lang.Object, java.lang.Object, java.lang.Object, java.lang.Object, java.lang.Object, java.lang.Object, java.lang.Object, java.lang.Object, java.lang.Object, java.lang.Object, java.lang.Object, java.lang.Object, java.lang.Object, java.lang.Object, java.lang.Object, java.lang.Object)'> (0x00000000edee3a30) 
thrown [s\src\hotspot\share\interpreter\linkResolver.cpp, li
Event: 120.203 Thread 0x000001841c1357c0 Exception <a 'java/lang/NoSuchMethodError'{0x00000000edee87d0}: 'java.lang.Object java.lang.invoke.DelegatingMethodHandle$Holder.reinvoke_L(java.lang.Object, java.lang.Object, java.lang.Object, java.lang.Object, java.lang.Object, java.lang.Object, java.lang.Object, java.lang.Object, java.lang.Object, java.lang.Object, java.lang.Object, java.lang.Object, java.lang.Object, java.lang.Object, java.lang.Object)'> (0x00000000edee87d0) 
thrown [s\src\hotspot\share\interpreter\linkResolver.cpp, line 773]
Event: 120.430 Thread 0x000001841c1357c0 Exception <a 'java/lang/NoSuchMethodError'{0x00000000edb8aad0}: 'java.lang.Object java.lang.invoke.DirectMethodHandle$Holder.newInvokeSpecial(java.lang.Object, java.lang.Object, java.lang.Object, java.lang.Object, java.lang.Object, java.lang.Object, java.lang.Object, java.lang.Object, java.lang.Object)'> (0x00000000edb8aad0) 
thrown [s\src\hotspot\share\interpreter\linkResolver.cpp, line 773]
Event: 120.670 Thread 0x000001841c1357c0 Exception <a 'java/lang/IncompatibleClassChangeError'{0x00000000eda46680}: Found class java.lang.Object, but interface was expected> (0x00000000eda46680) 
thrown [s\src\hotspot\share\interpreter\linkResolver.cpp, line 840]
Event: 121.186 Thread 0x000001841c1357c0 Exception <a 'java/lang/NoSuchMethodError'{0x00000000ed8ad170}: 'int java.lang.invoke.DirectMethodHandle$Holder.invokeVirtual(java.lang.Object, java.lang.Object)'> (0x00000000ed8ad170) 
thrown [s\src\hotspot\share\interpreter\linkResolver.cpp, line 773]
Event: 121.631 Thread 0x000001841c1357c0 Exception <a 'java/lang/NoSuchMethodError'{0x00000000ed5bee90}: 'void java.lang.invoke.DirectMethodHandle$Holder.invokeInterface(java.lang.Object, java.lang.Object, java.lang.Object, java.lang.Object, java.lang.Object)'> (0x00000000ed5bee90) 
thrown [s\src\hotspot\share\interpreter\linkResolver.cpp, line 773]
Event: 122.626 Thread 0x000001841c1357c0 Exception <a 'java/lang/NoSuchMethodError'{0x00000000ecc157b0}: 'java.lang.Object java.lang.invoke.DirectMethodHandle$Holder.invokeVirtual(java.lang.Object, java.lang.Object, java.lang.Object, java.lang.Object, java.lang.Object, java.lang.Object, java.lang.Object, java.lang.Object, java.lang.Object, java.lang.Object, java.lang.Object, java.lang.Object, java.lang.Object, java.lang.Object, java.lang.Object)'> (0x00000000ecc157b0) 
thrown [s\src\hotspot\share\interpreter\linkResolver.cpp, line 773]
Event: 122.799 Thread 0x000001841c1357c0 Exception <a 'java/lang/NoSuchMethodError'{0x00000000ecad6ad0}: 'java.lang.Object java.lang.invoke.DirectMethodHandle$Holder.newInvokeSpecial(java.lang.Object, java.lang.Object, java.lang.Object, java.lang.Object, java.lang.Object, java.lang.Object, java.lang.Object, java.lang.Object, java.lang.Object, java.lang.Object, java.lang.Object, java.lang.Object)'> (0x00000000ecad6ad0) 
thrown [s\src\hotspot\share\interpreter\linkResolver.cpp, line 773]
Event: 122.945 Thread 0x000001841c1357c0 Exception <a 'java/lang/NoSuchMethodError'{0x00000000ec9c7dd0}: 'java.lang.Object java.lang.invoke.DirectMethodHandle$Holder.invokeSpecialIFC(java.lang.Object, java.lang.Object, java.lang.Object, java.lang.Object)'> (0x00000000ec9c7dd0) 
thrown [s\src\hotspot\share\interpreter\linkResolver.cpp, line 773]
Event: 123.322 Thread 0x000001841c1357c0 Implicit null exception at 0x0000018475cdf538 to 0x0000018475cdf79c
Event: 123.779 Thread 0x000001841c1357c0 Exception <a 'java/lang/NoSuchMethodError'{0x00000000ebfd79d8}: 'java.lang.Object java.lang.invoke.DirectMethodHandle$Holder.newInvokeSpecial(java.lang.Object, java.lang.Object, int, int)'> (0x00000000ebfd79d8) 
thrown [s\src\hotspot\share\interpreter\linkResolver.cpp, line 773]
Event: 123.788 Thread 0x000001841c1357c0 Exception <a 'java/lang/NoSuchMethodError'{0x00000000ebe121c0}: 'void java.lang.invoke.DirectMethodHandle$Holder.invokeSpecial(java.lang.Object, java.lang.Object, int)'> (0x00000000ebe121c0) 
thrown [s\src\hotspot\share\interpreter\linkResolver.cpp, line 773]
Event: 123.791 Thread 0x000001841c1357c0 Exception <a 'java/lang/NoSuchMethodError'{0x00000000ebe167e0}: 'void java.lang.invoke.Invokers$Holder.invokeExact_MT(java.lang.Object, int, java.lang.Object)'> (0x00000000ebe167e0) 
thrown [s\src\hotspot\share\interpreter\linkResolver.cpp, line 773]
Event: 123.974 Thread 0x000001841c1357c0 Exception <a 'java/lang/NoSuchMethodError'{0x00000000ebb62f68}: 'java.lang.Object java.lang.invoke.DirectMethodHandle$Holder.newInvokeSpecial(java.lang.Object, java.lang.Object, java.lang.Object, java.lang.Object, java.lang.Object, java.lang.Object, java.lang.Object, java.lang.Object, java.lang.Object, java.lang.Object, java.lang.Object)'> (0x00000000ebb62f68) 
thrown [s\src\hotspot\share\interpreter\linkResolver.cpp, line 773]
Event: 124.150 Thread 0x000001841c1357c0 Exception <a 'java/lang/NoSuchMethodError'{0x00000000eb959840}: 'java.lang.Object java.lang.invoke.Invokers$Holder.linkToTargetMethod(java.lang.Object, java.lang.Object, java.lang.Object, java.lang.Object, java.lang.Object, java.lang.Object, java.lang.Object, java.lang.Object, java.lang.Object, java.lang.Object, java.lang.Object, java.lang.Object)'> (0x00000000eb959840) 
thrown [s\src\hotspot\share\interpreter\linkResolver.cpp, line 773]
Event: 124.833 Thread 0x000001841c1357c0 Exception <a 'java/lang/NoSuchMethodError'{0x00000000eb3e2830}: 'java.lang.Object java.lang.invoke.DelegatingMethodHandle$Holder.reinvoke_L(java.lang.Object, java.lang.Object, java.lang.Object, java.lang.Object, java.lang.Object, java.lang.Object, java.lang.Object, java.lang.Object, java.lang.Object, java.lang.Object, java.lang.Object, java.lang.Object, java.lang.Object, java.lang.Object, java.lang.Object, java.lang.Object, java.lang.Object, java.lang.Object, java.lang.Object, java.lang.Object, java.lang.O
Event: 124.843 Thread 0x000001841c1357c0 Exception <a 'java/lang/NoSuchMethodError'{0x00000000eb2dd308}: 'java.lang.Object java.lang.invoke.DirectMethodHandle$Holder.invokeStatic(java.lang.Object, java.lang.Object, java.lang.Object, java.lang.Object, java.lang.Object, java.lang.Object, java.lang.Object, java.lang.Object, java.lang.Object, java.lang.Object, java.lang.Object, java.lang.Object, java.lang.Object, java.lang.Object, java.lang.Object, java.lang.Object, java.lang.Object, java.lang.Object, java.lang.Object, java.lang.Object, java.lang.Obj
Event: 124.853 Thread 0x000001841c1357c0 Exception <a 'java/lang/NoSuchMethodError'{0x00000000eb1166f0}: 'java.lang.Object java.lang.invoke.DirectMethodHandle$Holder.invokeStatic(java.lang.Object, java.lang.Object, java.lang.Object, java.lang.Object, java.lang.Object, java.lang.Object, java.lang.Object, java.lang.Object, java.lang.Object, java.lang.Object, java.lang.Object, java.lang.Object, java.lang.Object, java.lang.Object, java.lang.Object, java.lang.Object, java.lang.Object, java.lang.Object, java.lang.Object, java.lang.Object, java.lang.Obj
Event: 124.855 Thread 0x000001841c1357c0 Exception <a 'java/lang/NoSuchMethodError'{0x00000000eb152050}: 'java.lang.Object java.lang.invoke.DirectMethodHandle$Holder.invokeStatic(java.lang.Object, java.lang.Object, java.lang.Object, java.lang.Object, java.lang.Object, java.lang.Object, java.lang.Object, java.lang.Object, java.lang.Object, java.lang.Object, java.lang.Object, java.lang.Object, java.lang.Object, java.lang.Object, java.lang.Object, java.lang.Object, java.lang.Object, java.lang.Object, java.lang.Object, java.lang.Object, java.lang.Obj
Event: 124.857 Thread 0x000001841c1357c0 Exception <a 'java/lang/NoSuchMethodError'{0x00000000eb18f9e0}: 'java.lang.Object java.lang.invoke.DirectMethodHandle$Holder.invokeStatic(java.lang.Object, java.lang.Object, java.lang.Object, java.lang.Object, java.lang.Object, java.lang.Object, java.lang.Object, java.lang.Object, java.lang.Object, java.lang.Object, java.lang.Object, java.lang.Object, java.lang.Object, java.lang.Object, java.lang.Object, java.lang.Object, java.lang.Object, java.lang.Object, java.lang.Object, java.lang.Object, java.lang.Obj

ZGC Phase Switch (0 events):
No events

VM Operations (20 events):
Event: 118.477 Executing safepoint VM operation: Cleanup
Event: 118.477 Executing safepoint VM operation: Cleanup done
Event: 119.484 Executing safepoint VM operation: Cleanup
Event: 119.484 Executing safepoint VM operation: Cleanup done
Event: 120.410 Executing non-safepoint VM operation: HandshakeAllThreads (Deoptimize)
Event: 120.410 Executing non-safepoint VM operation: HandshakeAllThreads (Deoptimize) done
Event: 120.674 Executing non-safepoint VM operation: HandshakeAllThreads (HandshakeForDeflation)
Event: 120.674 Executing non-safepoint VM operation: HandshakeAllThreads (HandshakeForDeflation) done
Event: 120.674 Executing safepoint VM operation: Cleanup
Event: 120.674 Executing safepoint VM operation: Cleanup done
Event: 120.674 Executing non-safepoint VM operation: RendezvousGCThreads
Event: 120.674 Executing non-safepoint VM operation: RendezvousGCThreads done
Event: 122.677 Executing non-safepoint VM operation: HandshakeAllThreads (Deoptimize)
Event: 122.677 Executing non-safepoint VM operation: HandshakeAllThreads (Deoptimize) done
Event: 122.677 Executing safepoint VM operation: Cleanup
Event: 122.677 Executing safepoint VM operation: Cleanup done
Event: 123.326 Executing non-safepoint VM operation: HandshakeAllThreads (Deoptimize)
Event: 123.326 Executing non-safepoint VM operation: HandshakeAllThreads (Deoptimize) done
Event: 124.347 Executing safepoint VM operation: Cleanup
Event: 124.347 Executing safepoint VM operation: Cleanup done

Memory protections (0 events):
No events

Nmethod flushes (0 events):
No events

Events (20 events):
Event: 109.649 Thread 0x000001841c1357c0 Thread added: 0x000001841c137f20
Event: 109.790 Thread 0x000001841c1357c0 Thread added: 0x000001841c137200
Event: 109.976 Thread 0x000001841c137200 Thread added: 0x000001841c137890
Event: 109.987 Thread 0x000001847f01c6d0 Thread added: 0x000001841c0f2140
Event: 110.432 Thread 0x000001841c1357c0 Thread added: 0x000001841c134aa0
Event: 110.699 Thread 0x000001841c0f2140 Thread exited: 0x000001841c0f2140
Event: 113.056 Thread 0x000001847f01c6d0 Thread added: 0x000001841e8e5490
Event: 113.311 Thread 0x000001841e8e5490 Thread exited: 0x000001841e8e5490
Event: 113.933 Thread 0x000001847f01c6d0 Thread added: 0x000001841e8e3950
Event: 114.108 Thread 0x000001841e8e3950 Thread exited: 0x000001841e8e3950
Event: 119.040 Thread 0x000001847f01c6d0 Thread added: 0x000001841ddfaea0
Event: 119.113 Thread 0x000001841c1357c0 Thread added: 0x000001841ef498a0
Event: 119.423 Thread 0x000001841c1357c0 Thread added: 0x000001841ef49f30
Event: 119.515 Thread 0x000001841ddfaea0 Thread exited: 0x000001841ddfaea0
Event: 121.136 Thread 0x000001841c1357c0 Thread added: 0x000001841ef4a5c0
Event: 121.184 Thread 0x000001841c1357c0 Thread added: 0x000001841ef47140
Event: 122.460 Thread 0x000001841c1357c0 Thread added: 0x000001841ef4ac50
Event: 122.837 Thread 0x000001841c1357c0 Thread added: 0x000001841ef477d0
Event: 124.177 Thread 0x000001841c1357c0 Thread added: 0x000001841ef4b2e0
Event: 124.527 Thread 0x000001841c1357c0 Thread added: 0x000001841ef47e60


Dynamic libraries:
0x00007ff6187a0000 - 0x00007ff6187ae000 	C:\Users\user\.vscode\extensions\redhat.java-1.56.0-win32-x64\jre\21.0.12.1-win32-x86_64\bin\java.exe
0x00007ffcbcde0000 - 0x00007ffcbd047000 	C:\WINDOWS\SYSTEM32\ntdll.dll
0x00007ffcbb7a0000 - 0x00007ffcbb86b000 	C:\WINDOWS\System32\KERNEL32.DLL
0x00007ffcba6f0000 - 0x00007ffcbaaf2000 	C:\WINDOWS\System32\KERNELBASE.dll
0x00007ffcba460000 - 0x00007ffcba5ac000 	C:\WINDOWS\System32\ucrtbase.dll
0x00007ffca62c0000 - 0x00007ffca62d8000 	C:\Users\user\.vscode\extensions\redhat.java-1.56.0-win32-x64\jre\21.0.12.1-win32-x86_64\bin\jli.dll
0x00007ffcbad00000 - 0x00007ffcbaecf000 	C:\WINDOWS\System32\USER32.dll
0x00007ffcba090000 - 0x00007ffcba0b7000 	C:\WINDOWS\System32\win32u.dll
0x00007ffcbc7f0000 - 0x00007ffcbc81b000 	C:\WINDOWS\System32\GDI32.dll
0x00007ffcba5c0000 - 0x00007ffcba6e9000 	C:\WINDOWS\System32\gdi32full.dll
0x00007ffcb9fe0000 - 0x00007ffcba083000 	C:\WINDOWS\System32\msvcp_win.dll
0x00007ffca6300000 - 0x00007ffca631e000 	C:\Users\user\.vscode\extensions\redhat.java-1.56.0-win32-x64\jre\21.0.12.1-win32-x86_64\bin\VCRUNTIME140.dll
0x00007ffca3f40000 - 0x00007ffca41d0000 	C:\WINDOWS\WinSxS\amd64_microsoft.windows.common-controls_6595b64144ccf1df_6.0.26100.9278_none_3e0d1ba8e3303201\COMCTL32.dll
0x00007ffcbc740000 - 0x00007ffcbc7e9000 	C:\WINDOWS\System32\msvcrt.dll
0x00007ffcbaca0000 - 0x00007ffcbacd1000 	C:\WINDOWS\System32\IMM32.DLL
0x00007ffcb4270000 - 0x00007ffcb427c000 	C:\Users\user\.vscode\extensions\redhat.java-1.56.0-win32-x64\jre\21.0.12.1-win32-x86_64\bin\vcruntime140_1.dll
0x00007ffc90d80000 - 0x00007ffc90e0d000 	C:\Users\user\.vscode\extensions\redhat.java-1.56.0-win32-x64\jre\21.0.12.1-win32-x86_64\bin\msvcp140.dll
0x00007ffc0df50000 - 0x00007ffc0ecf2000 	C:\Users\user\.vscode\extensions\redhat.java-1.56.0-win32-x64\jre\21.0.12.1-win32-x86_64\bin\server\jvm.dll
0x00007ffcbc670000 - 0x00007ffcbc72c000 	C:\WINDOWS\System32\ADVAPI32.dll
0x00007ffcbc550000 - 0x00007ffcbc5f9000 	C:\WINDOWS\System32\sechost.dll
0x00007ffcbc430000 - 0x00007ffcbc548000 	C:\WINDOWS\System32\RPCRT4.dll
0x00007ffcbac10000 - 0x00007ffcbac90000 	C:\WINDOWS\System32\WS2_32.dll
0x00007ffcb9e40000 - 0x00007ffcb9e9e000 	C:\WINDOWS\SYSTEM32\POWRPROF.dll
0x00007ffca4200000 - 0x00007ffca4236000 	C:\WINDOWS\SYSTEM32\WINMM.dll
0x00007ffca7c00000 - 0x00007ffca7c0b000 	C:\WINDOWS\SYSTEM32\VERSION.dll
0x00007ffcb9e20000 - 0x00007ffcb9e35000 	C:\WINDOWS\SYSTEM32\UMPDC.dll
0x00007ffcb8ca0000 - 0x00007ffcb8cbb000 	C:\WINDOWS\SYSTEM32\kernel.appcore.dll
0x00007ffca71e0000 - 0x00007ffca71ea000 	C:\Users\user\.vscode\extensions\redhat.java-1.56.0-win32-x64\jre\21.0.12.1-win32-x86_64\bin\jimage.dll
0x00007ffcb7500000 - 0x00007ffcb774c000 	C:\WINDOWS\SYSTEM32\DBGHELP.DLL
0x00007ffcbc900000 - 0x00007ffcbcc85000 	C:\WINDOWS\System32\combase.dll
0x00007ffcbb870000 - 0x00007ffcbb949000 	C:\WINDOWS\System32\OLEAUT32.dll
0x00007ffc9dc80000 - 0x00007ffc9dcbb000 	C:\WINDOWS\SYSTEM32\dbgcore.DLL
0x00007ffcba310000 - 0x00007ffcba3bc000 	C:\WINDOWS\System32\bcryptPrimitives.dll
0x00007ffc9f6e0000 - 0x00007ffc9f6ef000 	C:\Users\user\.vscode\extensions\redhat.java-1.56.0-win32-x64\jre\21.0.12.1-win32-x86_64\bin\instrument.dll
0x00007ffc9e860000 - 0x00007ffc9e880000 	C:\Users\user\.vscode\extensions\redhat.java-1.56.0-win32-x64\jre\21.0.12.1-win32-x86_64\bin\java.dll
0x00007ffcbb950000 - 0x00007ffcbc0e8000 	C:\WINDOWS\System32\SHELL32.dll
0x00007ffcb78e0000 - 0x00007ffcb818e000 	C:\WINDOWS\SYSTEM32\windows.storage.dll
0x00007ffcbafa0000 - 0x00007ffcbb09b000 	C:\WINDOWS\System32\SHCORE.dll
0x00007ffcbb0a0000 - 0x00007ffcbb106000 	C:\WINDOWS\System32\shlwapi.dll
0x00007ffcb9f00000 - 0x00007ffcb9f29000 	C:\WINDOWS\SYSTEM32\profapi.dll
0x00007ffc9ba10000 - 0x00007ffc9ba28000 	C:\Users\user\.vscode\extensions\redhat.java-1.56.0-win32-x64\jre\21.0.12.1-win32-x86_64\bin\zip.dll
0x00007ffca70b0000 - 0x00007ffca70c0000 	C:\Users\user\.vscode\extensions\redhat.java-1.56.0-win32-x64\jre\21.0.12.1-win32-x86_64\bin\net.dll
0x00007ffcaf7d0000 - 0x00007ffcaf8fa000 	C:\WINDOWS\SYSTEM32\WINHTTP.dll
0x00007ffcb9260000 - 0x00007ffcb92cc000 	C:\WINDOWS\system32\mswsock.dll
0x00007ffc9b980000 - 0x00007ffc9b996000 	C:\Users\user\.vscode\extensions\redhat.java-1.56.0-win32-x64\jre\21.0.12.1-win32-x86_64\bin\nio.dll
0x00007ffc9e710000 - 0x00007ffc9e720000 	C:\Users\user\.vscode\extensions\redhat.java-1.56.0-win32-x64\jre\21.0.12.1-win32-x86_64\bin\verify.dll
0x00007ffc910f0000 - 0x00007ffc91117000 	C:\Users\user\.gradle\native\660c5614fbf4a5f2a75b1949f50a0caf5cd603558e7d8a26e50b933a0cfb79d1\windows-amd64\native-platform.dll
0x00007ffc86e30000 - 0x00007ffc86ea7000 	C:\Users\user\.gradle\native\0.2.8\x86_64-windows-gnu\gradle-fileevents.dll
0x00007ffc96b90000 - 0x00007ffc96b9a000 	C:\Users\user\.vscode\extensions\redhat.java-1.56.0-win32-x64\jre\21.0.12.1-win32-x86_64\bin\management.dll
0x00007ffc96b80000 - 0x00007ffc96b8c000 	C:\Users\user\.vscode\extensions\redhat.java-1.56.0-win32-x64\jre\21.0.12.1-win32-x86_64\bin\management_ext.dll
0x00007ffcbcc90000 - 0x00007ffcbcc98000 	C:\WINDOWS\System32\PSAPI.DLL
0x00007ffcb8730000 - 0x00007ffcb8763000 	C:\WINDOWS\SYSTEM32\IPHLPAPI.DLL
0x00007ffcbc420000 - 0x00007ffcbc42a000 	C:\WINDOWS\System32\NSI.dll
0x00007ffc918b0000 - 0x00007ffc918b9000 	C:\Users\user\.vscode\extensions\redhat.java-1.56.0-win32-x64\jre\21.0.12.1-win32-x86_64\bin\extnet.dll
0x00007ffcb9550000 - 0x00007ffcb956b000 	C:\WINDOWS\SYSTEM32\CRYPTSP.dll
0x00007ffcb8c00000 - 0x00007ffcb8c39000 	C:\WINDOWS\system32\rsaenh.dll
0x00007ffcb9310000 - 0x00007ffcb9344000 	C:\WINDOWS\SYSTEM32\USERENV.dll
0x00007ffcb9ed0000 - 0x00007ffcb9efa000 	C:\WINDOWS\SYSTEM32\bcrypt.dll
0x00007ffcb9570000 - 0x00007ffcb957c000 	C:\WINDOWS\SYSTEM32\CRYPTBASE.dll
0x00007ffc910e0000 - 0x00007ffc910ee000 	C:\Users\user\.vscode\extensions\redhat.java-1.56.0-win32-x64\jre\21.0.12.1-win32-x86_64\bin\sunmscapi.dll
0x00007ffcba0c0000 - 0x00007ffcba23e000 	C:\WINDOWS\System32\CRYPT32.dll
0x00007ffcb9790000 - 0x00007ffcb97c0000 	C:\WINDOWS\SYSTEM32\ncrypt.dll
0x00007ffcb9740000 - 0x00007ffcb977f000 	C:\WINDOWS\SYSTEM32\NTASN1.dll
0x00007ffc4d6a0000 - 0x00007ffc4d6a8000 	C:\WINDOWS\system32\wshunix.dll

JVMTI agents:
C:\Users\user\.gradle\wrapper\dists\gradle-9.5.1-bin\iq79hdu3mqx29lgffhp8bfmx\gradle-9.5.1\lib\agents\gradle-instrumentation-agent-9.5.1.jar path:C:\Users\user\.vscode\extensions\redhat.java-1.56.0-win32-x64\jre\21.0.12.1-win32-x86_64\bin\instrument.dll, loaded, initialized, instrumentlib options:none

dbghelp: loaded successfully - version: 4.0.5 - missing functions: none
symbol engine: initialized successfully - sym options: 0x614 - pdb path: .;C:\Users\user\.vscode\extensions\redhat.java-1.56.0-win32-x64\jre\21.0.12.1-win32-x86_64\bin;C:\WINDOWS\SYSTEM32;C:\WINDOWS\WinSxS\amd64_microsoft.windows.common-controls_6595b64144ccf1df_6.0.26100.9278_none_3e0d1ba8e3303201;C:\Users\user\.vscode\extensions\redhat.java-1.56.0-win32-x64\jre\21.0.12.1-win32-x86_64\bin\server;C:\Users\user\.gradle\native\660c5614fbf4a5f2a75b1949f50a0caf5cd603558e7d8a26e50b933a0cfb79d1\windows-amd64;C:\Users\user\.gradle\native\0.2.8\x86_64-windows-gnu

VM Arguments:
jvm_args: --add-opens=java.base/java.lang=ALL-UNNAMED --add-opens=java.base/java.lang.invoke=ALL-UNNAMED --add-opens=java.base/java.util=ALL-UNNAMED --add-opens=java.prefs/java.util.prefs=ALL-UNNAMED --add-exports=jdk.compiler/com.sun.tools.javac.api=ALL-UNNAMED --add-exports=jdk.compiler/com.sun.tools.javac.util=ALL-UNNAMED --add-opens=java.base/java.nio.charset=ALL-UNNAMED --add-opens=java.base/java.net=ALL-UNNAMED --add-opens=java.base/java.util.concurrent=ALL-UNNAMED --add-opens=java.base/java.util.concurrent.atomic=ALL-UNNAMED --add-opens=java.xml/javax.xml.namespace=ALL-UNNAMED --add-opens=java.base/java.time=ALL-UNNAMED -XX:MaxMetaspaceSize=384m -XX:+HeapDumpOnOutOfMemoryError -Xms256m -Xmx512m -Dfile.encoding=UTF-8 -Duser.country=KR -Duser.language=ko -Duser.variant -javaagent:C:\Users\user\.gradle\wrapper\dists\gradle-9.5.1-bin\iq79hdu3mqx29lgffhp8bfmx\gradle-9.5.1\lib\agents\gradle-instrumentation-agent-9.5.1.jar 
java_command: org.gradle.launcher.daemon.bootstrap.GradleDaemon 9.5.1
java_class_path (initial): C:\Users\user\.gradle\wrapper\dists\gradle-9.5.1-bin\iq79hdu3mqx29lgffhp8bfmx\gradle-9.5.1\lib\gradle-daemon-main-9.5.1.jar
Launcher Type: SUN_STANDARD

[Global flags]
     intx CICompilerCount                          = 4                                         {product} {ergonomic}
   size_t CompressedClassSpaceSize                 = 335544320                                 {product} {ergonomic}
     uint ConcGCThreads                            = 2                                         {product} {ergonomic}
     uint G1ConcRefinementThreads                  = 8                                         {product} {ergonomic}
   size_t G1HeapRegionSize                         = 1048576                                   {product} {ergonomic}
    uintx GCDrainStackTargetSize                   = 64                                        {product} {ergonomic}
     bool HeapDumpOnOutOfMemoryError               = true                                   {manageable} {command line}
   size_t InitialHeapSize                          = 268435456                                 {product} {command line}
   size_t MarkStackSize                            = 4194304                                   {product} {ergonomic}
   size_t MaxHeapSize                              = 536870912                                 {product} {command line}
   size_t MaxMetaspaceSize                         = 402653184                                 {product} {command line}
   size_t MaxNewSize                               = 321912832                                 {product} {ergonomic}
   size_t MinHeapDeltaBytes                        = 1048576                                   {product} {ergonomic}
   size_t MinHeapSize                              = 268435456                                 {product} {command line}
    uintx NonNMethodCodeHeapSize                   = 5839372                                {pd product} {ergonomic}
    uintx NonProfiledCodeHeapSize                  = 122909434                              {pd product} {ergonomic}
    uintx ProfiledCodeHeapSize                     = 122909434                              {pd product} {ergonomic}
    uintx ReservedCodeCacheSize                    = 251658240                              {pd product} {ergonomic}
     bool SegmentedCodeCache                       = true                                      {product} {ergonomic}
   size_t SoftMaxHeapSize                          = 536870912                              {manageable} {ergonomic}
     bool UseCompressedOops                        = true                           {product lp64_product} {ergonomic}
     bool UseG1GC                                  = true                                      {product} {ergonomic}
     bool UseLargePagesIndividualAllocation        = false                                  {pd product} {ergonomic}

Logging:
Log output configuration:
 #0: stdout all=warning uptime,level,tags foldmultilines=false
 #1: stderr all=off uptime,level,tags foldmultilines=false

Release file:
JAVA_VERSION="21.0.12.1" 
MODULES="java.base java.compiler java.datatransfer java.xml java.prefs java.desktop java.instrument java.logging java.management java.security.sasl java.naming java.rmi java.management.rmi java.net.http java.scripting java.security.jgss java.transaction.xa java.sql java.sql.rowset java.xml.crypto java.se java.smartcardio jdk.accessibility jdk.internal.jvmstat jdk.attach jdk.charsets jdk.internal.opt jdk.zipfs jdk.compiler jdk.crypto.ec jdk.crypto.cryptoki jdk.crypto.mscapi jdk.dynalink jdk.internal.ed jdk.editpad jdk.hotspot.agent jdk.httpserver jdk.internal.le jdk.internal.vm.ci jdk.internal.vm.compiler jdk.internal.vm.compiler.management jdk.jartool jdk.javadoc jdk.jcmd jdk.management jdk.management.agent jdk.jconsole jdk.jdeps jdk.jdwp.agent jdk.jdi jdk.jfr jdk.jshell jdk.jsobject jdk.jstatd jdk.localedata jdk.management.jfr jdk.naming.dns jdk.naming.rmi jdk.net jdk.nio.mapmode jdk.random jdk.sctp jdk.security.auth jdk.security.jgss jdk.unsupported jdk.unsupported.desktop jdk.xml.dom" 

Environment Variables:
PATH=C:\Program Files\Common Files\Oracle\Java\javapath;C:\Program Files\Python313\Scripts\;C:\Program Files\Python313\;C:\WINDOWS\system32;C:\WINDOWS;C:\WINDOWS\System32\Wbem;C:\WINDOWS\System32\WindowsPowerShell\v1.0\;C:\WINDOWS\System32\OpenSSH\;C:\Program Files\Git\cmd;C:\Program Files (x86)\cloudflared\;C:\Program Files\nodejs\;C:\Users\user\Desktop\Scripts\;C:\Users\user\Desktop\;C:\Users\user\AppData\Local\Microsoft\WindowsApps;C:\Users\user\AppData\Local\Programs\Microsoft VS Code\bin;C:\Program Files\Multipass\bin;C:\intelFPGA_lite\18.1\modelsim_ase\win32aloem;C:\Users\user\Desktop\opencv\build\x64\vc15\bin;C:\Users\user\AppData\Roaming\npm
USERNAME=user
OS=Windows_NT
PROCESSOR_IDENTIFIER=Intel64 Family 6 Model 140 Stepping 1, GenuineIntel
TMP=C:\Users\user\AppData\Local\Temp
TEMP=C:\Users\user\AppData\Local\Temp




Periodic native trim disabled

---------------  S Y S T E M  ---------------

OS:
 Windows 11 , 64 bit Build 26100 (10.0.26100.9444)
OS uptime: 0 days 6:46 hours

CPU: total 8 (initial active 8) (4 cores per cpu, 2 threads per core) family 6 model 140 stepping 1 microcode 0x8a, cx8, cmov, fxsr, ht, mmx, 3dnowpref, sse, sse2, sse3, ssse3, sse4.1, sse4.2, popcnt, lzcnt, tsc, tscinvbit, avx, avx2, aes, erms, clmul, bmi1, bmi2, adx, avx512f, avx512dq, avx512cd, avx512bw, avx512vl, sha, fma, vzeroupper, avx512_vpopcntdq, avx512_vpclmulqdq, avx512_vaes, avx512_vnni, clflush, clflushopt, clwb, avx512_vbmi2, avx512_vbmi, rdtscp, rdpid, fsrm, gfni, avx512_bitalg, f16c, pku, cet_ibt, cet_ss, avx512_ifma
Processor Information for the first 8 processors :
  Max Mhz: 2419, Current Mhz: 2419, Mhz Limit: 2419

Memory: 4k page, system-wide physical 16107M (3122M free)
TotalPageFile size 43221M (AvailPageFile size 8790M)
current process WorkingSet (physical memory assigned to process): 221M, peak: 228M
current process commit charge ("private bytes"): 429M, peak: 439M

vm_info: OpenJDK 64-Bit Server VM (21.0.12.1+1-LTS) for windows-amd64 JRE (21.0.12.1+1-LTS), built on 2026-08-18T00:00:00Z by "admin" with MS VC++ 17.12 (VS2022)

END.
